GPU: NVIDIA RTX A6000

Loading datasets...

Loaded 32485 files from /home/bubai-maji/speech_enhancement/data/mixtures/musan/train
Chunk length: 2.5s (40000 samples)

Initializing model...
Model: NGDM_SE | Params: 1.340M

========== START TRAINING ==========

  step 50/4061 | loss -3.037 | 258 ms/step (3.88 it/s) | elapsed 0.2 min | ETA this epoch 17.2 min
  step 100/4061 | loss -2.896 | 74 ms/step (13.59 it/s) | elapsed 0.3 min | ETA this epoch 4.9 min
  step 150/4061 | loss -4.498 | 73 ms/step (13.65 it/s) | elapsed 0.3 min | ETA this epoch 4.8 min
  step 200/4061 | loss -3.492 | 74 ms/step (13.45 it/s) | elapsed 0.4 min | ETA this epoch 4.8 min
  step 250/4061 | loss -2.436 | 74 ms/step (13.56 it/s) | elapsed 0.5 min | ETA this epoch 4.7 min
  step 300/4061 | loss -3.629 | 74 ms/step (13.44 it/s) | elapsed 0.5 min | ETA this epoch 4.7 min
  step 350/4061 | loss -4.868 | 75 ms/step (13.40 it/s) | elapsed 0.6 min | ETA this epoch 4.6 min
  step 400/4061 | loss -2.889 | 73 ms/step (13.61 it/s) | elapsed 0.6 min | ETA this epoch 4.5 min
  step 450/4061 | loss -3.787 | 74 ms/step (13.46 it/s) | elapsed 0.7 min | ETA this epoch 4.5 min
  step 500/4061 | loss -4.523 | 74 ms/step (13.44 it/s) | elapsed 0.8 min | ETA this epoch 4.4 min
  step 550/4061 | loss -4.543 | 74 ms/step (13.48 it/s) | elapsed 0.8 min | ETA this epoch 4.3 min
  step 600/4061 | loss -2.492 | 74 ms/step (13.54 it/s) | elapsed 0.9 min | ETA this epoch 4.3 min
  step 650/4061 | loss -4.272 | 74 ms/step (13.46 it/s) | elapsed 1.0 min | ETA this epoch 4.2 min
  step 700/4061 | loss -4.801 | 74 ms/step (13.45 it/s) | elapsed 1.0 min | ETA this epoch 4.2 min
  step 750/4061 | loss -2.451 | 74 ms/step (13.45 it/s) | elapsed 1.1 min | ETA this epoch 4.1 min
  step 800/4061 | loss -4.161 | 75 ms/step (13.37 it/s) | elapsed 1.1 min | ETA this epoch 4.1 min
  step 850/4061 | loss -4.317 | 73 ms/step (13.69 it/s) | elapsed 1.2 min | ETA this epoch 3.9 min
  step 900/4061 | loss -3.820 | 73 ms/step (13.64 it/s) | elapsed 1.3 min | ETA this epoch 3.9 min
  step 950/4061 | loss -4.988 | 74 ms/step (13.56 it/s) | elapsed 1.3 min | ETA this epoch 3.8 min
  step 1000/4061 | loss -3.988 | 75 ms/step (13.40 it/s) | elapsed 1.4 min | ETA this epoch 3.8 min
  step 1050/4061 | loss -4.166 | 74 ms/step (13.42 it/s) | elapsed 1.4 min | ETA this epoch 3.7 min
  step 1100/4061 | loss -4.338 | 74 ms/step (13.55 it/s) | elapsed 1.5 min | ETA this epoch 3.6 min
  step 1150/4061 | loss -4.975 | 74 ms/step (13.54 it/s) | elapsed 1.6 min | ETA this epoch 3.6 min
  step 1200/4061 | loss -4.838 | 74 ms/step (13.58 it/s) | elapsed 1.6 min | ETA this epoch 3.5 min
  step 1250/4061 | loss -3.975 | 75 ms/step (13.39 it/s) | elapsed 1.7 min | ETA this epoch 3.5 min
  step 1300/4061 | loss -3.895 | 73 ms/step (13.61 it/s) | elapsed 1.8 min | ETA this epoch 3.4 min
  step 1350/4061 | loss -2.700 | 73 ms/step (13.71 it/s) | elapsed 1.8 min | ETA this epoch 3.3 min
  step 1400/4061 | loss -5.639 | 74 ms/step (13.50 it/s) | elapsed 1.9 min | ETA this epoch 3.3 min
  step 1450/4061 | loss -5.184 | 74 ms/step (13.46 it/s) | elapsed 1.9 min | ETA this epoch 3.2 min
  step 1500/4061 | loss -5.651 | 74 ms/step (13.50 it/s) | elapsed 2.0 min | ETA this epoch 3.2 min
  step 1550/4061 | loss -3.830 | 74 ms/step (13.50 it/s) | elapsed 2.1 min | ETA this epoch 3.1 min
  step 1600/4061 | loss -5.442 | 74 ms/step (13.57 it/s) | elapsed 2.1 min | ETA this epoch 3.0 min
  step 1650/4061 | loss -4.767 | 74 ms/step (13.51 it/s) | elapsed 2.2 min | ETA this epoch 3.0 min
  step 1700/4061 | loss -5.583 | 74 ms/step (13.57 it/s) | elapsed 2.2 min | ETA this epoch 2.9 min
  step 1750/4061 | loss -3.804 | 74 ms/step (13.55 it/s) | elapsed 2.3 min | ETA this epoch 2.8 min
  step 1800/4061 | loss -4.850 | 75 ms/step (13.41 it/s) | elapsed 2.4 min | ETA this epoch 2.8 min
  step 1850/4061 | loss -4.969 | 74 ms/step (13.52 it/s) | elapsed 2.4 min | ETA this epoch 2.7 min
  step 1900/4061 | loss -5.607 | 75 ms/step (13.39 it/s) | elapsed 2.5 min | ETA this epoch 2.7 min
  step 1950/4061 | loss -4.228 | 73 ms/step (13.76 it/s) | elapsed 2.6 min | ETA this epoch 2.6 min
  step 2000/4061 | loss -5.036 | 74 ms/step (13.45 it/s) | elapsed 2.6 min | ETA this epoch 2.6 min
  step 2050/4061 | loss -4.385 | 74 ms/step (13.54 it/s) | elapsed 2.7 min | ETA this epoch 2.5 min
  step 2100/4061 | loss -4.276 | 76 ms/step (13.10 it/s) | elapsed 2.7 min | ETA this epoch 2.5 min
  step 2150/4061 | loss -5.360 | 75 ms/step (13.41 it/s) | elapsed 2.8 min | ETA this epoch 2.4 min
  step 2200/4061 | loss -4.346 | 74 ms/step (13.54 it/s) | elapsed 2.9 min | ETA this epoch 2.3 min
  step 2250/4061 | loss -4.588 | 75 ms/step (13.38 it/s) | elapsed 2.9 min | ETA this epoch 2.3 min
  step 2300/4061 | loss -5.941 | 73 ms/step (13.62 it/s) | elapsed 3.0 min | ETA this epoch 2.2 min
  step 2350/4061 | loss -4.126 | 52 ms/step (19.30 it/s) | elapsed 3.0 min | ETA this epoch 1.5 min
  step 2400/4061 | loss -5.540 | 38 ms/step (26.50 it/s) | elapsed 3.1 min | ETA this epoch 1.0 min
  step 2450/4061 | loss -5.665 | 36 ms/step (28.01 it/s) | elapsed 3.1 min | ETA this epoch 1.0 min
  step 2500/4061 | loss -6.003 | 38 ms/step (26.51 it/s) | elapsed 3.1 min | ETA this epoch 1.0 min
  step 2550/4061 | loss -6.424 | 37 ms/step (26.87 it/s) | elapsed 3.2 min | ETA this epoch 0.9 min
  step 2600/4061 | loss -5.530 | 36 ms/step (27.56 it/s) | elapsed 3.2 min | ETA this epoch 0.9 min
  step 2650/4061 | loss -5.618 | 38 ms/step (26.16 it/s) | elapsed 3.2 min | ETA this epoch 0.9 min
  step 2700/4061 | loss -6.638 | 44 ms/step (22.74 it/s) | elapsed 3.3 min | ETA this epoch 1.0 min
  step 2750/4061 | loss -6.028 | 53 ms/step (19.04 it/s) | elapsed 3.3 min | ETA this epoch 1.1 min
  step 2800/4061 | loss -4.137 | 54 ms/step (18.58 it/s) | elapsed 3.3 min | ETA this epoch 1.1 min
  step 2850/4061 | loss -4.874 | 52 ms/step (19.16 it/s) | elapsed 3.4 min | ETA this epoch 1.1 min
  step 2900/4061 | loss -5.733 | 65 ms/step (15.34 it/s) | elapsed 3.4 min | ETA this epoch 1.3 min
  step 2950/4061 | loss -4.784 | 74 ms/step (13.50 it/s) | elapsed 3.5 min | ETA this epoch 1.4 min
  step 3000/4061 | loss -4.522 | 75 ms/step (13.42 it/s) | elapsed 3.6 min | ETA this epoch 1.3 min
  step 3050/4061 | loss -5.757 | 74 ms/step (13.53 it/s) | elapsed 3.6 min | ETA this epoch 1.2 min
  step 3100/4061 | loss -5.313 | 74 ms/step (13.48 it/s) | elapsed 3.7 min | ETA this epoch 1.2 min
  step 3150/4061 | loss -6.072 | 75 ms/step (13.38 it/s) | elapsed 3.8 min | ETA this epoch 1.1 min
  step 3200/4061 | loss -4.676 | 74 ms/step (13.52 it/s) | elapsed 3.8 min | ETA this epoch 1.1 min
  step 3250/4061 | loss -4.903 | 74 ms/step (13.55 it/s) | elapsed 3.9 min | ETA this epoch 1.0 min
  step 3300/4061 | loss -5.866 | 75 ms/step (13.42 it/s) | elapsed 3.9 min | ETA this epoch 0.9 min
  step 3350/4061 | loss -5.905 | 73 ms/step (13.64 it/s) | elapsed 4.0 min | ETA this epoch 0.9 min
  step 3400/4061 | loss -5.637 | 73 ms/step (13.69 it/s) | elapsed 4.1 min | ETA this epoch 0.8 min
  step 3450/4061 | loss -4.390 | 74 ms/step (13.54 it/s) | elapsed 4.1 min | ETA this epoch 0.8 min
  step 3500/4061 | loss -5.365 | 75 ms/step (13.38 it/s) | elapsed 4.2 min | ETA this epoch 0.7 min
  step 3550/4061 | loss -5.645 | 74 ms/step (13.56 it/s) | elapsed 4.2 min | ETA this epoch 0.6 min
  step 3600/4061 | loss -5.464 | 72 ms/step (13.82 it/s) | elapsed 4.3 min | ETA this epoch 0.6 min
  step 3650/4061 | loss -5.939 | 74 ms/step (13.58 it/s) | elapsed 4.4 min | ETA this epoch 0.5 min
  step 3700/4061 | loss -4.364 | 74 ms/step (13.50 it/s) | elapsed 4.4 min | ETA this epoch 0.4 min
  step 3750/4061 | loss -5.378 | 74 ms/step (13.60 it/s) | elapsed 4.5 min | ETA this epoch 0.4 min
  step 3800/4061 | loss -6.600 | 74 ms/step (13.52 it/s) | elapsed 4.6 min | ETA this epoch 0.3 min
  step 3850/4061 | loss -3.335 | 75 ms/step (13.35 it/s) | elapsed 4.6 min | ETA this epoch 0.3 min
  step 3900/4061 | loss -4.968 | 74 ms/step (13.55 it/s) | elapsed 4.7 min | ETA this epoch 0.2 min
  step 3950/4061 | loss -6.670 | 74 ms/step (13.51 it/s) | elapsed 4.7 min | ETA this epoch 0.1 min
  step 4000/4061 | loss -5.148 | 74 ms/step (13.46 it/s) | elapsed 4.8 min | ETA this epoch 0.1 min
  step 4050/4061 | loss -6.816 | 75 ms/step (13.35 it/s) | elapsed 4.9 min | ETA this epoch 0.0 min
Epoch 1/50 | Train -4.876 | Val L1 0.0027 | Val SI-SDR 14.43 dB | Time 5.2 min
Saved best model (SI-SDR 14.43 dB) -> /home/bubai-maji/speech_enhancement/script/propose_ablation2/checkpoint_propose_ab2/best_NGDM_SE.pt
  step 50/4061 | loss -4.147 | 75 ms/step (13.35 it/s) | elapsed 0.1 min | ETA this epoch 5.0 min
  step 100/4061 | loss -4.901 | 76 ms/step (13.15 it/s) | elapsed 0.1 min | ETA this epoch 5.0 min
  step 150/4061 | loss -3.902 | 73 ms/step (13.70 it/s) | elapsed 0.2 min | ETA this epoch 4.8 min
  step 200/4061 | loss -6.331 | 74 ms/step (13.49 it/s) | elapsed 0.2 min | ETA this epoch 4.8 min
  step 250/4061 | loss -6.747 | 73 ms/step (13.73 it/s) | elapsed 0.3 min | ETA this epoch 4.6 min
  step 300/4061 | loss -4.691 | 73 ms/step (13.68 it/s) | elapsed 0.4 min | ETA this epoch 4.6 min
  step 350/4061 | loss -4.526 | 73 ms/step (13.67 it/s) | elapsed 0.4 min | ETA this epoch 4.5 min
  step 400/4061 | loss -6.237 | 73 ms/step (13.62 it/s) | elapsed 0.5 min | ETA this epoch 4.5 min
  step 450/4061 | loss -5.559 | 70 ms/step (14.27 it/s) | elapsed 0.6 min | ETA this epoch 4.2 min
  step 500/4061 | loss -6.215 | 74 ms/step (13.49 it/s) | elapsed 0.6 min | ETA this epoch 4.4 min
  step 550/4061 | loss -4.956 | 74 ms/step (13.49 it/s) | elapsed 0.7 min | ETA this epoch 4.3 min
  step 600/4061 | loss -6.381 | 79 ms/step (12.73 it/s) | elapsed 0.7 min | ETA this epoch 4.5 min
  step 650/4061 | loss -7.123 | 74 ms/step (13.60 it/s) | elapsed 0.8 min | ETA this epoch 4.2 min
  step 700/4061 | loss -5.066 | 74 ms/step (13.58 it/s) | elapsed 0.9 min | ETA this epoch 4.1 min
  step 750/4061 | loss -5.482 | 71 ms/step (14.02 it/s) | elapsed 0.9 min | ETA this epoch 3.9 min
  step 800/4061 | loss -7.793 | 74 ms/step (13.60 it/s) | elapsed 1.0 min | ETA this epoch 4.0 min
  step 850/4061 | loss -7.331 | 74 ms/step (13.56 it/s) | elapsed 1.0 min | ETA this epoch 3.9 min
  step 900/4061 | loss -5.150 | 73 ms/step (13.61 it/s) | elapsed 1.1 min | ETA this epoch 3.9 min
  step 950/4061 | loss -6.140 | 73 ms/step (13.74 it/s) | elapsed 1.2 min | ETA this epoch 3.8 min
  step 1000/4061 | loss -4.600 | 74 ms/step (13.51 it/s) | elapsed 1.2 min | ETA this epoch 3.8 min
  step 1050/4061 | loss -6.916 | 74 ms/step (13.50 it/s) | elapsed 1.3 min | ETA this epoch 3.7 min
  step 1100/4061 | loss -6.474 | 74 ms/step (13.57 it/s) | elapsed 1.4 min | ETA this epoch 3.6 min
  step 1150/4061 | loss -4.349 | 74 ms/step (13.47 it/s) | elapsed 1.4 min | ETA this epoch 3.6 min
  step 1200/4061 | loss -5.540 | 74 ms/step (13.43 it/s) | elapsed 1.5 min | ETA this epoch 3.6 min
  step 1250/4061 | loss -6.890 | 75 ms/step (13.36 it/s) | elapsed 1.5 min | ETA this epoch 3.5 min
  step 1300/4061 | loss -4.672 | 73 ms/step (13.77 it/s) | elapsed 1.6 min | ETA this epoch 3.3 min
  step 1350/4061 | loss -4.099 | 74 ms/step (13.60 it/s) | elapsed 1.7 min | ETA this epoch 3.3 min
  step 1400/4061 | loss -5.685 | 75 ms/step (13.41 it/s) | elapsed 1.7 min | ETA this epoch 3.3 min
  step 1450/4061 | loss -5.459 | 74 ms/step (13.57 it/s) | elapsed 1.8 min | ETA this epoch 3.2 min
  step 1500/4061 | loss -5.813 | 73 ms/step (13.70 it/s) | elapsed 1.8 min | ETA this epoch 3.1 min
  step 1550/4061 | loss -5.193 | 74 ms/step (13.59 it/s) | elapsed 1.9 min | ETA this epoch 3.1 min
  step 1600/4061 | loss -4.882 | 73 ms/step (13.67 it/s) | elapsed 2.0 min | ETA this epoch 3.0 min
  step 1650/4061 | loss -5.076 | 74 ms/step (13.57 it/s) | elapsed 2.0 min | ETA this epoch 3.0 min
  step 1700/4061 | loss -5.026 | 75 ms/step (13.37 it/s) | elapsed 2.1 min | ETA this epoch 2.9 min
  step 1750/4061 | loss -6.643 | 73 ms/step (13.69 it/s) | elapsed 2.2 min | ETA this epoch 2.8 min
  step 1800/4061 | loss -6.217 | 74 ms/step (13.53 it/s) | elapsed 2.2 min | ETA this epoch 2.8 min
  step 1850/4061 | loss -7.103 | 74 ms/step (13.59 it/s) | elapsed 2.3 min | ETA this epoch 2.7 min
  step 1900/4061 | loss -6.032 | 75 ms/step (13.41 it/s) | elapsed 2.3 min | ETA this epoch 2.7 min
  step 1950/4061 | loss -3.355 | 71 ms/step (14.02 it/s) | elapsed 2.4 min | ETA this epoch 2.5 min
  step 2000/4061 | loss -7.407 | 73 ms/step (13.67 it/s) | elapsed 2.5 min | ETA this epoch 2.5 min
  step 2050/4061 | loss -5.068 | 74 ms/step (13.55 it/s) | elapsed 2.5 min | ETA this epoch 2.5 min
  step 2100/4061 | loss -4.683 | 73 ms/step (13.64 it/s) | elapsed 2.6 min | ETA this epoch 2.4 min
  step 2150/4061 | loss -7.173 | 74 ms/step (13.50 it/s) | elapsed 2.6 min | ETA this epoch 2.4 min
  step 2200/4061 | loss -6.045 | 73 ms/step (13.69 it/s) | elapsed 2.7 min | ETA this epoch 2.3 min
  step 2250/4061 | loss -6.428 | 72 ms/step (13.84 it/s) | elapsed 2.8 min | ETA this epoch 2.2 min
  step 2300/4061 | loss -6.295 | 76 ms/step (13.14 it/s) | elapsed 2.8 min | ETA this epoch 2.2 min
  step 2350/4061 | loss -5.776 | 74 ms/step (13.43 it/s) | elapsed 2.9 min | ETA this epoch 2.1 min
  step 2400/4061 | loss -6.605 | 74 ms/step (13.52 it/s) | elapsed 2.9 min | ETA this epoch 2.0 min
  step 2450/4061 | loss -6.920 | 72 ms/step (13.82 it/s) | elapsed 3.0 min | ETA this epoch 1.9 min
  step 2500/4061 | loss -6.021 | 73 ms/step (13.65 it/s) | elapsed 3.1 min | ETA this epoch 1.9 min
  step 2550/4061 | loss -6.301 | 73 ms/step (13.72 it/s) | elapsed 3.1 min | ETA this epoch 1.8 min
  step 2600/4061 | loss -5.159 | 58 ms/step (17.32 it/s) | elapsed 3.2 min | ETA this epoch 1.4 min
  step 2650/4061 | loss -5.215 | 53 ms/step (18.74 it/s) | elapsed 3.2 min | ETA this epoch 1.3 min
  step 2700/4061 | loss -5.096 | 55 ms/step (18.04 it/s) | elapsed 3.3 min | ETA this epoch 1.3 min
  step 2750/4061 | loss -6.719 | 58 ms/step (17.27 it/s) | elapsed 3.3 min | ETA this epoch 1.3 min
  step 2800/4061 | loss -6.231 | 73 ms/step (13.63 it/s) | elapsed 3.4 min | ETA this epoch 1.5 min
  step 2850/4061 | loss -6.583 | 73 ms/step (13.77 it/s) | elapsed 3.4 min | ETA this epoch 1.5 min
  step 2900/4061 | loss -6.045 | 74 ms/step (13.56 it/s) | elapsed 3.5 min | ETA this epoch 1.4 min
  step 2950/4061 | loss -6.886 | 74 ms/step (13.61 it/s) | elapsed 3.6 min | ETA this epoch 1.4 min
  step 3000/4061 | loss -5.751 | 74 ms/step (13.59 it/s) | elapsed 3.6 min | ETA this epoch 1.3 min
  step 3050/4061 | loss -5.135 | 72 ms/step (13.81 it/s) | elapsed 3.7 min | ETA this epoch 1.2 min
  step 3100/4061 | loss -5.534 | 73 ms/step (13.77 it/s) | elapsed 3.7 min | ETA this epoch 1.2 min
  step 3150/4061 | loss -5.125 | 74 ms/step (13.50 it/s) | elapsed 3.8 min | ETA this epoch 1.1 min
  step 3200/4061 | loss -6.820 | 73 ms/step (13.64 it/s) | elapsed 3.9 min | ETA this epoch 1.1 min
  step 3250/4061 | loss -7.017 | 73 ms/step (13.63 it/s) | elapsed 3.9 min | ETA this epoch 1.0 min
  step 3300/4061 | loss -6.326 | 75 ms/step (13.36 it/s) | elapsed 4.0 min | ETA this epoch 0.9 min
  step 3350/4061 | loss -6.507 | 75 ms/step (13.31 it/s) | elapsed 4.1 min | ETA this epoch 0.9 min
  step 3400/4061 | loss -5.582 | 74 ms/step (13.55 it/s) | elapsed 4.1 min | ETA this epoch 0.8 min
  step 3450/4061 | loss -6.103 | 74 ms/step (13.46 it/s) | elapsed 4.2 min | ETA this epoch 0.8 min
  step 3500/4061 | loss -5.178 | 74 ms/step (13.56 it/s) | elapsed 4.2 min | ETA this epoch 0.7 min
  step 3550/4061 | loss -5.834 | 73 ms/step (13.64 it/s) | elapsed 4.3 min | ETA this epoch 0.6 min
  step 3600/4061 | loss -5.901 | 75 ms/step (13.40 it/s) | elapsed 4.4 min | ETA this epoch 0.6 min
  step 3650/4061 | loss -7.356 | 75 ms/step (13.38 it/s) | elapsed 4.4 min | ETA this epoch 0.5 min
  step 3700/4061 | loss -5.438 | 73 ms/step (13.67 it/s) | elapsed 4.5 min | ETA this epoch 0.4 min
  step 3750/4061 | loss -5.219 | 74 ms/step (13.50 it/s) | elapsed 4.5 min | ETA this epoch 0.4 min
  step 3800/4061 | loss -5.706 | 73 ms/step (13.67 it/s) | elapsed 4.6 min | ETA this epoch 0.3 min
  step 3850/4061 | loss -5.414 | 75 ms/step (13.41 it/s) | elapsed 4.7 min | ETA this epoch 0.3 min
  step 3900/4061 | loss -6.971 | 74 ms/step (13.55 it/s) | elapsed 4.7 min | ETA this epoch 0.2 min
  step 3950/4061 | loss -5.750 | 74 ms/step (13.47 it/s) | elapsed 4.8 min | ETA this epoch 0.1 min
  step 4000/4061 | loss -7.306 | 73 ms/step (13.61 it/s) | elapsed 4.9 min | ETA this epoch 0.1 min
  step 4050/4061 | loss -5.069 | 73 ms/step (13.62 it/s) | elapsed 4.9 min | ETA this epoch 0.0 min
Epoch 2/50 | Train -5.831 | Val L1 0.0024 | Val SI-SDR 15.46 dB | Time 5.1 min
  [sanity check OK: val SI-SDR 15.46 dB]

Saved best model (SI-SDR 15.46 dB) -> /home/bubai-maji/speech_enhancement/script/propose_ablation2/checkpoint_propose_ab2/best_NGDM_SE.pt
  step 50/4061 | loss -7.106 | 74 ms/step (13.55 it/s) | elapsed 0.1 min | ETA this epoch 4.9 min
  step 100/4061 | loss -5.234 | 74 ms/step (13.57 it/s) | elapsed 0.1 min | ETA this epoch 4.9 min
  step 150/4061 | loss -4.895 | 74 ms/step (13.49 it/s) | elapsed 0.2 min | ETA this epoch 4.8 min
  step 200/4061 | loss -6.756 | 75 ms/step (13.42 it/s) | elapsed 0.2 min | ETA this epoch 4.8 min
  step 250/4061 | loss -6.500 | 74 ms/step (13.42 it/s) | elapsed 0.3 min | ETA this epoch 4.7 min
  step 300/4061 | loss -6.077 | 74 ms/step (13.48 it/s) | elapsed 0.4 min | ETA this epoch 4.6 min
  step 350/4061 | loss -6.030 | 73 ms/step (13.63 it/s) | elapsed 0.4 min | ETA this epoch 4.5 min
  step 400/4061 | loss -7.508 | 74 ms/step (13.55 it/s) | elapsed 0.5 min | ETA this epoch 4.5 min
  step 450/4061 | loss -6.699 | 75 ms/step (13.39 it/s) | elapsed 0.6 min | ETA this epoch 4.5 min
  step 500/4061 | loss -7.986 | 73 ms/step (13.77 it/s) | elapsed 0.6 min | ETA this epoch 4.3 min
  step 550/4061 | loss -6.134 | 74 ms/step (13.59 it/s) | elapsed 0.7 min | ETA this epoch 4.3 min
  step 600/4061 | loss -4.236 | 74 ms/step (13.45 it/s) | elapsed 0.7 min | ETA this epoch 4.3 min
  step 650/4061 | loss -7.601 | 73 ms/step (13.62 it/s) | elapsed 0.8 min | ETA this epoch 4.2 min
  step 700/4061 | loss -6.643 | 73 ms/step (13.69 it/s) | elapsed 0.9 min | ETA this epoch 4.1 min
  step 750/4061 | loss -7.079 | 74 ms/step (13.59 it/s) | elapsed 0.9 min | ETA this epoch 4.1 min
  step 800/4061 | loss -6.867 | 73 ms/step (13.61 it/s) | elapsed 1.0 min | ETA this epoch 4.0 min
  step 850/4061 | loss -5.974 | 73 ms/step (13.63 it/s) | elapsed 1.0 min | ETA this epoch 3.9 min
  step 900/4061 | loss -6.457 | 74 ms/step (13.49 it/s) | elapsed 1.1 min | ETA this epoch 3.9 min
  step 950/4061 | loss -6.235 | 73 ms/step (13.68 it/s) | elapsed 1.2 min | ETA this epoch 3.8 min
  step 1000/4061 | loss -4.953 | 74 ms/step (13.43 it/s) | elapsed 1.2 min | ETA this epoch 3.8 min
  step 1050/4061 | loss -6.888 | 74 ms/step (13.52 it/s) | elapsed 1.3 min | ETA this epoch 3.7 min
  step 1100/4061 | loss -6.144 | 73 ms/step (13.62 it/s) | elapsed 1.4 min | ETA this epoch 3.6 min
  step 1150/4061 | loss -5.807 | 74 ms/step (13.45 it/s) | elapsed 1.4 min | ETA this epoch 3.6 min
  step 1200/4061 | loss -4.830 | 73 ms/step (13.66 it/s) | elapsed 1.5 min | ETA this epoch 3.5 min
  step 1250/4061 | loss -7.666 | 74 ms/step (13.47 it/s) | elapsed 1.5 min | ETA this epoch 3.5 min
  step 1300/4061 | loss -3.669 | 73 ms/step (13.77 it/s) | elapsed 1.6 min | ETA this epoch 3.3 min
  step 1350/4061 | loss -5.764 | 75 ms/step (13.40 it/s) | elapsed 1.7 min | ETA this epoch 3.4 min
  step 1400/4061 | loss -6.264 | 74 ms/step (13.58 it/s) | elapsed 1.7 min | ETA this epoch 3.3 min
  step 1450/4061 | loss -5.475 | 74 ms/step (13.57 it/s) | elapsed 1.8 min | ETA this epoch 3.2 min
  step 1500/4061 | loss -4.892 | 74 ms/step (13.60 it/s) | elapsed 1.8 min | ETA this epoch 3.1 min
  step 1550/4061 | loss -6.445 | 74 ms/step (13.55 it/s) | elapsed 1.9 min | ETA this epoch 3.1 min
  step 1600/4061 | loss -5.111 | 74 ms/step (13.48 it/s) | elapsed 2.0 min | ETA this epoch 3.0 min
  step 1650/4061 | loss -8.074 | 74 ms/step (13.54 it/s) | elapsed 2.0 min | ETA this epoch 3.0 min
  step 1700/4061 | loss -6.372 | 74 ms/step (13.54 it/s) | elapsed 2.1 min | ETA this epoch 2.9 min
  step 1750/4061 | loss -6.393 | 74 ms/step (13.60 it/s) | elapsed 2.2 min | ETA this epoch 2.8 min
  step 1800/4061 | loss -6.830 | 73 ms/step (13.64 it/s) | elapsed 2.2 min | ETA this epoch 2.8 min
  step 1850/4061 | loss -7.840 | 74 ms/step (13.55 it/s) | elapsed 2.3 min | ETA this epoch 2.7 min
  step 1900/4061 | loss -8.753 | 74 ms/step (13.54 it/s) | elapsed 2.3 min | ETA this epoch 2.7 min
  step 1950/4061 | loss -4.795 | 73 ms/step (13.63 it/s) | elapsed 2.4 min | ETA this epoch 2.6 min
  step 2000/4061 | loss -6.507 | 68 ms/step (14.63 it/s) | elapsed 2.5 min | ETA this epoch 2.3 min
  step 2050/4061 | loss -5.843 | 73 ms/step (13.64 it/s) | elapsed 2.5 min | ETA this epoch 2.5 min
  step 2100/4061 | loss -6.310 | 75 ms/step (13.40 it/s) | elapsed 2.6 min | ETA this epoch 2.4 min
  step 2150/4061 | loss -4.472 | 79 ms/step (12.68 it/s) | elapsed 2.6 min | ETA this epoch 2.5 min
  step 2200/4061 | loss -5.739 | 74 ms/step (13.54 it/s) | elapsed 2.7 min | ETA this epoch 2.3 min
  step 2250/4061 | loss -6.728 | 74 ms/step (13.44 it/s) | elapsed 2.8 min | ETA this epoch 2.2 min
  step 2300/4061 | loss -5.149 | 74 ms/step (13.49 it/s) | elapsed 2.8 min | ETA this epoch 2.2 min
  step 2350/4061 | loss -5.245 | 73 ms/step (13.62 it/s) | elapsed 2.9 min | ETA this epoch 2.1 min
  step 2400/4061 | loss -5.798 | 74 ms/step (13.55 it/s) | elapsed 3.0 min | ETA this epoch 2.0 min
  step 2450/4061 | loss -5.446 | 74 ms/step (13.58 it/s) | elapsed 3.0 min | ETA this epoch 2.0 min
  step 2500/4061 | loss -4.954 | 74 ms/step (13.52 it/s) | elapsed 3.1 min | ETA this epoch 1.9 min
  step 2550/4061 | loss -6.387 | 72 ms/step (13.80 it/s) | elapsed 3.1 min | ETA this epoch 1.8 min
  step 2600/4061 | loss -5.641 | 74 ms/step (13.53 it/s) | elapsed 3.2 min | ETA this epoch 1.8 min
  step 2650/4061 | loss -6.394 | 73 ms/step (13.66 it/s) | elapsed 3.3 min | ETA this epoch 1.7 min
  step 2700/4061 | loss -5.294 | 66 ms/step (15.24 it/s) | elapsed 3.3 min | ETA this epoch 1.5 min
  step 2750/4061 | loss -5.480 | 55 ms/step (18.25 it/s) | elapsed 3.4 min | ETA this epoch 1.2 min
  step 2800/4061 | loss -5.963 | 53 ms/step (18.82 it/s) | elapsed 3.4 min | ETA this epoch 1.1 min
  step 2850/4061 | loss -5.182 | 56 ms/step (17.95 it/s) | elapsed 3.4 min | ETA this epoch 1.1 min
  step 2900/4061 | loss -6.991 | 70 ms/step (14.29 it/s) | elapsed 3.5 min | ETA this epoch 1.4 min
  step 2950/4061 | loss -4.997 | 74 ms/step (13.60 it/s) | elapsed 3.6 min | ETA this epoch 1.4 min
  step 3000/4061 | loss -6.300 | 74 ms/step (13.56 it/s) | elapsed 3.6 min | ETA this epoch 1.3 min
  step 3050/4061 | loss -4.915 | 75 ms/step (13.42 it/s) | elapsed 3.7 min | ETA this epoch 1.3 min
  step 3100/4061 | loss -5.948 | 74 ms/step (13.54 it/s) | elapsed 3.8 min | ETA this epoch 1.2 min
  step 3150/4061 | loss -5.889 | 72 ms/step (13.80 it/s) | elapsed 3.8 min | ETA this epoch 1.1 min
  step 3200/4061 | loss -6.459 | 73 ms/step (13.71 it/s) | elapsed 3.9 min | ETA this epoch 1.0 min
  step 3250/4061 | loss -6.727 | 73 ms/step (13.72 it/s) | elapsed 3.9 min | ETA this epoch 1.0 min
  step 3300/4061 | loss -6.805 | 74 ms/step (13.51 it/s) | elapsed 4.0 min | ETA this epoch 0.9 min
  step 3350/4061 | loss -5.121 | 73 ms/step (13.71 it/s) | elapsed 4.1 min | ETA this epoch 0.9 min
  step 3400/4061 | loss -7.075 | 72 ms/step (13.80 it/s) | elapsed 4.1 min | ETA this epoch 0.8 min
  step 3450/4061 | loss -5.004 | 74 ms/step (13.43 it/s) | elapsed 4.2 min | ETA this epoch 0.8 min
  step 3500/4061 | loss -5.151 | 70 ms/step (14.22 it/s) | elapsed 4.2 min | ETA this epoch 0.7 min
  step 3550/4061 | loss -5.402 | 74 ms/step (13.56 it/s) | elapsed 4.3 min | ETA this epoch 0.6 min
  step 3600/4061 | loss -6.312 | 75 ms/step (13.38 it/s) | elapsed 4.4 min | ETA this epoch 0.6 min
  step 3650/4061 | loss -7.118 | 74 ms/step (13.59 it/s) | elapsed 4.4 min | ETA this epoch 0.5 min
  step 3700/4061 | loss -5.620 | 73 ms/step (13.62 it/s) | elapsed 4.5 min | ETA this epoch 0.4 min
  step 3750/4061 | loss -6.456 | 74 ms/step (13.60 it/s) | elapsed 4.5 min | ETA this epoch 0.4 min
  step 3800/4061 | loss -6.929 | 74 ms/step (13.57 it/s) | elapsed 4.6 min | ETA this epoch 0.3 min
  step 3850/4061 | loss -5.857 | 73 ms/step (13.67 it/s) | elapsed 4.7 min | ETA this epoch 0.3 min
  step 3900/4061 | loss -5.671 | 74 ms/step (13.54 it/s) | elapsed 4.7 min | ETA this epoch 0.2 min
  step 3950/4061 | loss -5.500 | 72 ms/step (13.81 it/s) | elapsed 4.8 min | ETA this epoch 0.1 min
  step 4000/4061 | loss -5.577 | 73 ms/step (13.76 it/s) | elapsed 4.9 min | ETA this epoch 0.1 min
  step 4050/4061 | loss -5.860 | 74 ms/step (13.57 it/s) | elapsed 4.9 min | ETA this epoch 0.0 min
Epoch 3/50 | Train -6.155 | Val L1 0.0023 | Val SI-SDR 15.81 dB | Time 5.1 min
Saved best model (SI-SDR 15.81 dB) -> /home/bubai-maji/speech_enhancement/script/propose_ablation2/checkpoint_propose_ab2/best_NGDM_SE.pt
  step 50/4061 | loss -6.734 | 73 ms/step (13.76 it/s) | elapsed 0.1 min | ETA this epoch 4.9 min
  step 100/4061 | loss -7.293 | 74 ms/step (13.47 it/s) | elapsed 0.1 min | ETA this epoch 4.9 min
  step 150/4061 | loss -4.535 | 74 ms/step (13.52 it/s) | elapsed 0.2 min | ETA this epoch 4.8 min
  step 200/4061 | loss -5.562 | 74 ms/step (13.48 it/s) | elapsed 0.2 min | ETA this epoch 4.8 min
  step 250/4061 | loss -5.025 | 74 ms/step (13.58 it/s) | elapsed 0.3 min | ETA this epoch 4.7 min
  step 300/4061 | loss -6.832 | 74 ms/step (13.46 it/s) | elapsed 0.4 min | ETA this epoch 4.7 min
  step 350/4061 | loss -6.824 | 74 ms/step (13.56 it/s) | elapsed 0.4 min | ETA this epoch 4.6 min
  step 400/4061 | loss -5.352 | 74 ms/step (13.57 it/s) | elapsed 0.5 min | ETA this epoch 4.5 min
  step 450/4061 | loss -6.296 | 74 ms/step (13.57 it/s) | elapsed 0.6 min | ETA this epoch 4.4 min
  step 500/4061 | loss -5.499 | 73 ms/step (13.67 it/s) | elapsed 0.6 min | ETA this epoch 4.3 min
  step 550/4061 | loss -7.451 | 72 ms/step (13.93 it/s) | elapsed 0.7 min | ETA this epoch 4.2 min
  step 600/4061 | loss -6.877 | 72 ms/step (13.84 it/s) | elapsed 0.7 min | ETA this epoch 4.2 min
  step 650/4061 | loss -4.918 | 75 ms/step (13.42 it/s) | elapsed 0.8 min | ETA this epoch 4.2 min
  step 700/4061 | loss -6.983 | 74 ms/step (13.44 it/s) | elapsed 0.9 min | ETA this epoch 4.2 min
  step 750/4061 | loss -6.986 | 75 ms/step (13.41 it/s) | elapsed 0.9 min | ETA this epoch 4.1 min
  step 800/4061 | loss -4.900 | 73 ms/step (13.63 it/s) | elapsed 1.0 min | ETA this epoch 4.0 min
  step 850/4061 | loss -6.980 | 73 ms/step (13.70 it/s) | elapsed 1.0 min | ETA this epoch 3.9 min
  step 900/4061 | loss -7.052 | 74 ms/step (13.52 it/s) | elapsed 1.1 min | ETA this epoch 3.9 min
  step 950/4061 | loss -5.990 | 74 ms/step (13.43 it/s) | elapsed 1.2 min | ETA this epoch 3.9 min
  step 1000/4061 | loss -5.881 | 74 ms/step (13.57 it/s) | elapsed 1.2 min | ETA this epoch 3.8 min
  step 1050/4061 | loss -5.689 | 76 ms/step (13.16 it/s) | elapsed 1.3 min | ETA this epoch 3.8 min
  step 1100/4061 | loss -5.899 | 73 ms/step (13.68 it/s) | elapsed 1.4 min | ETA this epoch 3.6 min
  step 1150/4061 | loss -7.416 | 72 ms/step (13.94 it/s) | elapsed 1.4 min | ETA this epoch 3.5 min
  step 1200/4061 | loss -5.467 | 71 ms/step (14.17 it/s) | elapsed 1.5 min | ETA this epoch 3.4 min
  step 1250/4061 | loss -6.183 | 74 ms/step (13.55 it/s) | elapsed 1.5 min | ETA this epoch 3.5 min
  step 1300/4061 | loss -6.876 | 73 ms/step (13.64 it/s) | elapsed 1.6 min | ETA this epoch 3.4 min
  step 1350/4061 | loss -7.823 | 74 ms/step (13.56 it/s) | elapsed 1.7 min | ETA this epoch 3.3 min
  step 1400/4061 | loss -6.288 | 71 ms/step (14.00 it/s) | elapsed 1.7 min | ETA this epoch 3.2 min
  step 1450/4061 | loss -6.000 | 73 ms/step (13.77 it/s) | elapsed 1.8 min | ETA this epoch 3.2 min
  step 1500/4061 | loss -5.936 | 74 ms/step (13.55 it/s) | elapsed 1.8 min | ETA this epoch 3.2 min
  step 1550/4061 | loss -6.207 | 74 ms/step (13.51 it/s) | elapsed 1.9 min | ETA this epoch 3.1 min
  step 1600/4061 | loss -6.044 | 74 ms/step (13.57 it/s) | elapsed 2.0 min | ETA this epoch 3.0 min
  step 1650/4061 | loss -5.732 | 74 ms/step (13.46 it/s) | elapsed 2.0 min | ETA this epoch 3.0 min
  step 1700/4061 | loss -7.449 | 74 ms/step (13.60 it/s) | elapsed 2.1 min | ETA this epoch 2.9 min
  step 1750/4061 | loss -6.714 | 74 ms/step (13.44 it/s) | elapsed 2.1 min | ETA this epoch 2.9 min
  step 1800/4061 | loss -5.641 | 74 ms/step (13.60 it/s) | elapsed 2.2 min | ETA this epoch 2.8 min
  step 1850/4061 | loss -6.322 | 73 ms/step (13.63 it/s) | elapsed 2.3 min | ETA this epoch 2.7 min
  step 1900/4061 | loss -5.598 | 74 ms/step (13.58 it/s) | elapsed 2.3 min | ETA this epoch 2.7 min
  step 1950/4061 | loss -6.876 | 73 ms/step (13.64 it/s) | elapsed 2.4 min | ETA this epoch 2.6 min
  step 2000/4061 | loss -6.409 | 74 ms/step (13.58 it/s) | elapsed 2.5 min | ETA this epoch 2.5 min
  step 2050/4061 | loss -5.320 | 74 ms/step (13.47 it/s) | elapsed 2.5 min | ETA this epoch 2.5 min
  step 2100/4061 | loss -6.070 | 74 ms/step (13.49 it/s) | elapsed 2.6 min | ETA this epoch 2.4 min
  step 2150/4061 | loss -6.152 | 74 ms/step (13.43 it/s) | elapsed 2.6 min | ETA this epoch 2.4 min
  step 2200/4061 | loss -5.368 | 73 ms/step (13.61 it/s) | elapsed 2.7 min | ETA this epoch 2.3 min
  step 2250/4061 | loss -5.494 | 73 ms/step (13.70 it/s) | elapsed 2.8 min | ETA this epoch 2.2 min
  step 2300/4061 | loss -6.825 | 73 ms/step (13.61 it/s) | elapsed 2.8 min | ETA this epoch 2.2 min
  step 2350/4061 | loss -7.117 | 73 ms/step (13.71 it/s) | elapsed 2.9 min | ETA this epoch 2.1 min
  step 2400/4061 | loss -6.414 | 73 ms/step (13.67 it/s) | elapsed 2.9 min | ETA this epoch 2.0 min
  step 2450/4061 | loss -5.918 | 74 ms/step (13.51 it/s) | elapsed 3.0 min | ETA this epoch 2.0 min
  step 2500/4061 | loss -7.036 | 74 ms/step (13.55 it/s) | elapsed 3.1 min | ETA this epoch 1.9 min
  step 2550/4061 | loss -5.246 | 74 ms/step (13.54 it/s) | elapsed 3.1 min | ETA this epoch 1.9 min
  step 2600/4061 | loss -7.400 | 74 ms/step (13.51 it/s) | elapsed 3.2 min | ETA this epoch 1.8 min
  step 2650/4061 | loss -6.279 | 74 ms/step (13.53 it/s) | elapsed 3.2 min | ETA this epoch 1.7 min
  step 2700/4061 | loss -5.902 | 68 ms/step (14.64 it/s) | elapsed 3.3 min | ETA this epoch 1.5 min
  step 2750/4061 | loss -5.885 | 74 ms/step (13.59 it/s) | elapsed 3.4 min | ETA this epoch 1.6 min
  step 2800/4061 | loss -6.188 | 74 ms/step (13.49 it/s) | elapsed 3.4 min | ETA this epoch 1.6 min
  step 2850/4061 | loss -7.158 | 59 ms/step (17.07 it/s) | elapsed 3.5 min | ETA this epoch 1.2 min
  step 2900/4061 | loss -5.850 | 57 ms/step (17.68 it/s) | elapsed 3.5 min | ETA this epoch 1.1 min
  step 2950/4061 | loss -5.787 | 58 ms/step (17.34 it/s) | elapsed 3.6 min | ETA this epoch 1.1 min
  step 3000/4061 | loss -6.386 | 57 ms/step (17.69 it/s) | elapsed 3.6 min | ETA this epoch 1.0 min
  step 3050/4061 | loss -6.106 | 55 ms/step (18.26 it/s) | elapsed 3.7 min | ETA this epoch 0.9 min
  step 3100/4061 | loss -6.560 | 68 ms/step (14.66 it/s) | elapsed 3.7 min | ETA this epoch 1.1 min
  step 3150/4061 | loss -5.744 | 75 ms/step (13.40 it/s) | elapsed 3.8 min | ETA this epoch 1.1 min
  step 3200/4061 | loss -6.672 | 73 ms/step (13.70 it/s) | elapsed 3.8 min | ETA this epoch 1.0 min
  step 3250/4061 | loss -6.211 | 74 ms/step (13.46 it/s) | elapsed 3.9 min | ETA this epoch 1.0 min
  step 3300/4061 | loss -7.498 | 74 ms/step (13.48 it/s) | elapsed 4.0 min | ETA this epoch 0.9 min
  step 3350/4061 | loss -6.082 | 72 ms/step (13.93 it/s) | elapsed 4.0 min | ETA this epoch 0.9 min
  step 3400/4061 | loss -5.822 | 75 ms/step (13.35 it/s) | elapsed 4.1 min | ETA this epoch 0.8 min
  step 3450/4061 | loss -5.905 | 73 ms/step (13.63 it/s) | elapsed 4.2 min | ETA this epoch 0.7 min
  step 3500/4061 | loss -5.975 | 75 ms/step (13.36 it/s) | elapsed 4.2 min | ETA this epoch 0.7 min
  step 3550/4061 | loss -5.770 | 75 ms/step (13.32 it/s) | elapsed 4.3 min | ETA this epoch 0.6 min
  step 3600/4061 | loss -5.212 | 75 ms/step (13.38 it/s) | elapsed 4.3 min | ETA this epoch 0.6 min
  step 3650/4061 | loss -4.372 | 75 ms/step (13.37 it/s) | elapsed 4.4 min | ETA this epoch 0.5 min
  step 3700/4061 | loss -6.075 | 74 ms/step (13.47 it/s) | elapsed 4.5 min | ETA this epoch 0.4 min
  step 3750/4061 | loss -6.440 | 74 ms/step (13.49 it/s) | elapsed 4.5 min | ETA this epoch 0.4 min
  step 3800/4061 | loss -6.677 | 72 ms/step (13.82 it/s) | elapsed 4.6 min | ETA this epoch 0.3 min
  step 3850/4061 | loss -5.810 | 75 ms/step (13.39 it/s) | elapsed 4.6 min | ETA this epoch 0.3 min
  step 3900/4061 | loss -6.580 | 76 ms/step (13.11 it/s) | elapsed 4.7 min | ETA this epoch 0.2 min
  step 3950/4061 | loss -6.831 | 74 ms/step (13.51 it/s) | elapsed 4.8 min | ETA this epoch 0.1 min
  step 4000/4061 | loss -5.969 | 73 ms/step (13.63 it/s) | elapsed 4.8 min | ETA this epoch 0.1 min
  step 4050/4061 | loss -5.698 | 73 ms/step (13.64 it/s) | elapsed 4.9 min | ETA this epoch 0.0 min
Epoch 4/50 | Train -6.327 | Val L1 0.0022 | Val SI-SDR 16.35 dB | Time 5.2 min
Saved best model (SI-SDR 16.35 dB) -> /home/bubai-maji/speech_enhancement/script/propose_ablation2/checkpoint_propose_ab2/best_NGDM_SE.pt
  step 50/4061 | loss -6.468 | 76 ms/step (13.16 it/s) | elapsed 0.1 min | ETA this epoch 5.1 min
  step 100/4061 | loss -6.786 | 73 ms/step (13.62 it/s) | elapsed 0.1 min | ETA this epoch 4.8 min
  step 150/4061 | loss -6.292 | 75 ms/step (13.33 it/s) | elapsed 0.2 min | ETA this epoch 4.9 min
  step 200/4061 | loss -5.614 | 75 ms/step (13.37 it/s) | elapsed 0.2 min | ETA this epoch 4.8 min
  step 250/4061 | loss -5.236 | 76 ms/step (13.14 it/s) | elapsed 0.3 min | ETA this epoch 4.8 min
  step 300/4061 | loss -6.323 | 75 ms/step (13.42 it/s) | elapsed 0.4 min | ETA this epoch 4.7 min
  step 350/4061 | loss -7.477 | 75 ms/step (13.40 it/s) | elapsed 0.4 min | ETA this epoch 4.6 min
  step 400/4061 | loss -7.254 | 75 ms/step (13.34 it/s) | elapsed 0.5 min | ETA this epoch 4.6 min
  step 450/4061 | loss -6.516 | 74 ms/step (13.60 it/s) | elapsed 0.6 min | ETA this epoch 4.4 min
  step 500/4061 | loss -5.482 | 74 ms/step (13.46 it/s) | elapsed 0.6 min | ETA this epoch 4.4 min
  step 550/4061 | loss -6.548 | 75 ms/step (13.42 it/s) | elapsed 0.7 min | ETA this epoch 4.4 min
  step 600/4061 | loss -6.869 | 74 ms/step (13.44 it/s) | elapsed 0.7 min | ETA this epoch 4.3 min
  step 650/4061 | loss -6.967 | 75 ms/step (13.31 it/s) | elapsed 0.8 min | ETA this epoch 4.3 min
  step 700/4061 | loss -5.741 | 76 ms/step (13.24 it/s) | elapsed 0.9 min | ETA this epoch 4.2 min
  step 750/4061 | loss -7.255 | 74 ms/step (13.59 it/s) | elapsed 0.9 min | ETA this epoch 4.1 min
  step 800/4061 | loss -6.253 | 74 ms/step (13.49 it/s) | elapsed 1.0 min | ETA this epoch 4.0 min
  step 850/4061 | loss -6.179 | 76 ms/step (13.21 it/s) | elapsed 1.1 min | ETA this epoch 4.1 min
  step 900/4061 | loss -6.127 | 73 ms/step (13.67 it/s) | elapsed 1.1 min | ETA this epoch 3.9 min
  step 950/4061 | loss -6.873 | 75 ms/step (13.36 it/s) | elapsed 1.2 min | ETA this epoch 3.9 min
  step 1000/4061 | loss -7.053 | 75 ms/step (13.25 it/s) | elapsed 1.2 min | ETA this epoch 3.9 min
  step 1050/4061 | loss -5.504 | 74 ms/step (13.45 it/s) | elapsed 1.3 min | ETA this epoch 3.7 min
  step 1100/4061 | loss -7.318 | 74 ms/step (13.56 it/s) | elapsed 1.4 min | ETA this epoch 3.6 min
  step 1150/4061 | loss -6.635 | 74 ms/step (13.44 it/s) | elapsed 1.4 min | ETA this epoch 3.6 min
  step 1200/4061 | loss -6.873 | 75 ms/step (13.42 it/s) | elapsed 1.5 min | ETA this epoch 3.6 min
  step 1250/4061 | loss -5.764 | 73 ms/step (13.70 it/s) | elapsed 1.6 min | ETA this epoch 3.4 min
  step 1300/4061 | loss -5.958 | 75 ms/step (13.31 it/s) | elapsed 1.6 min | ETA this epoch 3.5 min
  step 1350/4061 | loss -6.104 | 75 ms/step (13.27 it/s) | elapsed 1.7 min | ETA this epoch 3.4 min
  step 1400/4061 | loss -6.349 | 76 ms/step (13.23 it/s) | elapsed 1.7 min | ETA this epoch 3.4 min
  step 1450/4061 | loss -6.997 | 75 ms/step (13.32 it/s) | elapsed 1.8 min | ETA this epoch 3.3 min
  step 1500/4061 | loss -6.232 | 74 ms/step (13.54 it/s) | elapsed 1.9 min | ETA this epoch 3.2 min
  step 1550/4061 | loss -5.657 | 73 ms/step (13.79 it/s) | elapsed 1.9 min | ETA this epoch 3.0 min
  step 1600/4061 | loss -7.224 | 75 ms/step (13.42 it/s) | elapsed 2.0 min | ETA this epoch 3.1 min
  step 1650/4061 | loss -7.184 | 74 ms/step (13.49 it/s) | elapsed 2.1 min | ETA this epoch 3.0 min
  step 1700/4061 | loss -5.944 | 73 ms/step (13.63 it/s) | elapsed 2.1 min | ETA this epoch 2.9 min
  step 1750/4061 | loss -6.796 | 75 ms/step (13.37 it/s) | elapsed 2.2 min | ETA this epoch 2.9 min
  step 1800/4061 | loss -5.515 | 74 ms/step (13.52 it/s) | elapsed 2.2 min | ETA this epoch 2.8 min
  step 1850/4061 | loss -4.683 | 74 ms/step (13.59 it/s) | elapsed 2.3 min | ETA this epoch 2.7 min
  step 1900/4061 | loss -9.071 | 75 ms/step (13.39 it/s) | elapsed 2.4 min | ETA this epoch 2.7 min
  step 1950/4061 | loss -7.607 | 76 ms/step (13.23 it/s) | elapsed 2.4 min | ETA this epoch 2.7 min
  step 2000/4061 | loss -7.419 | 74 ms/step (13.53 it/s) | elapsed 2.5 min | ETA this epoch 2.5 min
  step 2050/4061 | loss -6.765 | 76 ms/step (13.13 it/s) | elapsed 2.5 min | ETA this epoch 2.6 min
  step 2100/4061 | loss -7.679 | 75 ms/step (13.40 it/s) | elapsed 2.6 min | ETA this epoch 2.4 min
  step 2150/4061 | loss -4.927 | 74 ms/step (13.54 it/s) | elapsed 2.7 min | ETA this epoch 2.4 min
  step 2200/4061 | loss -5.399 | 76 ms/step (13.21 it/s) | elapsed 2.7 min | ETA this epoch 2.3 min
  step 2250/4061 | loss -6.779 | 77 ms/step (13.01 it/s) | elapsed 2.8 min | ETA this epoch 2.3 min
  step 2300/4061 | loss -6.521 | 75 ms/step (13.29 it/s) | elapsed 2.9 min | ETA this epoch 2.2 min
  step 2350/4061 | loss -5.776 | 76 ms/step (13.13 it/s) | elapsed 2.9 min | ETA this epoch 2.2 min
  step 2400/4061 | loss -6.701 | 74 ms/step (13.45 it/s) | elapsed 3.0 min | ETA this epoch 2.1 min
  step 2450/4061 | loss -5.579 | 77 ms/step (12.93 it/s) | elapsed 3.1 min | ETA this epoch 2.1 min
  step 2500/4061 | loss -7.744 | 74 ms/step (13.50 it/s) | elapsed 3.1 min | ETA this epoch 1.9 min
  step 2550/4061 | loss -5.481 | 77 ms/step (13.03 it/s) | elapsed 3.2 min | ETA this epoch 1.9 min
  step 2600/4061 | loss -6.372 | 74 ms/step (13.49 it/s) | elapsed 3.2 min | ETA this epoch 1.8 min
  step 2650/4061 | loss -8.803 | 75 ms/step (13.25 it/s) | elapsed 3.3 min | ETA this epoch 1.8 min
  step 2700/4061 | loss -7.197 | 78 ms/step (12.74 it/s) | elapsed 3.4 min | ETA this epoch 1.8 min
  step 2750/4061 | loss -6.177 | 73 ms/step (13.73 it/s) | elapsed 3.4 min | ETA this epoch 1.6 min
  step 2800/4061 | loss -5.990 | 74 ms/step (13.54 it/s) | elapsed 3.5 min | ETA this epoch 1.6 min
  step 2850/4061 | loss -7.462 | 74 ms/step (13.56 it/s) | elapsed 3.5 min | ETA this epoch 1.5 min
  step 2900/4061 | loss -6.498 | 79 ms/step (12.65 it/s) | elapsed 3.6 min | ETA this epoch 1.5 min
  step 2950/4061 | loss -6.668 | 63 ms/step (15.82 it/s) | elapsed 3.7 min | ETA this epoch 1.2 min
  step 3000/4061 | loss -7.464 | 54 ms/step (18.45 it/s) | elapsed 3.7 min | ETA this epoch 1.0 min
  step 3050/4061 | loss -7.896 | 56 ms/step (17.95 it/s) | elapsed 3.8 min | ETA this epoch 0.9 min
  step 3100/4061 | loss -7.239 | 56 ms/step (17.74 it/s) | elapsed 3.8 min | ETA this epoch 0.9 min
  step 3150/4061 | loss -7.622 | 57 ms/step (17.53 it/s) | elapsed 3.9 min | ETA this epoch 0.9 min
  step 3200/4061 | loss -7.018 | 58 ms/step (17.23 it/s) | elapsed 3.9 min | ETA this epoch 0.8 min
  step 3250/4061 | loss -7.169 | 74 ms/step (13.48 it/s) | elapsed 4.0 min | ETA this epoch 1.0 min
  step 3300/4061 | loss -7.347 | 75 ms/step (13.28 it/s) | elapsed 4.0 min | ETA this epoch 1.0 min
  step 3350/4061 | loss -8.314 | 76 ms/step (13.22 it/s) | elapsed 4.1 min | ETA this epoch 0.9 min
  step 3400/4061 | loss -8.003 | 75 ms/step (13.27 it/s) | elapsed 4.2 min | ETA this epoch 0.8 min
  step 3450/4061 | loss -7.619 | 76 ms/step (13.09 it/s) | elapsed 4.2 min | ETA this epoch 0.8 min
  step 3500/4061 | loss -7.455 | 74 ms/step (13.51 it/s) | elapsed 4.3 min | ETA this epoch 0.7 min
  step 3550/4061 | loss -4.784 | 76 ms/step (13.09 it/s) | elapsed 4.3 min | ETA this epoch 0.7 min
  step 3600/4061 | loss -8.543 | 76 ms/step (13.15 it/s) | elapsed 4.4 min | ETA this epoch 0.6 min
  step 3650/4061 | loss -6.053 | 74 ms/step (13.45 it/s) | elapsed 4.5 min | ETA this epoch 0.5 min
  step 3700/4061 | loss -6.626 | 74 ms/step (13.48 it/s) | elapsed 4.5 min | ETA this epoch 0.4 min
  step 3750/4061 | loss -8.107 | 75 ms/step (13.34 it/s) | elapsed 4.6 min | ETA this epoch 0.4 min
  step 3800/4061 | loss -5.069 | 76 ms/step (13.18 it/s) | elapsed 4.7 min | ETA this epoch 0.3 min
  step 3850/4061 | loss -6.143 | 76 ms/step (13.11 it/s) | elapsed 4.7 min | ETA this epoch 0.3 min
  step 3900/4061 | loss -8.131 | 74 ms/step (13.56 it/s) | elapsed 4.8 min | ETA this epoch 0.2 min
  step 3950/4061 | loss -6.429 | 76 ms/step (13.23 it/s) | elapsed 4.8 min | ETA this epoch 0.1 min
  step 4000/4061 | loss -5.086 | 76 ms/step (13.24 it/s) | elapsed 4.9 min | ETA this epoch 0.1 min
  step 4050/4061 | loss -5.484 | 75 ms/step (13.36 it/s) | elapsed 5.0 min | ETA this epoch 0.0 min
Epoch 5/50 | Train -6.452 | Val L1 0.0022 | Val SI-SDR 16.44 dB | Time 5.3 min
Saved best model (SI-SDR 16.44 dB) -> /home/bubai-maji/speech_enhancement/script/propose_ablation2/checkpoint_propose_ab2/best_NGDM_SE.pt
  step 50/4061 | loss -6.078 | 77 ms/step (13.05 it/s) | elapsed 0.1 min | ETA this epoch 5.1 min
  step 100/4061 | loss -6.236 | 73 ms/step (13.69 it/s) | elapsed 0.1 min | ETA this epoch 4.8 min
  step 150/4061 | loss -6.067 | 73 ms/step (13.62 it/s) | elapsed 0.2 min | ETA this epoch 4.8 min
  step 200/4061 | loss -6.060 | 75 ms/step (13.30 it/s) | elapsed 0.2 min | ETA this epoch 4.8 min
  step 250/4061 | loss -6.914 | 75 ms/step (13.39 it/s) | elapsed 0.3 min | ETA this epoch 4.7 min
  step 300/4061 | loss -7.390 | 75 ms/step (13.34 it/s) | elapsed 0.4 min | ETA this epoch 4.7 min
  step 350/4061 | loss -7.120 | 73 ms/step (13.67 it/s) | elapsed 0.4 min | ETA this epoch 4.5 min
  step 400/4061 | loss -6.538 | 74 ms/step (13.59 it/s) | elapsed 0.5 min | ETA this epoch 4.5 min
  step 450/4061 | loss -5.998 | 75 ms/step (13.42 it/s) | elapsed 0.6 min | ETA this epoch 4.5 min
  step 500/4061 | loss -7.340 | 74 ms/step (13.58 it/s) | elapsed 0.6 min | ETA this epoch 4.4 min
  step 550/4061 | loss -7.995 | 75 ms/step (13.38 it/s) | elapsed 0.7 min | ETA this epoch 4.4 min
  step 600/4061 | loss -6.182 | 76 ms/step (13.22 it/s) | elapsed 0.7 min | ETA this epoch 4.4 min
  step 650/4061 | loss -7.745 | 74 ms/step (13.43 it/s) | elapsed 0.8 min | ETA this epoch 4.2 min
  step 700/4061 | loss -6.113 | 75 ms/step (13.41 it/s) | elapsed 0.9 min | ETA this epoch 4.2 min
  step 750/4061 | loss -7.660 | 74 ms/step (13.43 it/s) | elapsed 0.9 min | ETA this epoch 4.1 min
  step 800/4061 | loss -7.376 | 73 ms/step (13.67 it/s) | elapsed 1.0 min | ETA this epoch 4.0 min
  step 850/4061 | loss -7.169 | 75 ms/step (13.29 it/s) | elapsed 1.1 min | ETA this epoch 4.0 min
  step 900/4061 | loss -5.395 | 76 ms/step (13.17 it/s) | elapsed 1.1 min | ETA this epoch 4.0 min
  step 950/4061 | loss -6.026 | 76 ms/step (13.19 it/s) | elapsed 1.2 min | ETA this epoch 3.9 min
  step 1000/4061 | loss -5.460 | 76 ms/step (13.13 it/s) | elapsed 1.2 min | ETA this epoch 3.9 min
  step 1050/4061 | loss -7.034 | 75 ms/step (13.36 it/s) | elapsed 1.3 min | ETA this epoch 3.8 min
  step 1100/4061 | loss -7.304 | 73 ms/step (13.65 it/s) | elapsed 1.4 min | ETA this epoch 3.6 min
  step 1150/4061 | loss -6.589 | 73 ms/step (13.70 it/s) | elapsed 1.4 min | ETA this epoch 3.5 min
  step 1200/4061 | loss -6.069 | 76 ms/step (13.11 it/s) | elapsed 1.5 min | ETA this epoch 3.6 min
  step 1250/4061 | loss -5.780 | 75 ms/step (13.28 it/s) | elapsed 1.6 min | ETA this epoch 3.5 min
  step 1300/4061 | loss -7.143 | 75 ms/step (13.38 it/s) | elapsed 1.6 min | ETA this epoch 3.4 min
  step 1350/4061 | loss -4.103 | 73 ms/step (13.62 it/s) | elapsed 1.7 min | ETA this epoch 3.3 min
  step 1400/4061 | loss -6.195 | 77 ms/step (12.99 it/s) | elapsed 1.7 min | ETA this epoch 3.4 min
  step 1450/4061 | loss -6.523 | 73 ms/step (13.70 it/s) | elapsed 1.8 min | ETA this epoch 3.2 min
  step 1500/4061 | loss -6.463 | 75 ms/step (13.32 it/s) | elapsed 1.9 min | ETA this epoch 3.2 min
  step 1550/4061 | loss -5.435 | 75 ms/step (13.28 it/s) | elapsed 1.9 min | ETA this epoch 3.2 min
  step 1600/4061 | loss -6.386 | 74 ms/step (13.60 it/s) | elapsed 2.0 min | ETA this epoch 3.0 min
  step 1650/4061 | loss -5.957 | 74 ms/step (13.53 it/s) | elapsed 2.1 min | ETA this epoch 3.0 min
  step 1700/4061 | loss -4.561 | 75 ms/step (13.26 it/s) | elapsed 2.1 min | ETA this epoch 3.0 min
  step 1750/4061 | loss -6.215 | 75 ms/step (13.33 it/s) | elapsed 2.2 min | ETA this epoch 2.9 min
  step 1800/4061 | loss -5.368 | 75 ms/step (13.31 it/s) | elapsed 2.2 min | ETA this epoch 2.8 min
  step 1850/4061 | loss -6.154 | 75 ms/step (13.38 it/s) | elapsed 2.3 min | ETA this epoch 2.8 min
  step 1900/4061 | loss -7.072 | 74 ms/step (13.46 it/s) | elapsed 2.4 min | ETA this epoch 2.7 min
  step 1950/4061 | loss -5.788 | 79 ms/step (12.69 it/s) | elapsed 2.4 min | ETA this epoch 2.8 min
  step 2000/4061 | loss -7.248 | 76 ms/step (13.13 it/s) | elapsed 2.5 min | ETA this epoch 2.6 min
  step 2050/4061 | loss -5.221 | 75 ms/step (13.42 it/s) | elapsed 2.6 min | ETA this epoch 2.5 min
  step 2100/4061 | loss -6.166 | 75 ms/step (13.38 it/s) | elapsed 2.6 min | ETA this epoch 2.4 min
  step 2150/4061 | loss -7.833 | 75 ms/step (13.27 it/s) | elapsed 2.7 min | ETA this epoch 2.4 min
  step 2200/4061 | loss -6.506 | 74 ms/step (13.55 it/s) | elapsed 2.7 min | ETA this epoch 2.3 min
  step 2250/4061 | loss -6.975 | 76 ms/step (13.20 it/s) | elapsed 2.8 min | ETA this epoch 2.3 min
  step 2300/4061 | loss -4.742 | 75 ms/step (13.31 it/s) | elapsed 2.9 min | ETA this epoch 2.2 min
  step 2350/4061 | loss -7.548 | 75 ms/step (13.41 it/s) | elapsed 2.9 min | ETA this epoch 2.1 min
  step 2400/4061 | loss -8.364 | 73 ms/step (13.71 it/s) | elapsed 3.0 min | ETA this epoch 2.0 min
  step 2450/4061 | loss -6.397 | 74 ms/step (13.60 it/s) | elapsed 3.1 min | ETA this epoch 2.0 min
  step 2500/4061 | loss -6.712 | 74 ms/step (13.57 it/s) | elapsed 3.1 min | ETA this epoch 1.9 min
  step 2550/4061 | loss -5.621 | 74 ms/step (13.48 it/s) | elapsed 3.2 min | ETA this epoch 1.9 min
  step 2600/4061 | loss -7.155 | 76 ms/step (13.18 it/s) | elapsed 3.2 min | ETA this epoch 1.8 min
  step 2650/4061 | loss -8.263 | 77 ms/step (12.97 it/s) | elapsed 3.3 min | ETA this epoch 1.8 min
  step 2700/4061 | loss -6.287 | 74 ms/step (13.51 it/s) | elapsed 3.4 min | ETA this epoch 1.7 min
  step 2750/4061 | loss -7.279 | 77 ms/step (12.92 it/s) | elapsed 3.4 min | ETA this epoch 1.7 min
  step 2800/4061 | loss -4.736 | 74 ms/step (13.59 it/s) | elapsed 3.5 min | ETA this epoch 1.5 min
  step 2850/4061 | loss -7.018 | 74 ms/step (13.48 it/s) | elapsed 3.6 min | ETA this epoch 1.5 min
  step 2900/4061 | loss -6.247 | 75 ms/step (13.40 it/s) | elapsed 3.6 min | ETA this epoch 1.4 min
  step 2950/4061 | loss -5.817 | 74 ms/step (13.50 it/s) | elapsed 3.7 min | ETA this epoch 1.4 min
  step 3000/4061 | loss -5.429 | 62 ms/step (16.05 it/s) | elapsed 3.7 min | ETA this epoch 1.1 min
  step 3050/4061 | loss -7.241 | 58 ms/step (17.29 it/s) | elapsed 3.8 min | ETA this epoch 1.0 min
  step 3100/4061 | loss -5.942 | 55 ms/step (18.29 it/s) | elapsed 3.8 min | ETA this epoch 0.9 min
  step 3150/4061 | loss -7.220 | 55 ms/step (18.12 it/s) | elapsed 3.9 min | ETA this epoch 0.8 min
  step 3200/4061 | loss -7.941 | 74 ms/step (13.52 it/s) | elapsed 3.9 min | ETA this epoch 1.1 min
  step 3250/4061 | loss -8.106 | 74 ms/step (13.46 it/s) | elapsed 4.0 min | ETA this epoch 1.0 min
  step 3300/4061 | loss -6.992 | 74 ms/step (13.51 it/s) | elapsed 4.1 min | ETA this epoch 0.9 min
  step 3350/4061 | loss -6.545 | 74 ms/step (13.52 it/s) | elapsed 4.1 min | ETA this epoch 0.9 min
  step 3400/4061 | loss -8.222 | 74 ms/step (13.47 it/s) | elapsed 4.2 min | ETA this epoch 0.8 min
  step 3450/4061 | loss -7.178 | 71 ms/step (14.00 it/s) | elapsed 4.2 min | ETA this epoch 0.7 min
  step 3500/4061 | loss -7.942 | 72 ms/step (13.87 it/s) | elapsed 4.3 min | ETA this epoch 0.7 min
  step 3550/4061 | loss -7.428 | 74 ms/step (13.43 it/s) | elapsed 4.4 min | ETA this epoch 0.6 min
  step 3600/4061 | loss -6.399 | 73 ms/step (13.69 it/s) | elapsed 4.4 min | ETA this epoch 0.6 min
  step 3650/4061 | loss -5.723 | 74 ms/step (13.48 it/s) | elapsed 4.5 min | ETA this epoch 0.5 min
  step 3700/4061 | loss -6.548 | 73 ms/step (13.64 it/s) | elapsed 4.5 min | ETA this epoch 0.4 min
  step 3750/4061 | loss -6.949 | 74 ms/step (13.56 it/s) | elapsed 4.6 min | ETA this epoch 0.4 min
  step 3800/4061 | loss -6.830 | 74 ms/step (13.55 it/s) | elapsed 4.7 min | ETA this epoch 0.3 min
  step 3850/4061 | loss -6.344 | 75 ms/step (13.38 it/s) | elapsed 4.7 min | ETA this epoch 0.3 min
  step 3900/4061 | loss -6.656 | 74 ms/step (13.44 it/s) | elapsed 4.8 min | ETA this epoch 0.2 min
  step 3950/4061 | loss -6.107 | 74 ms/step (13.49 it/s) | elapsed 4.9 min | ETA this epoch 0.1 min
  step 4000/4061 | loss -6.015 | 75 ms/step (13.36 it/s) | elapsed 4.9 min | ETA this epoch 0.1 min
  step 4050/4061 | loss -6.526 | 75 ms/step (13.37 it/s) | elapsed 5.0 min | ETA this epoch 0.0 min
Epoch 6/50 | Train -6.576 | Val L1 0.0021 | Val SI-SDR 16.71 dB | Time 5.2 min
Saved best model (SI-SDR 16.71 dB) -> /home/bubai-maji/speech_enhancement/script/propose_ablation2/checkpoint_propose_ab2/best_NGDM_SE.pt
  step 50/4061 | loss -5.924 | 73 ms/step (13.74 it/s) | elapsed 0.1 min | ETA this epoch 4.9 min
  step 100/4061 | loss -6.187 | 74 ms/step (13.59 it/s) | elapsed 0.1 min | ETA this epoch 4.9 min
  step 150/4061 | loss -6.661 | 74 ms/step (13.47 it/s) | elapsed 0.2 min | ETA this epoch 4.8 min
  step 200/4061 | loss -8.282 | 74 ms/step (13.53 it/s) | elapsed 0.2 min | ETA this epoch 4.8 min
  step 250/4061 | loss -5.420 | 74 ms/step (13.49 it/s) | elapsed 0.3 min | ETA this epoch 4.7 min
  step 300/4061 | loss -5.837 | 73 ms/step (13.71 it/s) | elapsed 0.4 min | ETA this epoch 4.6 min
  step 350/4061 | loss -5.930 | 73 ms/step (13.70 it/s) | elapsed 0.4 min | ETA this epoch 4.5 min
  step 400/4061 | loss -5.307 | 74 ms/step (13.59 it/s) | elapsed 0.5 min | ETA this epoch 4.5 min
  step 450/4061 | loss -6.573 | 74 ms/step (13.59 it/s) | elapsed 0.6 min | ETA this epoch 4.4 min
  step 500/4061 | loss -6.097 | 74 ms/step (13.44 it/s) | elapsed 0.6 min | ETA this epoch 4.4 min
  step 550/4061 | loss -6.262 | 73 ms/step (13.65 it/s) | elapsed 0.7 min | ETA this epoch 4.3 min
  step 600/4061 | loss -6.796 | 74 ms/step (13.59 it/s) | elapsed 0.7 min | ETA this epoch 4.2 min
  step 650/4061 | loss -4.959 | 74 ms/step (13.49 it/s) | elapsed 0.8 min | ETA this epoch 4.2 min
  step 700/4061 | loss -6.793 | 74 ms/step (13.53 it/s) | elapsed 0.9 min | ETA this epoch 4.1 min
  step 750/4061 | loss -7.312 | 72 ms/step (13.82 it/s) | elapsed 0.9 min | ETA this epoch 4.0 min
  step 800/4061 | loss -6.933 | 73 ms/step (13.69 it/s) | elapsed 1.0 min | ETA this epoch 4.0 min
  step 850/4061 | loss -5.693 | 73 ms/step (13.68 it/s) | elapsed 1.0 min | ETA this epoch 3.9 min
  step 900/4061 | loss -6.024 | 74 ms/step (13.51 it/s) | elapsed 1.1 min | ETA this epoch 3.9 min
  step 950/4061 | loss -5.445 | 74 ms/step (13.51 it/s) | elapsed 1.2 min | ETA this epoch 3.8 min
  step 1000/4061 | loss -6.835 | 73 ms/step (13.65 it/s) | elapsed 1.2 min | ETA this epoch 3.7 min
  step 1050/4061 | loss -6.472 | 75 ms/step (13.26 it/s) | elapsed 1.3 min | ETA this epoch 3.8 min
  step 1100/4061 | loss -6.749 | 71 ms/step (14.02 it/s) | elapsed 1.3 min | ETA this epoch 3.5 min
  step 1150/4061 | loss -6.902 | 74 ms/step (13.59 it/s) | elapsed 1.4 min | ETA this epoch 3.6 min
  step 1200/4061 | loss -5.645 | 74 ms/step (13.60 it/s) | elapsed 1.5 min | ETA this epoch 3.5 min
  step 1250/4061 | loss -6.264 | 73 ms/step (13.73 it/s) | elapsed 1.5 min | ETA this epoch 3.4 min
  step 1300/4061 | loss -7.428 | 78 ms/step (12.87 it/s) | elapsed 1.6 min | ETA this epoch 3.6 min
  step 1350/4061 | loss -6.659 | 76 ms/step (13.22 it/s) | elapsed 1.7 min | ETA this epoch 3.4 min
  step 1400/4061 | loss -6.481 | 72 ms/step (13.82 it/s) | elapsed 1.7 min | ETA this epoch 3.2 min
  step 1450/4061 | loss -6.163 | 74 ms/step (13.60 it/s) | elapsed 1.8 min | ETA this epoch 3.2 min
  step 1500/4061 | loss -6.103 | 74 ms/step (13.57 it/s) | elapsed 1.8 min | ETA this epoch 3.1 min
  step 1550/4061 | loss -5.535 | 74 ms/step (13.53 it/s) | elapsed 1.9 min | ETA this epoch 3.1 min
  step 1600/4061 | loss -6.237 | 74 ms/step (13.54 it/s) | elapsed 2.0 min | ETA this epoch 3.0 min
  step 1650/4061 | loss -6.436 | 74 ms/step (13.51 it/s) | elapsed 2.0 min | ETA this epoch 3.0 min
  step 1700/4061 | loss -6.383 | 73 ms/step (13.66 it/s) | elapsed 2.1 min | ETA this epoch 2.9 min
  step 1750/4061 | loss -6.537 | 74 ms/step (13.53 it/s) | elapsed 2.1 min | ETA this epoch 2.8 min
  step 1800/4061 | loss -6.039 | 72 ms/step (13.88 it/s) | elapsed 2.2 min | ETA this epoch 2.7 min
  step 1850/4061 | loss -8.344 | 74 ms/step (13.53 it/s) | elapsed 2.3 min | ETA this epoch 2.7 min
  step 1900/4061 | loss -5.384 | 74 ms/step (13.48 it/s) | elapsed 2.3 min | ETA this epoch 2.7 min
  step 1950/4061 | loss -5.679 | 75 ms/step (13.36 it/s) | elapsed 2.4 min | ETA this epoch 2.6 min
  step 2000/4061 | loss -5.982 | 76 ms/step (13.21 it/s) | elapsed 2.5 min | ETA this epoch 2.6 min
  step 2050/4061 | loss -5.311 | 76 ms/step (13.08 it/s) | elapsed 2.5 min | ETA this epoch 2.6 min
  step 2100/4061 | loss -4.933 | 76 ms/step (13.08 it/s) | elapsed 2.6 min | ETA this epoch 2.5 min
  step 2150/4061 | loss -5.499 | 77 ms/step (12.98 it/s) | elapsed 2.7 min | ETA this epoch 2.5 min
  step 2200/4061 | loss -6.158 | 76 ms/step (13.14 it/s) | elapsed 2.7 min | ETA this epoch 2.4 min
  step 2250/4061 | loss -5.986 | 72 ms/step (13.95 it/s) | elapsed 2.8 min | ETA this epoch 2.2 min
  step 2300/4061 | loss -5.636 | 74 ms/step (13.55 it/s) | elapsed 2.8 min | ETA this epoch 2.2 min
  step 2350/4061 | loss -6.489 | 76 ms/step (13.11 it/s) | elapsed 2.9 min | ETA this epoch 2.2 min
  step 2400/4061 | loss -6.746 | 75 ms/step (13.33 it/s) | elapsed 3.0 min | ETA this epoch 2.1 min
  step 2450/4061 | loss -6.069 | 74 ms/step (13.53 it/s) | elapsed 3.0 min | ETA this epoch 2.0 min
  step 2500/4061 | loss -6.904 | 74 ms/step (13.48 it/s) | elapsed 3.1 min | ETA this epoch 1.9 min
  step 2550/4061 | loss -5.780 | 75 ms/step (13.39 it/s) | elapsed 3.1 min | ETA this epoch 1.9 min
  step 2600/4061 | loss -7.254 | 73 ms/step (13.69 it/s) | elapsed 3.2 min | ETA this epoch 1.8 min
  step 2650/4061 | loss -7.558 | 73 ms/step (13.67 it/s) | elapsed 3.3 min | ETA this epoch 1.7 min
  step 2700/4061 | loss -7.088 | 72 ms/step (13.80 it/s) | elapsed 3.3 min | ETA this epoch 1.6 min
  step 2750/4061 | loss -6.632 | 74 ms/step (13.49 it/s) | elapsed 3.4 min | ETA this epoch 1.6 min
  step 2800/4061 | loss -7.004 | 73 ms/step (13.62 it/s) | elapsed 3.5 min | ETA this epoch 1.5 min
  step 2850/4061 | loss -4.537 | 73 ms/step (13.68 it/s) | elapsed 3.5 min | ETA this epoch 1.5 min
  step 2900/4061 | loss -8.398 | 74 ms/step (13.57 it/s) | elapsed 3.6 min | ETA this epoch 1.4 min
  step 2950/4061 | loss -6.921 | 77 ms/step (12.99 it/s) | elapsed 3.6 min | ETA this epoch 1.4 min
  step 3000/4061 | loss -8.765 | 72 ms/step (13.80 it/s) | elapsed 3.7 min | ETA this epoch 1.3 min
  step 3050/4061 | loss -8.927 | 67 ms/step (14.85 it/s) | elapsed 3.8 min | ETA this epoch 1.1 min
  step 3100/4061 | loss -7.678 | 53 ms/step (18.88 it/s) | elapsed 3.8 min | ETA this epoch 0.8 min
  step 3150/4061 | loss -6.724 | 48 ms/step (20.92 it/s) | elapsed 3.8 min | ETA this epoch 0.7 min
  step 3200/4061 | loss -7.102 | 55 ms/step (18.15 it/s) | elapsed 3.9 min | ETA this epoch 0.8 min
  step 3250/4061 | loss -7.969 | 51 ms/step (19.65 it/s) | elapsed 3.9 min | ETA this epoch 0.7 min
  step 3300/4061 | loss -6.801 | 51 ms/step (19.44 it/s) | elapsed 4.0 min | ETA this epoch 0.7 min
  step 3350/4061 | loss -8.012 | 48 ms/step (20.77 it/s) | elapsed 4.0 min | ETA this epoch 0.6 min
  step 3400/4061 | loss -6.089 | 52 ms/step (19.40 it/s) | elapsed 4.1 min | ETA this epoch 0.6 min
  step 3450/4061 | loss -5.700 | 50 ms/step (19.85 it/s) | elapsed 4.1 min | ETA this epoch 0.5 min
  step 3500/4061 | loss -6.287 | 52 ms/step (19.34 it/s) | elapsed 4.1 min | ETA this epoch 0.5 min
  step 3550/4061 | loss -7.785 | 49 ms/step (20.31 it/s) | elapsed 4.2 min | ETA this epoch 0.4 min
  step 3600/4061 | loss -7.514 | 66 ms/step (15.04 it/s) | elapsed 4.2 min | ETA this epoch 0.5 min
  step 3650/4061 | loss -4.319 | 74 ms/step (13.53 it/s) | elapsed 4.3 min | ETA this epoch 0.5 min
  step 3700/4061 | loss -7.662 | 74 ms/step (13.52 it/s) | elapsed 4.4 min | ETA this epoch 0.4 min
  step 3750/4061 | loss -7.377 | 74 ms/step (13.51 it/s) | elapsed 4.4 min | ETA this epoch 0.4 min
  step 3800/4061 | loss -5.709 | 74 ms/step (13.48 it/s) | elapsed 4.5 min | ETA this epoch 0.3 min
  step 3850/4061 | loss -7.202 | 73 ms/step (13.76 it/s) | elapsed 4.5 min | ETA this epoch 0.3 min
  step 3900/4061 | loss -7.201 | 74 ms/step (13.45 it/s) | elapsed 4.6 min | ETA this epoch 0.2 min
  step 3950/4061 | loss -6.856 | 74 ms/step (13.58 it/s) | elapsed 4.7 min | ETA this epoch 0.1 min
  step 4000/4061 | loss -5.665 | 73 ms/step (13.62 it/s) | elapsed 4.7 min | ETA this epoch 0.1 min
  step 4050/4061 | loss -6.619 | 73 ms/step (13.78 it/s) | elapsed 4.8 min | ETA this epoch 0.0 min
Epoch 7/50 | Train -6.639 | Val L1 0.0021 | Val SI-SDR 16.70 dB | Time 5.1 min
EarlyStopping counter: 1/7
  step 50/4061 | loss -5.827 | 73 ms/step (13.63 it/s) | elapsed 0.1 min | ETA this epoch 4.9 min
  step 100/4061 | loss -5.568 | 73 ms/step (13.72 it/s) | elapsed 0.1 min | ETA this epoch 4.8 min
  step 150/4061 | loss -6.787 | 70 ms/step (14.24 it/s) | elapsed 0.2 min | ETA this epoch 4.6 min
  step 200/4061 | loss -6.205 | 74 ms/step (13.57 it/s) | elapsed 0.2 min | ETA this epoch 4.7 min
  step 250/4061 | loss -5.330 | 72 ms/step (13.81 it/s) | elapsed 0.3 min | ETA this epoch 4.6 min
  step 300/4061 | loss -6.226 | 74 ms/step (13.59 it/s) | elapsed 0.4 min | ETA this epoch 4.6 min
  step 350/4061 | loss -7.748 | 78 ms/step (12.84 it/s) | elapsed 0.4 min | ETA this epoch 4.8 min
  step 400/4061 | loss -7.209 | 74 ms/step (13.52 it/s) | elapsed 0.5 min | ETA this epoch 4.5 min
  step 450/4061 | loss -6.888 | 62 ms/step (16.24 it/s) | elapsed 0.5 min | ETA this epoch 3.7 min
  step 500/4061 | loss -6.636 | 73 ms/step (13.77 it/s) | elapsed 0.6 min | ETA this epoch 4.3 min
  step 550/4061 | loss -7.599 | 74 ms/step (13.55 it/s) | elapsed 0.7 min | ETA this epoch 4.3 min
  step 600/4061 | loss -7.231 | 74 ms/step (13.53 it/s) | elapsed 0.7 min | ETA this epoch 4.3 min
  step 650/4061 | loss -6.811 | 74 ms/step (13.57 it/s) | elapsed 0.8 min | ETA this epoch 4.2 min
  step 700/4061 | loss -6.866 | 73 ms/step (13.68 it/s) | elapsed 0.8 min | ETA this epoch 4.1 min
  step 750/4061 | loss -7.861 | 69 ms/step (14.58 it/s) | elapsed 0.9 min | ETA this epoch 3.8 min
  step 800/4061 | loss -7.518 | 73 ms/step (13.62 it/s) | elapsed 1.0 min | ETA this epoch 4.0 min
  step 850/4061 | loss -6.430 | 73 ms/step (13.64 it/s) | elapsed 1.0 min | ETA this epoch 3.9 min
  step 900/4061 | loss -6.587 | 74 ms/step (13.53 it/s) | elapsed 1.1 min | ETA this epoch 3.9 min
  step 950/4061 | loss -4.881 | 74 ms/step (13.55 it/s) | elapsed 1.1 min | ETA this epoch 3.8 min
  step 1000/4061 | loss -6.241 | 74 ms/step (13.54 it/s) | elapsed 1.2 min | ETA this epoch 3.8 min
  step 1050/4061 | loss -6.152 | 75 ms/step (13.42 it/s) | elapsed 1.3 min | ETA this epoch 3.7 min
  step 1100/4061 | loss -8.342 | 75 ms/step (13.31 it/s) | elapsed 1.3 min | ETA this epoch 3.7 min
  step 1150/4061 | loss -5.766 | 73 ms/step (13.74 it/s) | elapsed 1.4 min | ETA this epoch 3.5 min
  step 1200/4061 | loss -6.458 | 73 ms/step (13.75 it/s) | elapsed 1.5 min | ETA this epoch 3.5 min
  step 1250/4061 | loss -6.266 | 71 ms/step (14.02 it/s) | elapsed 1.5 min | ETA this epoch 3.3 min
  step 1300/4061 | loss -8.376 | 74 ms/step (13.46 it/s) | elapsed 1.6 min | ETA this epoch 3.4 min
  step 1350/4061 | loss -3.869 | 76 ms/step (13.22 it/s) | elapsed 1.6 min | ETA this epoch 3.4 min
  step 1400/4061 | loss -7.806 | 73 ms/step (13.76 it/s) | elapsed 1.7 min | ETA this epoch 3.2 min
  step 1450/4061 | loss -6.601 | 74 ms/step (13.51 it/s) | elapsed 1.8 min | ETA this epoch 3.2 min
  step 1500/4061 | loss -6.305 | 74 ms/step (13.47 it/s) | elapsed 1.8 min | ETA this epoch 3.2 min
  step 1550/4061 | loss -7.629 | 71 ms/step (14.10 it/s) | elapsed 1.9 min | ETA this epoch 3.0 min
  step 1600/4061 | loss -6.541 | 76 ms/step (13.09 it/s) | elapsed 1.9 min | ETA this epoch 3.1 min
  step 1650/4061 | loss -6.158 | 79 ms/step (12.73 it/s) | elapsed 2.0 min | ETA this epoch 3.2 min
  step 1700/4061 | loss -6.731 | 76 ms/step (13.13 it/s) | elapsed 2.1 min | ETA this epoch 3.0 min
  step 1750/4061 | loss -6.000 | 69 ms/step (14.56 it/s) | elapsed 2.1 min | ETA this epoch 2.6 min
  step 1800/4061 | loss -5.688 | 108 ms/step (9.26 it/s) | elapsed 2.2 min | ETA this epoch 4.1 min
  step 1850/4061 | loss -7.356 | 104 ms/step (9.62 it/s) | elapsed 2.3 min | ETA this epoch 3.8 min
  step 1900/4061 | loss -5.637 | 118 ms/step (8.50 it/s) | elapsed 2.4 min | ETA this epoch 4.2 min
  step 1950/4061 | loss -7.072 | 101 ms/step (9.87 it/s) | elapsed 2.5 min | ETA this epoch 3.6 min
  step 2000/4061 | loss -6.746 | 106 ms/step (9.45 it/s) | elapsed 2.6 min | ETA this epoch 3.6 min
  step 2050/4061 | loss -6.939 | 107 ms/step (9.33 it/s) | elapsed 2.7 min | ETA this epoch 3.6 min
  step 2100/4061 | loss -7.371 | 117 ms/step (8.51 it/s) | elapsed 2.8 min | ETA this epoch 3.8 min
  step 2150/4061 | loss -5.660 | 111 ms/step (9.05 it/s) | elapsed 2.9 min | ETA this epoch 3.5 min
  step 2200/4061 | loss -6.770 | 100 ms/step (9.96 it/s) | elapsed 2.9 min | ETA this epoch 3.1 min
  step 2250/4061 | loss -8.522 | 121 ms/step (8.29 it/s) | elapsed 3.0 min | ETA this epoch 3.6 min
  step 2300/4061 | loss -7.027 | 133 ms/step (7.53 it/s) | elapsed 3.2 min | ETA this epoch 3.9 min
  step 2350/4061 | loss -7.086 | 151 ms/step (6.60 it/s) | elapsed 3.3 min | ETA this epoch 4.3 min
  step 2400/4061 | loss -5.329 | 157 ms/step (6.35 it/s) | elapsed 3.4 min | ETA this epoch 4.4 min
  step 2450/4061 | loss -5.792 | 166 ms/step (6.04 it/s) | elapsed 3.6 min | ETA this epoch 4.4 min
  step 2500/4061 | loss -5.393 | 155 ms/step (6.47 it/s) | elapsed 3.7 min | ETA this epoch 4.0 min
  step 2550/4061 | loss -5.684 | 154 ms/step (6.49 it/s) | elapsed 3.8 min | ETA this epoch 3.9 min
  step 2600/4061 | loss -7.764 | 131 ms/step (7.61 it/s) | elapsed 3.9 min | ETA this epoch 3.2 min
  step 2650/4061 | loss -8.016 | 125 ms/step (8.01 it/s) | elapsed 4.0 min | ETA this epoch 2.9 min
  step 2700/4061 | loss -7.274 | 135 ms/step (7.40 it/s) | elapsed 4.1 min | ETA this epoch 3.1 min
  step 2750/4061 | loss -6.269 | 153 ms/step (6.52 it/s) | elapsed 4.3 min | ETA this epoch 3.3 min
  step 2800/4061 | loss -6.547 | 143 ms/step (6.98 it/s) | elapsed 4.4 min | ETA this epoch 3.0 min
  step 2850/4061 | loss -8.224 | 158 ms/step (6.33 it/s) | elapsed 4.5 min | ETA this epoch 3.2 min
  step 2900/4061 | loss -7.423 | 148 ms/step (6.75 it/s) | elapsed 4.6 min | ETA this epoch 2.9 min
  step 2950/4061 | loss -7.949 | 149 ms/step (6.70 it/s) | elapsed 4.8 min | ETA this epoch 2.8 min
  step 3000/4061 | loss -6.154 | 135 ms/step (7.41 it/s) | elapsed 4.9 min | ETA this epoch 2.4 min
  step 3050/4061 | loss -6.910 | 129 ms/step (7.76 it/s) | elapsed 5.0 min | ETA this epoch 2.2 min
  step 3100/4061 | loss -6.716 | 121 ms/step (8.26 it/s) | elapsed 5.1 min | ETA this epoch 1.9 min
  step 3150/4061 | loss -5.466 | 126 ms/step (7.93 it/s) | elapsed 5.2 min | ETA this epoch 1.9 min
  step 3200/4061 | loss -7.009 | 114 ms/step (8.75 it/s) | elapsed 5.3 min | ETA this epoch 1.6 min
  step 3250/4061 | loss -6.699 | 113 ms/step (8.86 it/s) | elapsed 5.4 min | ETA this epoch 1.5 min
  step 3300/4061 | loss -6.988 | 141 ms/step (7.11 it/s) | elapsed 5.5 min | ETA this epoch 1.8 min
  step 3350/4061 | loss -6.867 | 111 ms/step (9.01 it/s) | elapsed 5.6 min | ETA this epoch 1.3 min
  step 3400/4061 | loss -6.229 | 140 ms/step (7.14 it/s) | elapsed 5.7 min | ETA this epoch 1.5 min
  step 3450/4061 | loss -5.893 | 122 ms/step (8.22 it/s) | elapsed 5.8 min | ETA this epoch 1.2 min
  step 3500/4061 | loss -7.418 | 120 ms/step (8.33 it/s) | elapsed 5.9 min | ETA this epoch 1.1 min
  step 3550/4061 | loss -7.740 | 111 ms/step (9.05 it/s) | elapsed 6.0 min | ETA this epoch 0.9 min
  step 3600/4061 | loss -7.293 | 96 ms/step (10.45 it/s) | elapsed 6.1 min | ETA this epoch 0.7 min
  step 3650/4061 | loss -7.639 | 111 ms/step (8.99 it/s) | elapsed 6.2 min | ETA this epoch 0.8 min
  step 3700/4061 | loss -7.299 | 134 ms/step (7.45 it/s) | elapsed 6.3 min | ETA this epoch 0.8 min
  step 3750/4061 | loss -6.450 | 151 ms/step (6.63 it/s) | elapsed 6.4 min | ETA this epoch 0.8 min
  step 3800/4061 | loss -5.523 | 145 ms/step (6.90 it/s) | elapsed 6.5 min | ETA this epoch 0.6 min
  step 3850/4061 | loss -6.990 | 147 ms/step (6.82 it/s) | elapsed 6.6 min | ETA this epoch 0.5 min
  step 3900/4061 | loss -6.128 | 138 ms/step (7.26 it/s) | elapsed 6.8 min | ETA this epoch 0.4 min
  step 3950/4061 | loss -7.084 | 129 ms/step (7.73 it/s) | elapsed 6.9 min | ETA this epoch 0.2 min
  step 4000/4061 | loss -5.800 | 153 ms/step (6.53 it/s) | elapsed 7.0 min | ETA this epoch 0.2 min
  step 4050/4061 | loss -6.074 | 162 ms/step (6.18 it/s) | elapsed 7.1 min | ETA this epoch 0.0 min
Epoch 8/50 | Train -6.707 | Val L1 0.0021 | Val SI-SDR 16.55 dB | Time 8.6 min
EarlyStopping counter: 2/7
  step 50/4061 | loss -7.597 | 139 ms/step (7.17 it/s) | elapsed 0.1 min | ETA this epoch 9.3 min
  step 100/4061 | loss -8.785 | 176 ms/step (5.68 it/s) | elapsed 0.3 min | ETA this epoch 11.6 min
  step 150/4061 | loss -5.885 | 123 ms/step (8.14 it/s) | elapsed 0.4 min | ETA this epoch 8.0 min
  step 200/4061 | loss -7.108 | 131 ms/step (7.62 it/s) | elapsed 0.5 min | ETA this epoch 8.4 min
  step 250/4061 | loss -5.575 | 144 ms/step (6.96 it/s) | elapsed 0.6 min | ETA this epoch 9.1 min
  step 300/4061 | loss -7.060 | 128 ms/step (7.79 it/s) | elapsed 0.7 min | ETA this epoch 8.0 min
  step 350/4061 | loss -4.803 | 132 ms/step (7.57 it/s) | elapsed 0.8 min | ETA this epoch 8.2 min
  step 400/4061 | loss -6.795 | 158 ms/step (6.31 it/s) | elapsed 0.9 min | ETA this epoch 9.7 min
  step 450/4061 | loss -6.941 | 135 ms/step (7.43 it/s) | elapsed 1.1 min | ETA this epoch 8.1 min
  step 500/4061 | loss -5.951 | 118 ms/step (8.46 it/s) | elapsed 1.2 min | ETA this epoch 7.0 min
  step 550/4061 | loss -6.191 | 130 ms/step (7.71 it/s) | elapsed 1.3 min | ETA this epoch 7.6 min
  step 600/4061 | loss -6.821 | 136 ms/step (7.36 it/s) | elapsed 1.4 min | ETA this epoch 7.8 min
  step 650/4061 | loss -7.303 | 137 ms/step (7.29 it/s) | elapsed 1.5 min | ETA this epoch 7.8 min
  step 700/4061 | loss -6.141 | 129 ms/step (7.72 it/s) | elapsed 1.6 min | ETA this epoch 7.3 min
  step 750/4061 | loss -4.975 | 130 ms/step (7.68 it/s) | elapsed 1.7 min | ETA this epoch 7.2 min
  step 800/4061 | loss -6.151 | 118 ms/step (8.49 it/s) | elapsed 1.8 min | ETA this epoch 6.4 min
  step 850/4061 | loss -7.614 | 116 ms/step (8.63 it/s) | elapsed 1.9 min | ETA this epoch 6.2 min
  step 900/4061 | loss -8.406 | 101 ms/step (9.88 it/s) | elapsed 2.0 min | ETA this epoch 5.3 min
  step 950/4061 | loss -6.690 | 92 ms/step (10.83 it/s) | elapsed 2.1 min | ETA this epoch 4.8 min
  step 1000/4061 | loss -7.478 | 104 ms/step (9.62 it/s) | elapsed 2.1 min | ETA this epoch 5.3 min
  step 1050/4061 | loss -7.596 | 106 ms/step (9.44 it/s) | elapsed 2.2 min | ETA this epoch 5.3 min
  step 1100/4061 | loss -5.660 | 104 ms/step (9.58 it/s) | elapsed 2.3 min | ETA this epoch 5.2 min
  step 1150/4061 | loss -6.587 | 97 ms/step (10.31 it/s) | elapsed 2.4 min | ETA this epoch 4.7 min
  step 1200/4061 | loss -6.813 | 109 ms/step (9.20 it/s) | elapsed 2.5 min | ETA this epoch 5.2 min
  step 1250/4061 | loss -5.343 | 95 ms/step (10.51 it/s) | elapsed 2.6 min | ETA this epoch 4.5 min
  step 1300/4061 | loss -6.013 | 81 ms/step (12.41 it/s) | elapsed 2.6 min | ETA this epoch 3.7 min
  step 1350/4061 | loss -6.299 | 76 ms/step (13.22 it/s) | elapsed 2.7 min | ETA this epoch 3.4 min
  step 1400/4061 | loss -5.925 | 76 ms/step (13.08 it/s) | elapsed 2.8 min | ETA this epoch 3.4 min
  step 1450/4061 | loss -5.803 | 77 ms/step (12.97 it/s) | elapsed 2.8 min | ETA this epoch 3.4 min
  step 1500/4061 | loss -7.775 | 78 ms/step (12.86 it/s) | elapsed 2.9 min | ETA this epoch 3.3 min
  step 1550/4061 | loss -8.973 | 76 ms/step (13.09 it/s) | elapsed 3.0 min | ETA this epoch 3.2 min
  step 1600/4061 | loss -7.130 | 77 ms/step (12.92 it/s) | elapsed 3.0 min | ETA this epoch 3.2 min
  step 1650/4061 | loss -5.370 | 74 ms/step (13.58 it/s) | elapsed 3.1 min | ETA this epoch 3.0 min
  step 1700/4061 | loss -5.660 | 77 ms/step (12.96 it/s) | elapsed 3.2 min | ETA this epoch 3.0 min
  step 1750/4061 | loss -5.905 | 81 ms/step (12.41 it/s) | elapsed 3.2 min | ETA this epoch 3.1 min
  step 1800/4061 | loss -6.689 | 86 ms/step (11.63 it/s) | elapsed 3.3 min | ETA this epoch 3.2 min
  step 1850/4061 | loss -6.369 | 82 ms/step (12.13 it/s) | elapsed 3.4 min | ETA this epoch 3.0 min
  step 1900/4061 | loss -6.627 | 87 ms/step (11.50 it/s) | elapsed 3.4 min | ETA this epoch 3.1 min
  step 1950/4061 | loss -7.238 | 85 ms/step (11.76 it/s) | elapsed 3.5 min | ETA this epoch 3.0 min
  step 2000/4061 | loss -6.451 | 77 ms/step (12.99 it/s) | elapsed 3.6 min | ETA this epoch 2.6 min
  step 2050/4061 | loss -8.965 | 73 ms/step (13.79 it/s) | elapsed 3.6 min | ETA this epoch 2.4 min
  step 2100/4061 | loss -8.018 | 74 ms/step (13.59 it/s) | elapsed 3.7 min | ETA this epoch 2.4 min
  step 2150/4061 | loss -7.004 | 74 ms/step (13.58 it/s) | elapsed 3.7 min | ETA this epoch 2.3 min
  step 2200/4061 | loss -5.712 | 72 ms/step (13.85 it/s) | elapsed 3.8 min | ETA this epoch 2.2 min
  step 2250/4061 | loss -6.152 | 74 ms/step (13.57 it/s) | elapsed 3.9 min | ETA this epoch 2.2 min
  step 2300/4061 | loss -8.757 | 73 ms/step (13.78 it/s) | elapsed 3.9 min | ETA this epoch 2.1 min
  step 2350/4061 | loss -5.753 | 72 ms/step (13.85 it/s) | elapsed 4.0 min | ETA this epoch 2.1 min
  step 2400/4061 | loss -5.984 | 73 ms/step (13.70 it/s) | elapsed 4.1 min | ETA this epoch 2.0 min
  step 2450/4061 | loss -5.379 | 72 ms/step (13.85 it/s) | elapsed 4.1 min | ETA this epoch 1.9 min
  step 2500/4061 | loss -7.968 | 72 ms/step (13.92 it/s) | elapsed 4.2 min | ETA this epoch 1.9 min
  step 2550/4061 | loss -6.176 | 74 ms/step (13.44 it/s) | elapsed 4.2 min | ETA this epoch 1.9 min
  step 2600/4061 | loss -8.607 | 72 ms/step (13.95 it/s) | elapsed 4.3 min | ETA this epoch 1.7 min
  step 2650/4061 | loss -6.319 | 72 ms/step (13.90 it/s) | elapsed 4.4 min | ETA this epoch 1.7 min
  step 2700/4061 | loss -6.750 | 73 ms/step (13.66 it/s) | elapsed 4.4 min | ETA this epoch 1.7 min
  step 2750/4061 | loss -7.625 | 73 ms/step (13.68 it/s) | elapsed 4.5 min | ETA this epoch 1.6 min
  step 2800/4061 | loss -7.372 | 70 ms/step (14.20 it/s) | elapsed 4.5 min | ETA this epoch 1.5 min
  step 2850/4061 | loss -5.393 | 73 ms/step (13.66 it/s) | elapsed 4.6 min | ETA this epoch 1.5 min
  step 2900/4061 | loss -6.281 | 73 ms/step (13.76 it/s) | elapsed 4.7 min | ETA this epoch 1.4 min
  step 2950/4061 | loss -6.978 | 72 ms/step (13.91 it/s) | elapsed 4.7 min | ETA this epoch 1.3 min
  step 3000/4061 | loss -7.885 | 73 ms/step (13.68 it/s) | elapsed 4.8 min | ETA this epoch 1.3 min
  step 3050/4061 | loss -4.916 | 72 ms/step (13.88 it/s) | elapsed 4.8 min | ETA this epoch 1.2 min
  step 3100/4061 | loss -7.080 | 75 ms/step (13.26 it/s) | elapsed 4.9 min | ETA this epoch 1.2 min
  step 3150/4061 | loss -7.258 | 72 ms/step (13.80 it/s) | elapsed 5.0 min | ETA this epoch 1.1 min
  step 3200/4061 | loss -5.695 | 74 ms/step (13.52 it/s) | elapsed 5.0 min | ETA this epoch 1.1 min
  step 3250/4061 | loss -6.686 | 73 ms/step (13.76 it/s) | elapsed 5.1 min | ETA this epoch 1.0 min
  step 3300/4061 | loss -7.230 | 69 ms/step (14.50 it/s) | elapsed 5.1 min | ETA this epoch 0.9 min
  step 3350/4061 | loss -5.230 | 53 ms/step (18.82 it/s) | elapsed 5.2 min | ETA this epoch 0.6 min
  step 3400/4061 | loss -5.710 | 51 ms/step (19.63 it/s) | elapsed 5.2 min | ETA this epoch 0.6 min
  step 3450/4061 | loss -6.201 | 53 ms/step (19.00 it/s) | elapsed 5.3 min | ETA this epoch 0.5 min
  step 3500/4061 | loss -7.143 | 53 ms/step (18.73 it/s) | elapsed 5.3 min | ETA this epoch 0.5 min
  step 3550/4061 | loss -6.071 | 58 ms/step (17.17 it/s) | elapsed 5.4 min | ETA this epoch 0.5 min
  step 3600/4061 | loss -5.263 | 55 ms/step (18.25 it/s) | elapsed 5.4 min | ETA this epoch 0.4 min
  step 3650/4061 | loss -7.821 | 61 ms/step (16.41 it/s) | elapsed 5.5 min | ETA this epoch 0.4 min
  step 3700/4061 | loss -6.623 | 62 ms/step (16.04 it/s) | elapsed 5.5 min | ETA this epoch 0.4 min
  step 3750/4061 | loss -6.795 | 69 ms/step (14.59 it/s) | elapsed 5.6 min | ETA this epoch 0.4 min
  step 3800/4061 | loss -8.209 | 75 ms/step (13.34 it/s) | elapsed 5.6 min | ETA this epoch 0.3 min
  step 3850/4061 | loss -6.086 | 71 ms/step (14.06 it/s) | elapsed 5.7 min | ETA this epoch 0.3 min
  step 3900/4061 | loss -7.396 | 73 ms/step (13.71 it/s) | elapsed 5.8 min | ETA this epoch 0.2 min
  step 3950/4061 | loss -5.140 | 74 ms/step (13.42 it/s) | elapsed 5.8 min | ETA this epoch 0.1 min
  step 4000/4061 | loss -5.986 | 73 ms/step (13.64 it/s) | elapsed 5.9 min | ETA this epoch 0.1 min
  step 4050/4061 | loss -6.740 | 72 ms/step (13.83 it/s) | elapsed 5.9 min | ETA this epoch 0.0 min
Epoch 9/50 | Train -6.770 | Val L1 0.0021 | Val SI-SDR 16.86 dB | Time 6.3 min
Saved best model (SI-SDR 16.86 dB) -> /home/bubai-maji/speech_enhancement/script/propose_ablation2/checkpoint_propose_ab2/best_NGDM_SE.pt
  step 50/4061 | loss -6.183 | 72 ms/step (13.95 it/s) | elapsed 0.1 min | ETA this epoch 4.8 min
  step 100/4061 | loss -7.135 | 72 ms/step (13.92 it/s) | elapsed 0.1 min | ETA this epoch 4.7 min
  step 150/4061 | loss -6.197 | 72 ms/step (13.85 it/s) | elapsed 0.2 min | ETA this epoch 4.7 min
  step 200/4061 | loss -5.769 | 70 ms/step (14.21 it/s) | elapsed 0.2 min | ETA this epoch 4.5 min
  step 250/4061 | loss -6.236 | 76 ms/step (13.15 it/s) | elapsed 0.3 min | ETA this epoch 4.8 min
  step 300/4061 | loss -6.057 | 71 ms/step (14.09 it/s) | elapsed 0.4 min | ETA this epoch 4.4 min
  step 350/4061 | loss -5.449 | 75 ms/step (13.25 it/s) | elapsed 0.4 min | ETA this epoch 4.7 min
  step 400/4061 | loss -6.089 | 74 ms/step (13.56 it/s) | elapsed 0.5 min | ETA this epoch 4.5 min
  step 450/4061 | loss -7.335 | 72 ms/step (13.82 it/s) | elapsed 0.5 min | ETA this epoch 4.4 min
  step 500/4061 | loss -5.566 | 73 ms/step (13.75 it/s) | elapsed 0.6 min | ETA this epoch 4.3 min
  step 550/4061 | loss -7.169 | 72 ms/step (13.94 it/s) | elapsed 0.7 min | ETA this epoch 4.2 min
  step 600/4061 | loss -6.039 | 73 ms/step (13.79 it/s) | elapsed 0.7 min | ETA this epoch 4.2 min
  step 650/4061 | loss -6.781 | 74 ms/step (13.56 it/s) | elapsed 0.8 min | ETA this epoch 4.2 min
  step 700/4061 | loss -7.774 | 76 ms/step (13.24 it/s) | elapsed 0.9 min | ETA this epoch 4.2 min
  step 750/4061 | loss -5.887 | 71 ms/step (14.07 it/s) | elapsed 0.9 min | ETA this epoch 3.9 min
  step 800/4061 | loss -6.812 | 72 ms/step (13.89 it/s) | elapsed 1.0 min | ETA this epoch 3.9 min
  step 850/4061 | loss -7.119 | 75 ms/step (13.41 it/s) | elapsed 1.0 min | ETA this epoch 4.0 min
  step 900/4061 | loss -9.136 | 69 ms/step (14.56 it/s) | elapsed 1.1 min | ETA this epoch 3.6 min
  step 950/4061 | loss -4.744 | 70 ms/step (14.22 it/s) | elapsed 1.1 min | ETA this epoch 3.6 min
  step 1000/4061 | loss -7.079 | 72 ms/step (13.80 it/s) | elapsed 1.2 min | ETA this epoch 3.7 min
  step 1050/4061 | loss -5.487 | 71 ms/step (14.02 it/s) | elapsed 1.3 min | ETA this epoch 3.6 min
  step 1100/4061 | loss -8.871 | 73 ms/step (13.66 it/s) | elapsed 1.3 min | ETA this epoch 3.6 min
  step 1150/4061 | loss -6.150 | 74 ms/step (13.55 it/s) | elapsed 1.4 min | ETA this epoch 3.6 min
  step 1200/4061 | loss -7.454 | 73 ms/step (13.66 it/s) | elapsed 1.5 min | ETA this epoch 3.5 min
  step 1250/4061 | loss -5.376 | 72 ms/step (13.80 it/s) | elapsed 1.5 min | ETA this epoch 3.4 min
  step 1300/4061 | loss -7.125 | 73 ms/step (13.68 it/s) | elapsed 1.6 min | ETA this epoch 3.4 min
  step 1350/4061 | loss -9.093 | 73 ms/step (13.78 it/s) | elapsed 1.6 min | ETA this epoch 3.3 min
  step 1400/4061 | loss -7.622 | 74 ms/step (13.57 it/s) | elapsed 1.7 min | ETA this epoch 3.3 min
  step 1450/4061 | loss -6.513 | 73 ms/step (13.69 it/s) | elapsed 1.8 min | ETA this epoch 3.2 min
  step 1500/4061 | loss -6.952 | 72 ms/step (13.88 it/s) | elapsed 1.8 min | ETA this epoch 3.1 min
  step 1550/4061 | loss -7.342 | 72 ms/step (13.86 it/s) | elapsed 1.9 min | ETA this epoch 3.0 min
  step 1600/4061 | loss -6.254 | 74 ms/step (13.59 it/s) | elapsed 1.9 min | ETA this epoch 3.0 min
  step 1650/4061 | loss -7.820 | 71 ms/step (14.02 it/s) | elapsed 2.0 min | ETA this epoch 2.9 min
  step 1700/4061 | loss -7.034 | 73 ms/step (13.76 it/s) | elapsed 2.1 min | ETA this epoch 2.9 min
  step 1750/4061 | loss -6.394 | 75 ms/step (13.26 it/s) | elapsed 2.1 min | ETA this epoch 2.9 min
  step 1800/4061 | loss -6.158 | 72 ms/step (13.81 it/s) | elapsed 2.2 min | ETA this epoch 2.7 min
  step 1850/4061 | loss -7.242 | 71 ms/step (14.17 it/s) | elapsed 2.2 min | ETA this epoch 2.6 min
  step 1900/4061 | loss -5.738 | 70 ms/step (14.25 it/s) | elapsed 2.3 min | ETA this epoch 2.5 min
  step 1950/4061 | loss -6.955 | 73 ms/step (13.71 it/s) | elapsed 2.4 min | ETA this epoch 2.6 min
  step 2000/4061 | loss -6.343 | 74 ms/step (13.46 it/s) | elapsed 2.4 min | ETA this epoch 2.6 min
  step 2050/4061 | loss -6.006 | 73 ms/step (13.70 it/s) | elapsed 2.5 min | ETA this epoch 2.4 min
  step 2100/4061 | loss -5.990 | 74 ms/step (13.59 it/s) | elapsed 2.5 min | ETA this epoch 2.4 min
  step 2150/4061 | loss -6.518 | 73 ms/step (13.64 it/s) | elapsed 2.6 min | ETA this epoch 2.3 min
  step 2200/4061 | loss -6.668 | 72 ms/step (13.84 it/s) | elapsed 2.7 min | ETA this epoch 2.2 min
  step 2250/4061 | loss -6.904 | 75 ms/step (13.40 it/s) | elapsed 2.7 min | ETA this epoch 2.3 min
  step 2300/4061 | loss -7.027 | 74 ms/step (13.54 it/s) | elapsed 2.8 min | ETA this epoch 2.2 min
  step 2350/4061 | loss -7.063 | 70 ms/step (14.30 it/s) | elapsed 2.8 min | ETA this epoch 2.0 min
  step 2400/4061 | loss -7.162 | 70 ms/step (14.28 it/s) | elapsed 2.9 min | ETA this epoch 1.9 min
  step 2450/4061 | loss -6.730 | 72 ms/step (13.98 it/s) | elapsed 3.0 min | ETA this epoch 1.9 min
  step 2500/4061 | loss -6.056 | 73 ms/step (13.73 it/s) | elapsed 3.0 min | ETA this epoch 1.9 min
  step 2550/4061 | loss -5.648 | 72 ms/step (13.87 it/s) | elapsed 3.1 min | ETA this epoch 1.8 min
  step 2600/4061 | loss -6.541 | 73 ms/step (13.65 it/s) | elapsed 3.1 min | ETA this epoch 1.8 min
  step 2650/4061 | loss -7.150 | 74 ms/step (13.51 it/s) | elapsed 3.2 min | ETA this epoch 1.7 min
  step 2700/4061 | loss -7.022 | 70 ms/step (14.28 it/s) | elapsed 3.3 min | ETA this epoch 1.6 min
  step 2750/4061 | loss -6.665 | 73 ms/step (13.76 it/s) | elapsed 3.3 min | ETA this epoch 1.6 min
  step 2800/4061 | loss -6.549 | 72 ms/step (13.87 it/s) | elapsed 3.4 min | ETA this epoch 1.5 min
  step 2850/4061 | loss -5.472 | 71 ms/step (14.13 it/s) | elapsed 3.4 min | ETA this epoch 1.4 min
  step 2900/4061 | loss -8.098 | 74 ms/step (13.60 it/s) | elapsed 3.5 min | ETA this epoch 1.4 min
  step 2950/4061 | loss -5.882 | 73 ms/step (13.74 it/s) | elapsed 3.6 min | ETA this epoch 1.3 min
  step 3000/4061 | loss -6.220 | 72 ms/step (13.80 it/s) | elapsed 3.6 min | ETA this epoch 1.3 min
  step 3050/4061 | loss -7.210 | 73 ms/step (13.72 it/s) | elapsed 3.7 min | ETA this epoch 1.2 min
  step 3100/4061 | loss -5.321 | 72 ms/step (13.81 it/s) | elapsed 3.7 min | ETA this epoch 1.2 min
  step 3150/4061 | loss -6.489 | 76 ms/step (13.19 it/s) | elapsed 3.8 min | ETA this epoch 1.2 min
  step 3200/4061 | loss -7.827 | 71 ms/step (13.99 it/s) | elapsed 3.9 min | ETA this epoch 1.0 min
  step 3250/4061 | loss -6.272 | 73 ms/step (13.69 it/s) | elapsed 3.9 min | ETA this epoch 1.0 min
  step 3300/4061 | loss -7.235 | 71 ms/step (14.02 it/s) | elapsed 4.0 min | ETA this epoch 0.9 min
  step 3350/4061 | loss -6.579 | 72 ms/step (13.94 it/s) | elapsed 4.1 min | ETA this epoch 0.8 min
  step 3400/4061 | loss -5.097 | 70 ms/step (14.23 it/s) | elapsed 4.1 min | ETA this epoch 0.8 min
  step 3450/4061 | loss -7.926 | 72 ms/step (13.97 it/s) | elapsed 4.2 min | ETA this epoch 0.7 min
  step 3500/4061 | loss -6.073 | 73 ms/step (13.71 it/s) | elapsed 4.2 min | ETA this epoch 0.7 min
  step 3550/4061 | loss -6.261 | 73 ms/step (13.78 it/s) | elapsed 4.3 min | ETA this epoch 0.6 min
  step 3600/4061 | loss -6.558 | 74 ms/step (13.53 it/s) | elapsed 4.4 min | ETA this epoch 0.6 min
  step 3650/4061 | loss -8.967 | 73 ms/step (13.78 it/s) | elapsed 4.4 min | ETA this epoch 0.5 min
  step 3700/4061 | loss -5.976 | 72 ms/step (13.96 it/s) | elapsed 4.5 min | ETA this epoch 0.4 min
  step 3750/4061 | loss -7.276 | 57 ms/step (17.53 it/s) | elapsed 4.5 min | ETA this epoch 0.3 min
  step 3800/4061 | loss -7.520 | 52 ms/step (19.24 it/s) | elapsed 4.6 min | ETA this epoch 0.2 min
  step 3850/4061 | loss -6.215 | 53 ms/step (18.88 it/s) | elapsed 4.6 min | ETA this epoch 0.2 min
  step 3900/4061 | loss -6.972 | 52 ms/step (19.23 it/s) | elapsed 4.7 min | ETA this epoch 0.1 min
  step 3950/4061 | loss -7.210 | 54 ms/step (18.64 it/s) | elapsed 4.7 min | ETA this epoch 0.1 min
  step 4000/4061 | loss -6.852 | 57 ms/step (17.46 it/s) | elapsed 4.7 min | ETA this epoch 0.1 min
  step 4050/4061 | loss -7.546 | 55 ms/step (18.19 it/s) | elapsed 4.8 min | ETA this epoch 0.0 min
Epoch 10/50 | Train -6.823 | Val L1 0.0021 | Val SI-SDR 17.00 dB | Time 5.1 min
Saved best model (SI-SDR 17.00 dB) -> /home/bubai-maji/speech_enhancement/script/propose_ablation2/checkpoint_propose_ab2/best_NGDM_SE.pt
  step 50/4061 | loss -6.487 | 72 ms/step (13.88 it/s) | elapsed 0.1 min | ETA this epoch 4.8 min
  step 100/4061 | loss -8.326 | 72 ms/step (13.87 it/s) | elapsed 0.1 min | ETA this epoch 4.8 min
  step 150/4061 | loss -6.400 | 75 ms/step (13.36 it/s) | elapsed 0.2 min | ETA this epoch 4.9 min
  step 200/4061 | loss -6.877 | 73 ms/step (13.62 it/s) | elapsed 0.2 min | ETA this epoch 4.7 min
  step 250/4061 | loss -7.843 | 73 ms/step (13.74 it/s) | elapsed 0.3 min | ETA this epoch 4.6 min
  step 300/4061 | loss -6.651 | 73 ms/step (13.79 it/s) | elapsed 0.4 min | ETA this epoch 4.5 min
  step 350/4061 | loss -7.096 | 73 ms/step (13.64 it/s) | elapsed 0.4 min | ETA this epoch 4.5 min
  step 400/4061 | loss -6.664 | 73 ms/step (13.75 it/s) | elapsed 0.5 min | ETA this epoch 4.4 min
  step 450/4061 | loss -6.752 | 72 ms/step (13.82 it/s) | elapsed 0.5 min | ETA this epoch 4.4 min
  step 500/4061 | loss -8.866 | 74 ms/step (13.42 it/s) | elapsed 0.6 min | ETA this epoch 4.4 min
  step 550/4061 | loss -7.224 | 72 ms/step (13.81 it/s) | elapsed 0.7 min | ETA this epoch 4.2 min
  step 600/4061 | loss -6.337 | 70 ms/step (14.22 it/s) | elapsed 0.7 min | ETA this epoch 4.1 min
  step 650/4061 | loss -6.547 | 71 ms/step (14.01 it/s) | elapsed 0.8 min | ETA this epoch 4.1 min
  step 700/4061 | loss -7.255 | 74 ms/step (13.58 it/s) | elapsed 0.8 min | ETA this epoch 4.1 min
  step 750/4061 | loss -6.705 | 72 ms/step (13.83 it/s) | elapsed 0.9 min | ETA this epoch 4.0 min
  step 800/4061 | loss -5.858 | 75 ms/step (13.40 it/s) | elapsed 1.0 min | ETA this epoch 4.1 min
  step 850/4061 | loss -7.174 | 77 ms/step (13.03 it/s) | elapsed 1.0 min | ETA this epoch 4.1 min
  step 900/4061 | loss -7.376 | 86 ms/step (11.63 it/s) | elapsed 1.1 min | ETA this epoch 4.5 min
  step 950/4061 | loss -6.175 | 88 ms/step (11.35 it/s) | elapsed 1.2 min | ETA this epoch 4.6 min
  step 1000/4061 | loss -5.902 | 94 ms/step (10.64 it/s) | elapsed 1.3 min | ETA this epoch 4.8 min
  step 1050/4061 | loss -7.538 | 96 ms/step (10.46 it/s) | elapsed 1.3 min | ETA this epoch 4.8 min
  step 1100/4061 | loss -5.680 | 90 ms/step (11.11 it/s) | elapsed 1.4 min | ETA this epoch 4.4 min
  step 1150/4061 | loss -6.406 | 94 ms/step (10.68 it/s) | elapsed 1.5 min | ETA this epoch 4.5 min
  step 1200/4061 | loss -4.896 | 94 ms/step (10.64 it/s) | elapsed 1.6 min | ETA this epoch 4.5 min
  step 1250/4061 | loss -7.501 | 89 ms/step (11.22 it/s) | elapsed 1.6 min | ETA this epoch 4.2 min
  step 1300/4061 | loss -7.308 | 95 ms/step (10.48 it/s) | elapsed 1.7 min | ETA this epoch 4.4 min
  step 1350/4061 | loss -6.418 | 91 ms/step (10.99 it/s) | elapsed 1.8 min | ETA this epoch 4.1 min
  step 1400/4061 | loss -5.356 | 97 ms/step (10.34 it/s) | elapsed 1.9 min | ETA this epoch 4.3 min
  step 1450/4061 | loss -7.579 | 90 ms/step (11.06 it/s) | elapsed 2.0 min | ETA this epoch 3.9 min
  step 1500/4061 | loss -6.698 | 93 ms/step (10.78 it/s) | elapsed 2.0 min | ETA this epoch 4.0 min
  step 1550/4061 | loss -5.801 | 87 ms/step (11.49 it/s) | elapsed 2.1 min | ETA this epoch 3.6 min
  step 1600/4061 | loss -8.097 | 94 ms/step (10.60 it/s) | elapsed 2.2 min | ETA this epoch 3.9 min
  step 1650/4061 | loss -6.199 | 90 ms/step (11.17 it/s) | elapsed 2.3 min | ETA this epoch 3.6 min
  step 1700/4061 | loss -8.605 | 84 ms/step (11.94 it/s) | elapsed 2.3 min | ETA this epoch 3.3 min
  step 1750/4061 | loss -6.225 | 85 ms/step (11.79 it/s) | elapsed 2.4 min | ETA this epoch 3.3 min
  step 1800/4061 | loss -4.066 | 83 ms/step (12.11 it/s) | elapsed 2.5 min | ETA this epoch 3.1 min
  step 1850/4061 | loss -6.266 | 86 ms/step (11.68 it/s) | elapsed 2.5 min | ETA this epoch 3.2 min
  step 1900/4061 | loss -6.573 | 78 ms/step (12.80 it/s) | elapsed 2.6 min | ETA this epoch 2.8 min
  step 1950/4061 | loss -7.885 | 79 ms/step (12.60 it/s) | elapsed 2.7 min | ETA this epoch 2.8 min
  step 2000/4061 | loss -5.730 | 88 ms/step (11.37 it/s) | elapsed 2.7 min | ETA this epoch 3.0 min
  step 2050/4061 | loss -8.108 | 97 ms/step (10.35 it/s) | elapsed 2.8 min | ETA this epoch 3.2 min
  step 2100/4061 | loss -6.854 | 92 ms/step (10.86 it/s) | elapsed 2.9 min | ETA this epoch 3.0 min
  step 2150/4061 | loss -6.843 | 96 ms/step (10.38 it/s) | elapsed 3.0 min | ETA this epoch 3.1 min
  step 2200/4061 | loss -7.362 | 100 ms/step (9.98 it/s) | elapsed 3.1 min | ETA this epoch 3.1 min
  step 2250/4061 | loss -5.718 | 101 ms/step (9.91 it/s) | elapsed 3.1 min | ETA this epoch 3.0 min
  step 2300/4061 | loss -7.434 | 87 ms/step (11.51 it/s) | elapsed 3.2 min | ETA this epoch 2.6 min
  step 2350/4061 | loss -6.714 | 89 ms/step (11.26 it/s) | elapsed 3.3 min | ETA this epoch 2.5 min
  step 2400/4061 | loss -8.340 | 100 ms/step (9.99 it/s) | elapsed 3.4 min | ETA this epoch 2.8 min
  step 2450/4061 | loss -5.513 | 110 ms/step (9.08 it/s) | elapsed 3.5 min | ETA this epoch 3.0 min
  step 2500/4061 | loss -6.054 | 110 ms/step (9.08 it/s) | elapsed 3.6 min | ETA this epoch 2.9 min
  step 2550/4061 | loss -8.170 | 107 ms/step (9.34 it/s) | elapsed 3.7 min | ETA this epoch 2.7 min
  step 2600/4061 | loss -8.855 | 105 ms/step (9.49 it/s) | elapsed 3.7 min | ETA this epoch 2.6 min
  step 2650/4061 | loss -9.088 | 106 ms/step (9.42 it/s) | elapsed 3.8 min | ETA this epoch 2.5 min
  step 2700/4061 | loss -6.612 | 108 ms/step (9.28 it/s) | elapsed 3.9 min | ETA this epoch 2.4 min
  step 2750/4061 | loss -6.082 | 98 ms/step (10.17 it/s) | elapsed 4.0 min | ETA this epoch 2.1 min
  step 2800/4061 | loss -6.562 | 105 ms/step (9.51 it/s) | elapsed 4.1 min | ETA this epoch 2.2 min
  step 2850/4061 | loss -7.991 | 103 ms/step (9.69 it/s) | elapsed 4.2 min | ETA this epoch 2.1 min
  step 2900/4061 | loss -6.417 | 102 ms/step (9.78 it/s) | elapsed 4.3 min | ETA this epoch 2.0 min
  step 2950/4061 | loss -7.307 | 100 ms/step (9.98 it/s) | elapsed 4.3 min | ETA this epoch 1.9 min
  step 3000/4061 | loss -7.363 | 101 ms/step (9.86 it/s) | elapsed 4.4 min | ETA this epoch 1.8 min
  step 3050/4061 | loss -5.948 | 106 ms/step (9.45 it/s) | elapsed 4.5 min | ETA this epoch 1.8 min
  step 3100/4061 | loss -6.765 | 103 ms/step (9.70 it/s) | elapsed 4.6 min | ETA this epoch 1.7 min
  step 3150/4061 | loss -6.850 | 103 ms/step (9.72 it/s) | elapsed 4.7 min | ETA this epoch 1.6 min
  step 3200/4061 | loss -5.307 | 104 ms/step (9.59 it/s) | elapsed 4.8 min | ETA this epoch 1.5 min
  step 3250/4061 | loss -6.705 | 105 ms/step (9.49 it/s) | elapsed 4.9 min | ETA this epoch 1.4 min
  step 3300/4061 | loss -7.798 | 96 ms/step (10.45 it/s) | elapsed 4.9 min | ETA this epoch 1.2 min
  step 3350/4061 | loss -6.576 | 103 ms/step (9.73 it/s) | elapsed 5.0 min | ETA this epoch 1.2 min
  step 3400/4061 | loss -7.590 | 106 ms/step (9.41 it/s) | elapsed 5.1 min | ETA this epoch 1.2 min
  step 3450/4061 | loss -6.539 | 102 ms/step (9.77 it/s) | elapsed 5.2 min | ETA this epoch 1.0 min
  step 3500/4061 | loss -7.429 | 96 ms/step (10.41 it/s) | elapsed 5.3 min | ETA this epoch 0.9 min
  step 3550/4061 | loss -5.206 | 92 ms/step (10.91 it/s) | elapsed 5.4 min | ETA this epoch 0.8 min
  step 3600/4061 | loss -7.631 | 105 ms/step (9.56 it/s) | elapsed 5.4 min | ETA this epoch 0.8 min
  step 3650/4061 | loss -6.385 | 101 ms/step (9.86 it/s) | elapsed 5.5 min | ETA this epoch 0.7 min
  step 3700/4061 | loss -6.772 | 87 ms/step (11.55 it/s) | elapsed 5.6 min | ETA this epoch 0.5 min
  step 3750/4061 | loss -6.110 | 91 ms/step (11.02 it/s) | elapsed 5.7 min | ETA this epoch 0.5 min
  step 3800/4061 | loss -5.888 | 95 ms/step (10.52 it/s) | elapsed 5.8 min | ETA this epoch 0.4 min
  step 3850/4061 | loss -6.477 | 90 ms/step (11.10 it/s) | elapsed 5.8 min | ETA this epoch 0.3 min
  step 3900/4061 | loss -5.165 | 98 ms/step (10.24 it/s) | elapsed 5.9 min | ETA this epoch 0.3 min
  step 3950/4061 | loss -6.421 | 87 ms/step (11.46 it/s) | elapsed 6.0 min | ETA this epoch 0.2 min
  step 4000/4061 | loss -6.838 | 91 ms/step (10.99 it/s) | elapsed 6.1 min | ETA this epoch 0.1 min
  step 4050/4061 | loss -6.565 | 91 ms/step (11.02 it/s) | elapsed 6.1 min | ETA this epoch 0.0 min
Epoch 11/50 | Train -6.832 | Val L1 0.0020 | Val SI-SDR 17.24 dB | Time 6.9 min
Saved best model (SI-SDR 17.24 dB) -> /home/bubai-maji/speech_enhancement/script/propose_ablation2/checkpoint_propose_ab2/best_NGDM_SE.pt
  step 50/4061 | loss -8.633 | 117 ms/step (8.56 it/s) | elapsed 0.1 min | ETA this epoch 7.8 min
  step 100/4061 | loss -7.785 | 112 ms/step (8.92 it/s) | elapsed 0.2 min | ETA this epoch 7.4 min
  step 150/4061 | loss -6.643 | 116 ms/step (8.65 it/s) | elapsed 0.3 min | ETA this epoch 7.5 min
  step 200/4061 | loss -7.483 | 112 ms/step (8.97 it/s) | elapsed 0.4 min | ETA this epoch 7.2 min
  step 250/4061 | loss -8.725 | 113 ms/step (8.88 it/s) | elapsed 0.5 min | ETA this epoch 7.2 min
  step 300/4061 | loss -6.960 | 113 ms/step (8.83 it/s) | elapsed 0.6 min | ETA this epoch 7.1 min
  step 350/4061 | loss -8.019 | 117 ms/step (8.56 it/s) | elapsed 0.7 min | ETA this epoch 7.2 min
  step 400/4061 | loss -7.189 | 113 ms/step (8.83 it/s) | elapsed 0.8 min | ETA this epoch 6.9 min
  step 450/4061 | loss -6.290 | 115 ms/step (8.72 it/s) | elapsed 0.9 min | ETA this epoch 6.9 min
  step 500/4061 | loss -7.133 | 114 ms/step (8.81 it/s) | elapsed 0.9 min | ETA this epoch 6.7 min
  step 550/4061 | loss -6.182 | 113 ms/step (8.87 it/s) | elapsed 1.0 min | ETA this epoch 6.6 min
  step 600/4061 | loss -7.680 | 111 ms/step (9.03 it/s) | elapsed 1.1 min | ETA this epoch 6.4 min
  step 650/4061 | loss -8.230 | 116 ms/step (8.65 it/s) | elapsed 1.2 min | ETA this epoch 6.6 min
  step 700/4061 | loss -6.559 | 118 ms/step (8.45 it/s) | elapsed 1.3 min | ETA this epoch 6.6 min
  step 750/4061 | loss -6.392 | 113 ms/step (8.83 it/s) | elapsed 1.4 min | ETA this epoch 6.3 min
  step 800/4061 | loss -6.209 | 114 ms/step (8.73 it/s) | elapsed 1.5 min | ETA this epoch 6.2 min
  step 850/4061 | loss -7.097 | 115 ms/step (8.68 it/s) | elapsed 1.6 min | ETA this epoch 6.2 min
  step 900/4061 | loss -6.367 | 113 ms/step (8.84 it/s) | elapsed 1.7 min | ETA this epoch 6.0 min
  step 950/4061 | loss -6.094 | 116 ms/step (8.65 it/s) | elapsed 1.8 min | ETA this epoch 6.0 min
  step 1000/4061 | loss -5.643 | 115 ms/step (8.71 it/s) | elapsed 1.9 min | ETA this epoch 5.9 min
  step 1050/4061 | loss -6.708 | 112 ms/step (8.96 it/s) | elapsed 2.0 min | ETA this epoch 5.6 min
  step 1100/4061 | loss -7.651 | 120 ms/step (8.33 it/s) | elapsed 2.1 min | ETA this epoch 5.9 min
  step 1150/4061 | loss -7.705 | 114 ms/step (8.77 it/s) | elapsed 2.2 min | ETA this epoch 5.5 min
  step 1200/4061 | loss -7.993 | 115 ms/step (8.72 it/s) | elapsed 2.3 min | ETA this epoch 5.5 min
  step 1250/4061 | loss -6.026 | 111 ms/step (8.97 it/s) | elapsed 2.4 min | ETA this epoch 5.2 min
  step 1300/4061 | loss -7.723 | 112 ms/step (8.91 it/s) | elapsed 2.5 min | ETA this epoch 5.2 min
  step 1350/4061 | loss -6.545 | 117 ms/step (8.58 it/s) | elapsed 2.6 min | ETA this epoch 5.3 min
  step 1400/4061 | loss -6.033 | 115 ms/step (8.66 it/s) | elapsed 2.7 min | ETA this epoch 5.1 min
  step 1450/4061 | loss -6.158 | 111 ms/step (9.04 it/s) | elapsed 2.8 min | ETA this epoch 4.8 min
  step 1500/4061 | loss -5.417 | 114 ms/step (8.76 it/s) | elapsed 2.9 min | ETA this epoch 4.9 min
  step 1550/4061 | loss -7.898 | 113 ms/step (8.86 it/s) | elapsed 2.9 min | ETA this epoch 4.7 min
  step 1600/4061 | loss -6.506 | 113 ms/step (8.89 it/s) | elapsed 3.0 min | ETA this epoch 4.6 min
  step 1650/4061 | loss -7.268 | 114 ms/step (8.79 it/s) | elapsed 3.1 min | ETA this epoch 4.6 min
  step 1700/4061 | loss -6.284 | 114 ms/step (8.81 it/s) | elapsed 3.2 min | ETA this epoch 4.5 min
  step 1750/4061 | loss -5.380 | 115 ms/step (8.73 it/s) | elapsed 3.3 min | ETA this epoch 4.4 min
  step 1800/4061 | loss -7.486 | 114 ms/step (8.81 it/s) | elapsed 3.4 min | ETA this epoch 4.3 min
  step 1850/4061 | loss -9.162 | 114 ms/step (8.77 it/s) | elapsed 3.5 min | ETA this epoch 4.2 min
  step 1900/4061 | loss -5.642 | 114 ms/step (8.75 it/s) | elapsed 3.6 min | ETA this epoch 4.1 min
  step 1950/4061 | loss -6.245 | 114 ms/step (8.78 it/s) | elapsed 3.7 min | ETA this epoch 4.0 min
  step 2000/4061 | loss -5.686 | 113 ms/step (8.83 it/s) | elapsed 3.8 min | ETA this epoch 3.9 min
  step 2050/4061 | loss -8.373 | 114 ms/step (8.78 it/s) | elapsed 3.9 min | ETA this epoch 3.8 min
  step 2100/4061 | loss -7.748 | 114 ms/step (8.79 it/s) | elapsed 4.0 min | ETA this epoch 3.7 min
  step 2150/4061 | loss -6.773 | 112 ms/step (8.94 it/s) | elapsed 4.1 min | ETA this epoch 3.6 min
  step 2200/4061 | loss -6.719 | 115 ms/step (8.70 it/s) | elapsed 4.2 min | ETA this epoch 3.6 min
  step 2250/4061 | loss -7.947 | 117 ms/step (8.55 it/s) | elapsed 4.3 min | ETA this epoch 3.5 min
  step 2300/4061 | loss -6.092 | 116 ms/step (8.60 it/s) | elapsed 4.4 min | ETA this epoch 3.4 min
  step 2350/4061 | loss -6.276 | 113 ms/step (8.83 it/s) | elapsed 4.5 min | ETA this epoch 3.2 min
  step 2400/4061 | loss -7.447 | 112 ms/step (8.90 it/s) | elapsed 4.6 min | ETA this epoch 3.1 min
  step 2450/4061 | loss -6.055 | 115 ms/step (8.70 it/s) | elapsed 4.7 min | ETA this epoch 3.1 min
  step 2500/4061 | loss -7.986 | 115 ms/step (8.67 it/s) | elapsed 4.8 min | ETA this epoch 3.0 min
  step 2550/4061 | loss -7.165 | 114 ms/step (8.75 it/s) | elapsed 4.8 min | ETA this epoch 2.9 min
  step 2600/4061 | loss -6.898 | 113 ms/step (8.83 it/s) | elapsed 4.9 min | ETA this epoch 2.8 min
  step 2650/4061 | loss -6.866 | 112 ms/step (8.90 it/s) | elapsed 5.0 min | ETA this epoch 2.6 min
  step 2700/4061 | loss -5.717 | 116 ms/step (8.60 it/s) | elapsed 5.1 min | ETA this epoch 2.6 min
  step 2750/4061 | loss -4.639 | 113 ms/step (8.82 it/s) | elapsed 5.2 min | ETA this epoch 2.5 min
  step 2800/4061 | loss -5.716 | 111 ms/step (9.00 it/s) | elapsed 5.3 min | ETA this epoch 2.3 min
  step 2850/4061 | loss -6.538 | 117 ms/step (8.52 it/s) | elapsed 5.4 min | ETA this epoch 2.4 min
  step 2900/4061 | loss -5.050 | 119 ms/step (8.40 it/s) | elapsed 5.5 min | ETA this epoch 2.3 min
  step 2950/4061 | loss -6.549 | 114 ms/step (8.75 it/s) | elapsed 5.6 min | ETA this epoch 2.1 min
  step 3000/4061 | loss -7.773 | 114 ms/step (8.77 it/s) | elapsed 5.7 min | ETA this epoch 2.0 min
  step 3050/4061 | loss -5.263 | 114 ms/step (8.80 it/s) | elapsed 5.8 min | ETA this epoch 1.9 min
  step 3100/4061 | loss -7.368 | 115 ms/step (8.73 it/s) | elapsed 5.9 min | ETA this epoch 1.8 min
  step 3150/4061 | loss -7.846 | 114 ms/step (8.77 it/s) | elapsed 6.0 min | ETA this epoch 1.7 min
  step 3200/4061 | loss -8.666 | 114 ms/step (8.76 it/s) | elapsed 6.1 min | ETA this epoch 1.6 min
  step 3250/4061 | loss -7.230 | 115 ms/step (8.73 it/s) | elapsed 6.2 min | ETA this epoch 1.5 min
  step 3300/4061 | loss -6.712 | 114 ms/step (8.74 it/s) | elapsed 6.3 min | ETA this epoch 1.5 min
  step 3350/4061 | loss -9.563 | 113 ms/step (8.87 it/s) | elapsed 6.4 min | ETA this epoch 1.3 min
  step 3400/4061 | loss -8.538 | 113 ms/step (8.86 it/s) | elapsed 6.5 min | ETA this epoch 1.2 min
  step 3450/4061 | loss -8.570 | 114 ms/step (8.79 it/s) | elapsed 6.6 min | ETA this epoch 1.2 min
  step 3500/4061 | loss -6.138 | 112 ms/step (8.94 it/s) | elapsed 6.7 min | ETA this epoch 1.0 min
  step 3550/4061 | loss -7.309 | 97 ms/step (10.31 it/s) | elapsed 6.7 min | ETA this epoch 0.8 min
  step 3600/4061 | loss -6.798 | 78 ms/step (12.79 it/s) | elapsed 6.8 min | ETA this epoch 0.6 min
  step 3650/4061 | loss -5.643 | 77 ms/step (12.94 it/s) | elapsed 6.9 min | ETA this epoch 0.5 min
  step 3700/4061 | loss -8.350 | 91 ms/step (10.97 it/s) | elapsed 6.9 min | ETA this epoch 0.5 min
  step 3750/4061 | loss -8.278 | 94 ms/step (10.69 it/s) | elapsed 7.0 min | ETA this epoch 0.5 min
  step 3800/4061 | loss -6.952 | 91 ms/step (10.97 it/s) | elapsed 7.1 min | ETA this epoch 0.4 min
  step 3850/4061 | loss -7.089 | 79 ms/step (12.60 it/s) | elapsed 7.2 min | ETA this epoch 0.3 min
  step 3900/4061 | loss -5.368 | 76 ms/step (13.24 it/s) | elapsed 7.2 min | ETA this epoch 0.2 min
  step 3950/4061 | loss -6.823 | 79 ms/step (12.68 it/s) | elapsed 7.3 min | ETA this epoch 0.1 min
  step 4000/4061 | loss -7.131 | 81 ms/step (12.31 it/s) | elapsed 7.4 min | ETA this epoch 0.1 min
  step 4050/4061 | loss -5.804 | 83 ms/step (12.11 it/s) | elapsed 7.4 min | ETA this epoch 0.0 min
Epoch 12/50 | Train -6.894 | Val L1 0.0020 | Val SI-SDR 17.26 dB | Time 7.6 min
Saved best model (SI-SDR 17.26 dB) -> /home/bubai-maji/speech_enhancement/script/propose_ablation2/checkpoint_propose_ab2/best_NGDM_SE.pt
  step 50/4061 | loss -7.068 | 55 ms/step (18.05 it/s) | elapsed 0.0 min | ETA this epoch 3.7 min
  step 100/4061 | loss -6.918 | 54 ms/step (18.35 it/s) | elapsed 0.1 min | ETA this epoch 3.6 min
  step 150/4061 | loss -5.816 | 55 ms/step (18.20 it/s) | elapsed 0.1 min | ETA this epoch 3.6 min
  step 200/4061 | loss -6.107 | 68 ms/step (14.62 it/s) | elapsed 0.2 min | ETA this epoch 4.4 min
  step 250/4061 | loss -6.348 | 72 ms/step (13.98 it/s) | elapsed 0.3 min | ETA this epoch 4.5 min
  step 300/4061 | loss -8.915 | 73 ms/step (13.68 it/s) | elapsed 0.3 min | ETA this epoch 4.6 min
  step 350/4061 | loss -5.386 | 74 ms/step (13.50 it/s) | elapsed 0.4 min | ETA this epoch 4.6 min
  step 400/4061 | loss -7.117 | 73 ms/step (13.69 it/s) | elapsed 0.4 min | ETA this epoch 4.5 min
  step 450/4061 | loss -7.163 | 75 ms/step (13.34 it/s) | elapsed 0.5 min | ETA this epoch 4.5 min
  step 500/4061 | loss -6.615 | 74 ms/step (13.49 it/s) | elapsed 0.6 min | ETA this epoch 4.4 min
  step 550/4061 | loss -7.149 | 74 ms/step (13.58 it/s) | elapsed 0.6 min | ETA this epoch 4.3 min
  step 600/4061 | loss -7.600 | 73 ms/step (13.72 it/s) | elapsed 0.7 min | ETA this epoch 4.2 min
  step 650/4061 | loss -7.965 | 74 ms/step (13.44 it/s) | elapsed 0.7 min | ETA this epoch 4.2 min
  step 700/4061 | loss -5.954 | 73 ms/step (13.66 it/s) | elapsed 0.8 min | ETA this epoch 4.1 min
  step 750/4061 | loss -7.172 | 73 ms/step (13.77 it/s) | elapsed 0.9 min | ETA this epoch 4.0 min
  step 800/4061 | loss -7.205 | 74 ms/step (13.47 it/s) | elapsed 0.9 min | ETA this epoch 4.0 min
  step 850/4061 | loss -5.613 | 74 ms/step (13.44 it/s) | elapsed 1.0 min | ETA this epoch 4.0 min
  step 900/4061 | loss -6.443 | 73 ms/step (13.61 it/s) | elapsed 1.1 min | ETA this epoch 3.9 min
  step 950/4061 | loss -7.354 | 74 ms/step (13.51 it/s) | elapsed 1.1 min | ETA this epoch 3.8 min
  step 1000/4061 | loss -7.740 | 74 ms/step (13.53 it/s) | elapsed 1.2 min | ETA this epoch 3.8 min
  step 1050/4061 | loss -7.047 | 74 ms/step (13.59 it/s) | elapsed 1.2 min | ETA this epoch 3.7 min
  step 1100/4061 | loss -6.912 | 74 ms/step (13.60 it/s) | elapsed 1.3 min | ETA this epoch 3.6 min
  step 1150/4061 | loss -5.984 | 72 ms/step (13.82 it/s) | elapsed 1.4 min | ETA this epoch 3.5 min
  step 1200/4061 | loss -6.428 | 74 ms/step (13.56 it/s) | elapsed 1.4 min | ETA this epoch 3.5 min
  step 1250/4061 | loss -5.240 | 74 ms/step (13.51 it/s) | elapsed 1.5 min | ETA this epoch 3.5 min
  step 1300/4061 | loss -7.281 | 73 ms/step (13.72 it/s) | elapsed 1.5 min | ETA this epoch 3.4 min
  step 1350/4061 | loss -8.511 | 73 ms/step (13.63 it/s) | elapsed 1.6 min | ETA this epoch 3.3 min
  step 1400/4061 | loss -5.183 | 73 ms/step (13.71 it/s) | elapsed 1.7 min | ETA this epoch 3.2 min
  step 1450/4061 | loss -6.796 | 73 ms/step (13.64 it/s) | elapsed 1.7 min | ETA this epoch 3.2 min
  step 1500/4061 | loss -7.515 | 74 ms/step (13.45 it/s) | elapsed 1.8 min | ETA this epoch 3.2 min
  step 1550/4061 | loss -7.254 | 73 ms/step (13.70 it/s) | elapsed 1.8 min | ETA this epoch 3.1 min
  step 1600/4061 | loss -6.483 | 73 ms/step (13.70 it/s) | elapsed 1.9 min | ETA this epoch 3.0 min
  step 1650/4061 | loss -8.236 | 74 ms/step (13.53 it/s) | elapsed 2.0 min | ETA this epoch 3.0 min
  step 1700/4061 | loss -8.056 | 74 ms/step (13.60 it/s) | elapsed 2.0 min | ETA this epoch 2.9 min
  step 1750/4061 | loss -6.334 | 73 ms/step (13.74 it/s) | elapsed 2.1 min | ETA this epoch 2.8 min
  step 1800/4061 | loss -6.750 | 73 ms/step (13.61 it/s) | elapsed 2.2 min | ETA this epoch 2.8 min
  step 1850/4061 | loss -6.847 | 74 ms/step (13.46 it/s) | elapsed 2.2 min | ETA this epoch 2.7 min
  step 1900/4061 | loss -7.051 | 72 ms/step (13.89 it/s) | elapsed 2.3 min | ETA this epoch 2.6 min
  step 1950/4061 | loss -6.104 | 74 ms/step (13.59 it/s) | elapsed 2.3 min | ETA this epoch 2.6 min
  step 2000/4061 | loss -7.280 | 73 ms/step (13.67 it/s) | elapsed 2.4 min | ETA this epoch 2.5 min
  step 2050/4061 | loss -6.008 | 74 ms/step (13.51 it/s) | elapsed 2.5 min | ETA this epoch 2.5 min
  step 2100/4061 | loss -5.970 | 74 ms/step (13.54 it/s) | elapsed 2.5 min | ETA this epoch 2.4 min
  step 2150/4061 | loss -6.813 | 74 ms/step (13.55 it/s) | elapsed 2.6 min | ETA this epoch 2.4 min
  step 2200/4061 | loss -5.896 | 75 ms/step (13.27 it/s) | elapsed 2.6 min | ETA this epoch 2.3 min
  step 2250/4061 | loss -6.896 | 74 ms/step (13.49 it/s) | elapsed 2.7 min | ETA this epoch 2.2 min
  step 2300/4061 | loss -7.716 | 74 ms/step (13.60 it/s) | elapsed 2.8 min | ETA this epoch 2.2 min
  step 2350/4061 | loss -5.485 | 74 ms/step (13.55 it/s) | elapsed 2.8 min | ETA this epoch 2.1 min
  step 2400/4061 | loss -6.333 | 73 ms/step (13.67 it/s) | elapsed 2.9 min | ETA this epoch 2.0 min
  step 2450/4061 | loss -6.267 | 73 ms/step (13.70 it/s) | elapsed 3.0 min | ETA this epoch 2.0 min
  step 2500/4061 | loss -5.890 | 75 ms/step (13.37 it/s) | elapsed 3.0 min | ETA this epoch 1.9 min
  step 2550/4061 | loss -6.869 | 73 ms/step (13.66 it/s) | elapsed 3.1 min | ETA this epoch 1.8 min
  step 2600/4061 | loss -7.293 | 73 ms/step (13.72 it/s) | elapsed 3.1 min | ETA this epoch 1.8 min
  step 2650/4061 | loss -7.746 | 74 ms/step (13.55 it/s) | elapsed 3.2 min | ETA this epoch 1.7 min
  step 2700/4061 | loss -5.627 | 75 ms/step (13.25 it/s) | elapsed 3.3 min | ETA this epoch 1.7 min
  step 2750/4061 | loss -7.437 | 73 ms/step (13.70 it/s) | elapsed 3.3 min | ETA this epoch 1.6 min
  step 2800/4061 | loss -7.031 | 74 ms/step (13.58 it/s) | elapsed 3.4 min | ETA this epoch 1.5 min
  step 2850/4061 | loss -7.656 | 75 ms/step (13.42 it/s) | elapsed 3.4 min | ETA this epoch 1.5 min
  step 2900/4061 | loss -7.216 | 72 ms/step (13.82 it/s) | elapsed 3.5 min | ETA this epoch 1.4 min
  step 2950/4061 | loss -8.216 | 74 ms/step (13.56 it/s) | elapsed 3.6 min | ETA this epoch 1.4 min
  step 3000/4061 | loss -7.911 | 73 ms/step (13.70 it/s) | elapsed 3.6 min | ETA this epoch 1.3 min
  step 3050/4061 | loss -6.649 | 73 ms/step (13.67 it/s) | elapsed 3.7 min | ETA this epoch 1.2 min
  step 3100/4061 | loss -8.409 | 73 ms/step (13.62 it/s) | elapsed 3.7 min | ETA this epoch 1.2 min
  step 3150/4061 | loss -6.438 | 75 ms/step (13.39 it/s) | elapsed 3.8 min | ETA this epoch 1.1 min
  step 3200/4061 | loss -6.002 | 75 ms/step (13.38 it/s) | elapsed 3.9 min | ETA this epoch 1.1 min
  step 3250/4061 | loss -6.481 | 73 ms/step (13.66 it/s) | elapsed 3.9 min | ETA this epoch 1.0 min
  step 3300/4061 | loss -7.773 | 74 ms/step (13.56 it/s) | elapsed 4.0 min | ETA this epoch 0.9 min
  step 3350/4061 | loss -5.829 | 73 ms/step (13.64 it/s) | elapsed 4.1 min | ETA this epoch 0.9 min
  step 3400/4061 | loss -7.286 | 73 ms/step (13.69 it/s) | elapsed 4.1 min | ETA this epoch 0.8 min
  step 3450/4061 | loss -6.811 | 73 ms/step (13.67 it/s) | elapsed 4.2 min | ETA this epoch 0.7 min
  step 3500/4061 | loss -6.812 | 74 ms/step (13.47 it/s) | elapsed 4.2 min | ETA this epoch 0.7 min
  step 3550/4061 | loss -9.313 | 74 ms/step (13.56 it/s) | elapsed 4.3 min | ETA this epoch 0.6 min
  step 3600/4061 | loss -6.528 | 73 ms/step (13.68 it/s) | elapsed 4.4 min | ETA this epoch 0.6 min
  step 3650/4061 | loss -7.978 | 74 ms/step (13.43 it/s) | elapsed 4.4 min | ETA this epoch 0.5 min
  step 3700/4061 | loss -8.814 | 74 ms/step (13.46 it/s) | elapsed 4.5 min | ETA this epoch 0.4 min
  step 3750/4061 | loss -7.284 | 73 ms/step (13.70 it/s) | elapsed 4.5 min | ETA this epoch 0.4 min
  step 3800/4061 | loss -6.860 | 74 ms/step (13.56 it/s) | elapsed 4.6 min | ETA this epoch 0.3 min
  step 3850/4061 | loss -7.927 | 74 ms/step (13.47 it/s) | elapsed 4.7 min | ETA this epoch 0.3 min
  step 3900/4061 | loss -7.504 | 73 ms/step (13.64 it/s) | elapsed 4.7 min | ETA this epoch 0.2 min
  step 3950/4061 | loss -7.021 | 74 ms/step (13.52 it/s) | elapsed 4.8 min | ETA this epoch 0.1 min
  step 4000/4061 | loss -7.493 | 75 ms/step (13.30 it/s) | elapsed 4.9 min | ETA this epoch 0.1 min
  step 4050/4061 | loss -7.256 | 74 ms/step (13.50 it/s) | elapsed 4.9 min | ETA this epoch 0.0 min
Epoch 13/50 | Train -6.911 | Val L1 0.0021 | Val SI-SDR 17.27 dB | Time 5.1 min
EarlyStopping counter: 1/7
  step 50/4061 | loss -6.356 | 75 ms/step (13.39 it/s) | elapsed 0.1 min | ETA this epoch 5.0 min
  step 100/4061 | loss -6.609 | 73 ms/step (13.62 it/s) | elapsed 0.1 min | ETA this epoch 4.8 min
  step 150/4061 | loss -7.278 | 65 ms/step (15.31 it/s) | elapsed 0.2 min | ETA this epoch 4.3 min
  step 200/4061 | loss -8.059 | 54 ms/step (18.40 it/s) | elapsed 0.2 min | ETA this epoch 3.5 min
  step 250/4061 | loss -6.535 | 51 ms/step (19.54 it/s) | elapsed 0.3 min | ETA this epoch 3.3 min
  step 300/4061 | loss -5.670 | 49 ms/step (20.59 it/s) | elapsed 0.3 min | ETA this epoch 3.0 min
  step 350/4061 | loss -9.084 | 52 ms/step (19.35 it/s) | elapsed 0.3 min | ETA this epoch 3.2 min
  step 400/4061 | loss -6.740 | 74 ms/step (13.55 it/s) | elapsed 0.4 min | ETA this epoch 4.5 min
  step 450/4061 | loss -5.669 | 74 ms/step (13.53 it/s) | elapsed 0.5 min | ETA this epoch 4.4 min
  step 500/4061 | loss -7.786 | 75 ms/step (13.37 it/s) | elapsed 0.5 min | ETA this epoch 4.4 min
  step 550/4061 | loss -7.479 | 74 ms/step (13.60 it/s) | elapsed 0.6 min | ETA this epoch 4.3 min
  step 600/4061 | loss -7.702 | 74 ms/step (13.55 it/s) | elapsed 0.7 min | ETA this epoch 4.3 min
  step 650/4061 | loss -7.935 | 74 ms/step (13.57 it/s) | elapsed 0.7 min | ETA this epoch 4.2 min
  step 700/4061 | loss -6.219 | 75 ms/step (13.41 it/s) | elapsed 0.8 min | ETA this epoch 4.2 min
  step 750/4061 | loss -7.482 | 74 ms/step (13.47 it/s) | elapsed 0.8 min | ETA this epoch 4.1 min
  step 800/4061 | loss -8.267 | 74 ms/step (13.45 it/s) | elapsed 0.9 min | ETA this epoch 4.0 min
  step 850/4061 | loss -7.007 | 73 ms/step (13.64 it/s) | elapsed 1.0 min | ETA this epoch 3.9 min
  step 900/4061 | loss -7.416 | 75 ms/step (13.32 it/s) | elapsed 1.0 min | ETA this epoch 4.0 min
  step 950/4061 | loss -7.876 | 74 ms/step (13.56 it/s) | elapsed 1.1 min | ETA this epoch 3.8 min
  step 1000/4061 | loss -7.808 | 74 ms/step (13.54 it/s) | elapsed 1.2 min | ETA this epoch 3.8 min
  step 1050/4061 | loss -7.403 | 73 ms/step (13.61 it/s) | elapsed 1.2 min | ETA this epoch 3.7 min
  step 1100/4061 | loss -6.297 | 74 ms/step (13.56 it/s) | elapsed 1.3 min | ETA this epoch 3.6 min
  step 1150/4061 | loss -7.170 | 73 ms/step (13.69 it/s) | elapsed 1.3 min | ETA this epoch 3.5 min
  step 1200/4061 | loss -6.819 | 74 ms/step (13.55 it/s) | elapsed 1.4 min | ETA this epoch 3.5 min
  step 1250/4061 | loss -7.394 | 73 ms/step (13.62 it/s) | elapsed 1.5 min | ETA this epoch 3.4 min
  step 1300/4061 | loss -8.619 | 74 ms/step (13.45 it/s) | elapsed 1.5 min | ETA this epoch 3.4 min
  step 1350/4061 | loss -7.614 | 74 ms/step (13.59 it/s) | elapsed 1.6 min | ETA this epoch 3.3 min
  step 1400/4061 | loss -5.666 | 74 ms/step (13.57 it/s) | elapsed 1.6 min | ETA this epoch 3.3 min
  step 1450/4061 | loss -6.441 | 73 ms/step (13.73 it/s) | elapsed 1.7 min | ETA this epoch 3.2 min
  step 1500/4061 | loss -6.933 | 74 ms/step (13.47 it/s) | elapsed 1.8 min | ETA this epoch 3.2 min
  step 1550/4061 | loss -6.411 | 74 ms/step (13.44 it/s) | elapsed 1.8 min | ETA this epoch 3.1 min
  step 1600/4061 | loss -7.144 | 73 ms/step (13.68 it/s) | elapsed 1.9 min | ETA this epoch 3.0 min
  step 1650/4061 | loss -5.763 | 75 ms/step (13.41 it/s) | elapsed 2.0 min | ETA this epoch 3.0 min
  step 1700/4061 | loss -8.126 | 75 ms/step (13.33 it/s) | elapsed 2.0 min | ETA this epoch 3.0 min
  step 1750/4061 | loss -7.615 | 74 ms/step (13.59 it/s) | elapsed 2.1 min | ETA this epoch 2.8 min
  step 1800/4061 | loss -6.522 | 73 ms/step (13.67 it/s) | elapsed 2.1 min | ETA this epoch 2.8 min
  step 1850/4061 | loss -6.053 | 73 ms/step (13.68 it/s) | elapsed 2.2 min | ETA this epoch 2.7 min
  step 1900/4061 | loss -7.346 | 73 ms/step (13.62 it/s) | elapsed 2.3 min | ETA this epoch 2.6 min
  step 1950/4061 | loss -7.632 | 74 ms/step (13.52 it/s) | elapsed 2.3 min | ETA this epoch 2.6 min
  step 2000/4061 | loss -6.436 | 74 ms/step (13.46 it/s) | elapsed 2.4 min | ETA this epoch 2.6 min
  step 2050/4061 | loss -6.056 | 73 ms/step (13.61 it/s) | elapsed 2.4 min | ETA this epoch 2.5 min
  step 2100/4061 | loss -6.429 | 73 ms/step (13.76 it/s) | elapsed 2.5 min | ETA this epoch 2.4 min
  step 2150/4061 | loss -5.715 | 74 ms/step (13.46 it/s) | elapsed 2.6 min | ETA this epoch 2.4 min
  step 2200/4061 | loss -7.482 | 73 ms/step (13.69 it/s) | elapsed 2.6 min | ETA this epoch 2.3 min
  step 2250/4061 | loss -6.004 | 74 ms/step (13.60 it/s) | elapsed 2.7 min | ETA this epoch 2.2 min
  step 2300/4061 | loss -6.254 | 73 ms/step (13.62 it/s) | elapsed 2.7 min | ETA this epoch 2.2 min
  step 2350/4061 | loss -9.558 | 73 ms/step (13.61 it/s) | elapsed 2.8 min | ETA this epoch 2.1 min
  step 2400/4061 | loss -8.050 | 73 ms/step (13.66 it/s) | elapsed 2.9 min | ETA this epoch 2.0 min
  step 2450/4061 | loss -5.456 | 74 ms/step (13.54 it/s) | elapsed 2.9 min | ETA this epoch 2.0 min
  step 2500/4061 | loss -6.410 | 73 ms/step (13.64 it/s) | elapsed 3.0 min | ETA this epoch 1.9 min
  step 2550/4061 | loss -7.492 | 74 ms/step (13.59 it/s) | elapsed 3.1 min | ETA this epoch 1.9 min
  step 2600/4061 | loss -8.540 | 74 ms/step (13.49 it/s) | elapsed 3.1 min | ETA this epoch 1.8 min
  step 2650/4061 | loss -6.808 | 74 ms/step (13.55 it/s) | elapsed 3.2 min | ETA this epoch 1.7 min
  step 2700/4061 | loss -7.344 | 74 ms/step (13.46 it/s) | elapsed 3.2 min | ETA this epoch 1.7 min
  step 2750/4061 | loss -5.936 | 73 ms/step (13.69 it/s) | elapsed 3.3 min | ETA this epoch 1.6 min
  step 2800/4061 | loss -7.367 | 75 ms/step (13.38 it/s) | elapsed 3.4 min | ETA this epoch 1.6 min
  step 2850/4061 | loss -7.611 | 74 ms/step (13.56 it/s) | elapsed 3.4 min | ETA this epoch 1.5 min
  step 2900/4061 | loss -6.577 | 73 ms/step (13.67 it/s) | elapsed 3.5 min | ETA this epoch 1.4 min
  step 2950/4061 | loss -8.219 | 73 ms/step (13.65 it/s) | elapsed 3.5 min | ETA this epoch 1.4 min
  step 3000/4061 | loss -8.899 | 68 ms/step (14.64 it/s) | elapsed 3.6 min | ETA this epoch 1.2 min
  step 3050/4061 | loss -5.376 | 74 ms/step (13.47 it/s) | elapsed 3.7 min | ETA this epoch 1.3 min
  step 3100/4061 | loss -5.842 | 74 ms/step (13.54 it/s) | elapsed 3.7 min | ETA this epoch 1.2 min
  step 3150/4061 | loss -5.426 | 73 ms/step (13.65 it/s) | elapsed 3.8 min | ETA this epoch 1.1 min
  step 3200/4061 | loss -8.185 | 73 ms/step (13.69 it/s) | elapsed 3.8 min | ETA this epoch 1.0 min
  step 3250/4061 | loss -7.225 | 74 ms/step (13.59 it/s) | elapsed 3.9 min | ETA this epoch 1.0 min
  step 3300/4061 | loss -5.946 | 73 ms/step (13.67 it/s) | elapsed 4.0 min | ETA this epoch 0.9 min
  step 3350/4061 | loss -6.111 | 74 ms/step (13.51 it/s) | elapsed 4.0 min | ETA this epoch 0.9 min
  step 3400/4061 | loss -7.232 | 74 ms/step (13.43 it/s) | elapsed 4.1 min | ETA this epoch 0.8 min
  step 3450/4061 | loss -7.448 | 74 ms/step (13.58 it/s) | elapsed 4.2 min | ETA this epoch 0.7 min
  step 3500/4061 | loss -5.905 | 75 ms/step (13.37 it/s) | elapsed 4.2 min | ETA this epoch 0.7 min
  step 3550/4061 | loss -6.685 | 73 ms/step (13.74 it/s) | elapsed 4.3 min | ETA this epoch 0.6 min
  step 3600/4061 | loss -6.087 | 74 ms/step (13.52 it/s) | elapsed 4.3 min | ETA this epoch 0.6 min
  step 3650/4061 | loss -5.691 | 73 ms/step (13.64 it/s) | elapsed 4.4 min | ETA this epoch 0.5 min
  step 3700/4061 | loss -5.092 | 74 ms/step (13.48 it/s) | elapsed 4.5 min | ETA this epoch 0.4 min
  step 3750/4061 | loss -5.975 | 73 ms/step (13.76 it/s) | elapsed 4.5 min | ETA this epoch 0.4 min
  step 3800/4061 | loss -8.008 | 74 ms/step (13.60 it/s) | elapsed 4.6 min | ETA this epoch 0.3 min
  step 3850/4061 | loss -6.259 | 74 ms/step (13.52 it/s) | elapsed 4.6 min | ETA this epoch 0.3 min
  step 3900/4061 | loss -7.495 | 73 ms/step (13.66 it/s) | elapsed 4.7 min | ETA this epoch 0.2 min
  step 3950/4061 | loss -6.222 | 74 ms/step (13.52 it/s) | elapsed 4.8 min | ETA this epoch 0.1 min
  step 4000/4061 | loss -6.784 | 73 ms/step (13.62 it/s) | elapsed 4.8 min | ETA this epoch 0.1 min
  step 4050/4061 | loss -7.026 | 74 ms/step (13.46 it/s) | elapsed 4.9 min | ETA this epoch 0.0 min
Epoch 14/50 | Train -6.960 | Val L1 0.0020 | Val SI-SDR 17.50 dB | Time 5.1 min
Saved best model (SI-SDR 17.50 dB) -> /home/bubai-maji/speech_enhancement/script/propose_ablation2/checkpoint_propose_ab2/best_NGDM_SE.pt
  step 50/4061 | loss -8.739 | 74 ms/step (13.56 it/s) | elapsed 0.1 min | ETA this epoch 4.9 min
  step 100/4061 | loss -6.999 | 73 ms/step (13.62 it/s) | elapsed 0.1 min | ETA this epoch 4.8 min
  step 150/4061 | loss -6.680 | 73 ms/step (13.70 it/s) | elapsed 0.2 min | ETA this epoch 4.8 min
  step 200/4061 | loss -7.258 | 74 ms/step (13.47 it/s) | elapsed 0.2 min | ETA this epoch 4.8 min
  step 250/4061 | loss -8.041 | 74 ms/step (13.50 it/s) | elapsed 0.3 min | ETA this epoch 4.7 min
  step 300/4061 | loss -7.246 | 69 ms/step (14.43 it/s) | elapsed 0.4 min | ETA this epoch 4.3 min
  step 350/4061 | loss -6.790 | 54 ms/step (18.57 it/s) | elapsed 0.4 min | ETA this epoch 3.3 min
  step 400/4061 | loss -7.204 | 53 ms/step (18.87 it/s) | elapsed 0.5 min | ETA this epoch 3.2 min
  step 450/4061 | loss -7.506 | 57 ms/step (17.48 it/s) | elapsed 0.5 min | ETA this epoch 3.4 min
  step 500/4061 | loss -5.849 | 62 ms/step (16.03 it/s) | elapsed 0.6 min | ETA this epoch 3.7 min
  step 550/4061 | loss -5.921 | 75 ms/step (13.42 it/s) | elapsed 0.6 min | ETA this epoch 4.4 min
  step 600/4061 | loss -7.506 | 74 ms/step (13.53 it/s) | elapsed 0.7 min | ETA this epoch 4.3 min
  step 650/4061 | loss -7.608 | 74 ms/step (13.55 it/s) | elapsed 0.7 min | ETA this epoch 4.2 min
  step 700/4061 | loss -7.539 | 74 ms/step (13.59 it/s) | elapsed 0.8 min | ETA this epoch 4.1 min
  step 750/4061 | loss -7.896 | 74 ms/step (13.48 it/s) | elapsed 0.9 min | ETA this epoch 4.1 min
  step 800/4061 | loss -7.976 | 74 ms/step (13.51 it/s) | elapsed 0.9 min | ETA this epoch 4.0 min
  step 850/4061 | loss -6.399 | 75 ms/step (13.40 it/s) | elapsed 1.0 min | ETA this epoch 4.0 min
  step 900/4061 | loss -6.643 | 73 ms/step (13.67 it/s) | elapsed 1.0 min | ETA this epoch 3.9 min
  step 950/4061 | loss -6.771 | 74 ms/step (13.59 it/s) | elapsed 1.1 min | ETA this epoch 3.8 min
  step 1000/4061 | loss -6.230 | 74 ms/step (13.57 it/s) | elapsed 1.2 min | ETA this epoch 3.8 min
  step 1050/4061 | loss -7.211 | 73 ms/step (13.67 it/s) | elapsed 1.2 min | ETA this epoch 3.7 min
  step 1100/4061 | loss -5.662 | 71 ms/step (14.08 it/s) | elapsed 1.3 min | ETA this epoch 3.5 min
  step 1150/4061 | loss -7.129 | 73 ms/step (13.71 it/s) | elapsed 1.4 min | ETA this epoch 3.5 min
  step 1200/4061 | loss -6.809 | 73 ms/step (13.69 it/s) | elapsed 1.4 min | ETA this epoch 3.5 min
  step 1250/4061 | loss -5.144 | 74 ms/step (13.55 it/s) | elapsed 1.5 min | ETA this epoch 3.5 min
  step 1300/4061 | loss -7.302 | 73 ms/step (13.67 it/s) | elapsed 1.5 min | ETA this epoch 3.4 min
  step 1350/4061 | loss -6.736 | 74 ms/step (13.50 it/s) | elapsed 1.6 min | ETA this epoch 3.3 min
  step 1400/4061 | loss -7.214 | 75 ms/step (13.39 it/s) | elapsed 1.7 min | ETA this epoch 3.3 min
  step 1450/4061 | loss -7.458 | 74 ms/step (13.52 it/s) | elapsed 1.7 min | ETA this epoch 3.2 min
  step 1500/4061 | loss -6.371 | 74 ms/step (13.57 it/s) | elapsed 1.8 min | ETA this epoch 3.1 min
  step 1550/4061 | loss -7.766 | 73 ms/step (13.71 it/s) | elapsed 1.8 min | ETA this epoch 3.1 min
  step 1600/4061 | loss -6.610 | 74 ms/step (13.53 it/s) | elapsed 1.9 min | ETA this epoch 3.0 min
  step 1650/4061 | loss -8.071 | 74 ms/step (13.56 it/s) | elapsed 2.0 min | ETA this epoch 3.0 min
  step 1700/4061 | loss -6.251 | 73 ms/step (13.79 it/s) | elapsed 2.0 min | ETA this epoch 2.9 min
  step 1750/4061 | loss -7.905 | 77 ms/step (12.95 it/s) | elapsed 2.1 min | ETA this epoch 3.0 min
  step 1800/4061 | loss -8.446 | 73 ms/step (13.65 it/s) | elapsed 2.2 min | ETA this epoch 2.8 min
  step 1850/4061 | loss -7.784 | 78 ms/step (12.84 it/s) | elapsed 2.2 min | ETA this epoch 2.9 min
  step 1900/4061 | loss -7.205 | 96 ms/step (10.45 it/s) | elapsed 2.3 min | ETA this epoch 3.4 min
  step 1950/4061 | loss -8.760 | 110 ms/step (9.11 it/s) | elapsed 2.4 min | ETA this epoch 3.9 min
  step 2000/4061 | loss -7.435 | 110 ms/step (9.09 it/s) | elapsed 2.5 min | ETA this epoch 3.8 min
  step 2050/4061 | loss -5.250 | 109 ms/step (9.14 it/s) | elapsed 2.6 min | ETA this epoch 3.7 min
  step 2100/4061 | loss -7.643 | 111 ms/step (9.05 it/s) | elapsed 2.7 min | ETA this epoch 3.6 min
  step 2150/4061 | loss -9.338 | 110 ms/step (9.07 it/s) | elapsed 2.8 min | ETA this epoch 3.5 min
  step 2200/4061 | loss -7.307 | 109 ms/step (9.19 it/s) | elapsed 2.8 min | ETA this epoch 3.4 min
  step 2250/4061 | loss -7.614 | 110 ms/step (9.11 it/s) | elapsed 2.9 min | ETA this epoch 3.3 min
  step 2300/4061 | loss -6.384 | 109 ms/step (9.18 it/s) | elapsed 3.0 min | ETA this epoch 3.2 min
  step 2350/4061 | loss -7.753 | 109 ms/step (9.14 it/s) | elapsed 3.1 min | ETA this epoch 3.1 min
  step 2400/4061 | loss -7.955 | 110 ms/step (9.09 it/s) | elapsed 3.2 min | ETA this epoch 3.0 min
  step 2450/4061 | loss -5.370 | 109 ms/step (9.15 it/s) | elapsed 3.3 min | ETA this epoch 2.9 min
  step 2500/4061 | loss -4.996 | 111 ms/step (9.02 it/s) | elapsed 3.4 min | ETA this epoch 2.9 min
  step 2550/4061 | loss -6.469 | 110 ms/step (9.13 it/s) | elapsed 3.5 min | ETA this epoch 2.8 min
  step 2600/4061 | loss -7.792 | 112 ms/step (8.90 it/s) | elapsed 3.6 min | ETA this epoch 2.7 min
  step 2650/4061 | loss -9.060 | 109 ms/step (9.15 it/s) | elapsed 3.7 min | ETA this epoch 2.6 min
  step 2700/4061 | loss -7.542 | 110 ms/step (9.09 it/s) | elapsed 3.8 min | ETA this epoch 2.5 min
  step 2750/4061 | loss -6.489 | 110 ms/step (9.07 it/s) | elapsed 3.9 min | ETA this epoch 2.4 min
  step 2800/4061 | loss -7.837 | 111 ms/step (9.01 it/s) | elapsed 3.9 min | ETA this epoch 2.3 min
  step 2850/4061 | loss -8.693 | 110 ms/step (9.09 it/s) | elapsed 4.0 min | ETA this epoch 2.2 min
  step 2900/4061 | loss -8.180 | 109 ms/step (9.15 it/s) | elapsed 4.1 min | ETA this epoch 2.1 min
  step 2950/4061 | loss -7.616 | 109 ms/step (9.14 it/s) | elapsed 4.2 min | ETA this epoch 2.0 min
  step 3000/4061 | loss -7.812 | 110 ms/step (9.06 it/s) | elapsed 4.3 min | ETA this epoch 2.0 min
  step 3050/4061 | loss -7.143 | 109 ms/step (9.16 it/s) | elapsed 4.4 min | ETA this epoch 1.8 min
  step 3100/4061 | loss -6.435 | 109 ms/step (9.16 it/s) | elapsed 4.5 min | ETA this epoch 1.7 min
  step 3150/4061 | loss -8.519 | 109 ms/step (9.14 it/s) | elapsed 4.6 min | ETA this epoch 1.7 min
  step 3200/4061 | loss -5.131 | 109 ms/step (9.16 it/s) | elapsed 4.7 min | ETA this epoch 1.6 min
  step 3250/4061 | loss -5.530 | 110 ms/step (9.09 it/s) | elapsed 4.8 min | ETA this epoch 1.5 min
  step 3300/4061 | loss -8.525 | 109 ms/step (9.16 it/s) | elapsed 4.9 min | ETA this epoch 1.4 min
  step 3350/4061 | loss -6.935 | 110 ms/step (9.13 it/s) | elapsed 4.9 min | ETA this epoch 1.3 min
  step 3400/4061 | loss -7.738 | 110 ms/step (9.10 it/s) | elapsed 5.0 min | ETA this epoch 1.2 min
  step 3450/4061 | loss -6.078 | 109 ms/step (9.20 it/s) | elapsed 5.1 min | ETA this epoch 1.1 min
  step 3500/4061 | loss -6.276 | 109 ms/step (9.17 it/s) | elapsed 5.2 min | ETA this epoch 1.0 min
  step 3550/4061 | loss -6.017 | 110 ms/step (9.11 it/s) | elapsed 5.3 min | ETA this epoch 0.9 min
  step 3600/4061 | loss -6.032 | 111 ms/step (9.03 it/s) | elapsed 5.4 min | ETA this epoch 0.9 min
  step 3650/4061 | loss -8.311 | 109 ms/step (9.13 it/s) | elapsed 5.5 min | ETA this epoch 0.7 min
  step 3700/4061 | loss -7.094 | 109 ms/step (9.15 it/s) | elapsed 5.6 min | ETA this epoch 0.7 min
  step 3750/4061 | loss -7.161 | 110 ms/step (9.13 it/s) | elapsed 5.7 min | ETA this epoch 0.6 min
  step 3800/4061 | loss -7.100 | 110 ms/step (9.11 it/s) | elapsed 5.8 min | ETA this epoch 0.5 min
  step 3850/4061 | loss -6.072 | 110 ms/step (9.12 it/s) | elapsed 5.9 min | ETA this epoch 0.4 min
  step 3900/4061 | loss -6.260 | 111 ms/step (9.00 it/s) | elapsed 6.0 min | ETA this epoch 0.3 min
  step 3950/4061 | loss -8.858 | 110 ms/step (9.12 it/s) | elapsed 6.0 min | ETA this epoch 0.2 min
  step 4000/4061 | loss -6.156 | 110 ms/step (9.09 it/s) | elapsed 6.1 min | ETA this epoch 0.1 min
  step 4050/4061 | loss -8.889 | 110 ms/step (9.10 it/s) | elapsed 6.2 min | ETA this epoch 0.0 min
Epoch 15/50 | Train -6.988 | Val L1 0.0020 | Val SI-SDR 17.44 dB | Time 6.5 min
EarlyStopping counter: 1/7
  step 50/4061 | loss -8.079 | 109 ms/step (9.15 it/s) | elapsed 0.1 min | ETA this epoch 7.3 min
  step 100/4061 | loss -7.030 | 109 ms/step (9.18 it/s) | elapsed 0.2 min | ETA this epoch 7.2 min
  step 150/4061 | loss -6.468 | 110 ms/step (9.08 it/s) | elapsed 0.3 min | ETA this epoch 7.2 min
  step 200/4061 | loss -6.345 | 110 ms/step (9.10 it/s) | elapsed 0.4 min | ETA this epoch 7.1 min
  step 250/4061 | loss -6.649 | 111 ms/step (9.03 it/s) | elapsed 0.5 min | ETA this epoch 7.0 min
  step 300/4061 | loss -6.717 | 110 ms/step (9.12 it/s) | elapsed 0.5 min | ETA this epoch 6.9 min
  step 350/4061 | loss -7.362 | 110 ms/step (9.07 it/s) | elapsed 0.6 min | ETA this epoch 6.8 min
  step 400/4061 | loss -6.420 | 109 ms/step (9.14 it/s) | elapsed 0.7 min | ETA this epoch 6.7 min
  step 450/4061 | loss -6.383 | 109 ms/step (9.14 it/s) | elapsed 0.8 min | ETA this epoch 6.6 min
  step 500/4061 | loss -7.539 | 104 ms/step (9.65 it/s) | elapsed 0.9 min | ETA this epoch 6.1 min
  step 550/4061 | loss -5.698 | 94 ms/step (10.59 it/s) | elapsed 1.0 min | ETA this epoch 5.5 min
  step 600/4061 | loss -7.598 | 92 ms/step (10.81 it/s) | elapsed 1.1 min | ETA this epoch 5.3 min
  step 650/4061 | loss -5.821 | 106 ms/step (9.42 it/s) | elapsed 1.2 min | ETA this epoch 6.0 min
  step 700/4061 | loss -8.119 | 108 ms/step (9.24 it/s) | elapsed 1.2 min | ETA this epoch 6.1 min
  step 750/4061 | loss -6.505 | 110 ms/step (9.09 it/s) | elapsed 1.3 min | ETA this epoch 6.1 min
  step 800/4061 | loss -7.958 | 107 ms/step (9.31 it/s) | elapsed 1.4 min | ETA this epoch 5.8 min
  step 850/4061 | loss -5.308 | 110 ms/step (9.13 it/s) | elapsed 1.5 min | ETA this epoch 5.9 min
  step 900/4061 | loss -7.905 | 109 ms/step (9.19 it/s) | elapsed 1.6 min | ETA this epoch 5.7 min
  step 950/4061 | loss -8.215 | 110 ms/step (9.10 it/s) | elapsed 1.7 min | ETA this epoch 5.7 min
  step 1000/4061 | loss -6.524 | 110 ms/step (9.12 it/s) | elapsed 1.8 min | ETA this epoch 5.6 min
  step 1050/4061 | loss -5.752 | 110 ms/step (9.10 it/s) | elapsed 1.9 min | ETA this epoch 5.5 min
  step 1100/4061 | loss -7.162 | 109 ms/step (9.13 it/s) | elapsed 2.0 min | ETA this epoch 5.4 min
  step 1150/4061 | loss -6.314 | 110 ms/step (9.10 it/s) | elapsed 2.1 min | ETA this epoch 5.3 min
  step 1200/4061 | loss -7.787 | 110 ms/step (9.11 it/s) | elapsed 2.2 min | ETA this epoch 5.2 min
  step 1250/4061 | loss -8.292 | 110 ms/step (9.12 it/s) | elapsed 2.2 min | ETA this epoch 5.1 min
  step 1300/4061 | loss -4.843 | 110 ms/step (9.13 it/s) | elapsed 2.3 min | ETA this epoch 5.0 min
  step 1350/4061 | loss -5.555 | 109 ms/step (9.19 it/s) | elapsed 2.4 min | ETA this epoch 4.9 min
  step 1400/4061 | loss -7.851 | 111 ms/step (9.00 it/s) | elapsed 2.5 min | ETA this epoch 4.9 min
  step 1450/4061 | loss -4.927 | 109 ms/step (9.16 it/s) | elapsed 2.6 min | ETA this epoch 4.8 min
  step 1500/4061 | loss -7.503 | 110 ms/step (9.12 it/s) | elapsed 2.7 min | ETA this epoch 4.7 min
  step 1550/4061 | loss -7.315 | 110 ms/step (9.13 it/s) | elapsed 2.8 min | ETA this epoch 4.6 min
  step 1600/4061 | loss -7.126 | 109 ms/step (9.20 it/s) | elapsed 2.9 min | ETA this epoch 4.5 min
  step 1650/4061 | loss -8.099 | 109 ms/step (9.17 it/s) | elapsed 3.0 min | ETA this epoch 4.4 min
  step 1700/4061 | loss -7.687 | 109 ms/step (9.21 it/s) | elapsed 3.1 min | ETA this epoch 4.3 min
  step 1750/4061 | loss -7.547 | 110 ms/step (9.08 it/s) | elapsed 3.2 min | ETA this epoch 4.2 min
  step 1800/4061 | loss -6.243 | 109 ms/step (9.14 it/s) | elapsed 3.3 min | ETA this epoch 4.1 min
  step 1850/4061 | loss -6.974 | 110 ms/step (9.12 it/s) | elapsed 3.3 min | ETA this epoch 4.0 min
  step 1900/4061 | loss -7.607 | 92 ms/step (10.89 it/s) | elapsed 3.4 min | ETA this epoch 3.3 min
  step 1950/4061 | loss -7.639 | 76 ms/step (13.19 it/s) | elapsed 3.5 min | ETA this epoch 2.7 min
  step 2000/4061 | loss -6.364 | 75 ms/step (13.27 it/s) | elapsed 3.5 min | ETA this epoch 2.6 min
  step 2050/4061 | loss -6.920 | 91 ms/step (11.01 it/s) | elapsed 3.6 min | ETA this epoch 3.0 min
  step 2100/4061 | loss -7.436 | 95 ms/step (10.56 it/s) | elapsed 3.7 min | ETA this epoch 3.1 min
  step 2150/4061 | loss -6.420 | 95 ms/step (10.48 it/s) | elapsed 3.8 min | ETA this epoch 3.0 min
  step 2200/4061 | loss -6.527 | 106 ms/step (9.41 it/s) | elapsed 3.9 min | ETA this epoch 3.3 min
  step 2250/4061 | loss -6.741 | 109 ms/step (9.15 it/s) | elapsed 4.0 min | ETA this epoch 3.3 min
  step 2300/4061 | loss -6.552 | 109 ms/step (9.15 it/s) | elapsed 4.0 min | ETA this epoch 3.2 min
  step 2350/4061 | loss -7.405 | 112 ms/step (8.94 it/s) | elapsed 4.1 min | ETA this epoch 3.2 min
  step 2400/4061 | loss -4.932 | 110 ms/step (9.09 it/s) | elapsed 4.2 min | ETA this epoch 3.0 min
  step 2450/4061 | loss -7.616 | 109 ms/step (9.14 it/s) | elapsed 4.3 min | ETA this epoch 2.9 min
  step 2500/4061 | loss -7.334 | 111 ms/step (9.00 it/s) | elapsed 4.4 min | ETA this epoch 2.9 min
  step 2550/4061 | loss -7.643 | 109 ms/step (9.19 it/s) | elapsed 4.5 min | ETA this epoch 2.7 min
  step 2600/4061 | loss -7.469 | 109 ms/step (9.18 it/s) | elapsed 4.6 min | ETA this epoch 2.7 min
  step 2650/4061 | loss -7.692 | 109 ms/step (9.16 it/s) | elapsed 4.7 min | ETA this epoch 2.6 min
  step 2700/4061 | loss -7.011 | 111 ms/step (9.05 it/s) | elapsed 4.8 min | ETA this epoch 2.5 min
  step 2750/4061 | loss -7.573 | 109 ms/step (9.19 it/s) | elapsed 4.9 min | ETA this epoch 2.4 min
  step 2800/4061 | loss -9.465 | 109 ms/step (9.15 it/s) | elapsed 5.0 min | ETA this epoch 2.3 min
  step 2850/4061 | loss -9.195 | 110 ms/step (9.08 it/s) | elapsed 5.1 min | ETA this epoch 2.2 min
  step 2900/4061 | loss -5.609 | 109 ms/step (9.16 it/s) | elapsed 5.1 min | ETA this epoch 2.1 min
  step 2950/4061 | loss -8.348 | 110 ms/step (9.12 it/s) | elapsed 5.2 min | ETA this epoch 2.0 min
  step 3000/4061 | loss -8.818 | 109 ms/step (9.14 it/s) | elapsed 5.3 min | ETA this epoch 1.9 min
  step 3050/4061 | loss -8.446 | 111 ms/step (9.02 it/s) | elapsed 5.4 min | ETA this epoch 1.9 min
  step 3100/4061 | loss -6.737 | 109 ms/step (9.16 it/s) | elapsed 5.5 min | ETA this epoch 1.7 min
  step 3150/4061 | loss -6.452 | 110 ms/step (9.13 it/s) | elapsed 5.6 min | ETA this epoch 1.7 min
  step 3200/4061 | loss -6.434 | 109 ms/step (9.14 it/s) | elapsed 5.7 min | ETA this epoch 1.6 min
  step 3250/4061 | loss -6.837 | 109 ms/step (9.20 it/s) | elapsed 5.8 min | ETA this epoch 1.5 min
  step 3300/4061 | loss -7.146 | 109 ms/step (9.17 it/s) | elapsed 5.9 min | ETA this epoch 1.4 min
  step 3350/4061 | loss -6.747 | 110 ms/step (9.05 it/s) | elapsed 6.0 min | ETA this epoch 1.3 min
  step 3400/4061 | loss -7.971 | 109 ms/step (9.16 it/s) | elapsed 6.1 min | ETA this epoch 1.2 min
  step 3450/4061 | loss -7.638 | 109 ms/step (9.16 it/s) | elapsed 6.2 min | ETA this epoch 1.1 min
  step 3500/4061 | loss -5.186 | 110 ms/step (9.13 it/s) | elapsed 6.2 min | ETA this epoch 1.0 min
  step 3550/4061 | loss -7.819 | 110 ms/step (9.11 it/s) | elapsed 6.3 min | ETA this epoch 0.9 min
  step 3600/4061 | loss -5.690 | 111 ms/step (9.03 it/s) | elapsed 6.4 min | ETA this epoch 0.9 min
  step 3650/4061 | loss -7.610 | 109 ms/step (9.15 it/s) | elapsed 6.5 min | ETA this epoch 0.7 min
  step 3700/4061 | loss -8.325 | 109 ms/step (9.14 it/s) | elapsed 6.6 min | ETA this epoch 0.7 min
  step 3750/4061 | loss -7.663 | 110 ms/step (9.13 it/s) | elapsed 6.7 min | ETA this epoch 0.6 min
  step 3800/4061 | loss -5.938 | 110 ms/step (9.09 it/s) | elapsed 6.8 min | ETA this epoch 0.5 min
  step 3850/4061 | loss -6.467 | 110 ms/step (9.11 it/s) | elapsed 6.9 min | ETA this epoch 0.4 min
  step 3900/4061 | loss -6.961 | 109 ms/step (9.15 it/s) | elapsed 7.0 min | ETA this epoch 0.3 min
  step 3950/4061 | loss -6.686 | 111 ms/step (9.04 it/s) | elapsed 7.1 min | ETA this epoch 0.2 min
  step 4000/4061 | loss -7.959 | 110 ms/step (9.11 it/s) | elapsed 7.2 min | ETA this epoch 0.1 min
  step 4050/4061 | loss -6.897 | 109 ms/step (9.17 it/s) | elapsed 7.2 min | ETA this epoch 0.0 min
Epoch 16/50 | Train -7.002 | Val L1 0.0020 | Val SI-SDR 17.39 dB | Time 7.5 min
EarlyStopping counter: 2/7
  step 50/4061 | loss -7.418 | 109 ms/step (9.13 it/s) | elapsed 0.1 min | ETA this epoch 7.3 min
  step 100/4061 | loss -5.585 | 109 ms/step (9.15 it/s) | elapsed 0.2 min | ETA this epoch 7.2 min
  step 150/4061 | loss -7.976 | 110 ms/step (9.11 it/s) | elapsed 0.3 min | ETA this epoch 7.2 min
  step 200/4061 | loss -5.598 | 107 ms/step (9.37 it/s) | elapsed 0.4 min | ETA this epoch 6.9 min
  step 250/4061 | loss -7.887 | 110 ms/step (9.06 it/s) | elapsed 0.5 min | ETA this epoch 7.0 min
  step 300/4061 | loss -5.572 | 109 ms/step (9.15 it/s) | elapsed 0.5 min | ETA this epoch 6.9 min
  step 350/4061 | loss -7.122 | 110 ms/step (9.12 it/s) | elapsed 0.6 min | ETA this epoch 6.8 min
  step 400/4061 | loss -6.718 | 110 ms/step (9.12 it/s) | elapsed 0.7 min | ETA this epoch 6.7 min
  step 450/4061 | loss -6.854 | 109 ms/step (9.21 it/s) | elapsed 0.8 min | ETA this epoch 6.5 min
  step 500/4061 | loss -6.774 | 110 ms/step (9.13 it/s) | elapsed 0.9 min | ETA this epoch 6.5 min
  step 550/4061 | loss -5.862 | 109 ms/step (9.21 it/s) | elapsed 1.0 min | ETA this epoch 6.4 min
  step 600/4061 | loss -8.030 | 109 ms/step (9.17 it/s) | elapsed 1.1 min | ETA this epoch 6.3 min
  step 650/4061 | loss -5.504 | 102 ms/step (9.82 it/s) | elapsed 1.2 min | ETA this epoch 5.8 min
  step 700/4061 | loss -7.739 | 96 ms/step (10.45 it/s) | elapsed 1.3 min | ETA this epoch 5.4 min
  step 750/4061 | loss -6.590 | 95 ms/step (10.50 it/s) | elapsed 1.3 min | ETA this epoch 5.3 min
  step 800/4061 | loss -6.658 | 102 ms/step (9.85 it/s) | elapsed 1.4 min | ETA this epoch 5.5 min
  step 850/4061 | loss -6.006 | 110 ms/step (9.12 it/s) | elapsed 1.5 min | ETA this epoch 5.9 min
  step 900/4061 | loss -6.273 | 110 ms/step (9.08 it/s) | elapsed 1.6 min | ETA this epoch 5.8 min
  step 950/4061 | loss -7.449 | 109 ms/step (9.20 it/s) | elapsed 1.7 min | ETA this epoch 5.6 min
  step 1000/4061 | loss -9.100 | 109 ms/step (9.14 it/s) | elapsed 1.8 min | ETA this epoch 5.6 min
  step 1050/4061 | loss -7.038 | 109 ms/step (9.16 it/s) | elapsed 1.9 min | ETA this epoch 5.5 min
  step 1100/4061 | loss -7.362 | 110 ms/step (9.12 it/s) | elapsed 2.0 min | ETA this epoch 5.4 min
  step 1150/4061 | loss -8.107 | 109 ms/step (9.13 it/s) | elapsed 2.1 min | ETA this epoch 5.3 min
  step 1200/4061 | loss -7.998 | 109 ms/step (9.18 it/s) | elapsed 2.1 min | ETA this epoch 5.2 min
  step 1250/4061 | loss -6.617 | 109 ms/step (9.20 it/s) | elapsed 2.2 min | ETA this epoch 5.1 min
  step 1300/4061 | loss -6.612 | 110 ms/step (9.09 it/s) | elapsed 2.3 min | ETA this epoch 5.1 min
  step 1350/4061 | loss -7.613 | 109 ms/step (9.15 it/s) | elapsed 2.4 min | ETA this epoch 4.9 min
  step 1400/4061 | loss -6.927 | 110 ms/step (9.09 it/s) | elapsed 2.5 min | ETA this epoch 4.9 min
  step 1450/4061 | loss -7.902 | 110 ms/step (9.13 it/s) | elapsed 2.6 min | ETA this epoch 4.8 min
  step 1500/4061 | loss -7.308 | 109 ms/step (9.15 it/s) | elapsed 2.7 min | ETA this epoch 4.7 min
  step 1550/4061 | loss -5.926 | 109 ms/step (9.17 it/s) | elapsed 2.8 min | ETA this epoch 4.6 min
  step 1600/4061 | loss -5.949 | 109 ms/step (9.13 it/s) | elapsed 2.9 min | ETA this epoch 4.5 min
  step 1650/4061 | loss -6.597 | 110 ms/step (9.09 it/s) | elapsed 3.0 min | ETA this epoch 4.4 min
  step 1700/4061 | loss -6.458 | 110 ms/step (9.12 it/s) | elapsed 3.1 min | ETA this epoch 4.3 min
  step 1750/4061 | loss -5.325 | 110 ms/step (9.12 it/s) | elapsed 3.2 min | ETA this epoch 4.2 min
  step 1800/4061 | loss -5.512 | 110 ms/step (9.06 it/s) | elapsed 3.2 min | ETA this epoch 4.2 min
  step 1850/4061 | loss -7.210 | 109 ms/step (9.20 it/s) | elapsed 3.3 min | ETA this epoch 4.0 min
  step 1900/4061 | loss -6.802 | 109 ms/step (9.15 it/s) | elapsed 3.4 min | ETA this epoch 3.9 min
  step 1950/4061 | loss -7.101 | 109 ms/step (9.15 it/s) | elapsed 3.5 min | ETA this epoch 3.8 min
  step 2000/4061 | loss -5.918 | 110 ms/step (9.11 it/s) | elapsed 3.6 min | ETA this epoch 3.8 min
  step 2050/4061 | loss -7.219 | 109 ms/step (9.20 it/s) | elapsed 3.7 min | ETA this epoch 3.6 min
  step 2100/4061 | loss -6.981 | 109 ms/step (9.15 it/s) | elapsed 3.8 min | ETA this epoch 3.6 min
  step 2150/4061 | loss -7.441 | 110 ms/step (9.08 it/s) | elapsed 3.9 min | ETA this epoch 3.5 min
  step 2200/4061 | loss -8.310 | 102 ms/step (9.83 it/s) | elapsed 4.0 min | ETA this epoch 3.2 min
  step 2250/4061 | loss -7.532 | 100 ms/step (10.03 it/s) | elapsed 4.1 min | ETA this epoch 3.0 min
  step 2300/4061 | loss -6.400 | 95 ms/step (10.57 it/s) | elapsed 4.1 min | ETA this epoch 2.8 min
  step 2350/4061 | loss -6.857 | 108 ms/step (9.27 it/s) | elapsed 4.2 min | ETA this epoch 3.1 min
  step 2400/4061 | loss -7.929 | 110 ms/step (9.12 it/s) | elapsed 4.3 min | ETA this epoch 3.0 min
  step 2450/4061 | loss -7.672 | 112 ms/step (8.93 it/s) | elapsed 4.4 min | ETA this epoch 3.0 min
  step 2500/4061 | loss -7.150 | 109 ms/step (9.18 it/s) | elapsed 4.5 min | ETA this epoch 2.8 min
  step 2550/4061 | loss -6.959 | 109 ms/step (9.17 it/s) | elapsed 4.6 min | ETA this epoch 2.7 min
  step 2600/4061 | loss -6.297 | 110 ms/step (9.11 it/s) | elapsed 4.7 min | ETA this epoch 2.7 min
  step 2650/4061 | loss -5.640 | 109 ms/step (9.16 it/s) | elapsed 4.8 min | ETA this epoch 2.6 min
  step 2700/4061 | loss -7.893 | 111 ms/step (8.99 it/s) | elapsed 4.9 min | ETA this epoch 2.5 min
  step 2750/4061 | loss -7.100 | 109 ms/step (9.16 it/s) | elapsed 5.0 min | ETA this epoch 2.4 min
  step 2800/4061 | loss -7.389 | 109 ms/step (9.18 it/s) | elapsed 5.0 min | ETA this epoch 2.3 min
  step 2850/4061 | loss -6.222 | 109 ms/step (9.20 it/s) | elapsed 5.1 min | ETA this epoch 2.2 min
  step 2900/4061 | loss -6.324 | 110 ms/step (9.06 it/s) | elapsed 5.2 min | ETA this epoch 2.1 min
  step 2950/4061 | loss -6.168 | 110 ms/step (9.06 it/s) | elapsed 5.3 min | ETA this epoch 2.0 min
  step 3000/4061 | loss -5.159 | 108 ms/step (9.29 it/s) | elapsed 5.4 min | ETA this epoch 1.9 min
  step 3050/4061 | loss -6.292 | 110 ms/step (9.12 it/s) | elapsed 5.5 min | ETA this epoch 1.8 min
  step 3100/4061 | loss -7.422 | 109 ms/step (9.16 it/s) | elapsed 5.6 min | ETA this epoch 1.7 min
  step 3150/4061 | loss -5.311 | 109 ms/step (9.15 it/s) | elapsed 5.7 min | ETA this epoch 1.7 min
  step 3200/4061 | loss -5.525 | 110 ms/step (9.09 it/s) | elapsed 5.8 min | ETA this epoch 1.6 min
  step 3250/4061 | loss -8.307 | 110 ms/step (9.09 it/s) | elapsed 5.9 min | ETA this epoch 1.5 min
  step 3300/4061 | loss -7.718 | 109 ms/step (9.15 it/s) | elapsed 6.0 min | ETA this epoch 1.4 min
  step 3350/4061 | loss -5.094 | 110 ms/step (9.08 it/s) | elapsed 6.0 min | ETA this epoch 1.3 min
  step 3400/4061 | loss -6.178 | 107 ms/step (9.36 it/s) | elapsed 6.1 min | ETA this epoch 1.2 min
  step 3450/4061 | loss -7.747 | 109 ms/step (9.20 it/s) | elapsed 6.2 min | ETA this epoch 1.1 min
  step 3500/4061 | loss -5.707 | 109 ms/step (9.15 it/s) | elapsed 6.3 min | ETA this epoch 1.0 min
  step 3550/4061 | loss -6.094 | 109 ms/step (9.15 it/s) | elapsed 6.4 min | ETA this epoch 0.9 min
  step 3600/4061 | loss -7.262 | 110 ms/step (9.09 it/s) | elapsed 6.5 min | ETA this epoch 0.8 min
  step 3650/4061 | loss -7.369 | 109 ms/step (9.18 it/s) | elapsed 6.6 min | ETA this epoch 0.7 min
  step 3700/4061 | loss -6.884 | 110 ms/step (9.11 it/s) | elapsed 6.7 min | ETA this epoch 0.7 min
  step 3750/4061 | loss -9.233 | 110 ms/step (9.06 it/s) | elapsed 6.8 min | ETA this epoch 0.6 min
  step 3800/4061 | loss -5.963 | 109 ms/step (9.16 it/s) | elapsed 6.9 min | ETA this epoch 0.5 min
  step 3850/4061 | loss -6.427 | 111 ms/step (9.04 it/s) | elapsed 7.0 min | ETA this epoch 0.4 min
  step 3900/4061 | loss -7.373 | 109 ms/step (9.15 it/s) | elapsed 7.0 min | ETA this epoch 0.3 min
  step 3950/4061 | loss -6.883 | 109 ms/step (9.14 it/s) | elapsed 7.1 min | ETA this epoch 0.2 min
  step 4000/4061 | loss -6.402 | 109 ms/step (9.14 it/s) | elapsed 7.2 min | ETA this epoch 0.1 min
  step 4050/4061 | loss -5.649 | 110 ms/step (9.12 it/s) | elapsed 7.3 min | ETA this epoch 0.0 min
Epoch 17/50 | Train -7.034 | Val L1 0.0020 | Val SI-SDR 17.56 dB | Time 7.6 min
Saved best model (SI-SDR 17.56 dB) -> /home/bubai-maji/speech_enhancement/script/propose_ablation2/checkpoint_propose_ab2/best_NGDM_SE.pt
  step 50/4061 | loss -7.915 | 109 ms/step (9.17 it/s) | elapsed 0.1 min | ETA this epoch 7.3 min
  step 100/4061 | loss -7.692 | 110 ms/step (9.13 it/s) | elapsed 0.2 min | ETA this epoch 7.2 min
  step 150/4061 | loss -5.163 | 110 ms/step (9.09 it/s) | elapsed 0.3 min | ETA this epoch 7.2 min
  step 200/4061 | loss -5.310 | 110 ms/step (9.13 it/s) | elapsed 0.4 min | ETA this epoch 7.1 min
  step 250/4061 | loss -7.528 | 109 ms/step (9.16 it/s) | elapsed 0.5 min | ETA this epoch 6.9 min
  step 300/4061 | loss -7.890 | 110 ms/step (9.08 it/s) | elapsed 0.5 min | ETA this epoch 6.9 min
  step 350/4061 | loss -7.785 | 109 ms/step (9.14 it/s) | elapsed 0.6 min | ETA this epoch 6.8 min
  step 400/4061 | loss -4.718 | 110 ms/step (9.09 it/s) | elapsed 0.7 min | ETA this epoch 6.7 min
  step 450/4061 | loss -8.193 | 110 ms/step (9.09 it/s) | elapsed 0.8 min | ETA this epoch 6.6 min
  step 500/4061 | loss -7.749 | 110 ms/step (9.11 it/s) | elapsed 0.9 min | ETA this epoch 6.5 min
  step 550/4061 | loss -6.455 | 109 ms/step (9.14 it/s) | elapsed 1.0 min | ETA this epoch 6.4 min
  step 600/4061 | loss -4.950 | 110 ms/step (9.07 it/s) | elapsed 1.1 min | ETA this epoch 6.4 min
  step 650/4061 | loss -6.383 | 109 ms/step (9.15 it/s) | elapsed 1.2 min | ETA this epoch 6.2 min
  step 700/4061 | loss -6.653 | 110 ms/step (9.10 it/s) | elapsed 1.3 min | ETA this epoch 6.2 min
  step 750/4061 | loss -7.798 | 111 ms/step (9.02 it/s) | elapsed 1.4 min | ETA this epoch 6.1 min
  step 800/4061 | loss -5.455 | 102 ms/step (9.76 it/s) | elapsed 1.5 min | ETA this epoch 5.6 min
  step 850/4061 | loss -7.847 | 90 ms/step (11.12 it/s) | elapsed 1.5 min | ETA this epoch 4.8 min
  step 900/4061 | loss -9.231 | 96 ms/step (10.46 it/s) | elapsed 1.6 min | ETA this epoch 5.0 min
  step 950/4061 | loss -6.909 | 104 ms/step (9.62 it/s) | elapsed 1.7 min | ETA this epoch 5.4 min
  step 1000/4061 | loss -6.558 | 109 ms/step (9.16 it/s) | elapsed 1.8 min | ETA this epoch 5.6 min
  step 1050/4061 | loss -9.253 | 111 ms/step (9.00 it/s) | elapsed 1.9 min | ETA this epoch 5.6 min
  step 1100/4061 | loss -6.602 | 112 ms/step (8.89 it/s) | elapsed 2.0 min | ETA this epoch 5.5 min
  step 1150/4061 | loss -8.691 | 109 ms/step (9.17 it/s) | elapsed 2.1 min | ETA this epoch 5.3 min
  step 1200/4061 | loss -6.946 | 110 ms/step (9.13 it/s) | elapsed 2.2 min | ETA this epoch 5.2 min
  step 1250/4061 | loss -7.800 | 110 ms/step (9.10 it/s) | elapsed 2.2 min | ETA this epoch 5.1 min
  step 1300/4061 | loss -8.477 | 110 ms/step (9.09 it/s) | elapsed 2.3 min | ETA this epoch 5.1 min
  step 1350/4061 | loss -6.758 | 109 ms/step (9.15 it/s) | elapsed 2.4 min | ETA this epoch 4.9 min
  step 1400/4061 | loss -6.555 | 109 ms/step (9.16 it/s) | elapsed 2.5 min | ETA this epoch 4.8 min
  step 1450/4061 | loss -6.863 | 109 ms/step (9.20 it/s) | elapsed 2.6 min | ETA this epoch 4.7 min
  step 1500/4061 | loss -7.931 | 108 ms/step (9.23 it/s) | elapsed 2.7 min | ETA this epoch 4.6 min
  step 1550/4061 | loss -6.381 | 110 ms/step (9.05 it/s) | elapsed 2.8 min | ETA this epoch 4.6 min
  step 1600/4061 | loss -5.779 | 109 ms/step (9.21 it/s) | elapsed 2.9 min | ETA this epoch 4.5 min
  step 1650/4061 | loss -8.593 | 110 ms/step (9.12 it/s) | elapsed 3.0 min | ETA this epoch 4.4 min
  step 1700/4061 | loss -6.495 | 110 ms/step (9.11 it/s) | elapsed 3.1 min | ETA this epoch 4.3 min
  step 1750/4061 | loss -8.083 | 109 ms/step (9.15 it/s) | elapsed 3.2 min | ETA this epoch 4.2 min
  step 1800/4061 | loss -6.455 | 109 ms/step (9.16 it/s) | elapsed 3.3 min | ETA this epoch 4.1 min
  step 1850/4061 | loss -6.723 | 110 ms/step (9.08 it/s) | elapsed 3.3 min | ETA this epoch 4.1 min
  step 1900/4061 | loss -7.710 | 110 ms/step (9.06 it/s) | elapsed 3.4 min | ETA this epoch 4.0 min
  step 1950/4061 | loss -6.203 | 110 ms/step (9.13 it/s) | elapsed 3.5 min | ETA this epoch 3.9 min
  step 2000/4061 | loss -6.577 | 111 ms/step (9.00 it/s) | elapsed 3.6 min | ETA this epoch 3.8 min
  step 2050/4061 | loss -7.211 | 109 ms/step (9.16 it/s) | elapsed 3.7 min | ETA this epoch 3.7 min
  step 2100/4061 | loss -7.107 | 109 ms/step (9.15 it/s) | elapsed 3.8 min | ETA this epoch 3.6 min
  step 2150/4061 | loss -9.055 | 109 ms/step (9.14 it/s) | elapsed 3.9 min | ETA this epoch 3.5 min
  step 2200/4061 | loss -6.789 | 110 ms/step (9.09 it/s) | elapsed 4.0 min | ETA this epoch 3.4 min
  step 2250/4061 | loss -6.675 | 110 ms/step (9.10 it/s) | elapsed 4.1 min | ETA this epoch 3.3 min
  step 2300/4061 | loss -8.455 | 109 ms/step (9.14 it/s) | elapsed 4.2 min | ETA this epoch 3.2 min
  step 2350/4061 | loss -7.528 | 101 ms/step (9.93 it/s) | elapsed 4.3 min | ETA this epoch 2.9 min
  step 2400/4061 | loss -5.971 | 94 ms/step (10.67 it/s) | elapsed 4.3 min | ETA this epoch 2.6 min
  step 2450/4061 | loss -7.906 | 96 ms/step (10.40 it/s) | elapsed 4.4 min | ETA this epoch 2.6 min
  step 2500/4061 | loss -6.618 | 105 ms/step (9.51 it/s) | elapsed 4.5 min | ETA this epoch 2.7 min
  step 2550/4061 | loss -6.304 | 109 ms/step (9.20 it/s) | elapsed 4.6 min | ETA this epoch 2.7 min
  step 2600/4061 | loss -7.347 | 111 ms/step (9.04 it/s) | elapsed 4.7 min | ETA this epoch 2.7 min
  step 2650/4061 | loss -8.015 | 110 ms/step (9.09 it/s) | elapsed 4.8 min | ETA this epoch 2.6 min
  step 2700/4061 | loss -6.859 | 109 ms/step (9.14 it/s) | elapsed 4.9 min | ETA this epoch 2.5 min
  step 2750/4061 | loss -5.063 | 110 ms/step (9.08 it/s) | elapsed 5.0 min | ETA this epoch 2.4 min
  step 2800/4061 | loss -8.190 | 109 ms/step (9.16 it/s) | elapsed 5.0 min | ETA this epoch 2.3 min
  step 2850/4061 | loss -9.179 | 109 ms/step (9.15 it/s) | elapsed 5.1 min | ETA this epoch 2.2 min
  step 2900/4061 | loss -7.977 | 110 ms/step (9.07 it/s) | elapsed 5.2 min | ETA this epoch 2.1 min
  step 2950/4061 | loss -8.850 | 110 ms/step (9.11 it/s) | elapsed 5.3 min | ETA this epoch 2.0 min
  step 3000/4061 | loss -6.984 | 109 ms/step (9.13 it/s) | elapsed 5.4 min | ETA this epoch 1.9 min
  step 3050/4061 | loss -9.120 | 111 ms/step (9.05 it/s) | elapsed 5.5 min | ETA this epoch 1.9 min
  step 3100/4061 | loss -6.932 | 109 ms/step (9.14 it/s) | elapsed 5.6 min | ETA this epoch 1.8 min
  step 3150/4061 | loss -5.100 | 110 ms/step (9.07 it/s) | elapsed 5.7 min | ETA this epoch 1.7 min
  step 3200/4061 | loss -6.743 | 111 ms/step (9.02 it/s) | elapsed 5.8 min | ETA this epoch 1.6 min
  step 3250/4061 | loss -8.048 | 109 ms/step (9.14 it/s) | elapsed 5.9 min | ETA this epoch 1.5 min
  step 3300/4061 | loss -6.016 | 109 ms/step (9.16 it/s) | elapsed 6.0 min | ETA this epoch 1.4 min
  step 3350/4061 | loss -5.492 | 109 ms/step (9.15 it/s) | elapsed 6.1 min | ETA this epoch 1.3 min
  step 3400/4061 | loss -7.523 | 111 ms/step (9.01 it/s) | elapsed 6.1 min | ETA this epoch 1.2 min
  step 3450/4061 | loss -6.958 | 110 ms/step (9.10 it/s) | elapsed 6.2 min | ETA this epoch 1.1 min
  step 3500/4061 | loss -7.174 | 110 ms/step (9.11 it/s) | elapsed 6.3 min | ETA this epoch 1.0 min
  step 3550/4061 | loss -7.913 | 110 ms/step (9.11 it/s) | elapsed 6.4 min | ETA this epoch 0.9 min
  step 3600/4061 | loss -7.859 | 110 ms/step (9.11 it/s) | elapsed 6.5 min | ETA this epoch 0.8 min
  step 3650/4061 | loss -6.661 | 110 ms/step (9.11 it/s) | elapsed 6.6 min | ETA this epoch 0.8 min
  step 3700/4061 | loss -7.174 | 109 ms/step (9.14 it/s) | elapsed 6.7 min | ETA this epoch 0.7 min
  step 3750/4061 | loss -8.863 | 113 ms/step (8.88 it/s) | elapsed 6.8 min | ETA this epoch 0.6 min
  step 3800/4061 | loss -7.391 | 109 ms/step (9.15 it/s) | elapsed 6.9 min | ETA this epoch 0.5 min
  step 3850/4061 | loss -6.851 | 110 ms/step (9.08 it/s) | elapsed 7.0 min | ETA this epoch 0.4 min
  step 3900/4061 | loss -7.583 | 110 ms/step (9.11 it/s) | elapsed 7.1 min | ETA this epoch 0.3 min
  step 3950/4061 | loss -6.704 | 109 ms/step (9.19 it/s) | elapsed 7.2 min | ETA this epoch 0.2 min
  step 4000/4061 | loss -7.528 | 109 ms/step (9.17 it/s) | elapsed 7.2 min | ETA this epoch 0.1 min
  step 4050/4061 | loss -6.986 | 110 ms/step (9.13 it/s) | elapsed 7.3 min | ETA this epoch 0.0 min
Epoch 18/50 | Train -7.060 | Val L1 0.0020 | Val SI-SDR 17.50 dB | Time 7.6 min
EarlyStopping counter: 1/7
  step 50/4061 | loss -7.151 | 110 ms/step (9.06 it/s) | elapsed 0.1 min | ETA this epoch 7.4 min
  step 100/4061 | loss -6.508 | 111 ms/step (9.02 it/s) | elapsed 0.2 min | ETA this epoch 7.3 min
  step 150/4061 | loss -6.605 | 107 ms/step (9.31 it/s) | elapsed 0.3 min | ETA this epoch 7.0 min
  step 200/4061 | loss -5.974 | 110 ms/step (9.08 it/s) | elapsed 0.4 min | ETA this epoch 7.1 min
  step 250/4061 | loss -8.112 | 109 ms/step (9.16 it/s) | elapsed 0.5 min | ETA this epoch 6.9 min
  step 300/4061 | loss -6.214 | 109 ms/step (9.18 it/s) | elapsed 0.5 min | ETA this epoch 6.8 min
  step 350/4061 | loss -9.236 | 110 ms/step (9.11 it/s) | elapsed 0.6 min | ETA this epoch 6.8 min
  step 400/4061 | loss -6.752 | 108 ms/step (9.23 it/s) | elapsed 0.7 min | ETA this epoch 6.6 min
  step 450/4061 | loss -7.442 | 109 ms/step (9.15 it/s) | elapsed 0.8 min | ETA this epoch 6.6 min
  step 500/4061 | loss -5.912 | 110 ms/step (9.13 it/s) | elapsed 0.9 min | ETA this epoch 6.5 min
  step 550/4061 | loss -6.546 | 110 ms/step (9.11 it/s) | elapsed 1.0 min | ETA this epoch 6.4 min
  step 600/4061 | loss -7.254 | 110 ms/step (9.12 it/s) | elapsed 1.1 min | ETA this epoch 6.3 min
  step 650/4061 | loss -5.916 | 109 ms/step (9.18 it/s) | elapsed 1.2 min | ETA this epoch 6.2 min
  step 700/4061 | loss -8.076 | 105 ms/step (9.55 it/s) | elapsed 1.3 min | ETA this epoch 5.9 min
  step 750/4061 | loss -7.444 | 112 ms/step (8.89 it/s) | elapsed 1.4 min | ETA this epoch 6.2 min
  step 800/4061 | loss -9.681 | 109 ms/step (9.15 it/s) | elapsed 1.5 min | ETA this epoch 5.9 min
  step 850/4061 | loss -7.005 | 109 ms/step (9.16 it/s) | elapsed 1.5 min | ETA this epoch 5.8 min
  step 900/4061 | loss -7.374 | 109 ms/step (9.15 it/s) | elapsed 1.6 min | ETA this epoch 5.8 min
  step 950/4061 | loss -8.033 | 98 ms/step (10.21 it/s) | elapsed 1.7 min | ETA this epoch 5.1 min
  step 1000/4061 | loss -6.121 | 89 ms/step (11.28 it/s) | elapsed 1.8 min | ETA this epoch 4.5 min
  step 1050/4061 | loss -6.571 | 85 ms/step (11.74 it/s) | elapsed 1.9 min | ETA this epoch 4.3 min
  step 1100/4061 | loss -8.950 | 81 ms/step (12.36 it/s) | elapsed 1.9 min | ETA this epoch 4.0 min
  step 1150/4061 | loss -6.428 | 82 ms/step (12.21 it/s) | elapsed 2.0 min | ETA this epoch 4.0 min
  step 1200/4061 | loss -8.777 | 85 ms/step (11.75 it/s) | elapsed 2.1 min | ETA this epoch 4.1 min
  step 1250/4061 | loss -8.348 | 85 ms/step (11.77 it/s) | elapsed 2.1 min | ETA this epoch 4.0 min
  step 1300/4061 | loss -8.635 | 108 ms/step (9.22 it/s) | elapsed 2.2 min | ETA this epoch 5.0 min
  step 1350/4061 | loss -7.223 | 112 ms/step (8.96 it/s) | elapsed 2.3 min | ETA this epoch 5.0 min
  step 1400/4061 | loss -6.715 | 107 ms/step (9.36 it/s) | elapsed 2.4 min | ETA this epoch 4.7 min
  step 1450/4061 | loss -7.013 | 106 ms/step (9.43 it/s) | elapsed 2.5 min | ETA this epoch 4.6 min
  step 1500/4061 | loss -7.653 | 104 ms/step (9.63 it/s) | elapsed 2.6 min | ETA this epoch 4.4 min
  step 1550/4061 | loss -6.768 | 112 ms/step (8.95 it/s) | elapsed 2.7 min | ETA this epoch 4.7 min
  step 1600/4061 | loss -6.266 | 106 ms/step (9.43 it/s) | elapsed 2.8 min | ETA this epoch 4.3 min
  step 1650/4061 | loss -5.713 | 103 ms/step (9.69 it/s) | elapsed 2.9 min | ETA this epoch 4.1 min
  step 1700/4061 | loss -6.276 | 102 ms/step (9.83 it/s) | elapsed 2.9 min | ETA this epoch 4.0 min
  step 1750/4061 | loss -7.712 | 105 ms/step (9.53 it/s) | elapsed 3.0 min | ETA this epoch 4.0 min
  step 1800/4061 | loss -5.360 | 106 ms/step (9.47 it/s) | elapsed 3.1 min | ETA this epoch 4.0 min
  step 1850/4061 | loss -6.305 | 105 ms/step (9.53 it/s) | elapsed 3.2 min | ETA this epoch 3.9 min
  step 1900/4061 | loss -8.662 | 105 ms/step (9.55 it/s) | elapsed 3.3 min | ETA this epoch 3.8 min
  step 1950/4061 | loss -8.725 | 107 ms/step (9.35 it/s) | elapsed 3.4 min | ETA this epoch 3.8 min
  step 2000/4061 | loss -5.880 | 109 ms/step (9.20 it/s) | elapsed 3.5 min | ETA this epoch 3.7 min
  step 2050/4061 | loss -8.772 | 106 ms/step (9.48 it/s) | elapsed 3.6 min | ETA this epoch 3.5 min
  step 2100/4061 | loss -5.839 | 113 ms/step (8.83 it/s) | elapsed 3.7 min | ETA this epoch 3.7 min
  step 2150/4061 | loss -6.714 | 103 ms/step (9.71 it/s) | elapsed 3.7 min | ETA this epoch 3.3 min
  step 2200/4061 | loss -7.201 | 108 ms/step (9.30 it/s) | elapsed 3.8 min | ETA this epoch 3.3 min
  step 2250/4061 | loss -7.568 | 105 ms/step (9.56 it/s) | elapsed 3.9 min | ETA this epoch 3.2 min
  step 2300/4061 | loss -7.457 | 100 ms/step (9.96 it/s) | elapsed 4.0 min | ETA this epoch 2.9 min
  step 2350/4061 | loss -7.265 | 104 ms/step (9.60 it/s) | elapsed 4.1 min | ETA this epoch 3.0 min
  step 2400/4061 | loss -7.414 | 107 ms/step (9.36 it/s) | elapsed 4.2 min | ETA this epoch 3.0 min
  step 2450/4061 | loss -6.179 | 103 ms/step (9.71 it/s) | elapsed 4.3 min | ETA this epoch 2.8 min
  step 2500/4061 | loss -7.901 | 109 ms/step (9.21 it/s) | elapsed 4.4 min | ETA this epoch 2.8 min
  step 2550/4061 | loss -7.211 | 96 ms/step (10.37 it/s) | elapsed 4.4 min | ETA this epoch 2.4 min
  step 2600/4061 | loss -6.371 | 79 ms/step (12.64 it/s) | elapsed 4.5 min | ETA this epoch 1.9 min
  step 2650/4061 | loss -7.029 | 75 ms/step (13.33 it/s) | elapsed 4.6 min | ETA this epoch 1.8 min
  step 2700/4061 | loss -6.098 | 79 ms/step (12.70 it/s) | elapsed 4.6 min | ETA this epoch 1.8 min
  step 2750/4061 | loss -7.559 | 77 ms/step (12.93 it/s) | elapsed 4.7 min | ETA this epoch 1.7 min
  step 2800/4061 | loss -6.539 | 79 ms/step (12.59 it/s) | elapsed 4.8 min | ETA this epoch 1.7 min
  step 2850/4061 | loss -8.798 | 82 ms/step (12.15 it/s) | elapsed 4.8 min | ETA this epoch 1.7 min
  step 2900/4061 | loss -6.426 | 75 ms/step (13.39 it/s) | elapsed 4.9 min | ETA this epoch 1.4 min
  step 2950/4061 | loss -6.435 | 73 ms/step (13.79 it/s) | elapsed 4.9 min | ETA this epoch 1.3 min
  step 3000/4061 | loss -7.773 | 72 ms/step (13.89 it/s) | elapsed 5.0 min | ETA this epoch 1.3 min
  step 3050/4061 | loss -7.544 | 72 ms/step (13.95 it/s) | elapsed 5.1 min | ETA this epoch 1.2 min
  step 3100/4061 | loss -7.541 | 78 ms/step (12.77 it/s) | elapsed 5.1 min | ETA this epoch 1.3 min
  step 3150/4061 | loss -8.253 | 81 ms/step (12.40 it/s) | elapsed 5.2 min | ETA this epoch 1.2 min
  step 3200/4061 | loss -6.325 | 78 ms/step (12.88 it/s) | elapsed 5.3 min | ETA this epoch 1.1 min
  step 3250/4061 | loss -7.204 | 106 ms/step (9.45 it/s) | elapsed 5.4 min | ETA this epoch 1.4 min
  step 3300/4061 | loss -8.863 | 105 ms/step (9.56 it/s) | elapsed 5.4 min | ETA this epoch 1.3 min
  step 3350/4061 | loss -7.361 | 101 ms/step (9.91 it/s) | elapsed 5.5 min | ETA this epoch 1.2 min
  step 3400/4061 | loss -6.893 | 102 ms/step (9.76 it/s) | elapsed 5.6 min | ETA this epoch 1.1 min
  step 3450/4061 | loss -6.881 | 104 ms/step (9.57 it/s) | elapsed 5.7 min | ETA this epoch 1.1 min
  step 3500/4061 | loss -6.444 | 105 ms/step (9.55 it/s) | elapsed 5.8 min | ETA this epoch 1.0 min
  step 3550/4061 | loss -7.973 | 104 ms/step (9.64 it/s) | elapsed 5.9 min | ETA this epoch 0.9 min
  step 3600/4061 | loss -8.857 | 105 ms/step (9.53 it/s) | elapsed 6.0 min | ETA this epoch 0.8 min
  step 3650/4061 | loss -7.879 | 107 ms/step (9.37 it/s) | elapsed 6.0 min | ETA this epoch 0.7 min
  step 3700/4061 | loss -6.381 | 104 ms/step (9.59 it/s) | elapsed 6.1 min | ETA this epoch 0.6 min
  step 3750/4061 | loss -5.950 | 105 ms/step (9.52 it/s) | elapsed 6.2 min | ETA this epoch 0.5 min
  step 3800/4061 | loss -6.720 | 102 ms/step (9.76 it/s) | elapsed 6.3 min | ETA this epoch 0.4 min
  step 3850/4061 | loss -6.149 | 102 ms/step (9.76 it/s) | elapsed 6.4 min | ETA this epoch 0.4 min
  step 3900/4061 | loss -7.401 | 98 ms/step (10.23 it/s) | elapsed 6.5 min | ETA this epoch 0.3 min
  step 3950/4061 | loss -7.590 | 102 ms/step (9.82 it/s) | elapsed 6.6 min | ETA this epoch 0.2 min
  step 4000/4061 | loss -7.667 | 102 ms/step (9.83 it/s) | elapsed 6.6 min | ETA this epoch 0.1 min
  step 4050/4061 | loss -8.379 | 104 ms/step (9.64 it/s) | elapsed 6.7 min | ETA this epoch 0.0 min
Epoch 19/50 | Train -7.091 | Val L1 0.0020 | Val SI-SDR 17.60 dB | Time 7.4 min
Saved best model (SI-SDR 17.60 dB) -> /home/bubai-maji/speech_enhancement/script/propose_ablation2/checkpoint_propose_ab2/best_NGDM_SE.pt
  step 50/4061 | loss -5.712 | 105 ms/step (9.52 it/s) | elapsed 0.1 min | ETA this epoch 7.0 min
  step 100/4061 | loss -7.297 | 106 ms/step (9.43 it/s) | elapsed 0.2 min | ETA this epoch 7.0 min
  step 150/4061 | loss -6.497 | 100 ms/step (9.99 it/s) | elapsed 0.3 min | ETA this epoch 6.5 min
  step 200/4061 | loss -7.345 | 106 ms/step (9.43 it/s) | elapsed 0.3 min | ETA this epoch 6.8 min
  step 250/4061 | loss -6.331 | 101 ms/step (9.89 it/s) | elapsed 0.4 min | ETA this epoch 6.4 min
  step 300/4061 | loss -7.425 | 103 ms/step (9.70 it/s) | elapsed 0.5 min | ETA this epoch 6.5 min
  step 350/4061 | loss -8.933 | 103 ms/step (9.73 it/s) | elapsed 0.6 min | ETA this epoch 6.4 min
  step 400/4061 | loss -7.192 | 102 ms/step (9.80 it/s) | elapsed 0.7 min | ETA this epoch 6.2 min
  step 450/4061 | loss -7.446 | 103 ms/step (9.74 it/s) | elapsed 0.8 min | ETA this epoch 6.2 min
  step 500/4061 | loss -5.383 | 105 ms/step (9.51 it/s) | elapsed 0.9 min | ETA this epoch 6.2 min
  step 550/4061 | loss -7.939 | 100 ms/step (10.01 it/s) | elapsed 0.9 min | ETA this epoch 5.8 min
  step 600/4061 | loss -4.943 | 102 ms/step (9.77 it/s) | elapsed 1.0 min | ETA this epoch 5.9 min
  step 650/4061 | loss -7.866 | 106 ms/step (9.41 it/s) | elapsed 1.1 min | ETA this epoch 6.0 min
  step 700/4061 | loss -6.179 | 104 ms/step (9.59 it/s) | elapsed 1.2 min | ETA this epoch 5.8 min
  step 750/4061 | loss -5.149 | 106 ms/step (9.47 it/s) | elapsed 1.3 min | ETA this epoch 5.8 min
  step 800/4061 | loss -7.524 | 101 ms/step (9.90 it/s) | elapsed 1.4 min | ETA this epoch 5.5 min
  step 850/4061 | loss -5.366 | 105 ms/step (9.51 it/s) | elapsed 1.5 min | ETA this epoch 5.6 min
  step 900/4061 | loss -6.114 | 105 ms/step (9.52 it/s) | elapsed 1.6 min | ETA this epoch 5.5 min
  step 950/4061 | loss -8.313 | 107 ms/step (9.34 it/s) | elapsed 1.6 min | ETA this epoch 5.6 min
  step 1000/4061 | loss -8.420 | 107 ms/step (9.31 it/s) | elapsed 1.7 min | ETA this epoch 5.5 min
  step 1050/4061 | loss -5.676 | 101 ms/step (9.87 it/s) | elapsed 1.8 min | ETA this epoch 5.1 min
  step 1100/4061 | loss -6.768 | 107 ms/step (9.37 it/s) | elapsed 1.9 min | ETA this epoch 5.3 min
  step 1150/4061 | loss -5.629 | 108 ms/step (9.24 it/s) | elapsed 2.0 min | ETA this epoch 5.3 min
  step 1200/4061 | loss -7.265 | 106 ms/step (9.48 it/s) | elapsed 2.1 min | ETA this epoch 5.0 min
  step 1250/4061 | loss -7.366 | 103 ms/step (9.68 it/s) | elapsed 2.2 min | ETA this epoch 4.8 min
  step 1300/4061 | loss -6.299 | 104 ms/step (9.60 it/s) | elapsed 2.3 min | ETA this epoch 4.8 min
  step 1350/4061 | loss -7.900 | 102 ms/step (9.77 it/s) | elapsed 2.3 min | ETA this epoch 4.6 min
  step 1400/4061 | loss -7.627 | 101 ms/step (9.94 it/s) | elapsed 2.4 min | ETA this epoch 4.5 min
  step 1450/4061 | loss -5.789 | 101 ms/step (9.89 it/s) | elapsed 2.5 min | ETA this epoch 4.4 min
  step 1500/4061 | loss -6.053 | 108 ms/step (9.29 it/s) | elapsed 2.6 min | ETA this epoch 4.6 min
  step 1550/4061 | loss -5.867 | 104 ms/step (9.59 it/s) | elapsed 2.7 min | ETA this epoch 4.4 min
  step 1600/4061 | loss -6.483 | 78 ms/step (12.79 it/s) | elapsed 2.8 min | ETA this epoch 3.2 min
  step 1650/4061 | loss -6.586 | 83 ms/step (12.04 it/s) | elapsed 2.8 min | ETA this epoch 3.3 min
  step 1700/4061 | loss -5.382 | 79 ms/step (12.65 it/s) | elapsed 2.9 min | ETA this epoch 3.1 min
  step 1750/4061 | loss -7.310 | 75 ms/step (13.32 it/s) | elapsed 2.9 min | ETA this epoch 2.9 min
  step 1800/4061 | loss -6.223 | 78 ms/step (12.77 it/s) | elapsed 3.0 min | ETA this epoch 3.0 min
  step 1850/4061 | loss -6.583 | 75 ms/step (13.39 it/s) | elapsed 3.1 min | ETA this epoch 2.8 min
  step 1900/4061 | loss -6.018 | 74 ms/step (13.58 it/s) | elapsed 3.1 min | ETA this epoch 2.7 min
  step 1950/4061 | loss -6.514 | 73 ms/step (13.75 it/s) | elapsed 3.2 min | ETA this epoch 2.6 min
  step 2000/4061 | loss -7.413 | 82 ms/step (12.15 it/s) | elapsed 3.3 min | ETA this epoch 2.8 min
  step 2050/4061 | loss -6.713 | 74 ms/step (13.53 it/s) | elapsed 3.3 min | ETA this epoch 2.5 min
  step 2100/4061 | loss -6.546 | 70 ms/step (14.38 it/s) | elapsed 3.4 min | ETA this epoch 2.3 min
  step 2150/4061 | loss -7.407 | 74 ms/step (13.51 it/s) | elapsed 3.4 min | ETA this epoch 2.4 min
  step 2200/4061 | loss -5.960 | 75 ms/step (13.29 it/s) | elapsed 3.5 min | ETA this epoch 2.3 min
  step 2250/4061 | loss -6.352 | 84 ms/step (11.94 it/s) | elapsed 3.6 min | ETA this epoch 2.5 min
  step 2300/4061 | loss -7.661 | 106 ms/step (9.46 it/s) | elapsed 3.7 min | ETA this epoch 3.1 min
  step 2350/4061 | loss -7.595 | 107 ms/step (9.37 it/s) | elapsed 3.8 min | ETA this epoch 3.0 min
  step 2400/4061 | loss -7.331 | 101 ms/step (9.91 it/s) | elapsed 3.8 min | ETA this epoch 2.8 min
  step 2450/4061 | loss -5.880 | 104 ms/step (9.61 it/s) | elapsed 3.9 min | ETA this epoch 2.8 min
  step 2500/4061 | loss -7.175 | 105 ms/step (9.56 it/s) | elapsed 4.0 min | ETA this epoch 2.7 min
  step 2550/4061 | loss -4.926 | 105 ms/step (9.55 it/s) | elapsed 4.1 min | ETA this epoch 2.6 min
  step 2600/4061 | loss -6.536 | 105 ms/step (9.56 it/s) | elapsed 4.2 min | ETA this epoch 2.5 min
  step 2650/4061 | loss -7.413 | 105 ms/step (9.53 it/s) | elapsed 4.3 min | ETA this epoch 2.5 min
  step 2700/4061 | loss -7.169 | 105 ms/step (9.52 it/s) | elapsed 4.4 min | ETA this epoch 2.4 min
  step 2750/4061 | loss -7.235 | 103 ms/step (9.76 it/s) | elapsed 4.5 min | ETA this epoch 2.2 min
  step 2800/4061 | loss -6.765 | 99 ms/step (10.05 it/s) | elapsed 4.5 min | ETA this epoch 2.1 min
  step 2850/4061 | loss -3.815 | 105 ms/step (9.56 it/s) | elapsed 4.6 min | ETA this epoch 2.1 min
  step 2900/4061 | loss -6.705 | 103 ms/step (9.75 it/s) | elapsed 4.7 min | ETA this epoch 2.0 min
  step 2950/4061 | loss -6.643 | 108 ms/step (9.29 it/s) | elapsed 4.8 min | ETA this epoch 2.0 min
  step 3000/4061 | loss -6.682 | 107 ms/step (9.35 it/s) | elapsed 4.9 min | ETA this epoch 1.9 min
  step 3050/4061 | loss -6.892 | 104 ms/step (9.64 it/s) | elapsed 5.0 min | ETA this epoch 1.7 min
  step 3100/4061 | loss -6.270 | 107 ms/step (9.36 it/s) | elapsed 5.1 min | ETA this epoch 1.7 min
  step 3150/4061 | loss -8.741 | 110 ms/step (9.11 it/s) | elapsed 5.2 min | ETA this epoch 1.7 min
  step 3200/4061 | loss -5.465 | 102 ms/step (9.76 it/s) | elapsed 5.2 min | ETA this epoch 1.5 min
  step 3250/4061 | loss -5.781 | 104 ms/step (9.58 it/s) | elapsed 5.3 min | ETA this epoch 1.4 min
  step 3300/4061 | loss -7.011 | 104 ms/step (9.62 it/s) | elapsed 5.4 min | ETA this epoch 1.3 min
  step 3350/4061 | loss -7.957 | 103 ms/step (9.71 it/s) | elapsed 5.5 min | ETA this epoch 1.2 min
  step 3400/4061 | loss -6.366 | 105 ms/step (9.53 it/s) | elapsed 5.6 min | ETA this epoch 1.2 min
  step 3450/4061 | loss -7.040 | 108 ms/step (9.24 it/s) | elapsed 5.7 min | ETA this epoch 1.1 min
  step 3500/4061 | loss -6.849 | 102 ms/step (9.83 it/s) | elapsed 5.8 min | ETA this epoch 1.0 min
  step 3550/4061 | loss -7.346 | 75 ms/step (13.26 it/s) | elapsed 5.8 min | ETA this epoch 0.6 min
  step 3600/4061 | loss -6.316 | 80 ms/step (12.54 it/s) | elapsed 5.9 min | ETA this epoch 0.6 min
  step 3650/4061 | loss -7.134 | 86 ms/step (11.67 it/s) | elapsed 6.0 min | ETA this epoch 0.6 min
  step 3700/4061 | loss -6.441 | 79 ms/step (12.69 it/s) | elapsed 6.0 min | ETA this epoch 0.5 min
  step 3750/4061 | loss -7.361 | 75 ms/step (13.37 it/s) | elapsed 6.1 min | ETA this epoch 0.4 min
  step 3800/4061 | loss -7.909 | 88 ms/step (11.34 it/s) | elapsed 6.2 min | ETA this epoch 0.4 min
  step 3850/4061 | loss -7.404 | 94 ms/step (10.63 it/s) | elapsed 6.2 min | ETA this epoch 0.3 min
  step 3900/4061 | loss -5.922 | 88 ms/step (11.40 it/s) | elapsed 6.3 min | ETA this epoch 0.2 min
  step 3950/4061 | loss -5.505 | 85 ms/step (11.80 it/s) | elapsed 6.4 min | ETA this epoch 0.2 min
  step 4000/4061 | loss -6.009 | 78 ms/step (12.76 it/s) | elapsed 6.4 min | ETA this epoch 0.1 min
  step 4050/4061 | loss -6.785 | 94 ms/step (10.62 it/s) | elapsed 6.5 min | ETA this epoch 0.0 min
Epoch 20/50 | Train -7.092 | Val L1 0.0020 | Val SI-SDR 17.58 dB | Time 7.2 min
EarlyStopping counter: 1/7
  step 50/4061 | loss -6.158 | 107 ms/step (9.37 it/s) | elapsed 0.1 min | ETA this epoch 7.1 min
  step 100/4061 | loss -8.772 | 104 ms/step (9.63 it/s) | elapsed 0.2 min | ETA this epoch 6.9 min
  step 150/4061 | loss -7.899 | 101 ms/step (9.86 it/s) | elapsed 0.3 min | ETA this epoch 6.6 min
  step 200/4061 | loss -6.618 | 108 ms/step (9.29 it/s) | elapsed 0.3 min | ETA this epoch 6.9 min
  step 250/4061 | loss -6.867 | 102 ms/step (9.84 it/s) | elapsed 0.4 min | ETA this epoch 6.5 min
  step 300/4061 | loss -9.118 | 103 ms/step (9.69 it/s) | elapsed 0.5 min | ETA this epoch 6.5 min
  step 350/4061 | loss -7.527 | 108 ms/step (9.28 it/s) | elapsed 0.6 min | ETA this epoch 6.7 min
  step 400/4061 | loss -5.904 | 103 ms/step (9.70 it/s) | elapsed 0.7 min | ETA this epoch 6.3 min
  step 450/4061 | loss -6.039 | 107 ms/step (9.33 it/s) | elapsed 0.8 min | ETA this epoch 6.4 min
  step 500/4061 | loss -8.320 | 107 ms/step (9.34 it/s) | elapsed 0.9 min | ETA this epoch 6.4 min
  step 550/4061 | loss -6.677 | 107 ms/step (9.36 it/s) | elapsed 1.0 min | ETA this epoch 6.3 min
  step 600/4061 | loss -6.554 | 106 ms/step (9.45 it/s) | elapsed 1.1 min | ETA this epoch 6.1 min
  step 650/4061 | loss -5.812 | 104 ms/step (9.59 it/s) | elapsed 1.1 min | ETA this epoch 5.9 min
  step 700/4061 | loss -6.427 | 107 ms/step (9.34 it/s) | elapsed 1.2 min | ETA this epoch 6.0 min
  step 750/4061 | loss -7.388 | 104 ms/step (9.65 it/s) | elapsed 1.3 min | ETA this epoch 5.7 min
  step 800/4061 | loss -7.578 | 101 ms/step (9.91 it/s) | elapsed 1.4 min | ETA this epoch 5.5 min
  step 850/4061 | loss -7.653 | 107 ms/step (9.37 it/s) | elapsed 1.5 min | ETA this epoch 5.7 min
  step 900/4061 | loss -7.734 | 101 ms/step (9.88 it/s) | elapsed 1.6 min | ETA this epoch 5.3 min
  step 950/4061 | loss -7.883 | 95 ms/step (10.51 it/s) | elapsed 1.7 min | ETA this epoch 4.9 min
  step 1000/4061 | loss -6.895 | 108 ms/step (9.28 it/s) | elapsed 1.7 min | ETA this epoch 5.5 min
  step 1050/4061 | loss -6.505 | 107 ms/step (9.31 it/s) | elapsed 1.8 min | ETA this epoch 5.4 min
  step 1100/4061 | loss -7.684 | 104 ms/step (9.58 it/s) | elapsed 1.9 min | ETA this epoch 5.2 min
  step 1150/4061 | loss -8.020 | 104 ms/step (9.60 it/s) | elapsed 2.0 min | ETA this epoch 5.1 min
  step 1200/4061 | loss -6.520 | 108 ms/step (9.28 it/s) | elapsed 2.1 min | ETA this epoch 5.1 min
  step 1250/4061 | loss -7.154 | 105 ms/step (9.48 it/s) | elapsed 2.2 min | ETA this epoch 4.9 min
  step 1300/4061 | loss -7.381 | 103 ms/step (9.67 it/s) | elapsed 2.3 min | ETA this epoch 4.8 min
  step 1350/4061 | loss -5.942 | 101 ms/step (9.95 it/s) | elapsed 2.4 min | ETA this epoch 4.5 min
  step 1400/4061 | loss -7.008 | 98 ms/step (10.20 it/s) | elapsed 2.4 min | ETA this epoch 4.3 min
  step 1450/4061 | loss -5.758 | 106 ms/step (9.43 it/s) | elapsed 2.5 min | ETA this epoch 4.6 min
  step 1500/4061 | loss -8.181 | 106 ms/step (9.39 it/s) | elapsed 2.6 min | ETA this epoch 4.5 min
  step 1550/4061 | loss -7.823 | 103 ms/step (9.70 it/s) | elapsed 2.7 min | ETA this epoch 4.3 min
  step 1600/4061 | loss -7.602 | 102 ms/step (9.79 it/s) | elapsed 2.8 min | ETA this epoch 4.2 min
  step 1650/4061 | loss -5.719 | 105 ms/step (9.57 it/s) | elapsed 2.9 min | ETA this epoch 4.2 min
  step 1700/4061 | loss -8.923 | 98 ms/step (10.22 it/s) | elapsed 3.0 min | ETA this epoch 3.9 min
  step 1750/4061 | loss -6.489 | 101 ms/step (9.86 it/s) | elapsed 3.0 min | ETA this epoch 3.9 min
  step 1800/4061 | loss -9.611 | 105 ms/step (9.54 it/s) | elapsed 3.1 min | ETA this epoch 4.0 min
  step 1850/4061 | loss -7.097 | 101 ms/step (9.86 it/s) | elapsed 3.2 min | ETA this epoch 3.7 min
  step 1900/4061 | loss -7.350 | 104 ms/step (9.60 it/s) | elapsed 3.3 min | ETA this epoch 3.7 min
  step 1950/4061 | loss -5.473 | 104 ms/step (9.57 it/s) | elapsed 3.4 min | ETA this epoch 3.7 min
  step 2000/4061 | loss -6.473 | 105 ms/step (9.56 it/s) | elapsed 3.5 min | ETA this epoch 3.6 min
  step 2050/4061 | loss -6.998 | 102 ms/step (9.79 it/s) | elapsed 3.6 min | ETA this epoch 3.4 min
  step 2100/4061 | loss -6.916 | 107 ms/step (9.33 it/s) | elapsed 3.6 min | ETA this epoch 3.5 min
  step 2150/4061 | loss -7.721 | 105 ms/step (9.49 it/s) | elapsed 3.7 min | ETA this epoch 3.4 min
  step 2200/4061 | loss -7.590 | 104 ms/step (9.64 it/s) | elapsed 3.8 min | ETA this epoch 3.2 min
  step 2250/4061 | loss -5.616 | 110 ms/step (9.13 it/s) | elapsed 3.9 min | ETA this epoch 3.3 min
  step 2300/4061 | loss -6.300 | 111 ms/step (9.00 it/s) | elapsed 4.0 min | ETA this epoch 3.3 min
  step 2350/4061 | loss -8.360 | 110 ms/step (9.11 it/s) | elapsed 4.1 min | ETA this epoch 3.1 min
  step 2400/4061 | loss -7.889 | 98 ms/step (10.16 it/s) | elapsed 4.2 min | ETA this epoch 2.7 min
  step 2450/4061 | loss -6.519 | 65 ms/step (15.44 it/s) | elapsed 4.2 min | ETA this epoch 1.7 min
  step 2500/4061 | loss -7.800 | 71 ms/step (14.12 it/s) | elapsed 4.3 min | ETA this epoch 1.8 min
  step 2550/4061 | loss -6.472 | 80 ms/step (12.43 it/s) | elapsed 4.4 min | ETA this epoch 2.0 min
  step 2600/4061 | loss -6.456 | 87 ms/step (11.44 it/s) | elapsed 4.4 min | ETA this epoch 2.1 min
  step 2650/4061 | loss -6.553 | 78 ms/step (12.83 it/s) | elapsed 4.5 min | ETA this epoch 1.8 min
  step 2700/4061 | loss -8.061 | 87 ms/step (11.51 it/s) | elapsed 4.6 min | ETA this epoch 2.0 min
  step 2750/4061 | loss -7.245 | 89 ms/step (11.21 it/s) | elapsed 4.6 min | ETA this epoch 1.9 min
  step 2800/4061 | loss -7.614 | 101 ms/step (9.88 it/s) | elapsed 4.7 min | ETA this epoch 2.1 min
  step 2850/4061 | loss -7.022 | 109 ms/step (9.19 it/s) | elapsed 4.8 min | ETA this epoch 2.2 min
  step 2900/4061 | loss -5.873 | 109 ms/step (9.22 it/s) | elapsed 4.9 min | ETA this epoch 2.1 min
  step 2950/4061 | loss -7.747 | 110 ms/step (9.08 it/s) | elapsed 5.0 min | ETA this epoch 2.0 min
  step 3000/4061 | loss -6.296 | 110 ms/step (9.13 it/s) | elapsed 5.1 min | ETA this epoch 1.9 min
  step 3050/4061 | loss -7.001 | 111 ms/step (9.04 it/s) | elapsed 5.2 min | ETA this epoch 1.9 min
  step 3100/4061 | loss -6.941 | 108 ms/step (9.27 it/s) | elapsed 5.3 min | ETA this epoch 1.7 min
  step 3150/4061 | loss -6.799 | 109 ms/step (9.15 it/s) | elapsed 5.4 min | ETA this epoch 1.7 min
  step 3200/4061 | loss -7.449 | 114 ms/step (8.79 it/s) | elapsed 5.5 min | ETA this epoch 1.6 min
  step 3250/4061 | loss -6.346 | 111 ms/step (9.04 it/s) | elapsed 5.5 min | ETA this epoch 1.5 min
  step 3300/4061 | loss -6.284 | 110 ms/step (9.12 it/s) | elapsed 5.6 min | ETA this epoch 1.4 min
  step 3350/4061 | loss -7.094 | 110 ms/step (9.12 it/s) | elapsed 5.7 min | ETA this epoch 1.3 min
  step 3400/4061 | loss -7.588 | 111 ms/step (9.03 it/s) | elapsed 5.8 min | ETA this epoch 1.2 min
  step 3450/4061 | loss -9.346 | 108 ms/step (9.26 it/s) | elapsed 5.9 min | ETA this epoch 1.1 min
  step 3500/4061 | loss -7.051 | 109 ms/step (9.14 it/s) | elapsed 6.0 min | ETA this epoch 1.0 min
  step 3550/4061 | loss -6.434 | 109 ms/step (9.16 it/s) | elapsed 6.1 min | ETA this epoch 0.9 min
  step 3600/4061 | loss -6.185 | 109 ms/step (9.20 it/s) | elapsed 6.2 min | ETA this epoch 0.8 min
  step 3650/4061 | loss -6.951 | 110 ms/step (9.12 it/s) | elapsed 6.3 min | ETA this epoch 0.8 min
  step 3700/4061 | loss -6.679 | 111 ms/step (9.00 it/s) | elapsed 6.4 min | ETA this epoch 0.7 min
  step 3750/4061 | loss -5.822 | 108 ms/step (9.27 it/s) | elapsed 6.5 min | ETA this epoch 0.6 min
  step 3800/4061 | loss -7.457 | 110 ms/step (9.08 it/s) | elapsed 6.6 min | ETA this epoch 0.5 min
  step 3850/4061 | loss -7.158 | 110 ms/step (9.13 it/s) | elapsed 6.6 min | ETA this epoch 0.4 min
  step 3900/4061 | loss -5.607 | 111 ms/step (9.05 it/s) | elapsed 6.7 min | ETA this epoch 0.3 min
  step 3950/4061 | loss -7.562 | 110 ms/step (9.06 it/s) | elapsed 6.8 min | ETA this epoch 0.2 min
  step 4000/4061 | loss -6.442 | 110 ms/step (9.10 it/s) | elapsed 6.9 min | ETA this epoch 0.1 min
  step 4050/4061 | loss -7.432 | 84 ms/step (11.87 it/s) | elapsed 7.0 min | ETA this epoch 0.0 min
Epoch 21/50 | Train -7.114 | Val L1 0.0019 | Val SI-SDR 17.53 dB | Time 7.7 min
EarlyStopping counter: 2/7
  step 50/4061 | loss -8.007 | 104 ms/step (9.60 it/s) | elapsed 0.1 min | ETA this epoch 7.0 min
  step 100/4061 | loss -7.473 | 126 ms/step (7.92 it/s) | elapsed 0.2 min | ETA this epoch 8.3 min
  step 150/4061 | loss -7.239 | 113 ms/step (8.89 it/s) | elapsed 0.3 min | ETA this epoch 7.3 min
  step 200/4061 | loss -7.322 | 111 ms/step (9.03 it/s) | elapsed 0.4 min | ETA this epoch 7.1 min
  step 250/4061 | loss -7.901 | 111 ms/step (9.00 it/s) | elapsed 0.5 min | ETA this epoch 7.1 min
  step 300/4061 | loss -6.589 | 110 ms/step (9.07 it/s) | elapsed 0.6 min | ETA this epoch 6.9 min
  step 350/4061 | loss -7.339 | 113 ms/step (8.88 it/s) | elapsed 0.7 min | ETA this epoch 7.0 min
  step 400/4061 | loss -6.899 | 117 ms/step (8.58 it/s) | elapsed 0.8 min | ETA this epoch 7.1 min
  step 450/4061 | loss -6.213 | 98 ms/step (10.17 it/s) | elapsed 0.8 min | ETA this epoch 5.9 min
  step 500/4061 | loss -6.692 | 104 ms/step (9.60 it/s) | elapsed 0.9 min | ETA this epoch 6.2 min
  step 550/4061 | loss -8.639 | 110 ms/step (9.11 it/s) | elapsed 1.0 min | ETA this epoch 6.4 min
  step 600/4061 | loss -7.021 | 103 ms/step (9.76 it/s) | elapsed 1.1 min | ETA this epoch 5.9 min
  step 650/4061 | loss -7.703 | 99 ms/step (10.07 it/s) | elapsed 1.2 min | ETA this epoch 5.6 min
  step 700/4061 | loss -8.794 | 100 ms/step (9.95 it/s) | elapsed 1.3 min | ETA this epoch 5.6 min
  step 750/4061 | loss -6.692 | 98 ms/step (10.18 it/s) | elapsed 1.3 min | ETA this epoch 5.4 min
  step 800/4061 | loss -7.847 | 114 ms/step (8.74 it/s) | elapsed 1.4 min | ETA this epoch 6.2 min
  step 850/4061 | loss -7.482 | 104 ms/step (9.58 it/s) | elapsed 1.5 min | ETA this epoch 5.6 min
  step 900/4061 | loss -6.497 | 105 ms/step (9.50 it/s) | elapsed 1.6 min | ETA this epoch 5.5 min
  step 950/4061 | loss -5.771 | 105 ms/step (9.53 it/s) | elapsed 1.7 min | ETA this epoch 5.4 min
  step 1000/4061 | loss -7.595 | 104 ms/step (9.62 it/s) | elapsed 1.8 min | ETA this epoch 5.3 min
  step 1050/4061 | loss -7.090 | 103 ms/step (9.72 it/s) | elapsed 1.9 min | ETA this epoch 5.2 min
  step 1100/4061 | loss -6.151 | 106 ms/step (9.46 it/s) | elapsed 2.0 min | ETA this epoch 5.2 min
  step 1150/4061 | loss -6.678 | 140 ms/step (7.17 it/s) | elapsed 2.1 min | ETA this epoch 6.8 min
  step 1200/4061 | loss -5.952 | 111 ms/step (9.02 it/s) | elapsed 2.2 min | ETA this epoch 5.3 min
  step 1250/4061 | loss -8.060 | 142 ms/step (7.04 it/s) | elapsed 2.3 min | ETA this epoch 6.7 min
  step 1300/4061 | loss -6.899 | 134 ms/step (7.44 it/s) | elapsed 2.4 min | ETA this epoch 6.2 min
  step 1350/4061 | loss -8.015 | 135 ms/step (7.39 it/s) | elapsed 2.5 min | ETA this epoch 6.1 min
  step 1400/4061 | loss -4.570 | 124 ms/step (8.06 it/s) | elapsed 2.6 min | ETA this epoch 5.5 min
  step 1450/4061 | loss -4.924 | 112 ms/step (8.92 it/s) | elapsed 2.7 min | ETA this epoch 4.9 min
  step 1500/4061 | loss -7.549 | 118 ms/step (8.47 it/s) | elapsed 2.8 min | ETA this epoch 5.0 min
  step 1550/4061 | loss -8.604 | 122 ms/step (8.19 it/s) | elapsed 2.9 min | ETA this epoch 5.1 min
  step 1600/4061 | loss -6.339 | 121 ms/step (8.27 it/s) | elapsed 3.0 min | ETA this epoch 5.0 min
  step 1650/4061 | loss -7.953 | 124 ms/step (8.06 it/s) | elapsed 3.1 min | ETA this epoch 5.0 min
  step 1700/4061 | loss -8.029 | 131 ms/step (7.62 it/s) | elapsed 3.2 min | ETA this epoch 5.2 min
  step 1750/4061 | loss -6.369 | 114 ms/step (8.76 it/s) | elapsed 3.3 min | ETA this epoch 4.4 min
  step 1800/4061 | loss -7.603 | 121 ms/step (8.26 it/s) | elapsed 3.4 min | ETA this epoch 4.6 min
  step 1850/4061 | loss -7.818 | 115 ms/step (8.69 it/s) | elapsed 3.5 min | ETA this epoch 4.2 min
  step 1900/4061 | loss -5.954 | 146 ms/step (6.83 it/s) | elapsed 3.6 min | ETA this epoch 5.3 min
  step 1950/4061 | loss -5.417 | 141 ms/step (7.11 it/s) | elapsed 3.8 min | ETA this epoch 5.0 min
  step 2000/4061 | loss -7.747 | 118 ms/step (8.48 it/s) | elapsed 3.9 min | ETA this epoch 4.1 min
  step 2050/4061 | loss -7.164 | 116 ms/step (8.59 it/s) | elapsed 4.0 min | ETA this epoch 3.9 min
  step 2100/4061 | loss -7.370 | 142 ms/step (7.03 it/s) | elapsed 4.1 min | ETA this epoch 4.6 min
  step 2150/4061 | loss -8.389 | 126 ms/step (7.96 it/s) | elapsed 4.2 min | ETA this epoch 4.0 min
  step 2200/4061 | loss -6.992 | 128 ms/step (7.83 it/s) | elapsed 4.3 min | ETA this epoch 4.0 min
  step 2250/4061 | loss -5.947 | 123 ms/step (8.15 it/s) | elapsed 4.4 min | ETA this epoch 3.7 min
  step 2300/4061 | loss -5.939 | 131 ms/step (7.65 it/s) | elapsed 4.5 min | ETA this epoch 3.8 min
  step 2350/4061 | loss -7.743 | 130 ms/step (7.69 it/s) | elapsed 4.6 min | ETA this epoch 3.7 min
  step 2400/4061 | loss -6.236 | 117 ms/step (8.53 it/s) | elapsed 4.7 min | ETA this epoch 3.2 min
  step 2450/4061 | loss -7.600 | 134 ms/step (7.48 it/s) | elapsed 4.8 min | ETA this epoch 3.6 min
  step 2500/4061 | loss -6.152 | 138 ms/step (7.22 it/s) | elapsed 4.9 min | ETA this epoch 3.6 min
  step 2550/4061 | loss -6.864 | 110 ms/step (9.10 it/s) | elapsed 5.0 min | ETA this epoch 2.8 min
  step 2600/4061 | loss -5.903 | 110 ms/step (9.09 it/s) | elapsed 5.1 min | ETA this epoch 2.7 min
  step 2650/4061 | loss -7.108 | 110 ms/step (9.05 it/s) | elapsed 5.2 min | ETA this epoch 2.6 min
  step 2700/4061 | loss -7.578 | 94 ms/step (10.63 it/s) | elapsed 5.3 min | ETA this epoch 2.1 min
  step 2750/4061 | loss -6.071 | 87 ms/step (11.55 it/s) | elapsed 5.4 min | ETA this epoch 1.9 min
  step 2800/4061 | loss -8.118 | 91 ms/step (10.93 it/s) | elapsed 5.4 min | ETA this epoch 1.9 min
  step 2850/4061 | loss -7.509 | 87 ms/step (11.51 it/s) | elapsed 5.5 min | ETA this epoch 1.8 min
  step 2900/4061 | loss -7.826 | 101 ms/step (9.87 it/s) | elapsed 5.6 min | ETA this epoch 2.0 min
  step 2950/4061 | loss -5.717 | 109 ms/step (9.14 it/s) | elapsed 5.7 min | ETA this epoch 2.0 min
  step 3000/4061 | loss -5.166 | 110 ms/step (9.10 it/s) | elapsed 5.8 min | ETA this epoch 1.9 min
  step 3050/4061 | loss -6.290 | 111 ms/step (9.03 it/s) | elapsed 5.9 min | ETA this epoch 1.9 min
  step 3100/4061 | loss -7.399 | 110 ms/step (9.09 it/s) | elapsed 6.0 min | ETA this epoch 1.8 min
  step 3150/4061 | loss -8.549 | 110 ms/step (9.10 it/s) | elapsed 6.0 min | ETA this epoch 1.7 min
  step 3200/4061 | loss -9.512 | 107 ms/step (9.31 it/s) | elapsed 6.1 min | ETA this epoch 1.5 min
  step 3250/4061 | loss -8.265 | 109 ms/step (9.15 it/s) | elapsed 6.2 min | ETA this epoch 1.5 min
  step 3300/4061 | loss -8.046 | 109 ms/step (9.18 it/s) | elapsed 6.3 min | ETA this epoch 1.4 min
  step 3350/4061 | loss -6.206 | 110 ms/step (9.06 it/s) | elapsed 6.4 min | ETA this epoch 1.3 min
  step 3400/4061 | loss -6.544 | 110 ms/step (9.10 it/s) | elapsed 6.5 min | ETA this epoch 1.2 min
  step 3450/4061 | loss -8.188 | 109 ms/step (9.17 it/s) | elapsed 6.6 min | ETA this epoch 1.1 min
  step 3500/4061 | loss -7.472 | 110 ms/step (9.11 it/s) | elapsed 6.7 min | ETA this epoch 1.0 min
  step 3550/4061 | loss -5.680 | 111 ms/step (9.03 it/s) | elapsed 6.8 min | ETA this epoch 0.9 min
  step 3600/4061 | loss -6.764 | 109 ms/step (9.14 it/s) | elapsed 6.9 min | ETA this epoch 0.8 min
  step 3650/4061 | loss -6.115 | 109 ms/step (9.15 it/s) | elapsed 7.0 min | ETA this epoch 0.7 min
  step 3700/4061 | loss -6.641 | 110 ms/step (9.11 it/s) | elapsed 7.0 min | ETA this epoch 0.7 min
  step 3750/4061 | loss -7.162 | 112 ms/step (8.95 it/s) | elapsed 7.1 min | ETA this epoch 0.6 min
  step 3800/4061 | loss -6.974 | 110 ms/step (9.13 it/s) | elapsed 7.2 min | ETA this epoch 0.5 min
  step 3850/4061 | loss -6.758 | 110 ms/step (9.05 it/s) | elapsed 7.3 min | ETA this epoch 0.4 min
  step 3900/4061 | loss -8.846 | 108 ms/step (9.25 it/s) | elapsed 7.4 min | ETA this epoch 0.3 min
  step 3950/4061 | loss -7.652 | 111 ms/step (8.98 it/s) | elapsed 7.5 min | ETA this epoch 0.2 min
  step 4000/4061 | loss -8.776 | 111 ms/step (9.04 it/s) | elapsed 7.6 min | ETA this epoch 0.1 min
  step 4050/4061 | loss -6.862 | 111 ms/step (9.00 it/s) | elapsed 7.7 min | ETA this epoch 0.0 min
Epoch 22/50 | Train -7.137 | Val L1 0.0019 | Val SI-SDR 17.76 dB | Time 8.0 min
Saved best model (SI-SDR 17.76 dB) -> /home/bubai-maji/speech_enhancement/script/propose_ablation2/checkpoint_propose_ab2/best_NGDM_SE.pt
  step 50/4061 | loss -6.794 | 108 ms/step (9.24 it/s) | elapsed 0.1 min | ETA this epoch 7.2 min
  step 100/4061 | loss -5.072 | 100 ms/step (9.97 it/s) | elapsed 0.2 min | ETA this epoch 6.6 min
  step 150/4061 | loss -7.842 | 93 ms/step (10.76 it/s) | elapsed 0.3 min | ETA this epoch 6.1 min
  step 200/4061 | loss -6.427 | 88 ms/step (11.38 it/s) | elapsed 0.3 min | ETA this epoch 5.7 min
  step 250/4061 | loss -5.499 | 97 ms/step (10.30 it/s) | elapsed 0.4 min | ETA this epoch 6.2 min
  step 300/4061 | loss -5.867 | 110 ms/step (9.10 it/s) | elapsed 0.5 min | ETA this epoch 6.9 min
  step 350/4061 | loss -6.065 | 111 ms/step (9.02 it/s) | elapsed 0.6 min | ETA this epoch 6.9 min
  step 400/4061 | loss -6.387 | 109 ms/step (9.17 it/s) | elapsed 0.7 min | ETA this epoch 6.7 min
  step 450/4061 | loss -7.767 | 110 ms/step (9.09 it/s) | elapsed 0.8 min | ETA this epoch 6.6 min
  step 500/4061 | loss -7.574 | 109 ms/step (9.18 it/s) | elapsed 0.9 min | ETA this epoch 6.5 min
  step 550/4061 | loss -7.621 | 111 ms/step (9.01 it/s) | elapsed 1.0 min | ETA this epoch 6.5 min
  step 600/4061 | loss -7.986 | 108 ms/step (9.22 it/s) | elapsed 1.0 min | ETA this epoch 6.3 min
  step 650/4061 | loss -7.283 | 110 ms/step (9.07 it/s) | elapsed 1.1 min | ETA this epoch 6.3 min
  step 700/4061 | loss -7.476 | 110 ms/step (9.07 it/s) | elapsed 1.2 min | ETA this epoch 6.2 min
  step 750/4061 | loss -6.236 | 112 ms/step (8.95 it/s) | elapsed 1.3 min | ETA this epoch 6.2 min
  step 800/4061 | loss -6.288 | 110 ms/step (9.05 it/s) | elapsed 1.4 min | ETA this epoch 6.0 min
  step 850/4061 | loss -7.484 | 110 ms/step (9.08 it/s) | elapsed 1.5 min | ETA this epoch 5.9 min
  step 900/4061 | loss -6.459 | 110 ms/step (9.07 it/s) | elapsed 1.6 min | ETA this epoch 5.8 min
  step 950/4061 | loss -6.176 | 110 ms/step (9.11 it/s) | elapsed 1.7 min | ETA this epoch 5.7 min
  step 1000/4061 | loss -6.494 | 106 ms/step (9.45 it/s) | elapsed 1.8 min | ETA this epoch 5.4 min
  step 1050/4061 | loss -7.182 | 111 ms/step (9.05 it/s) | elapsed 1.9 min | ETA this epoch 5.5 min
  step 1100/4061 | loss -6.456 | 108 ms/step (9.24 it/s) | elapsed 2.0 min | ETA this epoch 5.3 min
  step 1150/4061 | loss -6.559 | 109 ms/step (9.16 it/s) | elapsed 2.1 min | ETA this epoch 5.3 min
  step 1200/4061 | loss -6.584 | 111 ms/step (9.03 it/s) | elapsed 2.1 min | ETA this epoch 5.3 min
  step 1250/4061 | loss -5.777 | 110 ms/step (9.13 it/s) | elapsed 2.2 min | ETA this epoch 5.1 min
  step 1300/4061 | loss -6.464 | 110 ms/step (9.12 it/s) | elapsed 2.3 min | ETA this epoch 5.0 min
  step 1350/4061 | loss -6.447 | 108 ms/step (9.26 it/s) | elapsed 2.4 min | ETA this epoch 4.9 min
  step 1400/4061 | loss -7.709 | 110 ms/step (9.13 it/s) | elapsed 2.5 min | ETA this epoch 4.9 min
  step 1450/4061 | loss -8.405 | 110 ms/step (9.12 it/s) | elapsed 2.6 min | ETA this epoch 4.8 min
  step 1500/4061 | loss -7.496 | 110 ms/step (9.12 it/s) | elapsed 2.7 min | ETA this epoch 4.7 min
  step 1550/4061 | loss -6.787 | 111 ms/step (9.03 it/s) | elapsed 2.8 min | ETA this epoch 4.6 min
  step 1600/4061 | loss -6.437 | 110 ms/step (9.05 it/s) | elapsed 2.9 min | ETA this epoch 4.5 min
  step 1650/4061 | loss -7.569 | 110 ms/step (9.08 it/s) | elapsed 3.0 min | ETA this epoch 4.4 min
  step 1700/4061 | loss -7.307 | 109 ms/step (9.20 it/s) | elapsed 3.1 min | ETA this epoch 4.3 min
  step 1750/4061 | loss -8.052 | 109 ms/step (9.17 it/s) | elapsed 3.1 min | ETA this epoch 4.2 min
  step 1800/4061 | loss -7.515 | 110 ms/step (9.09 it/s) | elapsed 3.2 min | ETA this epoch 4.1 min
  step 1850/4061 | loss -8.294 | 109 ms/step (9.17 it/s) | elapsed 3.3 min | ETA this epoch 4.0 min
  step 1900/4061 | loss -7.618 | 110 ms/step (9.06 it/s) | elapsed 3.4 min | ETA this epoch 4.0 min
  step 1950/4061 | loss -9.018 | 109 ms/step (9.14 it/s) | elapsed 3.5 min | ETA this epoch 3.9 min
  step 2000/4061 | loss -7.499 | 109 ms/step (9.16 it/s) | elapsed 3.6 min | ETA this epoch 3.8 min
  step 2050/4061 | loss -5.239 | 110 ms/step (9.13 it/s) | elapsed 3.7 min | ETA this epoch 3.7 min
  step 2100/4061 | loss -6.914 | 112 ms/step (8.92 it/s) | elapsed 3.8 min | ETA this epoch 3.7 min
  step 2150/4061 | loss -6.199 | 107 ms/step (9.37 it/s) | elapsed 3.9 min | ETA this epoch 3.4 min
  step 2200/4061 | loss -7.415 | 109 ms/step (9.21 it/s) | elapsed 4.0 min | ETA this epoch 3.4 min
  step 2250/4061 | loss -9.562 | 111 ms/step (9.04 it/s) | elapsed 4.1 min | ETA this epoch 3.3 min
  step 2300/4061 | loss -6.733 | 110 ms/step (9.06 it/s) | elapsed 4.2 min | ETA this epoch 3.2 min
  step 2350/4061 | loss -6.877 | 110 ms/step (9.11 it/s) | elapsed 4.2 min | ETA this epoch 3.1 min
  step 2400/4061 | loss -7.282 | 110 ms/step (9.10 it/s) | elapsed 4.3 min | ETA this epoch 3.0 min
  step 2450/4061 | loss -7.557 | 109 ms/step (9.15 it/s) | elapsed 4.4 min | ETA this epoch 2.9 min
  step 2500/4061 | loss -7.417 | 109 ms/step (9.18 it/s) | elapsed 4.5 min | ETA this epoch 2.8 min
  step 2550/4061 | loss -9.181 | 110 ms/step (9.08 it/s) | elapsed 4.6 min | ETA this epoch 2.8 min
  step 2600/4061 | loss -7.494 | 110 ms/step (9.13 it/s) | elapsed 4.7 min | ETA this epoch 2.7 min
  step 2650/4061 | loss -7.048 | 110 ms/step (9.09 it/s) | elapsed 4.8 min | ETA this epoch 2.6 min
  step 2700/4061 | loss -6.961 | 111 ms/step (9.01 it/s) | elapsed 4.9 min | ETA this epoch 2.5 min
  step 2750/4061 | loss -8.030 | 112 ms/step (8.90 it/s) | elapsed 5.0 min | ETA this epoch 2.5 min
  step 2800/4061 | loss -6.938 | 109 ms/step (9.13 it/s) | elapsed 5.1 min | ETA this epoch 2.3 min
  step 2850/4061 | loss -6.746 | 94 ms/step (10.60 it/s) | elapsed 5.1 min | ETA this epoch 1.9 min
  step 2900/4061 | loss -7.826 | 98 ms/step (10.21 it/s) | elapsed 5.2 min | ETA this epoch 1.9 min
  step 2950/4061 | loss -8.444 | 96 ms/step (10.43 it/s) | elapsed 5.3 min | ETA this epoch 1.8 min
  step 3000/4061 | loss -7.116 | 91 ms/step (11.00 it/s) | elapsed 5.4 min | ETA this epoch 1.6 min
  step 3050/4061 | loss -7.999 | 104 ms/step (9.59 it/s) | elapsed 5.5 min | ETA this epoch 1.8 min
  step 3100/4061 | loss -8.149 | 111 ms/step (8.98 it/s) | elapsed 5.6 min | ETA this epoch 1.8 min
  step 3150/4061 | loss -7.216 | 109 ms/step (9.19 it/s) | elapsed 5.7 min | ETA this epoch 1.7 min
  step 3200/4061 | loss -5.364 | 110 ms/step (9.08 it/s) | elapsed 5.7 min | ETA this epoch 1.6 min
  step 3250/4061 | loss -7.596 | 109 ms/step (9.19 it/s) | elapsed 5.8 min | ETA this epoch 1.5 min
  step 3300/4061 | loss -9.359 | 110 ms/step (9.10 it/s) | elapsed 5.9 min | ETA this epoch 1.4 min
  step 3350/4061 | loss -6.582 | 110 ms/step (9.08 it/s) | elapsed 6.0 min | ETA this epoch 1.3 min
  step 3400/4061 | loss -6.555 | 111 ms/step (9.01 it/s) | elapsed 6.1 min | ETA this epoch 1.2 min
  step 3450/4061 | loss -7.939 | 108 ms/step (9.22 it/s) | elapsed 6.2 min | ETA this epoch 1.1 min
  step 3500/4061 | loss -7.840 | 111 ms/step (9.02 it/s) | elapsed 6.3 min | ETA this epoch 1.0 min
  step 3550/4061 | loss -7.991 | 110 ms/step (9.10 it/s) | elapsed 6.4 min | ETA this epoch 0.9 min
  step 3600/4061 | loss -7.613 | 109 ms/step (9.18 it/s) | elapsed 6.5 min | ETA this epoch 0.8 min
  step 3650/4061 | loss -7.844 | 110 ms/step (9.11 it/s) | elapsed 6.6 min | ETA this epoch 0.8 min
  step 3700/4061 | loss -6.255 | 110 ms/step (9.12 it/s) | elapsed 6.7 min | ETA this epoch 0.7 min
  step 3750/4061 | loss -7.450 | 109 ms/step (9.14 it/s) | elapsed 6.8 min | ETA this epoch 0.6 min
  step 3800/4061 | loss -6.606 | 110 ms/step (9.10 it/s) | elapsed 6.8 min | ETA this epoch 0.5 min
  step 3850/4061 | loss -7.202 | 109 ms/step (9.17 it/s) | elapsed 6.9 min | ETA this epoch 0.4 min
  step 3900/4061 | loss -7.001 | 110 ms/step (9.13 it/s) | elapsed 7.0 min | ETA this epoch 0.3 min
  step 3950/4061 | loss -7.587 | 110 ms/step (9.08 it/s) | elapsed 7.1 min | ETA this epoch 0.2 min
  step 4000/4061 | loss -9.566 | 110 ms/step (9.12 it/s) | elapsed 7.2 min | ETA this epoch 0.1 min
  step 4050/4061 | loss -8.022 | 109 ms/step (9.20 it/s) | elapsed 7.3 min | ETA this epoch 0.0 min
Epoch 23/50 | Train -7.141 | Val L1 0.0019 | Val SI-SDR 17.77 dB | Time 7.7 min
Saved best model (SI-SDR 17.77 dB) -> /home/bubai-maji/speech_enhancement/script/propose_ablation2/checkpoint_propose_ab2/best_NGDM_SE.pt
  step 50/4061 | loss -8.177 | 110 ms/step (9.07 it/s) | elapsed 0.1 min | ETA this epoch 7.4 min
  step 100/4061 | loss -7.193 | 110 ms/step (9.08 it/s) | elapsed 0.2 min | ETA this epoch 7.3 min
  step 150/4061 | loss -7.981 | 109 ms/step (9.20 it/s) | elapsed 0.3 min | ETA this epoch 7.1 min
  step 200/4061 | loss -7.565 | 80 ms/step (12.44 it/s) | elapsed 0.3 min | ETA this epoch 5.2 min
  step 250/4061 | loss -7.975 | 87 ms/step (11.51 it/s) | elapsed 0.4 min | ETA this epoch 5.5 min
  step 300/4061 | loss -5.511 | 84 ms/step (11.90 it/s) | elapsed 0.5 min | ETA this epoch 5.3 min
  step 350/4061 | loss -7.460 | 86 ms/step (11.66 it/s) | elapsed 0.6 min | ETA this epoch 5.3 min
  step 400/4061 | loss -6.164 | 90 ms/step (11.13 it/s) | elapsed 0.6 min | ETA this epoch 5.5 min
  step 450/4061 | loss -7.117 | 108 ms/step (9.26 it/s) | elapsed 0.7 min | ETA this epoch 6.5 min
  step 500/4061 | loss -7.469 | 108 ms/step (9.27 it/s) | elapsed 0.8 min | ETA this epoch 6.4 min
  step 550/4061 | loss -8.608 | 108 ms/step (9.26 it/s) | elapsed 0.9 min | ETA this epoch 6.3 min
  step 600/4061 | loss -6.749 | 111 ms/step (8.97 it/s) | elapsed 1.0 min | ETA this epoch 6.4 min
  step 650/4061 | loss -7.054 | 111 ms/step (8.97 it/s) | elapsed 1.1 min | ETA this epoch 6.3 min
  step 700/4061 | loss -7.477 | 106 ms/step (9.47 it/s) | elapsed 1.2 min | ETA this epoch 5.9 min
  step 750/4061 | loss -6.180 | 109 ms/step (9.14 it/s) | elapsed 1.3 min | ETA this epoch 6.0 min
  step 800/4061 | loss -7.206 | 110 ms/step (9.07 it/s) | elapsed 1.4 min | ETA this epoch 6.0 min
  step 850/4061 | loss -7.882 | 110 ms/step (9.05 it/s) | elapsed 1.4 min | ETA this epoch 5.9 min
  step 900/4061 | loss -6.047 | 111 ms/step (9.04 it/s) | elapsed 1.5 min | ETA this epoch 5.8 min
  step 950/4061 | loss -6.833 | 108 ms/step (9.22 it/s) | elapsed 1.6 min | ETA this epoch 5.6 min
  step 1000/4061 | loss -6.974 | 110 ms/step (9.07 it/s) | elapsed 1.7 min | ETA this epoch 5.6 min
  step 1050/4061 | loss -8.750 | 109 ms/step (9.14 it/s) | elapsed 1.8 min | ETA this epoch 5.5 min
  step 1100/4061 | loss -6.483 | 110 ms/step (9.07 it/s) | elapsed 1.9 min | ETA this epoch 5.4 min
  step 1150/4061 | loss -4.729 | 111 ms/step (9.02 it/s) | elapsed 2.0 min | ETA this epoch 5.4 min
  step 1200/4061 | loss -7.646 | 110 ms/step (9.13 it/s) | elapsed 2.1 min | ETA this epoch 5.2 min
  step 1250/4061 | loss -7.043 | 109 ms/step (9.15 it/s) | elapsed 2.2 min | ETA this epoch 5.1 min
  step 1300/4061 | loss -6.250 | 110 ms/step (9.09 it/s) | elapsed 2.3 min | ETA this epoch 5.1 min
  step 1350/4061 | loss -10.223 | 108 ms/step (9.22 it/s) | elapsed 2.4 min | ETA this epoch 4.9 min
  step 1400/4061 | loss -5.770 | 110 ms/step (9.08 it/s) | elapsed 2.5 min | ETA this epoch 4.9 min
  step 1450/4061 | loss -7.602 | 109 ms/step (9.15 it/s) | elapsed 2.5 min | ETA this epoch 4.8 min
  step 1500/4061 | loss -6.104 | 110 ms/step (9.13 it/s) | elapsed 2.6 min | ETA this epoch 4.7 min
  step 1550/4061 | loss -7.725 | 109 ms/step (9.15 it/s) | elapsed 2.7 min | ETA this epoch 4.6 min
  step 1600/4061 | loss -5.197 | 110 ms/step (9.13 it/s) | elapsed 2.8 min | ETA this epoch 4.5 min
  step 1650/4061 | loss -6.875 | 110 ms/step (9.07 it/s) | elapsed 2.9 min | ETA this epoch 4.4 min
  step 1700/4061 | loss -9.324 | 110 ms/step (9.08 it/s) | elapsed 3.0 min | ETA this epoch 4.3 min
  step 1750/4061 | loss -11.178 | 109 ms/step (9.15 it/s) | elapsed 3.1 min | ETA this epoch 4.2 min
  step 1800/4061 | loss -6.781 | 110 ms/step (9.09 it/s) | elapsed 3.2 min | ETA this epoch 4.1 min
  step 1850/4061 | loss -7.004 | 110 ms/step (9.13 it/s) | elapsed 3.3 min | ETA this epoch 4.0 min
  step 1900/4061 | loss -7.886 | 110 ms/step (9.11 it/s) | elapsed 3.4 min | ETA this epoch 4.0 min
  step 1950/4061 | loss -7.424 | 110 ms/step (9.12 it/s) | elapsed 3.5 min | ETA this epoch 3.9 min
  step 2000/4061 | loss -9.260 | 109 ms/step (9.14 it/s) | elapsed 3.6 min | ETA this epoch 3.8 min
  step 2050/4061 | loss -8.106 | 112 ms/step (8.92 it/s) | elapsed 3.6 min | ETA this epoch 3.8 min
  step 2100/4061 | loss -6.477 | 109 ms/step (9.21 it/s) | elapsed 3.7 min | ETA this epoch 3.5 min
  step 2150/4061 | loss -7.667 | 110 ms/step (9.13 it/s) | elapsed 3.8 min | ETA this epoch 3.5 min
  step 2200/4061 | loss -5.889 | 110 ms/step (9.11 it/s) | elapsed 3.9 min | ETA this epoch 3.4 min
  step 2250/4061 | loss -6.583 | 109 ms/step (9.19 it/s) | elapsed 4.0 min | ETA this epoch 3.3 min
  step 2300/4061 | loss -7.221 | 111 ms/step (9.00 it/s) | elapsed 4.1 min | ETA this epoch 3.3 min
  step 2350/4061 | loss -7.868 | 111 ms/step (8.98 it/s) | elapsed 4.2 min | ETA this epoch 3.2 min
  step 2400/4061 | loss -6.905 | 111 ms/step (9.04 it/s) | elapsed 4.3 min | ETA this epoch 3.1 min
  step 2450/4061 | loss -5.904 | 110 ms/step (9.09 it/s) | elapsed 4.4 min | ETA this epoch 3.0 min
  step 2500/4061 | loss -9.108 | 110 ms/step (9.09 it/s) | elapsed 4.5 min | ETA this epoch 2.9 min
  step 2550/4061 | loss -7.160 | 110 ms/step (9.12 it/s) | elapsed 4.6 min | ETA this epoch 2.8 min
  step 2600/4061 | loss -8.190 | 110 ms/step (9.05 it/s) | elapsed 4.7 min | ETA this epoch 2.7 min
  step 2650/4061 | loss -6.067 | 111 ms/step (9.04 it/s) | elapsed 4.7 min | ETA this epoch 2.6 min
  step 2700/4061 | loss -7.013 | 109 ms/step (9.16 it/s) | elapsed 4.8 min | ETA this epoch 2.5 min
  step 2750/4061 | loss -7.678 | 110 ms/step (9.13 it/s) | elapsed 4.9 min | ETA this epoch 2.4 min
  step 2800/4061 | loss -7.156 | 111 ms/step (8.99 it/s) | elapsed 5.0 min | ETA this epoch 2.3 min
  step 2850/4061 | loss -7.103 | 109 ms/step (9.21 it/s) | elapsed 5.1 min | ETA this epoch 2.2 min
  step 2900/4061 | loss -6.541 | 109 ms/step (9.13 it/s) | elapsed 5.2 min | ETA this epoch 2.1 min
  step 2950/4061 | loss -6.762 | 112 ms/step (8.93 it/s) | elapsed 5.3 min | ETA this epoch 2.1 min
  step 3000/4061 | loss -6.791 | 89 ms/step (11.26 it/s) | elapsed 5.4 min | ETA this epoch 1.6 min
  step 3050/4061 | loss -8.672 | 92 ms/step (10.92 it/s) | elapsed 5.4 min | ETA this epoch 1.5 min
  step 3100/4061 | loss -7.271 | 91 ms/step (10.94 it/s) | elapsed 5.5 min | ETA this epoch 1.5 min
  step 3150/4061 | loss -7.874 | 92 ms/step (10.92 it/s) | elapsed 5.6 min | ETA this epoch 1.4 min
  step 3200/4061 | loss -9.198 | 107 ms/step (9.31 it/s) | elapsed 5.7 min | ETA this epoch 1.5 min
  step 3250/4061 | loss -7.952 | 110 ms/step (9.13 it/s) | elapsed 5.8 min | ETA this epoch 1.5 min
  step 3300/4061 | loss -6.866 | 109 ms/step (9.14 it/s) | elapsed 5.9 min | ETA this epoch 1.4 min
  step 3350/4061 | loss -8.067 | 110 ms/step (9.07 it/s) | elapsed 6.0 min | ETA this epoch 1.3 min
  step 3400/4061 | loss -7.580 | 109 ms/step (9.15 it/s) | elapsed 6.1 min | ETA this epoch 1.2 min
  step 3450/4061 | loss -5.703 | 109 ms/step (9.14 it/s) | elapsed 6.1 min | ETA this epoch 1.1 min
  step 3500/4061 | loss -4.503 | 109 ms/step (9.14 it/s) | elapsed 6.2 min | ETA this epoch 1.0 min
  step 3550/4061 | loss -7.431 | 110 ms/step (9.09 it/s) | elapsed 6.3 min | ETA this epoch 0.9 min
  step 3600/4061 | loss -5.892 | 109 ms/step (9.16 it/s) | elapsed 6.4 min | ETA this epoch 0.8 min
  step 3650/4061 | loss -7.201 | 110 ms/step (9.09 it/s) | elapsed 6.5 min | ETA this epoch 0.8 min
  step 3700/4061 | loss -5.355 | 109 ms/step (9.14 it/s) | elapsed 6.6 min | ETA this epoch 0.7 min
  step 3750/4061 | loss -5.685 | 109 ms/step (9.14 it/s) | elapsed 6.7 min | ETA this epoch 0.6 min
  step 3800/4061 | loss -6.410 | 108 ms/step (9.25 it/s) | elapsed 6.8 min | ETA this epoch 0.5 min
  step 3850/4061 | loss -6.083 | 109 ms/step (9.16 it/s) | elapsed 6.9 min | ETA this epoch 0.4 min
  step 3900/4061 | loss -6.386 | 110 ms/step (9.10 it/s) | elapsed 7.0 min | ETA this epoch 0.3 min
  step 3950/4061 | loss -7.260 | 111 ms/step (9.04 it/s) | elapsed 7.1 min | ETA this epoch 0.2 min
  step 4000/4061 | loss -6.351 | 111 ms/step (8.98 it/s) | elapsed 7.1 min | ETA this epoch 0.1 min
  step 4050/4061 | loss -7.386 | 110 ms/step (9.12 it/s) | elapsed 7.2 min | ETA this epoch 0.0 min
Epoch 24/50 | Train -7.159 | Val L1 0.0019 | Val SI-SDR 17.82 dB | Time 7.5 min
Saved best model (SI-SDR 17.82 dB) -> /home/bubai-maji/speech_enhancement/script/propose_ablation2/checkpoint_propose_ab2/best_NGDM_SE.pt
  step 50/4061 | loss -8.225 | 111 ms/step (9.01 it/s) | elapsed 0.1 min | ETA this epoch 7.4 min
  step 100/4061 | loss -7.615 | 110 ms/step (9.09 it/s) | elapsed 0.2 min | ETA this epoch 7.3 min
  step 150/4061 | loss -6.292 | 109 ms/step (9.16 it/s) | elapsed 0.3 min | ETA this epoch 7.1 min
  step 200/4061 | loss -6.953 | 110 ms/step (9.10 it/s) | elapsed 0.4 min | ETA this epoch 7.1 min
  step 250/4061 | loss -6.771 | 110 ms/step (9.13 it/s) | elapsed 0.5 min | ETA this epoch 7.0 min
  step 300/4061 | loss -7.192 | 111 ms/step (9.02 it/s) | elapsed 0.6 min | ETA this epoch 6.9 min
  step 350/4061 | loss -6.218 | 109 ms/step (9.20 it/s) | elapsed 0.6 min | ETA this epoch 6.7 min
  step 400/4061 | loss -6.832 | 104 ms/step (9.58 it/s) | elapsed 0.7 min | ETA this epoch 6.4 min
  step 450/4061 | loss -8.633 | 91 ms/step (10.93 it/s) | elapsed 0.8 min | ETA this epoch 5.5 min
  step 500/4061 | loss -6.459 | 91 ms/step (11.04 it/s) | elapsed 0.9 min | ETA this epoch 5.4 min
  step 550/4061 | loss -7.221 | 89 ms/step (11.26 it/s) | elapsed 1.0 min | ETA this epoch 5.2 min
  step 600/4061 | loss -7.258 | 108 ms/step (9.24 it/s) | elapsed 1.0 min | ETA this epoch 6.2 min
  step 650/4061 | loss -6.420 | 111 ms/step (9.02 it/s) | elapsed 1.1 min | ETA this epoch 6.3 min
  step 700/4061 | loss -7.521 | 111 ms/step (9.03 it/s) | elapsed 1.2 min | ETA this epoch 6.2 min
  step 750/4061 | loss -6.200 | 110 ms/step (9.07 it/s) | elapsed 1.3 min | ETA this epoch 6.1 min
  step 800/4061 | loss -5.973 | 109 ms/step (9.15 it/s) | elapsed 1.4 min | ETA this epoch 5.9 min
  step 850/4061 | loss -5.887 | 112 ms/step (8.94 it/s) | elapsed 1.5 min | ETA this epoch 6.0 min
  step 900/4061 | loss -8.385 | 110 ms/step (9.13 it/s) | elapsed 1.6 min | ETA this epoch 5.8 min
  step 950/4061 | loss -7.540 | 110 ms/step (9.12 it/s) | elapsed 1.7 min | ETA this epoch 5.7 min
  step 1000/4061 | loss -8.081 | 109 ms/step (9.14 it/s) | elapsed 1.8 min | ETA this epoch 5.6 min
  step 1050/4061 | loss -7.250 | 111 ms/step (9.05 it/s) | elapsed 1.9 min | ETA this epoch 5.5 min
  step 1100/4061 | loss -6.523 | 109 ms/step (9.14 it/s) | elapsed 2.0 min | ETA this epoch 5.4 min
  step 1150/4061 | loss -6.554 | 109 ms/step (9.22 it/s) | elapsed 2.1 min | ETA this epoch 5.3 min
  step 1200/4061 | loss -5.858 | 111 ms/step (9.01 it/s) | elapsed 2.1 min | ETA this epoch 5.3 min
  step 1250/4061 | loss -6.913 | 109 ms/step (9.15 it/s) | elapsed 2.2 min | ETA this epoch 5.1 min
  step 1300/4061 | loss -7.207 | 110 ms/step (9.10 it/s) | elapsed 2.3 min | ETA this epoch 5.1 min
  step 1350/4061 | loss -7.119 | 110 ms/step (9.05 it/s) | elapsed 2.4 min | ETA this epoch 5.0 min
  step 1400/4061 | loss -5.978 | 109 ms/step (9.21 it/s) | elapsed 2.5 min | ETA this epoch 4.8 min
  step 1450/4061 | loss -7.456 | 109 ms/step (9.14 it/s) | elapsed 2.6 min | ETA this epoch 4.8 min
  step 1500/4061 | loss -7.810 | 110 ms/step (9.13 it/s) | elapsed 2.7 min | ETA this epoch 4.7 min
  step 1550/4061 | loss -6.689 | 110 ms/step (9.12 it/s) | elapsed 2.8 min | ETA this epoch 4.6 min
  step 1600/4061 | loss -6.637 | 109 ms/step (9.19 it/s) | elapsed 2.9 min | ETA this epoch 4.5 min
  step 1650/4061 | loss -6.273 | 111 ms/step (9.03 it/s) | elapsed 3.0 min | ETA this epoch 4.5 min
  step 1700/4061 | loss -7.774 | 109 ms/step (9.14 it/s) | elapsed 3.1 min | ETA this epoch 4.3 min
  step 1750/4061 | loss -7.744 | 110 ms/step (9.08 it/s) | elapsed 3.1 min | ETA this epoch 4.2 min
  step 1800/4061 | loss -7.135 | 111 ms/step (8.98 it/s) | elapsed 3.2 min | ETA this epoch 4.2 min
  step 1850/4061 | loss -6.325 | 109 ms/step (9.21 it/s) | elapsed 3.3 min | ETA this epoch 4.0 min
  step 1900/4061 | loss -5.962 | 109 ms/step (9.16 it/s) | elapsed 3.4 min | ETA this epoch 3.9 min
  step 1950/4061 | loss -7.024 | 109 ms/step (9.20 it/s) | elapsed 3.5 min | ETA this epoch 3.8 min
  step 2000/4061 | loss -7.131 | 111 ms/step (8.97 it/s) | elapsed 3.6 min | ETA this epoch 3.8 min
  step 2050/4061 | loss -7.940 | 110 ms/step (9.13 it/s) | elapsed 3.7 min | ETA this epoch 3.7 min
  step 2100/4061 | loss -6.737 | 109 ms/step (9.16 it/s) | elapsed 3.8 min | ETA this epoch 3.6 min
  step 2150/4061 | loss -9.029 | 111 ms/step (9.01 it/s) | elapsed 3.9 min | ETA this epoch 3.5 min
  step 2200/4061 | loss -6.802 | 109 ms/step (9.20 it/s) | elapsed 4.0 min | ETA this epoch 3.4 min
  step 2250/4061 | loss -7.251 | 111 ms/step (9.03 it/s) | elapsed 4.1 min | ETA this epoch 3.3 min
  step 2300/4061 | loss -7.177 | 110 ms/step (9.09 it/s) | elapsed 4.2 min | ETA this epoch 3.2 min
  step 2350/4061 | loss -7.344 | 109 ms/step (9.15 it/s) | elapsed 4.2 min | ETA this epoch 3.1 min
  step 2400/4061 | loss -6.157 | 110 ms/step (9.10 it/s) | elapsed 4.3 min | ETA this epoch 3.0 min
  step 2450/4061 | loss -6.740 | 109 ms/step (9.17 it/s) | elapsed 4.4 min | ETA this epoch 2.9 min
  step 2500/4061 | loss -8.071 | 110 ms/step (9.09 it/s) | elapsed 4.5 min | ETA this epoch 2.9 min
  step 2550/4061 | loss -7.345 | 110 ms/step (9.13 it/s) | elapsed 4.6 min | ETA this epoch 2.8 min
  step 2600/4061 | loss -8.440 | 111 ms/step (9.02 it/s) | elapsed 4.7 min | ETA this epoch 2.7 min
  step 2650/4061 | loss -7.802 | 110 ms/step (9.11 it/s) | elapsed 4.8 min | ETA this epoch 2.6 min
  step 2700/4061 | loss -7.653 | 110 ms/step (9.07 it/s) | elapsed 4.9 min | ETA this epoch 2.5 min
  step 2750/4061 | loss -10.108 | 108 ms/step (9.26 it/s) | elapsed 5.0 min | ETA this epoch 2.4 min
  step 2800/4061 | loss -6.725 | 111 ms/step (9.01 it/s) | elapsed 5.1 min | ETA this epoch 2.3 min
  step 2850/4061 | loss -7.668 | 110 ms/step (9.08 it/s) | elapsed 5.2 min | ETA this epoch 2.2 min
  step 2900/4061 | loss -7.468 | 109 ms/step (9.16 it/s) | elapsed 5.3 min | ETA this epoch 2.1 min
  step 2950/4061 | loss -7.779 | 107 ms/step (9.35 it/s) | elapsed 5.3 min | ETA this epoch 2.0 min
  step 3000/4061 | loss -5.929 | 109 ms/step (9.14 it/s) | elapsed 5.4 min | ETA this epoch 1.9 min
  step 3050/4061 | loss -8.905 | 110 ms/step (9.10 it/s) | elapsed 5.5 min | ETA this epoch 1.9 min
  step 3100/4061 | loss -5.580 | 110 ms/step (9.12 it/s) | elapsed 5.6 min | ETA this epoch 1.8 min
  step 3150/4061 | loss -5.770 | 107 ms/step (9.31 it/s) | elapsed 5.7 min | ETA this epoch 1.6 min
  step 3200/4061 | loss -7.519 | 96 ms/step (10.38 it/s) | elapsed 5.8 min | ETA this epoch 1.4 min
  step 3250/4061 | loss -6.716 | 87 ms/step (11.47 it/s) | elapsed 5.9 min | ETA this epoch 1.2 min
  step 3300/4061 | loss -8.059 | 82 ms/step (12.25 it/s) | elapsed 5.9 min | ETA this epoch 1.0 min
  step 3350/4061 | loss -6.531 | 92 ms/step (10.84 it/s) | elapsed 6.0 min | ETA this epoch 1.1 min
  step 3400/4061 | loss -6.145 | 107 ms/step (9.32 it/s) | elapsed 6.1 min | ETA this epoch 1.2 min
  step 3450/4061 | loss -7.079 | 108 ms/step (9.24 it/s) | elapsed 6.2 min | ETA this epoch 1.1 min
  step 3500/4061 | loss -7.021 | 110 ms/step (9.10 it/s) | elapsed 6.3 min | ETA this epoch 1.0 min
  step 3550/4061 | loss -7.562 | 109 ms/step (9.17 it/s) | elapsed 6.4 min | ETA this epoch 0.9 min
  step 3600/4061 | loss -7.825 | 109 ms/step (9.15 it/s) | elapsed 6.5 min | ETA this epoch 0.8 min
  step 3650/4061 | loss -6.821 | 109 ms/step (9.20 it/s) | elapsed 6.5 min | ETA this epoch 0.7 min
  step 3700/4061 | loss -5.740 | 110 ms/step (9.08 it/s) | elapsed 6.6 min | ETA this epoch 0.7 min
  step 3750/4061 | loss -6.846 | 111 ms/step (9.05 it/s) | elapsed 6.7 min | ETA this epoch 0.6 min
  step 3800/4061 | loss -6.433 | 110 ms/step (9.11 it/s) | elapsed 6.8 min | ETA this epoch 0.5 min
  step 3850/4061 | loss -6.372 | 111 ms/step (9.03 it/s) | elapsed 6.9 min | ETA this epoch 0.4 min
  step 3900/4061 | loss -8.074 | 112 ms/step (8.97 it/s) | elapsed 7.0 min | ETA this epoch 0.3 min
  step 3950/4061 | loss -9.985 | 110 ms/step (9.08 it/s) | elapsed 7.1 min | ETA this epoch 0.2 min
  step 4000/4061 | loss -6.767 | 109 ms/step (9.14 it/s) | elapsed 7.2 min | ETA this epoch 0.1 min
  step 4050/4061 | loss -7.179 | 107 ms/step (9.36 it/s) | elapsed 7.3 min | ETA this epoch 0.0 min
Epoch 25/50 | Train -7.180 | Val L1 0.0019 | Val SI-SDR 17.76 dB | Time 8.0 min
EarlyStopping counter: 1/7
  step 50/4061 | loss -9.445 | 110 ms/step (9.07 it/s) | elapsed 0.1 min | ETA this epoch 7.4 min
  step 100/4061 | loss -5.710 | 109 ms/step (9.13 it/s) | elapsed 0.2 min | ETA this epoch 7.2 min
  step 150/4061 | loss -7.542 | 111 ms/step (9.03 it/s) | elapsed 0.3 min | ETA this epoch 7.2 min
  step 200/4061 | loss -6.921 | 110 ms/step (9.07 it/s) | elapsed 0.4 min | ETA this epoch 7.1 min
  step 250/4061 | loss -7.294 | 110 ms/step (9.13 it/s) | elapsed 0.5 min | ETA this epoch 7.0 min
  step 300/4061 | loss -6.569 | 109 ms/step (9.16 it/s) | elapsed 0.5 min | ETA this epoch 6.8 min
  step 350/4061 | loss -6.861 | 92 ms/step (10.93 it/s) | elapsed 0.6 min | ETA this epoch 5.7 min
  step 400/4061 | loss -7.169 | 94 ms/step (10.60 it/s) | elapsed 0.7 min | ETA this epoch 5.8 min
  step 450/4061 | loss -6.716 | 91 ms/step (10.95 it/s) | elapsed 0.8 min | ETA this epoch 5.5 min
  step 500/4061 | loss -6.444 | 91 ms/step (10.97 it/s) | elapsed 0.9 min | ETA this epoch 5.4 min
  step 550/4061 | loss -7.447 | 84 ms/step (11.97 it/s) | elapsed 0.9 min | ETA this epoch 4.9 min
  step 600/4061 | loss -6.248 | 90 ms/step (11.11 it/s) | elapsed 1.0 min | ETA this epoch 5.2 min
  step 650/4061 | loss -7.110 | 99 ms/step (10.12 it/s) | elapsed 1.1 min | ETA this epoch 5.6 min
  step 700/4061 | loss -7.248 | 94 ms/step (10.59 it/s) | elapsed 1.2 min | ETA this epoch 5.3 min
  step 750/4061 | loss -7.748 | 114 ms/step (8.76 it/s) | elapsed 1.3 min | ETA this epoch 6.3 min
  step 800/4061 | loss -8.684 | 111 ms/step (9.04 it/s) | elapsed 1.3 min | ETA this epoch 6.0 min
  step 850/4061 | loss -7.298 | 110 ms/step (9.11 it/s) | elapsed 1.4 min | ETA this epoch 5.9 min
  step 900/4061 | loss -6.524 | 111 ms/step (9.00 it/s) | elapsed 1.5 min | ETA this epoch 5.9 min
  step 950/4061 | loss -6.262 | 112 ms/step (8.93 it/s) | elapsed 1.6 min | ETA this epoch 5.8 min
  step 1000/4061 | loss -5.540 | 108 ms/step (9.24 it/s) | elapsed 1.7 min | ETA this epoch 5.5 min
  step 1050/4061 | loss -7.218 | 107 ms/step (9.34 it/s) | elapsed 1.8 min | ETA this epoch 5.4 min
  step 1100/4061 | loss -6.778 | 109 ms/step (9.14 it/s) | elapsed 1.9 min | ETA this epoch 5.4 min
  step 1150/4061 | loss -6.016 | 111 ms/step (9.00 it/s) | elapsed 2.0 min | ETA this epoch 5.4 min
  step 1200/4061 | loss -7.603 | 111 ms/step (9.02 it/s) | elapsed 2.1 min | ETA this epoch 5.3 min
  step 1250/4061 | loss -8.192 | 110 ms/step (9.12 it/s) | elapsed 2.2 min | ETA this epoch 5.1 min
  step 1300/4061 | loss -7.258 | 112 ms/step (8.96 it/s) | elapsed 2.3 min | ETA this epoch 5.1 min
  step 1350/4061 | loss -7.536 | 112 ms/step (8.96 it/s) | elapsed 2.4 min | ETA this epoch 5.0 min
  step 1400/4061 | loss -5.067 | 110 ms/step (9.12 it/s) | elapsed 2.5 min | ETA this epoch 4.9 min
  step 1450/4061 | loss -8.065 | 112 ms/step (8.97 it/s) | elapsed 2.5 min | ETA this epoch 4.9 min
  step 1500/4061 | loss -5.847 | 112 ms/step (8.92 it/s) | elapsed 2.6 min | ETA this epoch 4.8 min
  step 1550/4061 | loss -8.633 | 110 ms/step (9.11 it/s) | elapsed 2.7 min | ETA this epoch 4.6 min
  step 1600/4061 | loss -6.970 | 109 ms/step (9.15 it/s) | elapsed 2.8 min | ETA this epoch 4.5 min
  step 1650/4061 | loss -7.132 | 110 ms/step (9.06 it/s) | elapsed 2.9 min | ETA this epoch 4.4 min
  step 1700/4061 | loss -6.606 | 106 ms/step (9.40 it/s) | elapsed 3.0 min | ETA this epoch 4.2 min
  step 1750/4061 | loss -5.781 | 111 ms/step (8.99 it/s) | elapsed 3.1 min | ETA this epoch 4.3 min
  step 1800/4061 | loss -7.784 | 109 ms/step (9.15 it/s) | elapsed 3.2 min | ETA this epoch 4.1 min
  step 1850/4061 | loss -7.600 | 107 ms/step (9.34 it/s) | elapsed 3.3 min | ETA this epoch 3.9 min
  step 1900/4061 | loss -6.304 | 110 ms/step (9.09 it/s) | elapsed 3.4 min | ETA this epoch 4.0 min
  step 1950/4061 | loss -7.835 | 110 ms/step (9.12 it/s) | elapsed 3.5 min | ETA this epoch 3.9 min
  step 2000/4061 | loss -7.547 | 110 ms/step (9.09 it/s) | elapsed 3.5 min | ETA this epoch 3.8 min
  step 2050/4061 | loss -7.500 | 111 ms/step (9.04 it/s) | elapsed 3.6 min | ETA this epoch 3.7 min
  step 2100/4061 | loss -7.991 | 111 ms/step (9.03 it/s) | elapsed 3.7 min | ETA this epoch 3.6 min
  step 2150/4061 | loss -7.570 | 111 ms/step (9.05 it/s) | elapsed 3.8 min | ETA this epoch 3.5 min
  step 2200/4061 | loss -5.408 | 110 ms/step (9.12 it/s) | elapsed 3.9 min | ETA this epoch 3.4 min
  step 2250/4061 | loss -6.759 | 109 ms/step (9.15 it/s) | elapsed 4.0 min | ETA this epoch 3.3 min
  step 2300/4061 | loss -7.886 | 111 ms/step (9.01 it/s) | elapsed 4.1 min | ETA this epoch 3.3 min
  step 2350/4061 | loss -6.271 | 110 ms/step (9.11 it/s) | elapsed 4.2 min | ETA this epoch 3.1 min
  step 2400/4061 | loss -6.118 | 108 ms/step (9.26 it/s) | elapsed 4.3 min | ETA this epoch 3.0 min
  step 2450/4061 | loss -7.653 | 111 ms/step (8.99 it/s) | elapsed 4.4 min | ETA this epoch 3.0 min
  step 2500/4061 | loss -7.388 | 109 ms/step (9.13 it/s) | elapsed 4.5 min | ETA this epoch 2.8 min
  step 2550/4061 | loss -7.184 | 110 ms/step (9.13 it/s) | elapsed 4.6 min | ETA this epoch 2.8 min
  step 2600/4061 | loss -6.676 | 108 ms/step (9.30 it/s) | elapsed 4.6 min | ETA this epoch 2.6 min
  step 2650/4061 | loss -7.440 | 110 ms/step (9.08 it/s) | elapsed 4.7 min | ETA this epoch 2.6 min
  step 2700/4061 | loss -8.286 | 109 ms/step (9.16 it/s) | elapsed 4.8 min | ETA this epoch 2.5 min
  step 2750/4061 | loss -6.284 | 110 ms/step (9.10 it/s) | elapsed 4.9 min | ETA this epoch 2.4 min
  step 2800/4061 | loss -7.547 | 109 ms/step (9.15 it/s) | elapsed 5.0 min | ETA this epoch 2.3 min
  step 2850/4061 | loss -8.801 | 110 ms/step (9.11 it/s) | elapsed 5.1 min | ETA this epoch 2.2 min
  step 2900/4061 | loss -6.633 | 111 ms/step (8.99 it/s) | elapsed 5.2 min | ETA this epoch 2.2 min
  step 2950/4061 | loss -7.721 | 110 ms/step (9.11 it/s) | elapsed 5.3 min | ETA this epoch 2.0 min
  step 3000/4061 | loss -8.960 | 109 ms/step (9.15 it/s) | elapsed 5.4 min | ETA this epoch 1.9 min
  step 3050/4061 | loss -7.614 | 108 ms/step (9.26 it/s) | elapsed 5.5 min | ETA this epoch 1.8 min
  step 3100/4061 | loss -7.152 | 110 ms/step (9.08 it/s) | elapsed 5.6 min | ETA this epoch 1.8 min
  step 3150/4061 | loss -6.940 | 94 ms/step (10.60 it/s) | elapsed 5.6 min | ETA this epoch 1.4 min
  step 3200/4061 | loss -6.544 | 94 ms/step (10.62 it/s) | elapsed 5.7 min | ETA this epoch 1.4 min
  step 3250/4061 | loss -7.455 | 89 ms/step (11.20 it/s) | elapsed 5.8 min | ETA this epoch 1.2 min
  step 3300/4061 | loss -6.005 | 93 ms/step (10.81 it/s) | elapsed 5.9 min | ETA this epoch 1.2 min
  step 3350/4061 | loss -6.062 | 110 ms/step (9.12 it/s) | elapsed 6.0 min | ETA this epoch 1.3 min
  step 3400/4061 | loss -8.029 | 109 ms/step (9.14 it/s) | elapsed 6.1 min | ETA this epoch 1.2 min
  step 3450/4061 | loss -6.984 | 110 ms/step (9.10 it/s) | elapsed 6.1 min | ETA this epoch 1.1 min
  step 3500/4061 | loss -5.770 | 110 ms/step (9.05 it/s) | elapsed 6.2 min | ETA this epoch 1.0 min
  step 3550/4061 | loss -8.096 | 111 ms/step (9.00 it/s) | elapsed 6.3 min | ETA this epoch 0.9 min
  step 3600/4061 | loss -8.497 | 110 ms/step (9.08 it/s) | elapsed 6.4 min | ETA this epoch 0.8 min
  step 3650/4061 | loss -6.788 | 109 ms/step (9.15 it/s) | elapsed 6.5 min | ETA this epoch 0.7 min
  step 3700/4061 | loss -7.948 | 110 ms/step (9.10 it/s) | elapsed 6.6 min | ETA this epoch 0.7 min
  step 3750/4061 | loss -8.660 | 110 ms/step (9.09 it/s) | elapsed 6.7 min | ETA this epoch 0.6 min
  step 3800/4061 | loss -6.335 | 111 ms/step (9.05 it/s) | elapsed 6.8 min | ETA this epoch 0.5 min
  step 3850/4061 | loss -6.038 | 110 ms/step (9.13 it/s) | elapsed 6.9 min | ETA this epoch 0.4 min
  step 3900/4061 | loss -7.788 | 110 ms/step (9.06 it/s) | elapsed 7.0 min | ETA this epoch 0.3 min
  step 3950/4061 | loss -6.247 | 110 ms/step (9.10 it/s) | elapsed 7.1 min | ETA this epoch 0.2 min
  step 4000/4061 | loss -8.009 | 111 ms/step (9.03 it/s) | elapsed 7.2 min | ETA this epoch 0.1 min
  step 4050/4061 | loss -7.327 | 110 ms/step (9.09 it/s) | elapsed 7.2 min | ETA this epoch 0.0 min
Epoch 26/50 | Train -7.214 | Val L1 0.0019 | Val SI-SDR 17.90 dB | Time 7.7 min
Saved best model (SI-SDR 17.90 dB) -> /home/bubai-maji/speech_enhancement/script/propose_ablation2/checkpoint_propose_ab2/best_NGDM_SE.pt
  step 50/4061 | loss -6.924 | 110 ms/step (9.09 it/s) | elapsed 0.1 min | ETA this epoch 7.4 min
  step 100/4061 | loss -7.193 | 110 ms/step (9.12 it/s) | elapsed 0.2 min | ETA this epoch 7.2 min
  step 150/4061 | loss -8.128 | 109 ms/step (9.18 it/s) | elapsed 0.3 min | ETA this epoch 7.1 min
  step 200/4061 | loss -6.650 | 108 ms/step (9.25 it/s) | elapsed 0.4 min | ETA this epoch 7.0 min
  step 250/4061 | loss -7.985 | 112 ms/step (8.93 it/s) | elapsed 0.5 min | ETA this epoch 7.1 min
  step 300/4061 | loss -5.642 | 112 ms/step (8.93 it/s) | elapsed 0.6 min | ETA this epoch 7.0 min
  step 350/4061 | loss -6.140 | 110 ms/step (9.08 it/s) | elapsed 0.6 min | ETA this epoch 6.8 min
  step 400/4061 | loss -7.372 | 110 ms/step (9.13 it/s) | elapsed 0.7 min | ETA this epoch 6.7 min
  step 450/4061 | loss -7.430 | 108 ms/step (9.25 it/s) | elapsed 0.8 min | ETA this epoch 6.5 min
  step 500/4061 | loss -8.149 | 111 ms/step (9.04 it/s) | elapsed 0.9 min | ETA this epoch 6.6 min
  step 550/4061 | loss -7.004 | 109 ms/step (9.19 it/s) | elapsed 1.0 min | ETA this epoch 6.4 min
  step 600/4061 | loss -6.227 | 96 ms/step (10.43 it/s) | elapsed 1.1 min | ETA this epoch 5.5 min
  step 650/4061 | loss -7.162 | 87 ms/step (11.45 it/s) | elapsed 1.2 min | ETA this epoch 5.0 min
  step 700/4061 | loss -7.246 | 85 ms/step (11.75 it/s) | elapsed 1.2 min | ETA this epoch 4.8 min
  step 750/4061 | loss -5.973 | 98 ms/step (10.25 it/s) | elapsed 1.3 min | ETA this epoch 5.4 min
  step 800/4061 | loss -7.774 | 93 ms/step (10.76 it/s) | elapsed 1.4 min | ETA this epoch 5.1 min
  step 850/4061 | loss -6.172 | 101 ms/step (9.92 it/s) | elapsed 1.5 min | ETA this epoch 5.4 min
  step 900/4061 | loss -8.277 | 112 ms/step (8.94 it/s) | elapsed 1.6 min | ETA this epoch 5.9 min
  step 950/4061 | loss -7.538 | 110 ms/step (9.12 it/s) | elapsed 1.7 min | ETA this epoch 5.7 min
  step 1000/4061 | loss -6.560 | 109 ms/step (9.21 it/s) | elapsed 1.7 min | ETA this epoch 5.5 min
  step 1050/4061 | loss -8.490 | 109 ms/step (9.18 it/s) | elapsed 1.8 min | ETA this epoch 5.5 min
  step 1100/4061 | loss -7.442 | 108 ms/step (9.23 it/s) | elapsed 1.9 min | ETA this epoch 5.3 min
  step 1150/4061 | loss -6.603 | 108 ms/step (9.22 it/s) | elapsed 2.0 min | ETA this epoch 5.3 min
  step 1200/4061 | loss -7.880 | 108 ms/step (9.28 it/s) | elapsed 2.1 min | ETA this epoch 5.1 min
  step 1250/4061 | loss -6.713 | 109 ms/step (9.16 it/s) | elapsed 2.2 min | ETA this epoch 5.1 min
  step 1300/4061 | loss -6.636 | 109 ms/step (9.14 it/s) | elapsed 2.3 min | ETA this epoch 5.0 min
  step 1350/4061 | loss -7.864 | 110 ms/step (9.13 it/s) | elapsed 2.4 min | ETA this epoch 5.0 min
  step 1400/4061 | loss -8.637 | 109 ms/step (9.20 it/s) | elapsed 2.5 min | ETA this epoch 4.8 min
  step 1450/4061 | loss -6.693 | 107 ms/step (9.33 it/s) | elapsed 2.6 min | ETA this epoch 4.7 min
  step 1500/4061 | loss -5.655 | 113 ms/step (8.87 it/s) | elapsed 2.7 min | ETA this epoch 4.8 min
  step 1550/4061 | loss -6.376 | 110 ms/step (9.09 it/s) | elapsed 2.7 min | ETA this epoch 4.6 min
  step 1600/4061 | loss -6.619 | 108 ms/step (9.28 it/s) | elapsed 2.8 min | ETA this epoch 4.4 min
  step 1650/4061 | loss -7.338 | 108 ms/step (9.23 it/s) | elapsed 2.9 min | ETA this epoch 4.4 min
  step 1700/4061 | loss -6.052 | 109 ms/step (9.17 it/s) | elapsed 3.0 min | ETA this epoch 4.3 min
  step 1750/4061 | loss -8.048 | 109 ms/step (9.13 it/s) | elapsed 3.1 min | ETA this epoch 4.2 min
  step 1800/4061 | loss -6.784 | 107 ms/step (9.38 it/s) | elapsed 3.2 min | ETA this epoch 4.0 min
  step 1850/4061 | loss -6.816 | 108 ms/step (9.22 it/s) | elapsed 3.3 min | ETA this epoch 4.0 min
  step 1900/4061 | loss -7.340 | 107 ms/step (9.31 it/s) | elapsed 3.4 min | ETA this epoch 3.9 min
  step 1950/4061 | loss -6.316 | 110 ms/step (9.10 it/s) | elapsed 3.5 min | ETA this epoch 3.9 min
  step 2000/4061 | loss -6.734 | 110 ms/step (9.13 it/s) | elapsed 3.6 min | ETA this epoch 3.8 min
  step 2050/4061 | loss -7.532 | 108 ms/step (9.23 it/s) | elapsed 3.7 min | ETA this epoch 3.6 min
  step 2100/4061 | loss -7.802 | 109 ms/step (9.15 it/s) | elapsed 3.7 min | ETA this epoch 3.6 min
  step 2150/4061 | loss -6.875 | 109 ms/step (9.17 it/s) | elapsed 3.8 min | ETA this epoch 3.5 min
  step 2200/4061 | loss -6.161 | 110 ms/step (9.11 it/s) | elapsed 3.9 min | ETA this epoch 3.4 min
  step 2250/4061 | loss -6.577 | 109 ms/step (9.19 it/s) | elapsed 4.0 min | ETA this epoch 3.3 min
  step 2300/4061 | loss -6.531 | 110 ms/step (9.08 it/s) | elapsed 4.1 min | ETA this epoch 3.2 min
  step 2350/4061 | loss -8.747 | 110 ms/step (9.08 it/s) | elapsed 4.2 min | ETA this epoch 3.1 min
  step 2400/4061 | loss -7.359 | 108 ms/step (9.23 it/s) | elapsed 4.3 min | ETA this epoch 3.0 min
  step 2450/4061 | loss -6.398 | 110 ms/step (9.11 it/s) | elapsed 4.4 min | ETA this epoch 2.9 min
  step 2500/4061 | loss -7.676 | 110 ms/step (9.09 it/s) | elapsed 4.5 min | ETA this epoch 2.9 min
  step 2550/4061 | loss -6.042 | 106 ms/step (9.45 it/s) | elapsed 4.6 min | ETA this epoch 2.7 min
  step 2600/4061 | loss -7.225 | 110 ms/step (9.06 it/s) | elapsed 4.7 min | ETA this epoch 2.7 min
  step 2650/4061 | loss -6.991 | 111 ms/step (9.03 it/s) | elapsed 4.7 min | ETA this epoch 2.6 min
  step 2700/4061 | loss -6.295 | 109 ms/step (9.18 it/s) | elapsed 4.8 min | ETA this epoch 2.5 min
  step 2750/4061 | loss -8.245 | 108 ms/step (9.25 it/s) | elapsed 4.9 min | ETA this epoch 2.4 min
  step 2800/4061 | loss -8.810 | 105 ms/step (9.54 it/s) | elapsed 5.0 min | ETA this epoch 2.2 min
  step 2850/4061 | loss -7.854 | 110 ms/step (9.09 it/s) | elapsed 5.1 min | ETA this epoch 2.2 min
  step 2900/4061 | loss -6.335 | 111 ms/step (9.02 it/s) | elapsed 5.2 min | ETA this epoch 2.1 min
  step 2950/4061 | loss -7.509 | 109 ms/step (9.16 it/s) | elapsed 5.3 min | ETA this epoch 2.0 min
  step 3000/4061 | loss -8.645 | 110 ms/step (9.10 it/s) | elapsed 5.4 min | ETA this epoch 1.9 min
  step 3050/4061 | loss -7.135 | 110 ms/step (9.10 it/s) | elapsed 5.5 min | ETA this epoch 1.9 min
  step 3100/4061 | loss -6.209 | 109 ms/step (9.19 it/s) | elapsed 5.6 min | ETA this epoch 1.7 min
  step 3150/4061 | loss -7.393 | 110 ms/step (9.11 it/s) | elapsed 5.7 min | ETA this epoch 1.7 min
  step 3200/4061 | loss -6.791 | 93 ms/step (10.80 it/s) | elapsed 5.7 min | ETA this epoch 1.3 min
  step 3250/4061 | loss -6.748 | 85 ms/step (11.75 it/s) | elapsed 5.8 min | ETA this epoch 1.2 min
  step 3300/4061 | loss -6.488 | 86 ms/step (11.67 it/s) | elapsed 5.9 min | ETA this epoch 1.1 min
  step 3350/4061 | loss -7.977 | 89 ms/step (11.30 it/s) | elapsed 5.9 min | ETA this epoch 1.0 min
  step 3400/4061 | loss -7.222 | 89 ms/step (11.29 it/s) | elapsed 6.0 min | ETA this epoch 1.0 min
  step 3450/4061 | loss -6.494 | 96 ms/step (10.38 it/s) | elapsed 6.1 min | ETA this epoch 1.0 min
  step 3500/4061 | loss -6.837 | 108 ms/step (9.29 it/s) | elapsed 6.2 min | ETA this epoch 1.0 min
  step 3550/4061 | loss -7.210 | 109 ms/step (9.20 it/s) | elapsed 6.3 min | ETA this epoch 0.9 min
  step 3600/4061 | loss -8.096 | 110 ms/step (9.08 it/s) | elapsed 6.4 min | ETA this epoch 0.8 min
  step 3650/4061 | loss -8.763 | 108 ms/step (9.22 it/s) | elapsed 6.5 min | ETA this epoch 0.7 min
  step 3700/4061 | loss -6.830 | 109 ms/step (9.15 it/s) | elapsed 6.6 min | ETA this epoch 0.7 min
  step 3750/4061 | loss -7.773 | 110 ms/step (9.09 it/s) | elapsed 6.6 min | ETA this epoch 0.6 min
  step 3800/4061 | loss -7.663 | 107 ms/step (9.33 it/s) | elapsed 6.7 min | ETA this epoch 0.5 min
  step 3850/4061 | loss -6.765 | 106 ms/step (9.46 it/s) | elapsed 6.8 min | ETA this epoch 0.4 min
  step 3900/4061 | loss -6.388 | 110 ms/step (9.13 it/s) | elapsed 6.9 min | ETA this epoch 0.3 min
  step 3950/4061 | loss -6.834 | 107 ms/step (9.37 it/s) | elapsed 7.0 min | ETA this epoch 0.2 min
  step 4000/4061 | loss -7.782 | 109 ms/step (9.20 it/s) | elapsed 7.1 min | ETA this epoch 0.1 min
  step 4050/4061 | loss -8.264 | 108 ms/step (9.22 it/s) | elapsed 7.2 min | ETA this epoch 0.0 min
Epoch 27/50 | Train -7.210 | Val L1 0.0019 | Val SI-SDR 17.69 dB | Time 7.7 min
EarlyStopping counter: 1/7
  step 50/4061 | loss -6.484 | 109 ms/step (9.19 it/s) | elapsed 0.1 min | ETA this epoch 7.3 min
  step 100/4061 | loss -5.197 | 109 ms/step (9.14 it/s) | elapsed 0.2 min | ETA this epoch 7.2 min
  step 150/4061 | loss -6.727 | 108 ms/step (9.22 it/s) | elapsed 0.3 min | ETA this epoch 7.1 min
  step 200/4061 | loss -8.052 | 107 ms/step (9.37 it/s) | elapsed 0.4 min | ETA this epoch 6.9 min
  step 250/4061 | loss -7.003 | 109 ms/step (9.17 it/s) | elapsed 0.5 min | ETA this epoch 6.9 min
  step 300/4061 | loss -7.456 | 108 ms/step (9.26 it/s) | elapsed 0.5 min | ETA this epoch 6.8 min
  step 350/4061 | loss -7.023 | 108 ms/step (9.23 it/s) | elapsed 0.6 min | ETA this epoch 6.7 min
  step 400/4061 | loss -8.469 | 109 ms/step (9.18 it/s) | elapsed 0.7 min | ETA this epoch 6.6 min
  step 450/4061 | loss -6.254 | 109 ms/step (9.20 it/s) | elapsed 0.8 min | ETA this epoch 6.5 min
  step 500/4061 | loss -7.715 | 110 ms/step (9.06 it/s) | elapsed 0.9 min | ETA this epoch 6.6 min
  step 550/4061 | loss -5.686 | 107 ms/step (9.31 it/s) | elapsed 1.0 min | ETA this epoch 6.3 min
  step 600/4061 | loss -8.178 | 108 ms/step (9.26 it/s) | elapsed 1.1 min | ETA this epoch 6.2 min
  step 650/4061 | loss -7.487 | 108 ms/step (9.23 it/s) | elapsed 1.2 min | ETA this epoch 6.2 min
  step 700/4061 | loss -7.033 | 107 ms/step (9.31 it/s) | elapsed 1.3 min | ETA this epoch 6.0 min
  step 750/4061 | loss -5.965 | 84 ms/step (11.95 it/s) | elapsed 1.3 min | ETA this epoch 4.6 min
  step 800/4061 | loss -6.004 | 79 ms/step (12.66 it/s) | elapsed 1.4 min | ETA this epoch 4.3 min
  step 850/4061 | loss -6.819 | 86 ms/step (11.63 it/s) | elapsed 1.5 min | ETA this epoch 4.6 min
  step 900/4061 | loss -6.603 | 79 ms/step (12.66 it/s) | elapsed 1.5 min | ETA this epoch 4.2 min
  step 950/4061 | loss -7.206 | 85 ms/step (11.75 it/s) | elapsed 1.6 min | ETA this epoch 4.4 min
  step 1000/4061 | loss -6.048 | 80 ms/step (12.52 it/s) | elapsed 1.7 min | ETA this epoch 4.1 min
  step 1050/4061 | loss -6.453 | 89 ms/step (11.21 it/s) | elapsed 1.7 min | ETA this epoch 4.5 min
  step 1100/4061 | loss -7.475 | 88 ms/step (11.33 it/s) | elapsed 1.8 min | ETA this epoch 4.4 min
  step 1150/4061 | loss -7.681 | 110 ms/step (9.06 it/s) | elapsed 1.9 min | ETA this epoch 5.4 min
  step 1200/4061 | loss -5.790 | 111 ms/step (9.00 it/s) | elapsed 2.0 min | ETA this epoch 5.3 min
  step 1250/4061 | loss -6.105 | 111 ms/step (8.98 it/s) | elapsed 2.1 min | ETA this epoch 5.2 min
  step 1300/4061 | loss -8.199 | 112 ms/step (8.92 it/s) | elapsed 2.2 min | ETA this epoch 5.2 min
  step 1350/4061 | loss -6.467 | 111 ms/step (9.02 it/s) | elapsed 2.3 min | ETA this epoch 5.0 min
  step 1400/4061 | loss -5.537 | 107 ms/step (9.38 it/s) | elapsed 2.4 min | ETA this epoch 4.7 min
  step 1450/4061 | loss -6.840 | 109 ms/step (9.20 it/s) | elapsed 2.5 min | ETA this epoch 4.7 min
  step 1500/4061 | loss -6.058 | 111 ms/step (9.02 it/s) | elapsed 2.6 min | ETA this epoch 4.7 min
  step 1550/4061 | loss -8.021 | 109 ms/step (9.18 it/s) | elapsed 2.6 min | ETA this epoch 4.6 min
  step 1600/4061 | loss -7.231 | 109 ms/step (9.19 it/s) | elapsed 2.7 min | ETA this epoch 4.5 min
  step 1650/4061 | loss -7.453 | 111 ms/step (9.03 it/s) | elapsed 2.8 min | ETA this epoch 4.5 min
  step 1700/4061 | loss -7.297 | 110 ms/step (9.07 it/s) | elapsed 2.9 min | ETA this epoch 4.3 min
  step 1750/4061 | loss -6.823 | 110 ms/step (9.13 it/s) | elapsed 3.0 min | ETA this epoch 4.2 min
  step 1800/4061 | loss -6.196 | 109 ms/step (9.17 it/s) | elapsed 3.1 min | ETA this epoch 4.1 min
  step 1850/4061 | loss -6.761 | 108 ms/step (9.28 it/s) | elapsed 3.2 min | ETA this epoch 4.0 min
  step 1900/4061 | loss -6.564 | 111 ms/step (9.01 it/s) | elapsed 3.3 min | ETA this epoch 4.0 min
  step 1950/4061 | loss -6.712 | 108 ms/step (9.22 it/s) | elapsed 3.4 min | ETA this epoch 3.8 min
  step 2000/4061 | loss -6.875 | 111 ms/step (8.99 it/s) | elapsed 3.5 min | ETA this epoch 3.8 min
  step 2050/4061 | loss -6.657 | 110 ms/step (9.13 it/s) | elapsed 3.6 min | ETA this epoch 3.7 min
  step 2100/4061 | loss -7.330 | 108 ms/step (9.29 it/s) | elapsed 3.7 min | ETA this epoch 3.5 min
  step 2150/4061 | loss -7.666 | 107 ms/step (9.34 it/s) | elapsed 3.7 min | ETA this epoch 3.4 min
  step 2200/4061 | loss -6.896 | 108 ms/step (9.27 it/s) | elapsed 3.8 min | ETA this epoch 3.3 min
  step 2250/4061 | loss -6.944 | 106 ms/step (9.45 it/s) | elapsed 3.9 min | ETA this epoch 3.2 min
  step 2300/4061 | loss -8.088 | 110 ms/step (9.11 it/s) | elapsed 4.0 min | ETA this epoch 3.2 min
  step 2350/4061 | loss -7.591 | 104 ms/step (9.59 it/s) | elapsed 4.1 min | ETA this epoch 3.0 min
  step 2400/4061 | loss -6.014 | 107 ms/step (9.38 it/s) | elapsed 4.2 min | ETA this epoch 3.0 min
  step 2450/4061 | loss -7.154 | 112 ms/step (8.95 it/s) | elapsed 4.3 min | ETA this epoch 3.0 min
  step 2500/4061 | loss -7.187 | 108 ms/step (9.28 it/s) | elapsed 4.4 min | ETA this epoch 2.8 min
  step 2550/4061 | loss -5.734 | 110 ms/step (9.12 it/s) | elapsed 4.5 min | ETA this epoch 2.8 min
  step 2600/4061 | loss -6.240 | 110 ms/step (9.09 it/s) | elapsed 4.6 min | ETA this epoch 2.7 min
  step 2650/4061 | loss -6.659 | 109 ms/step (9.20 it/s) | elapsed 4.6 min | ETA this epoch 2.6 min
  step 2700/4061 | loss -7.270 | 108 ms/step (9.23 it/s) | elapsed 4.7 min | ETA this epoch 2.5 min
  step 2750/4061 | loss -8.735 | 108 ms/step (9.24 it/s) | elapsed 4.8 min | ETA this epoch 2.4 min
  step 2800/4061 | loss -8.914 | 109 ms/step (9.21 it/s) | elapsed 4.9 min | ETA this epoch 2.3 min
  step 2850/4061 | loss -7.975 | 106 ms/step (9.39 it/s) | elapsed 5.0 min | ETA this epoch 2.1 min
  step 2900/4061 | loss -9.172 | 110 ms/step (9.08 it/s) | elapsed 5.1 min | ETA this epoch 2.1 min
  step 2950/4061 | loss -8.618 | 105 ms/step (9.56 it/s) | elapsed 5.2 min | ETA this epoch 1.9 min
  step 3000/4061 | loss -5.562 | 107 ms/step (9.37 it/s) | elapsed 5.3 min | ETA this epoch 1.9 min
  step 3050/4061 | loss -6.665 | 107 ms/step (9.38 it/s) | elapsed 5.4 min | ETA this epoch 1.8 min
  step 3100/4061 | loss -6.712 | 108 ms/step (9.26 it/s) | elapsed 5.5 min | ETA this epoch 1.7 min
  step 3150/4061 | loss -5.473 | 106 ms/step (9.43 it/s) | elapsed 5.5 min | ETA this epoch 1.6 min
  step 3200/4061 | loss -7.625 | 110 ms/step (9.12 it/s) | elapsed 5.6 min | ETA this epoch 1.6 min
  step 3250/4061 | loss -9.584 | 108 ms/step (9.28 it/s) | elapsed 5.7 min | ETA this epoch 1.5 min
  step 3300/4061 | loss -6.586 | 110 ms/step (9.07 it/s) | elapsed 5.8 min | ETA this epoch 1.4 min
  step 3350/4061 | loss -5.584 | 91 ms/step (10.94 it/s) | elapsed 5.9 min | ETA this epoch 1.1 min
  step 3400/4061 | loss -6.834 | 82 ms/step (12.23 it/s) | elapsed 6.0 min | ETA this epoch 0.9 min
  step 3450/4061 | loss -6.036 | 93 ms/step (10.71 it/s) | elapsed 6.0 min | ETA this epoch 1.0 min
  step 3500/4061 | loss -7.533 | 84 ms/step (11.94 it/s) | elapsed 6.1 min | ETA this epoch 0.8 min
  step 3550/4061 | loss -6.650 | 81 ms/step (12.36 it/s) | elapsed 6.2 min | ETA this epoch 0.7 min
  step 3600/4061 | loss -6.962 | 92 ms/step (10.86 it/s) | elapsed 6.2 min | ETA this epoch 0.7 min
  step 3650/4061 | loss -8.157 | 110 ms/step (9.11 it/s) | elapsed 6.3 min | ETA this epoch 0.8 min
  step 3700/4061 | loss -6.242 | 107 ms/step (9.31 it/s) | elapsed 6.4 min | ETA this epoch 0.6 min
  step 3750/4061 | loss -4.980 | 111 ms/step (9.00 it/s) | elapsed 6.5 min | ETA this epoch 0.6 min
  step 3800/4061 | loss -7.186 | 111 ms/step (9.01 it/s) | elapsed 6.6 min | ETA this epoch 0.5 min
  step 3850/4061 | loss -7.396 | 109 ms/step (9.19 it/s) | elapsed 6.7 min | ETA this epoch 0.4 min
  step 3900/4061 | loss -7.193 | 110 ms/step (9.07 it/s) | elapsed 6.8 min | ETA this epoch 0.3 min
  step 3950/4061 | loss -5.979 | 108 ms/step (9.22 it/s) | elapsed 6.9 min | ETA this epoch 0.2 min
  step 4000/4061 | loss -7.002 | 110 ms/step (9.12 it/s) | elapsed 7.0 min | ETA this epoch 0.1 min
  step 4050/4061 | loss -6.764 | 111 ms/step (9.02 it/s) | elapsed 7.1 min | ETA this epoch 0.0 min
Epoch 28/50 | Train -7.220 | Val L1 0.0019 | Val SI-SDR 17.81 dB | Time 7.5 min
EarlyStopping counter: 2/7
  step 50/4061 | loss -7.778 | 109 ms/step (9.13 it/s) | elapsed 0.1 min | ETA this epoch 7.3 min
  step 100/4061 | loss -7.899 | 108 ms/step (9.23 it/s) | elapsed 0.2 min | ETA this epoch 7.1 min
  step 150/4061 | loss -7.305 | 110 ms/step (9.12 it/s) | elapsed 0.3 min | ETA this epoch 7.2 min
  step 200/4061 | loss -8.155 | 109 ms/step (9.20 it/s) | elapsed 0.4 min | ETA this epoch 7.0 min
  step 250/4061 | loss -8.103 | 109 ms/step (9.15 it/s) | elapsed 0.5 min | ETA this epoch 6.9 min
  step 300/4061 | loss -7.977 | 108 ms/step (9.22 it/s) | elapsed 0.5 min | ETA this epoch 6.8 min
  step 350/4061 | loss -7.660 | 109 ms/step (9.17 it/s) | elapsed 0.6 min | ETA this epoch 6.7 min
  step 400/4061 | loss -7.415 | 112 ms/step (8.97 it/s) | elapsed 0.7 min | ETA this epoch 6.8 min
  step 450/4061 | loss -8.843 | 108 ms/step (9.26 it/s) | elapsed 0.8 min | ETA this epoch 6.5 min
  step 500/4061 | loss -6.396 | 110 ms/step (9.11 it/s) | elapsed 0.9 min | ETA this epoch 6.5 min
  step 550/4061 | loss -6.657 | 110 ms/step (9.11 it/s) | elapsed 1.0 min | ETA this epoch 6.4 min
  step 600/4061 | loss -7.135 | 108 ms/step (9.24 it/s) | elapsed 1.1 min | ETA this epoch 6.2 min
  step 650/4061 | loss -7.423 | 110 ms/step (9.10 it/s) | elapsed 1.2 min | ETA this epoch 6.2 min
  step 700/4061 | loss -5.383 | 108 ms/step (9.23 it/s) | elapsed 1.3 min | ETA this epoch 6.1 min
  step 750/4061 | loss -7.196 | 110 ms/step (9.07 it/s) | elapsed 1.4 min | ETA this epoch 6.1 min
  step 800/4061 | loss -8.097 | 111 ms/step (9.04 it/s) | elapsed 1.5 min | ETA this epoch 6.0 min
  step 850/4061 | loss -8.073 | 109 ms/step (9.17 it/s) | elapsed 1.5 min | ETA this epoch 5.8 min
  step 900/4061 | loss -6.501 | 109 ms/step (9.14 it/s) | elapsed 1.6 min | ETA this epoch 5.8 min
  step 950/4061 | loss -6.840 | 113 ms/step (8.86 it/s) | elapsed 1.7 min | ETA this epoch 5.9 min
  step 1000/4061 | loss -7.502 | 110 ms/step (9.05 it/s) | elapsed 1.8 min | ETA this epoch 5.6 min
  step 1050/4061 | loss -7.278 | 99 ms/step (10.13 it/s) | elapsed 1.9 min | ETA this epoch 5.0 min
  step 1100/4061 | loss -7.582 | 87 ms/step (11.46 it/s) | elapsed 2.0 min | ETA this epoch 4.3 min
  step 1150/4061 | loss -7.472 | 89 ms/step (11.25 it/s) | elapsed 2.1 min | ETA this epoch 4.3 min
  step 1200/4061 | loss -8.223 | 80 ms/step (12.58 it/s) | elapsed 2.1 min | ETA this epoch 3.8 min
  step 1250/4061 | loss -7.830 | 85 ms/step (11.74 it/s) | elapsed 2.2 min | ETA this epoch 4.0 min
  step 1300/4061 | loss -9.136 | 85 ms/step (11.81 it/s) | elapsed 2.3 min | ETA this epoch 3.9 min
  step 1350/4061 | loss -5.955 | 105 ms/step (9.50 it/s) | elapsed 2.4 min | ETA this epoch 4.8 min
  step 1400/4061 | loss -6.962 | 110 ms/step (9.05 it/s) | elapsed 2.4 min | ETA this epoch 4.9 min
  step 1450/4061 | loss -7.397 | 108 ms/step (9.26 it/s) | elapsed 2.5 min | ETA this epoch 4.7 min
  step 1500/4061 | loss -6.936 | 111 ms/step (9.03 it/s) | elapsed 2.6 min | ETA this epoch 4.7 min
  step 1550/4061 | loss -7.175 | 110 ms/step (9.10 it/s) | elapsed 2.7 min | ETA this epoch 4.6 min
  step 1600/4061 | loss -6.616 | 110 ms/step (9.06 it/s) | elapsed 2.8 min | ETA this epoch 4.5 min
  step 1650/4061 | loss -7.444 | 111 ms/step (9.00 it/s) | elapsed 2.9 min | ETA this epoch 4.5 min
  step 1700/4061 | loss -7.769 | 110 ms/step (9.11 it/s) | elapsed 3.0 min | ETA this epoch 4.3 min
  step 1750/4061 | loss -6.431 | 109 ms/step (9.17 it/s) | elapsed 3.1 min | ETA this epoch 4.2 min
  step 1800/4061 | loss -8.615 | 111 ms/step (9.04 it/s) | elapsed 3.2 min | ETA this epoch 4.2 min
  step 1850/4061 | loss -8.493 | 108 ms/step (9.26 it/s) | elapsed 3.3 min | ETA this epoch 4.0 min
  step 1900/4061 | loss -7.633 | 111 ms/step (9.00 it/s) | elapsed 3.4 min | ETA this epoch 4.0 min
  step 1950/4061 | loss -7.598 | 111 ms/step (9.01 it/s) | elapsed 3.5 min | ETA this epoch 3.9 min
  step 2000/4061 | loss -7.915 | 110 ms/step (9.08 it/s) | elapsed 3.5 min | ETA this epoch 3.8 min
  step 2050/4061 | loss -6.370 | 107 ms/step (9.36 it/s) | elapsed 3.6 min | ETA this epoch 3.6 min
  step 2100/4061 | loss -6.776 | 110 ms/step (9.09 it/s) | elapsed 3.7 min | ETA this epoch 3.6 min
  step 2150/4061 | loss -6.400 | 108 ms/step (9.27 it/s) | elapsed 3.8 min | ETA this epoch 3.4 min
  step 2200/4061 | loss -7.177 | 111 ms/step (9.00 it/s) | elapsed 3.9 min | ETA this epoch 3.4 min
  step 2250/4061 | loss -5.376 | 109 ms/step (9.18 it/s) | elapsed 4.0 min | ETA this epoch 3.3 min
  step 2300/4061 | loss -8.076 | 110 ms/step (9.06 it/s) | elapsed 4.1 min | ETA this epoch 3.2 min
  step 2350/4061 | loss -7.591 | 112 ms/step (8.95 it/s) | elapsed 4.2 min | ETA this epoch 3.2 min
  step 2400/4061 | loss -7.574 | 109 ms/step (9.17 it/s) | elapsed 4.3 min | ETA this epoch 3.0 min
  step 2450/4061 | loss -5.520 | 109 ms/step (9.18 it/s) | elapsed 4.4 min | ETA this epoch 2.9 min
  step 2500/4061 | loss -5.140 | 109 ms/step (9.19 it/s) | elapsed 4.5 min | ETA this epoch 2.8 min
  step 2550/4061 | loss -6.873 | 111 ms/step (9.00 it/s) | elapsed 4.5 min | ETA this epoch 2.8 min
  step 2600/4061 | loss -7.660 | 111 ms/step (8.99 it/s) | elapsed 4.6 min | ETA this epoch 2.7 min
  step 2650/4061 | loss -7.254 | 111 ms/step (9.00 it/s) | elapsed 4.7 min | ETA this epoch 2.6 min
  step 2700/4061 | loss -9.497 | 109 ms/step (9.17 it/s) | elapsed 4.8 min | ETA this epoch 2.5 min
  step 2750/4061 | loss -7.259 | 108 ms/step (9.26 it/s) | elapsed 4.9 min | ETA this epoch 2.4 min
  step 2800/4061 | loss -9.442 | 110 ms/step (9.11 it/s) | elapsed 5.0 min | ETA this epoch 2.3 min
  step 2850/4061 | loss -7.852 | 110 ms/step (9.07 it/s) | elapsed 5.1 min | ETA this epoch 2.2 min
  step 2900/4061 | loss -6.741 | 111 ms/step (9.03 it/s) | elapsed 5.2 min | ETA this epoch 2.1 min
  step 2950/4061 | loss -7.691 | 109 ms/step (9.17 it/s) | elapsed 5.3 min | ETA this epoch 2.0 min
  step 3000/4061 | loss -7.746 | 110 ms/step (9.11 it/s) | elapsed 5.4 min | ETA this epoch 1.9 min
  step 3050/4061 | loss -6.197 | 106 ms/step (9.40 it/s) | elapsed 5.5 min | ETA this epoch 1.8 min
  step 3100/4061 | loss -7.242 | 109 ms/step (9.15 it/s) | elapsed 5.6 min | ETA this epoch 1.8 min
  step 3150/4061 | loss -6.975 | 108 ms/step (9.25 it/s) | elapsed 5.6 min | ETA this epoch 1.6 min
  step 3200/4061 | loss -6.988 | 110 ms/step (9.09 it/s) | elapsed 5.7 min | ETA this epoch 1.6 min
  step 3250/4061 | loss -6.721 | 109 ms/step (9.17 it/s) | elapsed 5.8 min | ETA this epoch 1.5 min
  step 3300/4061 | loss -5.851 | 110 ms/step (9.12 it/s) | elapsed 5.9 min | ETA this epoch 1.4 min
  step 3350/4061 | loss -7.036 | 110 ms/step (9.12 it/s) | elapsed 6.0 min | ETA this epoch 1.3 min
  step 3400/4061 | loss -7.635 | 109 ms/step (9.18 it/s) | elapsed 6.1 min | ETA this epoch 1.2 min
  step 3450/4061 | loss -8.037 | 110 ms/step (9.09 it/s) | elapsed 6.2 min | ETA this epoch 1.1 min
  step 3500/4061 | loss -7.070 | 109 ms/step (9.21 it/s) | elapsed 6.3 min | ETA this epoch 1.0 min
  step 3550/4061 | loss -5.399 | 100 ms/step (10.02 it/s) | elapsed 6.4 min | ETA this epoch 0.9 min
  step 3600/4061 | loss -8.143 | 94 ms/step (10.62 it/s) | elapsed 6.4 min | ETA this epoch 0.7 min
  step 3650/4061 | loss -6.708 | 87 ms/step (11.45 it/s) | elapsed 6.5 min | ETA this epoch 0.6 min
  step 3700/4061 | loss -6.509 | 92 ms/step (10.91 it/s) | elapsed 6.6 min | ETA this epoch 0.6 min
  step 3750/4061 | loss -7.155 | 93 ms/step (10.77 it/s) | elapsed 6.7 min | ETA this epoch 0.5 min
  step 3800/4061 | loss -6.736 | 110 ms/step (9.07 it/s) | elapsed 6.8 min | ETA this epoch 0.5 min
  step 3850/4061 | loss -8.454 | 110 ms/step (9.08 it/s) | elapsed 6.9 min | ETA this epoch 0.4 min
  step 3900/4061 | loss -7.997 | 108 ms/step (9.23 it/s) | elapsed 6.9 min | ETA this epoch 0.3 min
  step 3950/4061 | loss -6.286 | 109 ms/step (9.21 it/s) | elapsed 7.0 min | ETA this epoch 0.2 min
  step 4000/4061 | loss -7.362 | 111 ms/step (8.97 it/s) | elapsed 7.1 min | ETA this epoch 0.1 min
  step 4050/4061 | loss -8.790 | 109 ms/step (9.19 it/s) | elapsed 7.2 min | ETA this epoch 0.0 min
Epoch 29/50 | Train -7.234 | Val L1 0.0019 | Val SI-SDR 17.84 dB | Time 7.6 min
EarlyStopping counter: 3/7
  step 50/4061 | loss -8.305 | 109 ms/step (9.17 it/s) | elapsed 0.1 min | ETA this epoch 7.3 min
  step 100/4061 | loss -6.427 | 110 ms/step (9.06 it/s) | elapsed 0.2 min | ETA this epoch 7.3 min
  step 150/4061 | loss -7.719 | 110 ms/step (9.09 it/s) | elapsed 0.3 min | ETA this epoch 7.2 min
  step 200/4061 | loss -6.781 | 110 ms/step (9.08 it/s) | elapsed 0.4 min | ETA this epoch 7.1 min
  step 250/4061 | loss -7.695 | 108 ms/step (9.26 it/s) | elapsed 0.5 min | ETA this epoch 6.9 min
  step 300/4061 | loss -6.819 | 110 ms/step (9.12 it/s) | elapsed 0.5 min | ETA this epoch 6.9 min
  step 350/4061 | loss -6.108 | 110 ms/step (9.11 it/s) | elapsed 0.6 min | ETA this epoch 6.8 min
  step 400/4061 | loss -8.512 | 109 ms/step (9.19 it/s) | elapsed 0.7 min | ETA this epoch 6.6 min
  step 450/4061 | loss -7.567 | 109 ms/step (9.20 it/s) | elapsed 0.8 min | ETA this epoch 6.5 min
  step 500/4061 | loss -7.238 | 109 ms/step (9.19 it/s) | elapsed 0.9 min | ETA this epoch 6.5 min
  step 550/4061 | loss -7.106 | 110 ms/step (9.12 it/s) | elapsed 1.0 min | ETA this epoch 6.4 min
  step 600/4061 | loss -7.858 | 110 ms/step (9.10 it/s) | elapsed 1.1 min | ETA this epoch 6.3 min
  step 650/4061 | loss -8.611 | 108 ms/step (9.23 it/s) | elapsed 1.2 min | ETA this epoch 6.2 min
  step 700/4061 | loss -7.218 | 109 ms/step (9.21 it/s) | elapsed 1.3 min | ETA this epoch 6.1 min
  step 750/4061 | loss -6.357 | 109 ms/step (9.14 it/s) | elapsed 1.4 min | ETA this epoch 6.0 min
  step 800/4061 | loss -6.271 | 108 ms/step (9.26 it/s) | elapsed 1.5 min | ETA this epoch 5.9 min
  step 850/4061 | loss -6.711 | 109 ms/step (9.13 it/s) | elapsed 1.5 min | ETA this epoch 5.9 min
  step 900/4061 | loss -8.888 | 110 ms/step (9.08 it/s) | elapsed 1.6 min | ETA this epoch 5.8 min
  step 950/4061 | loss -6.347 | 112 ms/step (8.96 it/s) | elapsed 1.7 min | ETA this epoch 5.8 min
  step 1000/4061 | loss -6.293 | 109 ms/step (9.16 it/s) | elapsed 1.8 min | ETA this epoch 5.6 min
  step 1050/4061 | loss -6.463 | 107 ms/step (9.34 it/s) | elapsed 1.9 min | ETA this epoch 5.4 min
  step 1100/4061 | loss -8.178 | 110 ms/step (9.09 it/s) | elapsed 2.0 min | ETA this epoch 5.4 min
  step 1150/4061 | loss -7.130 | 108 ms/step (9.25 it/s) | elapsed 2.1 min | ETA this epoch 5.2 min
  step 1200/4061 | loss -8.235 | 110 ms/step (9.13 it/s) | elapsed 2.2 min | ETA this epoch 5.2 min
  step 1250/4061 | loss -6.808 | 108 ms/step (9.22 it/s) | elapsed 2.3 min | ETA this epoch 5.1 min
  step 1300/4061 | loss -7.639 | 90 ms/step (11.14 it/s) | elapsed 2.4 min | ETA this epoch 4.1 min
  step 1350/4061 | loss -6.894 | 89 ms/step (11.28 it/s) | elapsed 2.4 min | ETA this epoch 4.0 min
  step 1400/4061 | loss -6.431 | 89 ms/step (11.21 it/s) | elapsed 2.5 min | ETA this epoch 4.0 min
  step 1450/4061 | loss -8.078 | 94 ms/step (10.64 it/s) | elapsed 2.6 min | ETA this epoch 4.1 min
  step 1500/4061 | loss -7.512 | 91 ms/step (11.04 it/s) | elapsed 2.7 min | ETA this epoch 3.9 min
  step 1550/4061 | loss -7.859 | 105 ms/step (9.56 it/s) | elapsed 2.7 min | ETA this epoch 4.4 min
  step 1600/4061 | loss -7.156 | 108 ms/step (9.24 it/s) | elapsed 2.8 min | ETA this epoch 4.4 min
  step 1650/4061 | loss -5.773 | 107 ms/step (9.31 it/s) | elapsed 2.9 min | ETA this epoch 4.3 min
  step 1700/4061 | loss -7.088 | 112 ms/step (8.93 it/s) | elapsed 3.0 min | ETA this epoch 4.4 min
  step 1750/4061 | loss -6.730 | 109 ms/step (9.19 it/s) | elapsed 3.1 min | ETA this epoch 4.2 min
  step 1800/4061 | loss -7.327 | 112 ms/step (8.95 it/s) | elapsed 3.2 min | ETA this epoch 4.2 min
  step 1850/4061 | loss -6.873 | 111 ms/step (9.02 it/s) | elapsed 3.3 min | ETA this epoch 4.1 min
  step 1900/4061 | loss -6.797 | 113 ms/step (8.82 it/s) | elapsed 3.4 min | ETA this epoch 4.1 min
  step 1950/4061 | loss -7.514 | 109 ms/step (9.16 it/s) | elapsed 3.5 min | ETA this epoch 3.8 min
  step 2000/4061 | loss -7.004 | 112 ms/step (8.93 it/s) | elapsed 3.6 min | ETA this epoch 3.8 min
  step 2050/4061 | loss -7.918 | 111 ms/step (9.03 it/s) | elapsed 3.7 min | ETA this epoch 3.7 min
  step 2100/4061 | loss -6.244 | 110 ms/step (9.08 it/s) | elapsed 3.8 min | ETA this epoch 3.6 min
  step 2150/4061 | loss -7.610 | 111 ms/step (9.01 it/s) | elapsed 3.8 min | ETA this epoch 3.5 min
  step 2200/4061 | loss -5.866 | 110 ms/step (9.07 it/s) | elapsed 3.9 min | ETA this epoch 3.4 min
  step 2250/4061 | loss -7.437 | 112 ms/step (8.91 it/s) | elapsed 4.0 min | ETA this epoch 3.4 min
  step 2300/4061 | loss -8.347 | 111 ms/step (9.03 it/s) | elapsed 4.1 min | ETA this epoch 3.3 min
  step 2350/4061 | loss -7.222 | 106 ms/step (9.47 it/s) | elapsed 4.2 min | ETA this epoch 3.0 min
  step 2400/4061 | loss -7.359 | 111 ms/step (9.04 it/s) | elapsed 4.3 min | ETA this epoch 3.1 min
  step 2450/4061 | loss -9.612 | 108 ms/step (9.30 it/s) | elapsed 4.4 min | ETA this epoch 2.9 min
  step 2500/4061 | loss -6.919 | 109 ms/step (9.17 it/s) | elapsed 4.5 min | ETA this epoch 2.8 min
  step 2550/4061 | loss -6.909 | 109 ms/step (9.13 it/s) | elapsed 4.6 min | ETA this epoch 2.8 min
  step 2600/4061 | loss -7.828 | 110 ms/step (9.06 it/s) | elapsed 4.7 min | ETA this epoch 2.7 min
  step 2650/4061 | loss -7.643 | 110 ms/step (9.07 it/s) | elapsed 4.8 min | ETA this epoch 2.6 min
  step 2700/4061 | loss -6.865 | 111 ms/step (9.01 it/s) | elapsed 4.8 min | ETA this epoch 2.5 min
  step 2750/4061 | loss -8.311 | 109 ms/step (9.16 it/s) | elapsed 4.9 min | ETA this epoch 2.4 min
  step 2800/4061 | loss -7.301 | 109 ms/step (9.20 it/s) | elapsed 5.0 min | ETA this epoch 2.3 min
  step 2850/4061 | loss -8.442 | 110 ms/step (9.06 it/s) | elapsed 5.1 min | ETA this epoch 2.2 min
  step 2900/4061 | loss -7.319 | 110 ms/step (9.06 it/s) | elapsed 5.2 min | ETA this epoch 2.1 min
  step 2950/4061 | loss -6.324 | 110 ms/step (9.11 it/s) | elapsed 5.3 min | ETA this epoch 2.0 min
  step 3000/4061 | loss -9.009 | 111 ms/step (9.00 it/s) | elapsed 5.4 min | ETA this epoch 2.0 min
  step 3050/4061 | loss -7.572 | 109 ms/step (9.17 it/s) | elapsed 5.5 min | ETA this epoch 1.8 min
  step 3100/4061 | loss -6.875 | 111 ms/step (9.04 it/s) | elapsed 5.6 min | ETA this epoch 1.8 min
  step 3150/4061 | loss -7.991 | 111 ms/step (8.99 it/s) | elapsed 5.7 min | ETA this epoch 1.7 min
  step 3200/4061 | loss -7.458 | 110 ms/step (9.05 it/s) | elapsed 5.8 min | ETA this epoch 1.6 min
  step 3250/4061 | loss -7.358 | 111 ms/step (8.98 it/s) | elapsed 5.9 min | ETA this epoch 1.5 min
  step 3300/4061 | loss -5.278 | 111 ms/step (9.01 it/s) | elapsed 6.0 min | ETA this epoch 1.4 min
  step 3350/4061 | loss -6.051 | 110 ms/step (9.08 it/s) | elapsed 6.0 min | ETA this epoch 1.3 min
  step 3400/4061 | loss -7.194 | 110 ms/step (9.09 it/s) | elapsed 6.1 min | ETA this epoch 1.2 min
  step 3450/4061 | loss -7.881 | 110 ms/step (9.08 it/s) | elapsed 6.2 min | ETA this epoch 1.1 min
  step 3500/4061 | loss -8.084 | 112 ms/step (8.93 it/s) | elapsed 6.3 min | ETA this epoch 1.0 min
  step 3550/4061 | loss -7.833 | 109 ms/step (9.21 it/s) | elapsed 6.4 min | ETA this epoch 0.9 min
  step 3600/4061 | loss -9.150 | 110 ms/step (9.10 it/s) | elapsed 6.5 min | ETA this epoch 0.8 min
  step 3650/4061 | loss -6.820 | 110 ms/step (9.07 it/s) | elapsed 6.6 min | ETA this epoch 0.8 min
  step 3700/4061 | loss -8.484 | 111 ms/step (9.03 it/s) | elapsed 6.7 min | ETA this epoch 0.7 min
  step 3750/4061 | loss -7.850 | 88 ms/step (11.34 it/s) | elapsed 6.8 min | ETA this epoch 0.5 min
  step 3800/4061 | loss -8.430 | 91 ms/step (10.96 it/s) | elapsed 6.8 min | ETA this epoch 0.4 min
  step 3850/4061 | loss -7.251 | 90 ms/step (11.08 it/s) | elapsed 6.9 min | ETA this epoch 0.3 min
  step 3900/4061 | loss -6.697 | 94 ms/step (10.62 it/s) | elapsed 7.0 min | ETA this epoch 0.3 min
  step 3950/4061 | loss -7.357 | 87 ms/step (11.44 it/s) | elapsed 7.1 min | ETA this epoch 0.2 min
  step 4000/4061 | loss -8.224 | 87 ms/step (11.55 it/s) | elapsed 7.1 min | ETA this epoch 0.1 min
  step 4050/4061 | loss -5.236 | 111 ms/step (9.02 it/s) | elapsed 7.2 min | ETA this epoch 0.0 min
Epoch 30/50 | Train -7.251 | Val L1 0.0019 | Val SI-SDR 17.97 dB | Time 7.7 min
Saved best model (SI-SDR 17.97 dB) -> /home/bubai-maji/speech_enhancement/script/propose_ablation2/checkpoint_propose_ab2/best_NGDM_SE.pt
  step 50/4061 | loss -6.844 | 110 ms/step (9.09 it/s) | elapsed 0.1 min | ETA this epoch 7.4 min
  step 100/4061 | loss -7.979 | 112 ms/step (8.95 it/s) | elapsed 0.2 min | ETA this epoch 7.4 min
  step 150/4061 | loss -7.205 | 112 ms/step (8.95 it/s) | elapsed 0.3 min | ETA this epoch 7.3 min
  step 200/4061 | loss -6.064 | 111 ms/step (8.98 it/s) | elapsed 0.4 min | ETA this epoch 7.2 min
  step 250/4061 | loss -9.584 | 110 ms/step (9.12 it/s) | elapsed 0.5 min | ETA this epoch 7.0 min
  step 300/4061 | loss -7.477 | 110 ms/step (9.09 it/s) | elapsed 0.6 min | ETA this epoch 6.9 min
  step 350/4061 | loss -6.215 | 109 ms/step (9.14 it/s) | elapsed 0.6 min | ETA this epoch 6.8 min
  step 400/4061 | loss -5.330 | 108 ms/step (9.23 it/s) | elapsed 0.7 min | ETA this epoch 6.6 min
  step 450/4061 | loss -5.840 | 110 ms/step (9.13 it/s) | elapsed 0.8 min | ETA this epoch 6.6 min
  step 500/4061 | loss -7.458 | 110 ms/step (9.10 it/s) | elapsed 0.9 min | ETA this epoch 6.5 min
  step 550/4061 | loss -7.695 | 113 ms/step (8.85 it/s) | elapsed 1.0 min | ETA this epoch 6.6 min
  step 600/4061 | loss -6.568 | 111 ms/step (8.98 it/s) | elapsed 1.1 min | ETA this epoch 6.4 min
  step 650/4061 | loss -6.167 | 109 ms/step (9.13 it/s) | elapsed 1.2 min | ETA this epoch 6.2 min
  step 700/4061 | loss -8.071 | 111 ms/step (9.02 it/s) | elapsed 1.3 min | ETA this epoch 6.2 min
  step 750/4061 | loss -7.245 | 109 ms/step (9.14 it/s) | elapsed 1.4 min | ETA this epoch 6.0 min
  step 800/4061 | loss -6.940 | 111 ms/step (9.04 it/s) | elapsed 1.5 min | ETA this epoch 6.0 min
  step 850/4061 | loss -8.185 | 110 ms/step (9.10 it/s) | elapsed 1.6 min | ETA this epoch 5.9 min
  step 900/4061 | loss -8.622 | 111 ms/step (9.00 it/s) | elapsed 1.7 min | ETA this epoch 5.9 min
  step 950/4061 | loss -6.968 | 109 ms/step (9.18 it/s) | elapsed 1.7 min | ETA this epoch 5.6 min
  step 1000/4061 | loss -8.105 | 115 ms/step (8.72 it/s) | elapsed 1.8 min | ETA this epoch 5.9 min
  step 1050/4061 | loss -7.603 | 111 ms/step (9.04 it/s) | elapsed 1.9 min | ETA this epoch 5.5 min
  step 1100/4061 | loss -6.496 | 110 ms/step (9.07 it/s) | elapsed 2.0 min | ETA this epoch 5.4 min
  step 1150/4061 | loss -7.435 | 109 ms/step (9.18 it/s) | elapsed 2.1 min | ETA this epoch 5.3 min
  step 1200/4061 | loss -7.916 | 109 ms/step (9.17 it/s) | elapsed 2.2 min | ETA this epoch 5.2 min
  step 1250/4061 | loss -7.018 | 113 ms/step (8.84 it/s) | elapsed 2.3 min | ETA this epoch 5.3 min
  step 1300/4061 | loss -6.749 | 110 ms/step (9.11 it/s) | elapsed 2.4 min | ETA this epoch 5.1 min
  step 1350/4061 | loss -7.015 | 110 ms/step (9.10 it/s) | elapsed 2.5 min | ETA this epoch 5.0 min
  step 1400/4061 | loss -6.202 | 85 ms/step (11.78 it/s) | elapsed 2.6 min | ETA this epoch 3.8 min
  step 1450/4061 | loss -7.097 | 90 ms/step (11.11 it/s) | elapsed 2.6 min | ETA this epoch 3.9 min
  step 1500/4061 | loss -6.521 | 93 ms/step (10.79 it/s) | elapsed 2.7 min | ETA this epoch 4.0 min
  step 1550/4061 | loss -7.303 | 84 ms/step (11.88 it/s) | elapsed 2.8 min | ETA this epoch 3.5 min
  step 1600/4061 | loss -6.996 | 87 ms/step (11.56 it/s) | elapsed 2.9 min | ETA this epoch 3.5 min
  step 1650/4061 | loss -7.653 | 100 ms/step (9.99 it/s) | elapsed 2.9 min | ETA this epoch 4.0 min
  step 1700/4061 | loss -7.324 | 111 ms/step (9.00 it/s) | elapsed 3.0 min | ETA this epoch 4.4 min
  step 1750/4061 | loss -7.691 | 110 ms/step (9.09 it/s) | elapsed 3.1 min | ETA this epoch 4.2 min
  step 1800/4061 | loss -6.487 | 111 ms/step (8.97 it/s) | elapsed 3.2 min | ETA this epoch 4.2 min
  step 1850/4061 | loss -6.212 | 111 ms/step (9.05 it/s) | elapsed 3.3 min | ETA this epoch 4.1 min
  step 1900/4061 | loss -6.969 | 112 ms/step (8.95 it/s) | elapsed 3.4 min | ETA this epoch 4.0 min
  step 1950/4061 | loss -8.335 | 110 ms/step (9.07 it/s) | elapsed 3.5 min | ETA this epoch 3.9 min
  step 2000/4061 | loss -6.793 | 111 ms/step (9.03 it/s) | elapsed 3.6 min | ETA this epoch 3.8 min
  step 2050/4061 | loss -7.626 | 110 ms/step (9.05 it/s) | elapsed 3.7 min | ETA this epoch 3.7 min
  step 2100/4061 | loss -7.276 | 110 ms/step (9.10 it/s) | elapsed 3.8 min | ETA this epoch 3.6 min
  step 2150/4061 | loss -7.900 | 109 ms/step (9.20 it/s) | elapsed 3.9 min | ETA this epoch 3.5 min
  step 2200/4061 | loss -5.195 | 112 ms/step (8.93 it/s) | elapsed 3.9 min | ETA this epoch 3.5 min
  step 2250/4061 | loss -6.572 | 110 ms/step (9.10 it/s) | elapsed 4.0 min | ETA this epoch 3.3 min
  step 2300/4061 | loss -6.331 | 110 ms/step (9.12 it/s) | elapsed 4.1 min | ETA this epoch 3.2 min
  step 2350/4061 | loss -7.278 | 111 ms/step (9.03 it/s) | elapsed 4.2 min | ETA this epoch 3.2 min
  step 2400/4061 | loss -6.693 | 110 ms/step (9.13 it/s) | elapsed 4.3 min | ETA this epoch 3.0 min
  step 2450/4061 | loss -6.795 | 111 ms/step (9.02 it/s) | elapsed 4.4 min | ETA this epoch 3.0 min
  step 2500/4061 | loss -6.967 | 110 ms/step (9.12 it/s) | elapsed 4.5 min | ETA this epoch 2.9 min
  step 2550/4061 | loss -5.856 | 110 ms/step (9.06 it/s) | elapsed 4.6 min | ETA this epoch 2.8 min
  step 2600/4061 | loss -7.899 | 110 ms/step (9.06 it/s) | elapsed 4.7 min | ETA this epoch 2.7 min
  step 2650/4061 | loss -6.015 | 109 ms/step (9.15 it/s) | elapsed 4.8 min | ETA this epoch 2.6 min
  step 2700/4061 | loss -6.829 | 110 ms/step (9.07 it/s) | elapsed 4.9 min | ETA this epoch 2.5 min
  step 2750/4061 | loss -6.646 | 111 ms/step (8.99 it/s) | elapsed 5.0 min | ETA this epoch 2.4 min
  step 2800/4061 | loss -9.246 | 109 ms/step (9.14 it/s) | elapsed 5.0 min | ETA this epoch 2.3 min
  step 2850/4061 | loss -8.157 | 111 ms/step (9.02 it/s) | elapsed 5.1 min | ETA this epoch 2.2 min
  step 2900/4061 | loss -6.191 | 110 ms/step (9.08 it/s) | elapsed 5.2 min | ETA this epoch 2.1 min
  step 2950/4061 | loss -7.404 | 111 ms/step (8.99 it/s) | elapsed 5.3 min | ETA this epoch 2.1 min
  step 3000/4061 | loss -7.938 | 110 ms/step (9.12 it/s) | elapsed 5.4 min | ETA this epoch 1.9 min
  step 3050/4061 | loss -6.922 | 112 ms/step (8.96 it/s) | elapsed 5.5 min | ETA this epoch 1.9 min
  step 3100/4061 | loss -7.073 | 112 ms/step (8.95 it/s) | elapsed 5.6 min | ETA this epoch 1.8 min
  step 3150/4061 | loss -7.755 | 110 ms/step (9.10 it/s) | elapsed 5.7 min | ETA this epoch 1.7 min
  step 3200/4061 | loss -6.148 | 110 ms/step (9.07 it/s) | elapsed 5.8 min | ETA this epoch 1.6 min
  step 3250/4061 | loss -5.688 | 110 ms/step (9.12 it/s) | elapsed 5.9 min | ETA this epoch 1.5 min
  step 3300/4061 | loss -6.008 | 111 ms/step (9.02 it/s) | elapsed 6.0 min | ETA this epoch 1.4 min
  step 3350/4061 | loss -8.077 | 111 ms/step (9.00 it/s) | elapsed 6.1 min | ETA this epoch 1.3 min
  step 3400/4061 | loss -6.754 | 111 ms/step (9.04 it/s) | elapsed 6.2 min | ETA this epoch 1.2 min
  step 3450/4061 | loss -6.742 | 111 ms/step (9.02 it/s) | elapsed 6.2 min | ETA this epoch 1.1 min
  step 3500/4061 | loss -7.798 | 110 ms/step (9.09 it/s) | elapsed 6.3 min | ETA this epoch 1.0 min
  step 3550/4061 | loss -7.401 | 108 ms/step (9.25 it/s) | elapsed 6.4 min | ETA this epoch 0.9 min
  step 3600/4061 | loss -7.592 | 109 ms/step (9.15 it/s) | elapsed 6.5 min | ETA this epoch 0.8 min
  step 3650/4061 | loss -7.351 | 111 ms/step (8.97 it/s) | elapsed 6.6 min | ETA this epoch 0.8 min
  step 3700/4061 | loss -7.958 | 111 ms/step (9.01 it/s) | elapsed 6.7 min | ETA this epoch 0.7 min
  step 3750/4061 | loss -6.424 | 111 ms/step (8.97 it/s) | elapsed 6.8 min | ETA this epoch 0.6 min
  step 3800/4061 | loss -5.927 | 111 ms/step (9.05 it/s) | elapsed 6.9 min | ETA this epoch 0.5 min
  step 3850/4061 | loss -6.315 | 110 ms/step (9.11 it/s) | elapsed 7.0 min | ETA this epoch 0.4 min
  step 3900/4061 | loss -8.010 | 89 ms/step (11.25 it/s) | elapsed 7.1 min | ETA this epoch 0.2 min
  step 3950/4061 | loss -6.931 | 94 ms/step (10.63 it/s) | elapsed 7.1 min | ETA this epoch 0.2 min
  step 4000/4061 | loss -7.306 | 88 ms/step (11.41 it/s) | elapsed 7.2 min | ETA this epoch 0.1 min
  step 4050/4061 | loss -7.456 | 93 ms/step (10.73 it/s) | elapsed 7.3 min | ETA this epoch 0.0 min
Epoch 31/50 | Train -7.239 | Val L1 0.0019 | Val SI-SDR 17.89 dB | Time 7.8 min
EarlyStopping counter: 1/7
  step 50/4061 | loss -6.664 | 110 ms/step (9.07 it/s) | elapsed 0.1 min | ETA this epoch 7.4 min
  step 100/4061 | loss -5.324 | 108 ms/step (9.25 it/s) | elapsed 0.2 min | ETA this epoch 7.1 min
  step 150/4061 | loss -7.023 | 110 ms/step (9.13 it/s) | elapsed 0.3 min | ETA this epoch 7.1 min
  step 200/4061 | loss -9.524 | 109 ms/step (9.18 it/s) | elapsed 0.4 min | ETA this epoch 7.0 min
  step 250/4061 | loss -7.720 | 111 ms/step (9.01 it/s) | elapsed 0.5 min | ETA this epoch 7.1 min
  step 300/4061 | loss -9.341 | 109 ms/step (9.20 it/s) | elapsed 0.5 min | ETA this epoch 6.8 min
  step 350/4061 | loss -8.518 | 109 ms/step (9.15 it/s) | elapsed 0.6 min | ETA this epoch 6.8 min
  step 400/4061 | loss -8.270 | 109 ms/step (9.16 it/s) | elapsed 0.7 min | ETA this epoch 6.7 min
  step 450/4061 | loss -8.013 | 109 ms/step (9.17 it/s) | elapsed 0.8 min | ETA this epoch 6.6 min
  step 500/4061 | loss -5.716 | 112 ms/step (8.94 it/s) | elapsed 0.9 min | ETA this epoch 6.6 min
  step 550/4061 | loss -7.489 | 109 ms/step (9.16 it/s) | elapsed 1.0 min | ETA this epoch 6.4 min
  step 600/4061 | loss -7.564 | 109 ms/step (9.14 it/s) | elapsed 1.1 min | ETA this epoch 6.3 min
  step 650/4061 | loss -8.629 | 109 ms/step (9.15 it/s) | elapsed 1.2 min | ETA this epoch 6.2 min
  step 700/4061 | loss -7.225 | 109 ms/step (9.16 it/s) | elapsed 1.3 min | ETA this epoch 6.1 min
  step 750/4061 | loss -6.552 | 110 ms/step (9.11 it/s) | elapsed 1.4 min | ETA this epoch 6.1 min
  step 800/4061 | loss -5.312 | 111 ms/step (9.00 it/s) | elapsed 1.5 min | ETA this epoch 6.0 min
  step 850/4061 | loss -5.840 | 110 ms/step (9.06 it/s) | elapsed 1.6 min | ETA this epoch 5.9 min
  step 900/4061 | loss -7.718 | 109 ms/step (9.14 it/s) | elapsed 1.6 min | ETA this epoch 5.8 min
  step 950/4061 | loss -8.822 | 111 ms/step (9.02 it/s) | elapsed 1.7 min | ETA this epoch 5.8 min
  step 1000/4061 | loss -7.312 | 109 ms/step (9.15 it/s) | elapsed 1.8 min | ETA this epoch 5.6 min
  step 1050/4061 | loss -8.721 | 110 ms/step (9.07 it/s) | elapsed 1.9 min | ETA this epoch 5.5 min
  step 1100/4061 | loss -8.895 | 109 ms/step (9.14 it/s) | elapsed 2.0 min | ETA this epoch 5.4 min
  step 1150/4061 | loss -6.976 | 110 ms/step (9.11 it/s) | elapsed 2.1 min | ETA this epoch 5.3 min
  step 1200/4061 | loss -6.735 | 110 ms/step (9.06 it/s) | elapsed 2.2 min | ETA this epoch 5.3 min
  step 1250/4061 | loss -7.510 | 109 ms/step (9.17 it/s) | elapsed 2.3 min | ETA this epoch 5.1 min
  step 1300/4061 | loss -8.828 | 110 ms/step (9.12 it/s) | elapsed 2.4 min | ETA this epoch 5.0 min
  step 1350/4061 | loss -7.797 | 108 ms/step (9.26 it/s) | elapsed 2.5 min | ETA this epoch 4.9 min
  step 1400/4061 | loss -6.394 | 108 ms/step (9.23 it/s) | elapsed 2.6 min | ETA this epoch 4.8 min
  step 1450/4061 | loss -7.734 | 95 ms/step (10.56 it/s) | elapsed 2.6 min | ETA this epoch 4.1 min
  step 1500/4061 | loss -6.744 | 94 ms/step (10.69 it/s) | elapsed 2.7 min | ETA this epoch 4.0 min
  step 1550/4061 | loss -8.767 | 97 ms/step (10.29 it/s) | elapsed 2.8 min | ETA this epoch 4.1 min
  step 1600/4061 | loss -5.811 | 110 ms/step (9.12 it/s) | elapsed 2.9 min | ETA this epoch 4.5 min
  step 1650/4061 | loss -7.503 | 110 ms/step (9.09 it/s) | elapsed 3.0 min | ETA this epoch 4.4 min
  step 1700/4061 | loss -7.499 | 109 ms/step (9.14 it/s) | elapsed 3.1 min | ETA this epoch 4.3 min
  step 1750/4061 | loss -6.414 | 109 ms/step (9.18 it/s) | elapsed 3.2 min | ETA this epoch 4.2 min
  step 1800/4061 | loss -8.593 | 109 ms/step (9.20 it/s) | elapsed 3.3 min | ETA this epoch 4.1 min
  step 1850/4061 | loss -5.768 | 110 ms/step (9.05 it/s) | elapsed 3.3 min | ETA this epoch 4.1 min
  step 1900/4061 | loss -9.490 | 109 ms/step (9.17 it/s) | elapsed 3.4 min | ETA this epoch 3.9 min
  step 1950/4061 | loss -6.450 | 110 ms/step (9.09 it/s) | elapsed 3.5 min | ETA this epoch 3.9 min
  step 2000/4061 | loss -6.730 | 109 ms/step (9.16 it/s) | elapsed 3.6 min | ETA this epoch 3.8 min
  step 2050/4061 | loss -8.923 | 109 ms/step (9.20 it/s) | elapsed 3.7 min | ETA this epoch 3.6 min
  step 2100/4061 | loss -6.688 | 110 ms/step (9.09 it/s) | elapsed 3.8 min | ETA this epoch 3.6 min
  step 2150/4061 | loss -7.387 | 109 ms/step (9.13 it/s) | elapsed 3.9 min | ETA this epoch 3.5 min
  step 2200/4061 | loss -6.526 | 110 ms/step (9.11 it/s) | elapsed 4.0 min | ETA this epoch 3.4 min
  step 2250/4061 | loss -6.505 | 109 ms/step (9.15 it/s) | elapsed 4.1 min | ETA this epoch 3.3 min
  step 2300/4061 | loss -6.045 | 110 ms/step (9.13 it/s) | elapsed 4.2 min | ETA this epoch 3.2 min
  step 2350/4061 | loss -7.740 | 109 ms/step (9.19 it/s) | elapsed 4.3 min | ETA this epoch 3.1 min
  step 2400/4061 | loss -7.967 | 110 ms/step (9.10 it/s) | elapsed 4.3 min | ETA this epoch 3.0 min
  step 2450/4061 | loss -6.903 | 110 ms/step (9.06 it/s) | elapsed 4.4 min | ETA this epoch 3.0 min
  step 2500/4061 | loss -7.468 | 110 ms/step (9.12 it/s) | elapsed 4.5 min | ETA this epoch 2.9 min
  step 2550/4061 | loss -7.315 | 110 ms/step (9.08 it/s) | elapsed 4.6 min | ETA this epoch 2.8 min
  step 2600/4061 | loss -6.260 | 110 ms/step (9.13 it/s) | elapsed 4.7 min | ETA this epoch 2.7 min
  step 2650/4061 | loss -8.624 | 109 ms/step (9.14 it/s) | elapsed 4.8 min | ETA this epoch 2.6 min
  step 2700/4061 | loss -6.961 | 111 ms/step (9.03 it/s) | elapsed 4.9 min | ETA this epoch 2.5 min
  step 2750/4061 | loss -8.289 | 109 ms/step (9.16 it/s) | elapsed 5.0 min | ETA this epoch 2.4 min
  step 2800/4061 | loss -7.751 | 111 ms/step (9.00 it/s) | elapsed 5.1 min | ETA this epoch 2.3 min
  step 2850/4061 | loss -7.855 | 109 ms/step (9.15 it/s) | elapsed 5.2 min | ETA this epoch 2.2 min
  step 2900/4061 | loss -8.585 | 109 ms/step (9.16 it/s) | elapsed 5.3 min | ETA this epoch 2.1 min
  step 2950/4061 | loss -6.694 | 111 ms/step (9.04 it/s) | elapsed 5.4 min | ETA this epoch 2.0 min
  step 3000/4061 | loss -8.038 | 109 ms/step (9.19 it/s) | elapsed 5.4 min | ETA this epoch 1.9 min
  step 3050/4061 | loss -6.602 | 109 ms/step (9.14 it/s) | elapsed 5.5 min | ETA this epoch 1.8 min
  step 3100/4061 | loss -7.474 | 111 ms/step (8.98 it/s) | elapsed 5.6 min | ETA this epoch 1.8 min
  step 3150/4061 | loss -7.051 | 109 ms/step (9.17 it/s) | elapsed 5.7 min | ETA this epoch 1.7 min
  step 3200/4061 | loss -7.774 | 109 ms/step (9.14 it/s) | elapsed 5.8 min | ETA this epoch 1.6 min
  step 3250/4061 | loss -7.309 | 109 ms/step (9.18 it/s) | elapsed 5.9 min | ETA this epoch 1.5 min
  step 3300/4061 | loss -8.238 | 110 ms/step (9.08 it/s) | elapsed 6.0 min | ETA this epoch 1.4 min
  step 3350/4061 | loss -7.437 | 109 ms/step (9.15 it/s) | elapsed 6.1 min | ETA this epoch 1.3 min
  step 3400/4061 | loss -7.382 | 109 ms/step (9.15 it/s) | elapsed 6.2 min | ETA this epoch 1.2 min
  step 3450/4061 | loss -7.639 | 110 ms/step (9.08 it/s) | elapsed 6.3 min | ETA this epoch 1.1 min
  step 3500/4061 | loss -6.364 | 110 ms/step (9.10 it/s) | elapsed 6.4 min | ETA this epoch 1.0 min
  step 3550/4061 | loss -5.710 | 111 ms/step (9.04 it/s) | elapsed 6.5 min | ETA this epoch 0.9 min
  step 3600/4061 | loss -8.090 | 109 ms/step (9.18 it/s) | elapsed 6.5 min | ETA this epoch 0.8 min
  step 3650/4061 | loss -8.248 | 110 ms/step (9.09 it/s) | elapsed 6.6 min | ETA this epoch 0.8 min
  step 3700/4061 | loss -6.570 | 108 ms/step (9.22 it/s) | elapsed 6.7 min | ETA this epoch 0.7 min
  step 3750/4061 | loss -5.114 | 110 ms/step (9.11 it/s) | elapsed 6.8 min | ETA this epoch 0.6 min
  step 3800/4061 | loss -8.819 | 109 ms/step (9.18 it/s) | elapsed 6.9 min | ETA this epoch 0.5 min
  step 3850/4061 | loss -8.292 | 110 ms/step (9.09 it/s) | elapsed 7.0 min | ETA this epoch 0.4 min
  step 3900/4061 | loss -6.662 | 110 ms/step (9.07 it/s) | elapsed 7.1 min | ETA this epoch 0.3 min
  step 3950/4061 | loss -9.032 | 111 ms/step (9.03 it/s) | elapsed 7.2 min | ETA this epoch 0.2 min
  step 4000/4061 | loss -8.476 | 97 ms/step (10.31 it/s) | elapsed 7.3 min | ETA this epoch 0.1 min
  step 4050/4061 | loss -8.000 | 90 ms/step (11.08 it/s) | elapsed 7.3 min | ETA this epoch 0.0 min
Epoch 32/50 | Train -7.262 | Val L1 0.0019 | Val SI-SDR 17.83 dB | Time 7.6 min
EarlyStopping counter: 2/7
  step 50/4061 | loss -7.980 | 109 ms/step (9.16 it/s) | elapsed 0.1 min | ETA this epoch 7.3 min
  step 100/4061 | loss -6.820 | 109 ms/step (9.14 it/s) | elapsed 0.2 min | ETA this epoch 7.2 min
  step 150/4061 | loss -6.813 | 109 ms/step (9.14 it/s) | elapsed 0.3 min | ETA this epoch 7.1 min
  step 200/4061 | loss -9.417 | 109 ms/step (9.14 it/s) | elapsed 0.4 min | ETA this epoch 7.0 min
  step 250/4061 | loss -6.873 | 109 ms/step (9.14 it/s) | elapsed 0.5 min | ETA this epoch 6.9 min
  step 300/4061 | loss -7.600 | 110 ms/step (9.09 it/s) | elapsed 0.5 min | ETA this epoch 6.9 min
  step 350/4061 | loss -8.167 | 109 ms/step (9.14 it/s) | elapsed 0.6 min | ETA this epoch 6.8 min
  step 400/4061 | loss -6.187 | 109 ms/step (9.16 it/s) | elapsed 0.7 min | ETA this epoch 6.7 min
  step 450/4061 | loss -7.212 | 110 ms/step (9.13 it/s) | elapsed 0.8 min | ETA this epoch 6.6 min
  step 500/4061 | loss -8.616 | 110 ms/step (9.11 it/s) | elapsed 0.9 min | ETA this epoch 6.5 min
  step 550/4061 | loss -7.735 | 109 ms/step (9.22 it/s) | elapsed 1.0 min | ETA this epoch 6.3 min
  step 600/4061 | loss -6.125 | 110 ms/step (9.13 it/s) | elapsed 1.1 min | ETA this epoch 6.3 min
  step 650/4061 | loss -6.650 | 110 ms/step (9.09 it/s) | elapsed 1.2 min | ETA this epoch 6.3 min
  step 700/4061 | loss -6.972 | 110 ms/step (9.12 it/s) | elapsed 1.3 min | ETA this epoch 6.1 min
  step 750/4061 | loss -6.600 | 108 ms/step (9.22 it/s) | elapsed 1.4 min | ETA this epoch 6.0 min
  step 800/4061 | loss -6.948 | 110 ms/step (9.07 it/s) | elapsed 1.5 min | ETA this epoch 6.0 min
  step 850/4061 | loss -8.172 | 110 ms/step (9.09 it/s) | elapsed 1.6 min | ETA this epoch 5.9 min
  step 900/4061 | loss -7.120 | 109 ms/step (9.13 it/s) | elapsed 1.6 min | ETA this epoch 5.8 min
  step 950/4061 | loss -6.890 | 110 ms/step (9.08 it/s) | elapsed 1.7 min | ETA this epoch 5.7 min
  step 1000/4061 | loss -6.533 | 110 ms/step (9.10 it/s) | elapsed 1.8 min | ETA this epoch 5.6 min
  step 1050/4061 | loss -7.393 | 109 ms/step (9.18 it/s) | elapsed 1.9 min | ETA this epoch 5.5 min
  step 1100/4061 | loss -8.215 | 111 ms/step (9.05 it/s) | elapsed 2.0 min | ETA this epoch 5.5 min
  step 1150/4061 | loss -7.706 | 110 ms/step (9.08 it/s) | elapsed 2.1 min | ETA this epoch 5.3 min
  step 1200/4061 | loss -6.942 | 110 ms/step (9.13 it/s) | elapsed 2.2 min | ETA this epoch 5.2 min
  step 1250/4061 | loss -6.058 | 109 ms/step (9.14 it/s) | elapsed 2.3 min | ETA this epoch 5.1 min
  step 1300/4061 | loss -8.264 | 110 ms/step (9.11 it/s) | elapsed 2.4 min | ETA this epoch 5.0 min
  step 1350/4061 | loss -7.486 | 109 ms/step (9.13 it/s) | elapsed 2.5 min | ETA this epoch 4.9 min
  step 1400/4061 | loss -7.346 | 109 ms/step (9.16 it/s) | elapsed 2.6 min | ETA this epoch 4.8 min
  step 1450/4061 | loss -7.671 | 110 ms/step (9.07 it/s) | elapsed 2.6 min | ETA this epoch 4.8 min
  step 1500/4061 | loss -7.061 | 110 ms/step (9.09 it/s) | elapsed 2.7 min | ETA this epoch 4.7 min
  step 1550/4061 | loss -8.101 | 96 ms/step (10.43 it/s) | elapsed 2.8 min | ETA this epoch 4.0 min
  step 1600/4061 | loss -6.572 | 95 ms/step (10.48 it/s) | elapsed 2.9 min | ETA this epoch 3.9 min
  step 1650/4061 | loss -6.287 | 91 ms/step (10.99 it/s) | elapsed 3.0 min | ETA this epoch 3.7 min
  step 1700/4061 | loss -5.886 | 108 ms/step (9.29 it/s) | elapsed 3.1 min | ETA this epoch 4.2 min
  step 1750/4061 | loss -7.801 | 108 ms/step (9.27 it/s) | elapsed 3.2 min | ETA this epoch 4.2 min
  step 1800/4061 | loss -7.933 | 111 ms/step (9.02 it/s) | elapsed 3.2 min | ETA this epoch 4.2 min
  step 1850/4061 | loss -7.401 | 111 ms/step (9.05 it/s) | elapsed 3.3 min | ETA this epoch 4.1 min
  step 1900/4061 | loss -6.347 | 110 ms/step (9.10 it/s) | elapsed 3.4 min | ETA this epoch 4.0 min
  step 1950/4061 | loss -7.348 | 110 ms/step (9.05 it/s) | elapsed 3.5 min | ETA this epoch 3.9 min
  step 2000/4061 | loss -7.071 | 110 ms/step (9.09 it/s) | elapsed 3.6 min | ETA this epoch 3.8 min
  step 2050/4061 | loss -6.745 | 109 ms/step (9.19 it/s) | elapsed 3.7 min | ETA this epoch 3.6 min
  step 2100/4061 | loss -6.649 | 111 ms/step (9.02 it/s) | elapsed 3.8 min | ETA this epoch 3.6 min
  step 2150/4061 | loss -7.392 | 109 ms/step (9.15 it/s) | elapsed 3.9 min | ETA this epoch 3.5 min
  step 2200/4061 | loss -8.302 | 109 ms/step (9.17 it/s) | elapsed 4.0 min | ETA this epoch 3.4 min
  step 2250/4061 | loss -7.259 | 110 ms/step (9.08 it/s) | elapsed 4.1 min | ETA this epoch 3.3 min
  step 2300/4061 | loss -6.464 | 108 ms/step (9.30 it/s) | elapsed 4.2 min | ETA this epoch 3.2 min
  step 2350/4061 | loss -5.999 | 110 ms/step (9.08 it/s) | elapsed 4.3 min | ETA this epoch 3.1 min
  step 2400/4061 | loss -6.584 | 108 ms/step (9.24 it/s) | elapsed 4.3 min | ETA this epoch 3.0 min
  step 2450/4061 | loss -6.663 | 110 ms/step (9.13 it/s) | elapsed 4.4 min | ETA this epoch 2.9 min
  step 2500/4061 | loss -5.471 | 110 ms/step (9.10 it/s) | elapsed 4.5 min | ETA this epoch 2.9 min
  step 2550/4061 | loss -7.005 | 110 ms/step (9.08 it/s) | elapsed 4.6 min | ETA this epoch 2.8 min
  step 2600/4061 | loss -8.537 | 108 ms/step (9.27 it/s) | elapsed 4.7 min | ETA this epoch 2.6 min
  step 2650/4061 | loss -7.721 | 110 ms/step (9.13 it/s) | elapsed 4.8 min | ETA this epoch 2.6 min
  step 2700/4061 | loss -8.852 | 110 ms/step (9.08 it/s) | elapsed 4.9 min | ETA this epoch 2.5 min
  step 2750/4061 | loss -7.103 | 110 ms/step (9.08 it/s) | elapsed 5.0 min | ETA this epoch 2.4 min
  step 2800/4061 | loss -8.308 | 110 ms/step (9.09 it/s) | elapsed 5.1 min | ETA this epoch 2.3 min
  step 2850/4061 | loss -7.997 | 110 ms/step (9.10 it/s) | elapsed 5.2 min | ETA this epoch 2.2 min
  step 2900/4061 | loss -7.521 | 109 ms/step (9.18 it/s) | elapsed 5.3 min | ETA this epoch 2.1 min
  step 2950/4061 | loss -7.172 | 110 ms/step (9.08 it/s) | elapsed 5.3 min | ETA this epoch 2.0 min
  step 3000/4061 | loss -7.879 | 110 ms/step (9.10 it/s) | elapsed 5.4 min | ETA this epoch 1.9 min
  step 3050/4061 | loss -6.535 | 109 ms/step (9.15 it/s) | elapsed 5.5 min | ETA this epoch 1.8 min
  step 3100/4061 | loss -8.567 | 113 ms/step (8.88 it/s) | elapsed 5.6 min | ETA this epoch 1.8 min
  step 3150/4061 | loss -7.221 | 110 ms/step (9.13 it/s) | elapsed 5.7 min | ETA this epoch 1.7 min
  step 3200/4061 | loss -7.170 | 109 ms/step (9.19 it/s) | elapsed 5.8 min | ETA this epoch 1.6 min
  step 3250/4061 | loss -7.545 | 110 ms/step (9.12 it/s) | elapsed 5.9 min | ETA this epoch 1.5 min
  step 3300/4061 | loss -8.690 | 110 ms/step (9.09 it/s) | elapsed 6.0 min | ETA this epoch 1.4 min
  step 3350/4061 | loss -6.648 | 110 ms/step (9.13 it/s) | elapsed 6.1 min | ETA this epoch 1.3 min
  step 3400/4061 | loss -6.588 | 109 ms/step (9.17 it/s) | elapsed 6.2 min | ETA this epoch 1.2 min
  step 3450/4061 | loss -5.961 | 109 ms/step (9.18 it/s) | elapsed 6.3 min | ETA this epoch 1.1 min
  step 3500/4061 | loss -6.820 | 110 ms/step (9.09 it/s) | elapsed 6.4 min | ETA this epoch 1.0 min
  step 3550/4061 | loss -7.979 | 111 ms/step (9.00 it/s) | elapsed 6.4 min | ETA this epoch 0.9 min
  step 3600/4061 | loss -7.727 | 109 ms/step (9.20 it/s) | elapsed 6.5 min | ETA this epoch 0.8 min
  step 3650/4061 | loss -6.953 | 110 ms/step (9.07 it/s) | elapsed 6.6 min | ETA this epoch 0.8 min
  step 3700/4061 | loss -7.458 | 110 ms/step (9.13 it/s) | elapsed 6.7 min | ETA this epoch 0.7 min
  step 3750/4061 | loss -7.222 | 111 ms/step (9.04 it/s) | elapsed 6.8 min | ETA this epoch 0.6 min
  step 3800/4061 | loss -7.232 | 110 ms/step (9.07 it/s) | elapsed 6.9 min | ETA this epoch 0.5 min
  step 3850/4061 | loss -8.191 | 110 ms/step (9.10 it/s) | elapsed 7.0 min | ETA this epoch 0.4 min
  step 3900/4061 | loss -6.695 | 109 ms/step (9.18 it/s) | elapsed 7.1 min | ETA this epoch 0.3 min
  step 3950/4061 | loss -6.179 | 110 ms/step (9.08 it/s) | elapsed 7.2 min | ETA this epoch 0.2 min
  step 4000/4061 | loss -8.303 | 110 ms/step (9.10 it/s) | elapsed 7.3 min | ETA this epoch 0.1 min
  step 4050/4061 | loss -7.833 | 109 ms/step (9.18 it/s) | elapsed 7.4 min | ETA this epoch 0.0 min
Epoch 33/50 | Train -7.264 | Val L1 0.0019 | Val SI-SDR 17.98 dB | Time 7.7 min
Saved best model (SI-SDR 17.98 dB) -> /home/bubai-maji/speech_enhancement/script/propose_ablation2/checkpoint_propose_ab2/best_NGDM_SE.pt
  step 50/4061 | loss -7.701 | 91 ms/step (11.03 it/s) | elapsed 0.1 min | ETA this epoch 6.1 min
  step 100/4061 | loss -7.257 | 99 ms/step (10.15 it/s) | elapsed 0.2 min | ETA this epoch 6.5 min
  step 150/4061 | loss -6.776 | 109 ms/step (9.18 it/s) | elapsed 0.2 min | ETA this epoch 7.1 min
  step 200/4061 | loss -6.307 | 109 ms/step (9.14 it/s) | elapsed 0.3 min | ETA this epoch 7.0 min
  step 250/4061 | loss -7.743 | 111 ms/step (9.05 it/s) | elapsed 0.4 min | ETA this epoch 7.0 min
  step 300/4061 | loss -8.459 | 110 ms/step (9.08 it/s) | elapsed 0.5 min | ETA this epoch 6.9 min
  step 350/4061 | loss -8.876 | 110 ms/step (9.12 it/s) | elapsed 0.6 min | ETA this epoch 6.8 min
  step 400/4061 | loss -6.291 | 110 ms/step (9.08 it/s) | elapsed 0.7 min | ETA this epoch 6.7 min
  step 450/4061 | loss -7.129 | 109 ms/step (9.19 it/s) | elapsed 0.8 min | ETA this epoch 6.5 min
  step 500/4061 | loss -7.736 | 110 ms/step (9.10 it/s) | elapsed 0.9 min | ETA this epoch 6.5 min
  step 550/4061 | loss -7.371 | 110 ms/step (9.09 it/s) | elapsed 1.0 min | ETA this epoch 6.4 min
  step 600/4061 | loss -7.863 | 110 ms/step (9.10 it/s) | elapsed 1.1 min | ETA this epoch 6.3 min
  step 650/4061 | loss -5.818 | 109 ms/step (9.14 it/s) | elapsed 1.2 min | ETA this epoch 6.2 min
  step 700/4061 | loss -6.652 | 110 ms/step (9.11 it/s) | elapsed 1.3 min | ETA this epoch 6.1 min
  step 750/4061 | loss -7.786 | 109 ms/step (9.18 it/s) | elapsed 1.3 min | ETA this epoch 6.0 min
  step 800/4061 | loss -7.805 | 110 ms/step (9.13 it/s) | elapsed 1.4 min | ETA this epoch 6.0 min
  step 850/4061 | loss -5.571 | 111 ms/step (8.99 it/s) | elapsed 1.5 min | ETA this epoch 6.0 min
  step 900/4061 | loss -9.034 | 110 ms/step (9.12 it/s) | elapsed 1.6 min | ETA this epoch 5.8 min
  step 950/4061 | loss -9.083 | 109 ms/step (9.17 it/s) | elapsed 1.7 min | ETA this epoch 5.7 min
  step 1000/4061 | loss -6.107 | 107 ms/step (9.31 it/s) | elapsed 1.8 min | ETA this epoch 5.5 min
  step 1050/4061 | loss -7.155 | 110 ms/step (9.10 it/s) | elapsed 1.9 min | ETA this epoch 5.5 min
  step 1100/4061 | loss -9.297 | 110 ms/step (9.06 it/s) | elapsed 2.0 min | ETA this epoch 5.4 min
  step 1150/4061 | loss -7.343 | 110 ms/step (9.05 it/s) | elapsed 2.1 min | ETA this epoch 5.4 min
  step 1200/4061 | loss -6.263 | 110 ms/step (9.10 it/s) | elapsed 2.2 min | ETA this epoch 5.2 min
  step 1250/4061 | loss -7.765 | 109 ms/step (9.15 it/s) | elapsed 2.3 min | ETA this epoch 5.1 min
  step 1300/4061 | loss -6.593 | 109 ms/step (9.14 it/s) | elapsed 2.4 min | ETA this epoch 5.0 min
  step 1350/4061 | loss -7.215 | 109 ms/step (9.15 it/s) | elapsed 2.4 min | ETA this epoch 4.9 min
  step 1400/4061 | loss -7.322 | 109 ms/step (9.14 it/s) | elapsed 2.5 min | ETA this epoch 4.9 min
  step 1450/4061 | loss -8.524 | 110 ms/step (9.10 it/s) | elapsed 2.6 min | ETA this epoch 4.8 min
  step 1500/4061 | loss -7.882 | 109 ms/step (9.14 it/s) | elapsed 2.7 min | ETA this epoch 4.7 min
  step 1550/4061 | loss -7.204 | 110 ms/step (9.12 it/s) | elapsed 2.8 min | ETA this epoch 4.6 min
  step 1600/4061 | loss -6.797 | 109 ms/step (9.19 it/s) | elapsed 2.9 min | ETA this epoch 4.5 min
  step 1650/4061 | loss -5.422 | 98 ms/step (10.25 it/s) | elapsed 3.0 min | ETA this epoch 3.9 min
  step 1700/4061 | loss -6.613 | 97 ms/step (10.35 it/s) | elapsed 3.1 min | ETA this epoch 3.8 min
  step 1750/4061 | loss -7.117 | 97 ms/step (10.34 it/s) | elapsed 3.1 min | ETA this epoch 3.7 min
  step 1800/4061 | loss -7.460 | 108 ms/step (9.24 it/s) | elapsed 3.2 min | ETA this epoch 4.1 min
  step 1850/4061 | loss -5.392 | 109 ms/step (9.14 it/s) | elapsed 3.3 min | ETA this epoch 4.0 min
  step 1900/4061 | loss -7.827 | 108 ms/step (9.30 it/s) | elapsed 3.4 min | ETA this epoch 3.9 min
  step 1950/4061 | loss -6.057 | 109 ms/step (9.13 it/s) | elapsed 3.5 min | ETA this epoch 3.9 min
  step 2000/4061 | loss -6.944 | 110 ms/step (9.08 it/s) | elapsed 3.6 min | ETA this epoch 3.8 min
  step 2050/4061 | loss -7.777 | 109 ms/step (9.14 it/s) | elapsed 3.7 min | ETA this epoch 3.7 min
  step 2100/4061 | loss -6.339 | 109 ms/step (9.19 it/s) | elapsed 3.8 min | ETA this epoch 3.6 min
  step 2150/4061 | loss -6.755 | 113 ms/step (8.83 it/s) | elapsed 3.9 min | ETA this epoch 3.6 min
  step 2200/4061 | loss -7.811 | 110 ms/step (9.10 it/s) | elapsed 4.0 min | ETA this epoch 3.4 min
  step 2250/4061 | loss -8.138 | 108 ms/step (9.23 it/s) | elapsed 4.1 min | ETA this epoch 3.3 min
  step 2300/4061 | loss -7.535 | 111 ms/step (9.02 it/s) | elapsed 4.1 min | ETA this epoch 3.3 min
  step 2350/4061 | loss -6.756 | 109 ms/step (9.16 it/s) | elapsed 4.2 min | ETA this epoch 3.1 min
  step 2400/4061 | loss -7.354 | 111 ms/step (9.02 it/s) | elapsed 4.3 min | ETA this epoch 3.1 min
  step 2450/4061 | loss -6.113 | 110 ms/step (9.09 it/s) | elapsed 4.4 min | ETA this epoch 3.0 min
  step 2500/4061 | loss -8.122 | 110 ms/step (9.06 it/s) | elapsed 4.5 min | ETA this epoch 2.9 min
  step 2550/4061 | loss -8.824 | 110 ms/step (9.08 it/s) | elapsed 4.6 min | ETA this epoch 2.8 min
  step 2600/4061 | loss -7.469 | 109 ms/step (9.21 it/s) | elapsed 4.7 min | ETA this epoch 2.6 min
  step 2650/4061 | loss -6.714 | 110 ms/step (9.08 it/s) | elapsed 4.8 min | ETA this epoch 2.6 min
  step 2700/4061 | loss -6.679 | 109 ms/step (9.19 it/s) | elapsed 4.9 min | ETA this epoch 2.5 min
  step 2750/4061 | loss -6.454 | 110 ms/step (9.07 it/s) | elapsed 5.0 min | ETA this epoch 2.4 min
  step 2800/4061 | loss -9.384 | 110 ms/step (9.08 it/s) | elapsed 5.1 min | ETA this epoch 2.3 min
  step 2850/4061 | loss -7.374 | 111 ms/step (8.99 it/s) | elapsed 5.2 min | ETA this epoch 2.2 min
  step 2900/4061 | loss -6.934 | 110 ms/step (9.10 it/s) | elapsed 5.2 min | ETA this epoch 2.1 min
  step 2950/4061 | loss -7.637 | 109 ms/step (9.15 it/s) | elapsed 5.3 min | ETA this epoch 2.0 min
  step 3000/4061 | loss -6.040 | 111 ms/step (9.02 it/s) | elapsed 5.4 min | ETA this epoch 2.0 min
  step 3050/4061 | loss -7.788 | 110 ms/step (9.07 it/s) | elapsed 5.5 min | ETA this epoch 1.9 min
  step 3100/4061 | loss -7.353 | 111 ms/step (8.99 it/s) | elapsed 5.6 min | ETA this epoch 1.8 min
  step 3150/4061 | loss -8.577 | 109 ms/step (9.16 it/s) | elapsed 5.7 min | ETA this epoch 1.7 min
  step 3200/4061 | loss -6.737 | 109 ms/step (9.20 it/s) | elapsed 5.8 min | ETA this epoch 1.6 min
  step 3250/4061 | loss -7.028 | 110 ms/step (9.10 it/s) | elapsed 5.9 min | ETA this epoch 1.5 min
  step 3300/4061 | loss -7.118 | 110 ms/step (9.07 it/s) | elapsed 6.0 min | ETA this epoch 1.4 min
  step 3350/4061 | loss -5.693 | 111 ms/step (8.98 it/s) | elapsed 6.1 min | ETA this epoch 1.3 min
  step 3400/4061 | loss -7.393 | 109 ms/step (9.21 it/s) | elapsed 6.2 min | ETA this epoch 1.2 min
  step 3450/4061 | loss -8.056 | 109 ms/step (9.16 it/s) | elapsed 6.3 min | ETA this epoch 1.1 min
  step 3500/4061 | loss -6.696 | 111 ms/step (9.03 it/s) | elapsed 6.3 min | ETA this epoch 1.0 min
  step 3550/4061 | loss -7.762 | 110 ms/step (9.08 it/s) | elapsed 6.4 min | ETA this epoch 0.9 min
  step 3600/4061 | loss -7.174 | 109 ms/step (9.18 it/s) | elapsed 6.5 min | ETA this epoch 0.8 min
  step 3650/4061 | loss -6.242 | 110 ms/step (9.12 it/s) | elapsed 6.6 min | ETA this epoch 0.8 min
  step 3700/4061 | loss -7.927 | 110 ms/step (9.05 it/s) | elapsed 6.7 min | ETA this epoch 0.7 min
  step 3750/4061 | loss -6.021 | 110 ms/step (9.11 it/s) | elapsed 6.8 min | ETA this epoch 0.6 min
  step 3800/4061 | loss -7.227 | 111 ms/step (9.05 it/s) | elapsed 6.9 min | ETA this epoch 0.5 min
  step 3850/4061 | loss -7.761 | 109 ms/step (9.20 it/s) | elapsed 7.0 min | ETA this epoch 0.4 min
  step 3900/4061 | loss -7.395 | 110 ms/step (9.05 it/s) | elapsed 7.1 min | ETA this epoch 0.3 min
  step 3950/4061 | loss -8.695 | 109 ms/step (9.16 it/s) | elapsed 7.2 min | ETA this epoch 0.2 min
  step 4000/4061 | loss -7.450 | 110 ms/step (9.10 it/s) | elapsed 7.3 min | ETA this epoch 0.1 min
  step 4050/4061 | loss -7.915 | 110 ms/step (9.10 it/s) | elapsed 7.4 min | ETA this epoch 0.0 min
Epoch 34/50 | Train -7.270 | Val L1 0.0019 | Val SI-SDR 17.77 dB | Time 7.6 min
EarlyStopping counter: 1/7
  step 50/4061 | loss -8.396 | 108 ms/step (9.28 it/s) | elapsed 0.1 min | ETA this epoch 7.2 min
  step 100/4061 | loss -6.699 | 102 ms/step (9.77 it/s) | elapsed 0.2 min | ETA this epoch 6.8 min
  step 150/4061 | loss -7.855 | 91 ms/step (11.00 it/s) | elapsed 0.3 min | ETA this epoch 5.9 min
  step 200/4061 | loss -6.515 | 89 ms/step (11.26 it/s) | elapsed 0.3 min | ETA this epoch 5.7 min
  step 250/4061 | loss -8.513 | 99 ms/step (10.11 it/s) | elapsed 0.4 min | ETA this epoch 6.3 min
  step 300/4061 | loss -5.767 | 110 ms/step (9.09 it/s) | elapsed 0.5 min | ETA this epoch 6.9 min
  step 350/4061 | loss -8.897 | 109 ms/step (9.13 it/s) | elapsed 0.6 min | ETA this epoch 6.8 min
  step 400/4061 | loss -6.859 | 109 ms/step (9.17 it/s) | elapsed 0.7 min | ETA this epoch 6.7 min
  step 450/4061 | loss -9.010 | 109 ms/step (9.17 it/s) | elapsed 0.8 min | ETA this epoch 6.6 min
  step 500/4061 | loss -9.465 | 109 ms/step (9.13 it/s) | elapsed 0.9 min | ETA this epoch 6.5 min
  step 550/4061 | loss -6.865 | 110 ms/step (9.07 it/s) | elapsed 1.0 min | ETA this epoch 6.4 min
  step 600/4061 | loss -9.199 | 110 ms/step (9.09 it/s) | elapsed 1.0 min | ETA this epoch 6.3 min
  step 650/4061 | loss -7.554 | 109 ms/step (9.14 it/s) | elapsed 1.1 min | ETA this epoch 6.2 min
  step 700/4061 | loss -8.295 | 109 ms/step (9.19 it/s) | elapsed 1.2 min | ETA this epoch 6.1 min
  step 750/4061 | loss -7.394 | 110 ms/step (9.13 it/s) | elapsed 1.3 min | ETA this epoch 6.0 min
  step 800/4061 | loss -8.215 | 110 ms/step (9.06 it/s) | elapsed 1.4 min | ETA this epoch 6.0 min
  step 850/4061 | loss -6.618 | 110 ms/step (9.11 it/s) | elapsed 1.5 min | ETA this epoch 5.9 min
  step 900/4061 | loss -7.218 | 109 ms/step (9.17 it/s) | elapsed 1.6 min | ETA this epoch 5.7 min
  step 950/4061 | loss -7.849 | 110 ms/step (9.12 it/s) | elapsed 1.7 min | ETA this epoch 5.7 min
  step 1000/4061 | loss -7.554 | 110 ms/step (9.07 it/s) | elapsed 1.8 min | ETA this epoch 5.6 min
  step 1050/4061 | loss -7.231 | 109 ms/step (9.17 it/s) | elapsed 1.9 min | ETA this epoch 5.5 min
  step 1100/4061 | loss -6.617 | 109 ms/step (9.13 it/s) | elapsed 2.0 min | ETA this epoch 5.4 min
  step 1150/4061 | loss -6.897 | 109 ms/step (9.16 it/s) | elapsed 2.1 min | ETA this epoch 5.3 min
  step 1200/4061 | loss -7.206 | 109 ms/step (9.14 it/s) | elapsed 2.1 min | ETA this epoch 5.2 min
  step 1250/4061 | loss -6.605 | 111 ms/step (9.03 it/s) | elapsed 2.2 min | ETA this epoch 5.2 min
  step 1300/4061 | loss -7.155 | 110 ms/step (9.11 it/s) | elapsed 2.3 min | ETA this epoch 5.1 min
  step 1350/4061 | loss -6.765 | 110 ms/step (9.10 it/s) | elapsed 2.4 min | ETA this epoch 5.0 min
  step 1400/4061 | loss -6.965 | 109 ms/step (9.20 it/s) | elapsed 2.5 min | ETA this epoch 4.8 min
  step 1450/4061 | loss -6.943 | 110 ms/step (9.11 it/s) | elapsed 2.6 min | ETA this epoch 4.8 min
  step 1500/4061 | loss -7.503 | 109 ms/step (9.14 it/s) | elapsed 2.7 min | ETA this epoch 4.7 min
  step 1550/4061 | loss -7.455 | 111 ms/step (9.02 it/s) | elapsed 2.8 min | ETA this epoch 4.6 min
  step 1600/4061 | loss -6.873 | 110 ms/step (9.10 it/s) | elapsed 2.9 min | ETA this epoch 4.5 min
  step 1650/4061 | loss -7.287 | 109 ms/step (9.18 it/s) | elapsed 3.0 min | ETA this epoch 4.4 min
  step 1700/4061 | loss -5.748 | 109 ms/step (9.21 it/s) | elapsed 3.1 min | ETA this epoch 4.3 min
  step 1750/4061 | loss -8.692 | 109 ms/step (9.17 it/s) | elapsed 3.1 min | ETA this epoch 4.2 min
  step 1800/4061 | loss -5.898 | 92 ms/step (10.85 it/s) | elapsed 3.2 min | ETA this epoch 3.5 min
  step 1850/4061 | loss -8.146 | 94 ms/step (10.66 it/s) | elapsed 3.3 min | ETA this epoch 3.5 min
  step 1900/4061 | loss -6.882 | 89 ms/step (11.26 it/s) | elapsed 3.4 min | ETA this epoch 3.2 min
  step 1950/4061 | loss -6.719 | 109 ms/step (9.21 it/s) | elapsed 3.5 min | ETA this epoch 3.8 min
  step 2000/4061 | loss -7.892 | 109 ms/step (9.20 it/s) | elapsed 3.6 min | ETA this epoch 3.7 min
  step 2050/4061 | loss -7.728 | 111 ms/step (9.02 it/s) | elapsed 3.6 min | ETA this epoch 3.7 min
  step 2100/4061 | loss -8.144 | 111 ms/step (9.02 it/s) | elapsed 3.7 min | ETA this epoch 3.6 min
  step 2150/4061 | loss -7.842 | 110 ms/step (9.10 it/s) | elapsed 3.8 min | ETA this epoch 3.5 min
  step 2200/4061 | loss -6.726 | 110 ms/step (9.11 it/s) | elapsed 3.9 min | ETA this epoch 3.4 min
  step 2250/4061 | loss -8.324 | 109 ms/step (9.15 it/s) | elapsed 4.0 min | ETA this epoch 3.3 min
  step 2300/4061 | loss -7.827 | 109 ms/step (9.21 it/s) | elapsed 4.1 min | ETA this epoch 3.2 min
  step 2350/4061 | loss -6.590 | 109 ms/step (9.13 it/s) | elapsed 4.2 min | ETA this epoch 3.1 min
  step 2400/4061 | loss -6.615 | 109 ms/step (9.18 it/s) | elapsed 4.3 min | ETA this epoch 3.0 min
  step 2450/4061 | loss -7.028 | 111 ms/step (9.00 it/s) | elapsed 4.4 min | ETA this epoch 3.0 min
  step 2500/4061 | loss -7.475 | 112 ms/step (8.94 it/s) | elapsed 4.5 min | ETA this epoch 2.9 min
  step 2550/4061 | loss -9.025 | 110 ms/step (9.13 it/s) | elapsed 4.6 min | ETA this epoch 2.8 min
  step 2600/4061 | loss -8.448 | 109 ms/step (9.16 it/s) | elapsed 4.7 min | ETA this epoch 2.7 min
  step 2650/4061 | loss -7.523 | 111 ms/step (9.02 it/s) | elapsed 4.7 min | ETA this epoch 2.6 min
  step 2700/4061 | loss -8.684 | 110 ms/step (9.09 it/s) | elapsed 4.8 min | ETA this epoch 2.5 min
  step 2750/4061 | loss -7.647 | 111 ms/step (9.01 it/s) | elapsed 4.9 min | ETA this epoch 2.4 min
  step 2800/4061 | loss -7.473 | 109 ms/step (9.15 it/s) | elapsed 5.0 min | ETA this epoch 2.3 min
  step 2850/4061 | loss -7.246 | 111 ms/step (9.02 it/s) | elapsed 5.1 min | ETA this epoch 2.2 min
  step 2900/4061 | loss -7.942 | 113 ms/step (8.88 it/s) | elapsed 5.2 min | ETA this epoch 2.2 min
  step 2950/4061 | loss -8.238 | 109 ms/step (9.14 it/s) | elapsed 5.3 min | ETA this epoch 2.0 min
  step 3000/4061 | loss -5.485 | 110 ms/step (9.09 it/s) | elapsed 5.4 min | ETA this epoch 1.9 min
  step 3050/4061 | loss -6.863 | 109 ms/step (9.14 it/s) | elapsed 5.5 min | ETA this epoch 1.8 min
  step 3100/4061 | loss -7.727 | 110 ms/step (9.11 it/s) | elapsed 5.6 min | ETA this epoch 1.8 min
  step 3150/4061 | loss -6.423 | 110 ms/step (9.09 it/s) | elapsed 5.7 min | ETA this epoch 1.7 min
  step 3200/4061 | loss -8.610 | 109 ms/step (9.16 it/s) | elapsed 5.8 min | ETA this epoch 1.6 min
  step 3250/4061 | loss -6.034 | 109 ms/step (9.16 it/s) | elapsed 5.8 min | ETA this epoch 1.5 min
  step 3300/4061 | loss -7.686 | 109 ms/step (9.15 it/s) | elapsed 5.9 min | ETA this epoch 1.4 min
  step 3350/4061 | loss -7.160 | 109 ms/step (9.16 it/s) | elapsed 6.0 min | ETA this epoch 1.3 min
  step 3400/4061 | loss -6.446 | 110 ms/step (9.10 it/s) | elapsed 6.1 min | ETA this epoch 1.2 min
  step 3450/4061 | loss -8.380 | 110 ms/step (9.07 it/s) | elapsed 6.2 min | ETA this epoch 1.1 min
  step 3500/4061 | loss -7.235 | 109 ms/step (9.19 it/s) | elapsed 6.3 min | ETA this epoch 1.0 min
  step 3550/4061 | loss -6.505 | 109 ms/step (9.14 it/s) | elapsed 6.4 min | ETA this epoch 0.9 min
  step 3600/4061 | loss -8.805 | 110 ms/step (9.06 it/s) | elapsed 6.5 min | ETA this epoch 0.8 min
  step 3650/4061 | loss -8.656 | 110 ms/step (9.12 it/s) | elapsed 6.6 min | ETA this epoch 0.8 min
  step 3700/4061 | loss -9.241 | 112 ms/step (8.91 it/s) | elapsed 6.7 min | ETA this epoch 0.7 min
  step 3750/4061 | loss -7.684 | 110 ms/step (9.13 it/s) | elapsed 6.8 min | ETA this epoch 0.6 min
  step 3800/4061 | loss -7.028 | 110 ms/step (9.12 it/s) | elapsed 6.9 min | ETA this epoch 0.5 min
  step 3850/4061 | loss -7.176 | 109 ms/step (9.15 it/s) | elapsed 6.9 min | ETA this epoch 0.4 min
  step 3900/4061 | loss -8.459 | 111 ms/step (9.04 it/s) | elapsed 7.0 min | ETA this epoch 0.3 min
  step 3950/4061 | loss -7.092 | 109 ms/step (9.20 it/s) | elapsed 7.1 min | ETA this epoch 0.2 min
  step 4000/4061 | loss -7.724 | 110 ms/step (9.10 it/s) | elapsed 7.2 min | ETA this epoch 0.1 min
  step 4050/4061 | loss -7.518 | 110 ms/step (9.10 it/s) | elapsed 7.3 min | ETA this epoch 0.0 min
Epoch 35/50 | Train -7.293 | Val L1 0.0019 | Val SI-SDR 17.96 dB | Time 7.6 min
EarlyStopping counter: 2/7
  step 50/4061 | loss -7.507 | 112 ms/step (8.90 it/s) | elapsed 0.1 min | ETA this epoch 7.5 min
  step 100/4061 | loss -7.937 | 111 ms/step (9.01 it/s) | elapsed 0.2 min | ETA this epoch 7.3 min
  step 150/4061 | loss -7.382 | 110 ms/step (9.12 it/s) | elapsed 0.3 min | ETA this epoch 7.2 min
  step 200/4061 | loss -7.093 | 109 ms/step (9.17 it/s) | elapsed 0.4 min | ETA this epoch 7.0 min
  step 250/4061 | loss -7.406 | 105 ms/step (9.49 it/s) | elapsed 0.5 min | ETA this epoch 6.7 min
  step 300/4061 | loss -8.163 | 94 ms/step (10.68 it/s) | elapsed 0.5 min | ETA this epoch 5.9 min
  step 350/4061 | loss -6.646 | 93 ms/step (10.80 it/s) | elapsed 0.6 min | ETA this epoch 5.7 min
  step 400/4061 | loss -7.416 | 94 ms/step (10.63 it/s) | elapsed 0.7 min | ETA this epoch 5.7 min
  step 450/4061 | loss -7.365 | 110 ms/step (9.09 it/s) | elapsed 0.8 min | ETA this epoch 6.6 min
  step 500/4061 | loss -5.976 | 109 ms/step (9.15 it/s) | elapsed 0.9 min | ETA this epoch 6.5 min
  step 550/4061 | loss -5.964 | 110 ms/step (9.08 it/s) | elapsed 1.0 min | ETA this epoch 6.4 min
  step 600/4061 | loss -7.718 | 109 ms/step (9.15 it/s) | elapsed 1.1 min | ETA this epoch 6.3 min
  step 650/4061 | loss -6.156 | 110 ms/step (9.08 it/s) | elapsed 1.1 min | ETA this epoch 6.3 min
  step 700/4061 | loss -8.032 | 109 ms/step (9.14 it/s) | elapsed 1.2 min | ETA this epoch 6.1 min
  step 750/4061 | loss -7.642 | 109 ms/step (9.14 it/s) | elapsed 1.3 min | ETA this epoch 6.0 min
  step 800/4061 | loss -6.400 | 110 ms/step (9.08 it/s) | elapsed 1.4 min | ETA this epoch 6.0 min
  step 850/4061 | loss -6.333 | 110 ms/step (9.09 it/s) | elapsed 1.5 min | ETA this epoch 5.9 min
  step 900/4061 | loss -7.745 | 108 ms/step (9.26 it/s) | elapsed 1.6 min | ETA this epoch 5.7 min
  step 950/4061 | loss -7.895 | 109 ms/step (9.14 it/s) | elapsed 1.7 min | ETA this epoch 5.7 min
  step 1000/4061 | loss -8.270 | 110 ms/step (9.09 it/s) | elapsed 1.8 min | ETA this epoch 5.6 min
  step 1050/4061 | loss -7.626 | 111 ms/step (8.98 it/s) | elapsed 1.9 min | ETA this epoch 5.6 min
  step 1100/4061 | loss -8.509 | 110 ms/step (9.09 it/s) | elapsed 2.0 min | ETA this epoch 5.4 min
  step 1150/4061 | loss -7.776 | 113 ms/step (8.87 it/s) | elapsed 2.1 min | ETA this epoch 5.5 min
  step 1200/4061 | loss -6.887 | 111 ms/step (9.02 it/s) | elapsed 2.2 min | ETA this epoch 5.3 min
  step 1250/4061 | loss -7.375 | 110 ms/step (9.09 it/s) | elapsed 2.2 min | ETA this epoch 5.2 min
  step 1300/4061 | loss -6.609 | 110 ms/step (9.05 it/s) | elapsed 2.3 min | ETA this epoch 5.1 min
  step 1350/4061 | loss -7.134 | 109 ms/step (9.15 it/s) | elapsed 2.4 min | ETA this epoch 4.9 min
  step 1400/4061 | loss -7.130 | 109 ms/step (9.18 it/s) | elapsed 2.5 min | ETA this epoch 4.8 min
  step 1450/4061 | loss -7.177 | 112 ms/step (8.90 it/s) | elapsed 2.6 min | ETA this epoch 4.9 min
  step 1500/4061 | loss -6.997 | 107 ms/step (9.33 it/s) | elapsed 2.7 min | ETA this epoch 4.6 min
  step 1550/4061 | loss -6.884 | 109 ms/step (9.16 it/s) | elapsed 2.8 min | ETA this epoch 4.6 min
  step 1600/4061 | loss -6.252 | 110 ms/step (9.06 it/s) | elapsed 2.9 min | ETA this epoch 4.5 min
  step 1650/4061 | loss -7.483 | 109 ms/step (9.16 it/s) | elapsed 3.0 min | ETA this epoch 4.4 min
  step 1700/4061 | loss -8.146 | 110 ms/step (9.09 it/s) | elapsed 3.1 min | ETA this epoch 4.3 min
  step 1750/4061 | loss -7.494 | 110 ms/step (9.13 it/s) | elapsed 3.2 min | ETA this epoch 4.2 min
  step 1800/4061 | loss -7.992 | 109 ms/step (9.17 it/s) | elapsed 3.3 min | ETA this epoch 4.1 min
  step 1850/4061 | loss -7.446 | 110 ms/step (9.12 it/s) | elapsed 3.3 min | ETA this epoch 4.0 min
  step 1900/4061 | loss -7.030 | 104 ms/step (9.58 it/s) | elapsed 3.4 min | ETA this epoch 3.8 min
  step 1950/4061 | loss -7.262 | 95 ms/step (10.51 it/s) | elapsed 3.5 min | ETA this epoch 3.3 min
  step 2000/4061 | loss -7.992 | 94 ms/step (10.61 it/s) | elapsed 3.6 min | ETA this epoch 3.2 min
  step 2050/4061 | loss -7.289 | 104 ms/step (9.59 it/s) | elapsed 3.7 min | ETA this epoch 3.5 min
  step 2100/4061 | loss -8.049 | 110 ms/step (9.08 it/s) | elapsed 3.8 min | ETA this epoch 3.6 min
  step 2150/4061 | loss -6.888 | 110 ms/step (9.11 it/s) | elapsed 3.9 min | ETA this epoch 3.5 min
  step 2200/4061 | loss -8.435 | 109 ms/step (9.18 it/s) | elapsed 4.0 min | ETA this epoch 3.4 min
  step 2250/4061 | loss -8.395 | 110 ms/step (9.09 it/s) | elapsed 4.0 min | ETA this epoch 3.3 min
  step 2300/4061 | loss -8.255 | 110 ms/step (9.13 it/s) | elapsed 4.1 min | ETA this epoch 3.2 min
  step 2350/4061 | loss -8.096 | 110 ms/step (9.12 it/s) | elapsed 4.2 min | ETA this epoch 3.1 min
  step 2400/4061 | loss -6.753 | 109 ms/step (9.15 it/s) | elapsed 4.3 min | ETA this epoch 3.0 min
  step 2450/4061 | loss -9.528 | 110 ms/step (9.11 it/s) | elapsed 4.4 min | ETA this epoch 2.9 min
  step 2500/4061 | loss -6.427 | 110 ms/step (9.08 it/s) | elapsed 4.5 min | ETA this epoch 2.9 min
  step 2550/4061 | loss -6.893 | 110 ms/step (9.12 it/s) | elapsed 4.6 min | ETA this epoch 2.8 min
  step 2600/4061 | loss -5.643 | 111 ms/step (9.04 it/s) | elapsed 4.7 min | ETA this epoch 2.7 min
  step 2650/4061 | loss -7.154 | 109 ms/step (9.16 it/s) | elapsed 4.8 min | ETA this epoch 2.6 min
  step 2700/4061 | loss -5.947 | 109 ms/step (9.21 it/s) | elapsed 4.9 min | ETA this epoch 2.5 min
  step 2750/4061 | loss -6.489 | 110 ms/step (9.06 it/s) | elapsed 5.0 min | ETA this epoch 2.4 min
  step 2800/4061 | loss -5.864 | 110 ms/step (9.12 it/s) | elapsed 5.0 min | ETA this epoch 2.3 min
  step 2850/4061 | loss -6.310 | 109 ms/step (9.15 it/s) | elapsed 5.1 min | ETA this epoch 2.2 min
  step 2900/4061 | loss -6.470 | 111 ms/step (9.02 it/s) | elapsed 5.2 min | ETA this epoch 2.1 min
  step 2950/4061 | loss -5.593 | 109 ms/step (9.13 it/s) | elapsed 5.3 min | ETA this epoch 2.0 min
  step 3000/4061 | loss -8.876 | 109 ms/step (9.18 it/s) | elapsed 5.4 min | ETA this epoch 1.9 min
  step 3050/4061 | loss -8.683 | 111 ms/step (9.04 it/s) | elapsed 5.5 min | ETA this epoch 1.9 min
  step 3100/4061 | loss -7.762 | 110 ms/step (9.13 it/s) | elapsed 5.6 min | ETA this epoch 1.8 min
  step 3150/4061 | loss -6.679 | 110 ms/step (9.11 it/s) | elapsed 5.7 min | ETA this epoch 1.7 min
  step 3200/4061 | loss -7.616 | 110 ms/step (9.08 it/s) | elapsed 5.8 min | ETA this epoch 1.6 min
  step 3250/4061 | loss -8.985 | 109 ms/step (9.17 it/s) | elapsed 5.9 min | ETA this epoch 1.5 min
  step 3300/4061 | loss -8.044 | 110 ms/step (9.12 it/s) | elapsed 6.0 min | ETA this epoch 1.4 min
  step 3350/4061 | loss -7.928 | 109 ms/step (9.20 it/s) | elapsed 6.1 min | ETA this epoch 1.3 min
  step 3400/4061 | loss -6.617 | 110 ms/step (9.06 it/s) | elapsed 6.1 min | ETA this epoch 1.2 min
  step 3450/4061 | loss -8.767 | 111 ms/step (8.97 it/s) | elapsed 6.2 min | ETA this epoch 1.1 min
  step 3500/4061 | loss -5.893 | 109 ms/step (9.19 it/s) | elapsed 6.3 min | ETA this epoch 1.0 min
  step 3550/4061 | loss -6.569 | 110 ms/step (9.12 it/s) | elapsed 6.4 min | ETA this epoch 0.9 min
  step 3600/4061 | loss -7.581 | 110 ms/step (9.12 it/s) | elapsed 6.5 min | ETA this epoch 0.8 min
  step 3650/4061 | loss -5.965 | 110 ms/step (9.07 it/s) | elapsed 6.6 min | ETA this epoch 0.8 min
  step 3700/4061 | loss -6.697 | 110 ms/step (9.07 it/s) | elapsed 6.7 min | ETA this epoch 0.7 min
  step 3750/4061 | loss -8.066 | 109 ms/step (9.21 it/s) | elapsed 6.8 min | ETA this epoch 0.6 min
  step 3800/4061 | loss -7.012 | 110 ms/step (9.09 it/s) | elapsed 6.9 min | ETA this epoch 0.5 min
  step 3850/4061 | loss -9.236 | 110 ms/step (9.13 it/s) | elapsed 7.0 min | ETA this epoch 0.4 min
  step 3900/4061 | loss -7.241 | 111 ms/step (9.01 it/s) | elapsed 7.1 min | ETA this epoch 0.3 min
  step 3950/4061 | loss -7.055 | 112 ms/step (8.90 it/s) | elapsed 7.2 min | ETA this epoch 0.2 min
  step 4000/4061 | loss -7.877 | 111 ms/step (8.97 it/s) | elapsed 7.2 min | ETA this epoch 0.1 min
  step 4050/4061 | loss -5.866 | 111 ms/step (9.02 it/s) | elapsed 7.3 min | ETA this epoch 0.0 min
Epoch 36/50 | Train -7.289 | Val L1 0.0019 | Val SI-SDR 18.03 dB | Time 7.6 min
Saved best model (SI-SDR 18.03 dB) -> /home/bubai-maji/speech_enhancement/script/propose_ablation2/checkpoint_propose_ab2/best_NGDM_SE.pt
  step 50/4061 | loss -4.735 | 110 ms/step (9.13 it/s) | elapsed 0.1 min | ETA this epoch 7.3 min
  step 100/4061 | loss -6.482 | 110 ms/step (9.07 it/s) | elapsed 0.2 min | ETA this epoch 7.3 min
  step 150/4061 | loss -7.260 | 109 ms/step (9.14 it/s) | elapsed 0.3 min | ETA this epoch 7.1 min
  step 200/4061 | loss -9.040 | 109 ms/step (9.16 it/s) | elapsed 0.4 min | ETA this epoch 7.0 min
  step 250/4061 | loss -6.734 | 111 ms/step (9.04 it/s) | elapsed 0.5 min | ETA this epoch 7.0 min
  step 300/4061 | loss -6.900 | 109 ms/step (9.14 it/s) | elapsed 0.5 min | ETA this epoch 6.9 min
  step 350/4061 | loss -6.702 | 110 ms/step (9.10 it/s) | elapsed 0.6 min | ETA this epoch 6.8 min
  step 400/4061 | loss -9.953 | 106 ms/step (9.40 it/s) | elapsed 0.7 min | ETA this epoch 6.5 min
  step 450/4061 | loss -6.658 | 91 ms/step (11.05 it/s) | elapsed 0.8 min | ETA this epoch 5.4 min
  step 500/4061 | loss -7.632 | 92 ms/step (10.86 it/s) | elapsed 0.9 min | ETA this epoch 5.5 min
  step 550/4061 | loss -7.542 | 92 ms/step (10.91 it/s) | elapsed 1.0 min | ETA this epoch 5.4 min
  step 600/4061 | loss -7.391 | 109 ms/step (9.16 it/s) | elapsed 1.0 min | ETA this epoch 6.3 min
  step 650/4061 | loss -6.963 | 109 ms/step (9.15 it/s) | elapsed 1.1 min | ETA this epoch 6.2 min
  step 700/4061 | loss -6.539 | 109 ms/step (9.16 it/s) | elapsed 1.2 min | ETA this epoch 6.1 min
  step 750/4061 | loss -6.587 | 110 ms/step (9.07 it/s) | elapsed 1.3 min | ETA this epoch 6.1 min
  step 800/4061 | loss -6.712 | 109 ms/step (9.14 it/s) | elapsed 1.4 min | ETA this epoch 5.9 min
  step 850/4061 | loss -8.061 | 109 ms/step (9.20 it/s) | elapsed 1.5 min | ETA this epoch 5.8 min
  step 900/4061 | loss -9.984 | 110 ms/step (9.10 it/s) | elapsed 1.6 min | ETA this epoch 5.8 min
  step 950/4061 | loss -7.365 | 110 ms/step (9.08 it/s) | elapsed 1.7 min | ETA this epoch 5.7 min
  step 1000/4061 | loss -7.841 | 111 ms/step (9.00 it/s) | elapsed 1.8 min | ETA this epoch 5.7 min
  step 1050/4061 | loss -8.196 | 113 ms/step (8.88 it/s) | elapsed 1.9 min | ETA this epoch 5.7 min
  step 1100/4061 | loss -7.265 | 109 ms/step (9.15 it/s) | elapsed 2.0 min | ETA this epoch 5.4 min
  step 1150/4061 | loss -6.440 | 111 ms/step (9.04 it/s) | elapsed 2.1 min | ETA this epoch 5.4 min
  step 1200/4061 | loss -8.223 | 109 ms/step (9.21 it/s) | elapsed 2.1 min | ETA this epoch 5.2 min
  step 1250/4061 | loss -7.307 | 109 ms/step (9.17 it/s) | elapsed 2.2 min | ETA this epoch 5.1 min
  step 1300/4061 | loss -7.778 | 110 ms/step (9.07 it/s) | elapsed 2.3 min | ETA this epoch 5.1 min
  step 1350/4061 | loss -7.644 | 111 ms/step (9.02 it/s) | elapsed 2.4 min | ETA this epoch 5.0 min
  step 1400/4061 | loss -7.099 | 110 ms/step (9.08 it/s) | elapsed 2.5 min | ETA this epoch 4.9 min
  step 1450/4061 | loss -5.407 | 109 ms/step (9.15 it/s) | elapsed 2.6 min | ETA this epoch 4.8 min
  step 1500/4061 | loss -7.608 | 110 ms/step (9.08 it/s) | elapsed 2.7 min | ETA this epoch 4.7 min
  step 1550/4061 | loss -5.313 | 110 ms/step (9.10 it/s) | elapsed 2.8 min | ETA this epoch 4.6 min
  step 1600/4061 | loss -8.043 | 109 ms/step (9.20 it/s) | elapsed 2.9 min | ETA this epoch 4.5 min
  step 1650/4061 | loss -7.817 | 109 ms/step (9.19 it/s) | elapsed 3.0 min | ETA this epoch 4.4 min
  step 1700/4061 | loss -8.217 | 109 ms/step (9.17 it/s) | elapsed 3.1 min | ETA this epoch 4.3 min
  step 1750/4061 | loss -7.577 | 110 ms/step (9.11 it/s) | elapsed 3.2 min | ETA this epoch 4.2 min
  step 1800/4061 | loss -7.945 | 110 ms/step (9.13 it/s) | elapsed 3.2 min | ETA this epoch 4.1 min
  step 1850/4061 | loss -7.444 | 112 ms/step (8.95 it/s) | elapsed 3.3 min | ETA this epoch 4.1 min
  step 1900/4061 | loss -7.363 | 110 ms/step (9.09 it/s) | elapsed 3.4 min | ETA this epoch 4.0 min
  step 1950/4061 | loss -7.862 | 110 ms/step (9.10 it/s) | elapsed 3.5 min | ETA this epoch 3.9 min
  step 2000/4061 | loss -7.987 | 109 ms/step (9.15 it/s) | elapsed 3.6 min | ETA this epoch 3.8 min
  step 2050/4061 | loss -6.941 | 93 ms/step (10.72 it/s) | elapsed 3.7 min | ETA this epoch 3.1 min
  step 2100/4061 | loss -8.107 | 92 ms/step (10.93 it/s) | elapsed 3.8 min | ETA this epoch 3.0 min
  step 2150/4061 | loss -8.094 | 95 ms/step (10.58 it/s) | elapsed 3.8 min | ETA this epoch 3.0 min
  step 2200/4061 | loss -8.995 | 107 ms/step (9.34 it/s) | elapsed 3.9 min | ETA this epoch 3.3 min
  step 2250/4061 | loss -5.877 | 112 ms/step (8.96 it/s) | elapsed 4.0 min | ETA this epoch 3.4 min
  step 2300/4061 | loss -7.260 | 110 ms/step (9.10 it/s) | elapsed 4.1 min | ETA this epoch 3.2 min
  step 2350/4061 | loss -9.426 | 109 ms/step (9.16 it/s) | elapsed 4.2 min | ETA this epoch 3.1 min
  step 2400/4061 | loss -7.229 | 110 ms/step (9.07 it/s) | elapsed 4.3 min | ETA this epoch 3.1 min
  step 2450/4061 | loss -5.437 | 110 ms/step (9.05 it/s) | elapsed 4.4 min | ETA this epoch 3.0 min
  step 2500/4061 | loss -7.229 | 109 ms/step (9.20 it/s) | elapsed 4.5 min | ETA this epoch 2.8 min
  step 2550/4061 | loss -7.343 | 108 ms/step (9.29 it/s) | elapsed 4.6 min | ETA this epoch 2.7 min
  step 2600/4061 | loss -6.188 | 111 ms/step (9.05 it/s) | elapsed 4.7 min | ETA this epoch 2.7 min
  step 2650/4061 | loss -7.703 | 111 ms/step (9.02 it/s) | elapsed 4.8 min | ETA this epoch 2.6 min
  step 2700/4061 | loss -6.372 | 110 ms/step (9.13 it/s) | elapsed 4.8 min | ETA this epoch 2.5 min
  step 2750/4061 | loss -6.102 | 110 ms/step (9.13 it/s) | elapsed 4.9 min | ETA this epoch 2.4 min
  step 2800/4061 | loss -7.452 | 110 ms/step (9.11 it/s) | elapsed 5.0 min | ETA this epoch 2.3 min
  step 2850/4061 | loss -6.253 | 110 ms/step (9.08 it/s) | elapsed 5.1 min | ETA this epoch 2.2 min
  step 2900/4061 | loss -7.945 | 111 ms/step (9.01 it/s) | elapsed 5.2 min | ETA this epoch 2.1 min
  step 2950/4061 | loss -7.307 | 110 ms/step (9.10 it/s) | elapsed 5.3 min | ETA this epoch 2.0 min
  step 3000/4061 | loss -6.470 | 109 ms/step (9.18 it/s) | elapsed 5.4 min | ETA this epoch 1.9 min
  step 3050/4061 | loss -7.074 | 110 ms/step (9.07 it/s) | elapsed 5.5 min | ETA this epoch 1.9 min
  step 3100/4061 | loss -8.361 | 109 ms/step (9.21 it/s) | elapsed 5.6 min | ETA this epoch 1.7 min
  step 3150/4061 | loss -8.183 | 111 ms/step (9.00 it/s) | elapsed 5.7 min | ETA this epoch 1.7 min
  step 3200/4061 | loss -6.697 | 110 ms/step (9.10 it/s) | elapsed 5.8 min | ETA this epoch 1.6 min
  step 3250/4061 | loss -9.625 | 108 ms/step (9.25 it/s) | elapsed 5.9 min | ETA this epoch 1.5 min
  step 3300/4061 | loss -7.275 | 112 ms/step (8.92 it/s) | elapsed 5.9 min | ETA this epoch 1.4 min
  step 3350/4061 | loss -8.301 | 110 ms/step (9.12 it/s) | elapsed 6.0 min | ETA this epoch 1.3 min
  step 3400/4061 | loss -8.078 | 109 ms/step (9.17 it/s) | elapsed 6.1 min | ETA this epoch 1.2 min
  step 3450/4061 | loss -8.696 | 111 ms/step (9.04 it/s) | elapsed 6.2 min | ETA this epoch 1.1 min
  step 3500/4061 | loss -5.830 | 109 ms/step (9.19 it/s) | elapsed 6.3 min | ETA this epoch 1.0 min
  step 3550/4061 | loss -8.170 | 110 ms/step (9.08 it/s) | elapsed 6.4 min | ETA this epoch 0.9 min
  step 3600/4061 | loss -7.815 | 110 ms/step (9.12 it/s) | elapsed 6.5 min | ETA this epoch 0.8 min
  step 3650/4061 | loss -6.393 | 110 ms/step (9.09 it/s) | elapsed 6.6 min | ETA this epoch 0.8 min
  step 3700/4061 | loss -7.654 | 110 ms/step (9.12 it/s) | elapsed 6.7 min | ETA this epoch 0.7 min
  step 3750/4061 | loss -7.198 | 109 ms/step (9.14 it/s) | elapsed 6.8 min | ETA this epoch 0.6 min
  step 3800/4061 | loss -8.106 | 111 ms/step (9.04 it/s) | elapsed 6.9 min | ETA this epoch 0.5 min
  step 3850/4061 | loss -7.158 | 110 ms/step (9.07 it/s) | elapsed 7.0 min | ETA this epoch 0.4 min
  step 3900/4061 | loss -6.626 | 109 ms/step (9.14 it/s) | elapsed 7.0 min | ETA this epoch 0.3 min
  step 3950/4061 | loss -6.836 | 110 ms/step (9.11 it/s) | elapsed 7.1 min | ETA this epoch 0.2 min
  step 4000/4061 | loss -6.870 | 111 ms/step (9.05 it/s) | elapsed 7.2 min | ETA this epoch 0.1 min
  step 4050/4061 | loss -6.898 | 110 ms/step (9.09 it/s) | elapsed 7.3 min | ETA this epoch 0.0 min
Epoch 37/50 | Train -7.324 | Val L1 0.0019 | Val SI-SDR 18.07 dB | Time 7.7 min
Saved best model (SI-SDR 18.07 dB) -> /home/bubai-maji/speech_enhancement/script/propose_ablation2/checkpoint_propose_ab2/best_NGDM_SE.pt
  step 50/4061 | loss -6.987 | 110 ms/step (9.12 it/s) | elapsed 0.1 min | ETA this epoch 7.3 min
  step 100/4061 | loss -8.144 | 110 ms/step (9.13 it/s) | elapsed 0.2 min | ETA this epoch 7.2 min
  step 150/4061 | loss -7.814 | 110 ms/step (9.06 it/s) | elapsed 0.3 min | ETA this epoch 7.2 min
  step 200/4061 | loss -9.743 | 110 ms/step (9.09 it/s) | elapsed 0.4 min | ETA this epoch 7.1 min
  step 250/4061 | loss -7.401 | 109 ms/step (9.16 it/s) | elapsed 0.5 min | ETA this epoch 6.9 min
  step 300/4061 | loss -7.440 | 110 ms/step (9.10 it/s) | elapsed 0.5 min | ETA this epoch 6.9 min
  step 350/4061 | loss -7.220 | 111 ms/step (9.03 it/s) | elapsed 0.6 min | ETA this epoch 6.9 min
  step 400/4061 | loss -5.900 | 110 ms/step (9.11 it/s) | elapsed 0.7 min | ETA this epoch 6.7 min
  step 450/4061 | loss -8.871 | 110 ms/step (9.11 it/s) | elapsed 0.8 min | ETA this epoch 6.6 min
  step 500/4061 | loss -6.685 | 96 ms/step (10.44 it/s) | elapsed 0.9 min | ETA this epoch 5.7 min
  step 550/4061 | loss -6.538 | 87 ms/step (11.48 it/s) | elapsed 1.0 min | ETA this epoch 5.1 min
  step 600/4061 | loss -7.605 | 87 ms/step (11.54 it/s) | elapsed 1.0 min | ETA this epoch 5.0 min
  step 650/4061 | loss -7.128 | 81 ms/step (12.32 it/s) | elapsed 1.1 min | ETA this epoch 4.6 min
  step 700/4061 | loss -6.391 | 88 ms/step (11.34 it/s) | elapsed 1.2 min | ETA this epoch 4.9 min
  step 750/4061 | loss -7.877 | 105 ms/step (9.49 it/s) | elapsed 1.3 min | ETA this epoch 5.8 min
  step 800/4061 | loss -8.367 | 111 ms/step (8.98 it/s) | elapsed 1.4 min | ETA this epoch 6.1 min
  step 850/4061 | loss -8.248 | 110 ms/step (9.08 it/s) | elapsed 1.5 min | ETA this epoch 5.9 min
  step 900/4061 | loss -7.381 | 110 ms/step (9.09 it/s) | elapsed 1.6 min | ETA this epoch 5.8 min
  step 950/4061 | loss -7.634 | 110 ms/step (9.09 it/s) | elapsed 1.6 min | ETA this epoch 5.7 min
  step 1000/4061 | loss -7.980 | 110 ms/step (9.08 it/s) | elapsed 1.7 min | ETA this epoch 5.6 min
  step 1050/4061 | loss -6.401 | 110 ms/step (9.11 it/s) | elapsed 1.8 min | ETA this epoch 5.5 min
  step 1100/4061 | loss -7.379 | 110 ms/step (9.07 it/s) | elapsed 1.9 min | ETA this epoch 5.4 min
  step 1150/4061 | loss -7.745 | 110 ms/step (9.08 it/s) | elapsed 2.0 min | ETA this epoch 5.3 min
  step 1200/4061 | loss -6.223 | 111 ms/step (8.99 it/s) | elapsed 2.1 min | ETA this epoch 5.3 min
  step 1250/4061 | loss -7.006 | 109 ms/step (9.19 it/s) | elapsed 2.2 min | ETA this epoch 5.1 min
  step 1300/4061 | loss -6.366 | 110 ms/step (9.10 it/s) | elapsed 2.3 min | ETA this epoch 5.1 min
  step 1350/4061 | loss -5.435 | 111 ms/step (9.00 it/s) | elapsed 2.4 min | ETA this epoch 5.0 min
  step 1400/4061 | loss -6.450 | 111 ms/step (9.02 it/s) | elapsed 2.5 min | ETA this epoch 4.9 min
  step 1450/4061 | loss -6.256 | 110 ms/step (9.13 it/s) | elapsed 2.6 min | ETA this epoch 4.8 min
  step 1500/4061 | loss -5.854 | 109 ms/step (9.16 it/s) | elapsed 2.7 min | ETA this epoch 4.7 min
  step 1550/4061 | loss -7.276 | 111 ms/step (8.99 it/s) | elapsed 2.7 min | ETA this epoch 4.7 min
  step 1600/4061 | loss -7.064 | 111 ms/step (9.04 it/s) | elapsed 2.8 min | ETA this epoch 4.5 min
  step 1650/4061 | loss -6.438 | 111 ms/step (9.04 it/s) | elapsed 2.9 min | ETA this epoch 4.4 min
  step 1700/4061 | loss -5.675 | 109 ms/step (9.21 it/s) | elapsed 3.0 min | ETA this epoch 4.3 min
  step 1750/4061 | loss -6.443 | 110 ms/step (9.05 it/s) | elapsed 3.1 min | ETA this epoch 4.3 min
  step 1800/4061 | loss -8.729 | 108 ms/step (9.24 it/s) | elapsed 3.2 min | ETA this epoch 4.1 min
  step 1850/4061 | loss -8.007 | 108 ms/step (9.22 it/s) | elapsed 3.3 min | ETA this epoch 4.0 min
  step 1900/4061 | loss -6.006 | 110 ms/step (9.08 it/s) | elapsed 3.4 min | ETA this epoch 4.0 min
  step 1950/4061 | loss -5.643 | 109 ms/step (9.20 it/s) | elapsed 3.5 min | ETA this epoch 3.8 min
  step 2000/4061 | loss -8.272 | 111 ms/step (9.03 it/s) | elapsed 3.6 min | ETA this epoch 3.8 min
  step 2050/4061 | loss -6.274 | 110 ms/step (9.09 it/s) | elapsed 3.7 min | ETA this epoch 3.7 min
  step 2100/4061 | loss -7.629 | 85 ms/step (11.83 it/s) | elapsed 3.7 min | ETA this epoch 2.8 min
  step 2150/4061 | loss -7.555 | 84 ms/step (11.95 it/s) | elapsed 3.8 min | ETA this epoch 2.7 min
  step 2200/4061 | loss -8.233 | 88 ms/step (11.42 it/s) | elapsed 3.9 min | ETA this epoch 2.7 min
  step 2250/4061 | loss -6.673 | 89 ms/step (11.17 it/s) | elapsed 3.9 min | ETA this epoch 2.7 min
  step 2300/4061 | loss -7.232 | 107 ms/step (9.38 it/s) | elapsed 4.0 min | ETA this epoch 3.1 min
  step 2350/4061 | loss -8.682 | 110 ms/step (9.11 it/s) | elapsed 4.1 min | ETA this epoch 3.1 min
  step 2400/4061 | loss -7.961 | 110 ms/step (9.06 it/s) | elapsed 4.2 min | ETA this epoch 3.1 min
  step 2450/4061 | loss -6.470 | 111 ms/step (8.98 it/s) | elapsed 4.3 min | ETA this epoch 3.0 min
  step 2500/4061 | loss -6.573 | 110 ms/step (9.08 it/s) | elapsed 4.4 min | ETA this epoch 2.9 min
  step 2550/4061 | loss -6.148 | 110 ms/step (9.08 it/s) | elapsed 4.5 min | ETA this epoch 2.8 min
  step 2600/4061 | loss -8.606 | 111 ms/step (9.04 it/s) | elapsed 4.6 min | ETA this epoch 2.7 min
  step 2650/4061 | loss -6.126 | 110 ms/step (9.08 it/s) | elapsed 4.7 min | ETA this epoch 2.6 min
  step 2700/4061 | loss -7.726 | 109 ms/step (9.20 it/s) | elapsed 4.8 min | ETA this epoch 2.5 min
  step 2750/4061 | loss -8.719 | 110 ms/step (9.06 it/s) | elapsed 4.9 min | ETA this epoch 2.4 min
  step 2800/4061 | loss -6.767 | 111 ms/step (9.02 it/s) | elapsed 5.0 min | ETA this epoch 2.3 min
  step 2850/4061 | loss -7.559 | 110 ms/step (9.11 it/s) | elapsed 5.0 min | ETA this epoch 2.2 min
  step 2900/4061 | loss -6.216 | 111 ms/step (9.03 it/s) | elapsed 5.1 min | ETA this epoch 2.1 min
  step 2950/4061 | loss -7.728 | 110 ms/step (9.09 it/s) | elapsed 5.2 min | ETA this epoch 2.0 min
  step 3000/4061 | loss -5.314 | 110 ms/step (9.10 it/s) | elapsed 5.3 min | ETA this epoch 1.9 min
  step 3050/4061 | loss -7.492 | 111 ms/step (9.04 it/s) | elapsed 5.4 min | ETA this epoch 1.9 min
  step 3100/4061 | loss -9.199 | 109 ms/step (9.18 it/s) | elapsed 5.5 min | ETA this epoch 1.7 min
  step 3150/4061 | loss -7.815 | 111 ms/step (8.98 it/s) | elapsed 5.6 min | ETA this epoch 1.7 min
  step 3200/4061 | loss -8.236 | 109 ms/step (9.14 it/s) | elapsed 5.7 min | ETA this epoch 1.6 min
  step 3250/4061 | loss -6.481 | 112 ms/step (8.96 it/s) | elapsed 5.8 min | ETA this epoch 1.5 min
  step 3300/4061 | loss -7.696 | 110 ms/step (9.10 it/s) | elapsed 5.9 min | ETA this epoch 1.4 min
  step 3350/4061 | loss -6.723 | 110 ms/step (9.07 it/s) | elapsed 6.0 min | ETA this epoch 1.3 min
  step 3400/4061 | loss -8.051 | 110 ms/step (9.07 it/s) | elapsed 6.1 min | ETA this epoch 1.2 min
  step 3450/4061 | loss -8.982 | 108 ms/step (9.22 it/s) | elapsed 6.1 min | ETA this epoch 1.1 min
  step 3500/4061 | loss -6.416 | 109 ms/step (9.14 it/s) | elapsed 6.2 min | ETA this epoch 1.0 min
  step 3550/4061 | loss -6.407 | 110 ms/step (9.07 it/s) | elapsed 6.3 min | ETA this epoch 0.9 min
  step 3600/4061 | loss -8.680 | 110 ms/step (9.07 it/s) | elapsed 6.4 min | ETA this epoch 0.8 min
  step 3650/4061 | loss -8.402 | 110 ms/step (9.07 it/s) | elapsed 6.5 min | ETA this epoch 0.8 min
  step 3700/4061 | loss -8.127 | 109 ms/step (9.21 it/s) | elapsed 6.6 min | ETA this epoch 0.7 min
  step 3750/4061 | loss -8.210 | 109 ms/step (9.14 it/s) | elapsed 6.7 min | ETA this epoch 0.6 min
  step 3800/4061 | loss -8.196 | 111 ms/step (8.98 it/s) | elapsed 6.8 min | ETA this epoch 0.5 min
  step 3850/4061 | loss -7.826 | 109 ms/step (9.14 it/s) | elapsed 6.9 min | ETA this epoch 0.4 min
  step 3900/4061 | loss -4.842 | 110 ms/step (9.12 it/s) | elapsed 7.0 min | ETA this epoch 0.3 min
  step 3950/4061 | loss -6.769 | 109 ms/step (9.14 it/s) | elapsed 7.1 min | ETA this epoch 0.2 min
  step 4000/4061 | loss -8.848 | 111 ms/step (9.01 it/s) | elapsed 7.2 min | ETA this epoch 0.1 min
  step 4050/4061 | loss -6.675 | 110 ms/step (9.09 it/s) | elapsed 7.2 min | ETA this epoch 0.0 min
Epoch 38/50 | Train -7.316 | Val L1 0.0019 | Val SI-SDR 17.99 dB | Time 7.5 min
EarlyStopping counter: 1/7
  step 50/4061 | loss -7.056 | 110 ms/step (9.12 it/s) | elapsed 0.1 min | ETA this epoch 7.3 min
  step 100/4061 | loss -8.834 | 109 ms/step (9.16 it/s) | elapsed 0.2 min | ETA this epoch 7.2 min
  step 150/4061 | loss -7.884 | 110 ms/step (9.09 it/s) | elapsed 0.3 min | ETA this epoch 7.2 min
  step 200/4061 | loss -6.959 | 111 ms/step (9.03 it/s) | elapsed 0.4 min | ETA this epoch 7.1 min
  step 250/4061 | loss -10.301 | 109 ms/step (9.21 it/s) | elapsed 0.5 min | ETA this epoch 6.9 min
  step 300/4061 | loss -6.599 | 109 ms/step (9.16 it/s) | elapsed 0.5 min | ETA this epoch 6.8 min
  step 350/4061 | loss -7.234 | 106 ms/step (9.40 it/s) | elapsed 0.6 min | ETA this epoch 6.6 min
  step 400/4061 | loss -7.509 | 109 ms/step (9.14 it/s) | elapsed 0.7 min | ETA this epoch 6.7 min
  step 450/4061 | loss -6.813 | 109 ms/step (9.17 it/s) | elapsed 0.8 min | ETA this epoch 6.6 min
  step 500/4061 | loss -6.871 | 110 ms/step (9.08 it/s) | elapsed 0.9 min | ETA this epoch 6.5 min
  step 550/4061 | loss -6.397 | 110 ms/step (9.07 it/s) | elapsed 1.0 min | ETA this epoch 6.5 min
  step 600/4061 | loss -8.256 | 111 ms/step (9.00 it/s) | elapsed 1.1 min | ETA this epoch 6.4 min
  step 650/4061 | loss -8.267 | 110 ms/step (9.06 it/s) | elapsed 1.2 min | ETA this epoch 6.3 min
  step 700/4061 | loss -7.092 | 110 ms/step (9.07 it/s) | elapsed 1.3 min | ETA this epoch 6.2 min
  step 750/4061 | loss -8.416 | 93 ms/step (10.80 it/s) | elapsed 1.4 min | ETA this epoch 5.1 min
  step 800/4061 | loss -6.378 | 92 ms/step (10.82 it/s) | elapsed 1.4 min | ETA this epoch 5.0 min
  step 850/4061 | loss -7.096 | 90 ms/step (11.06 it/s) | elapsed 1.5 min | ETA this epoch 4.8 min
  step 900/4061 | loss -7.189 | 106 ms/step (9.41 it/s) | elapsed 1.6 min | ETA this epoch 5.6 min
  step 950/4061 | loss -7.095 | 110 ms/step (9.10 it/s) | elapsed 1.7 min | ETA this epoch 5.7 min
  step 1000/4061 | loss -7.214 | 109 ms/step (9.17 it/s) | elapsed 1.8 min | ETA this epoch 5.6 min
  step 1050/4061 | loss -6.757 | 111 ms/step (9.02 it/s) | elapsed 1.9 min | ETA this epoch 5.6 min
  step 1100/4061 | loss -6.768 | 111 ms/step (9.02 it/s) | elapsed 2.0 min | ETA this epoch 5.5 min
  step 1150/4061 | loss -7.007 | 109 ms/step (9.20 it/s) | elapsed 2.1 min | ETA this epoch 5.3 min
  step 1200/4061 | loss -6.027 | 109 ms/step (9.16 it/s) | elapsed 2.1 min | ETA this epoch 5.2 min
  step 1250/4061 | loss -5.777 | 109 ms/step (9.16 it/s) | elapsed 2.2 min | ETA this epoch 5.1 min
  step 1300/4061 | loss -7.150 | 110 ms/step (9.11 it/s) | elapsed 2.3 min | ETA this epoch 5.0 min
  step 1350/4061 | loss -7.758 | 109 ms/step (9.14 it/s) | elapsed 2.4 min | ETA this epoch 4.9 min
  step 1400/4061 | loss -6.741 | 110 ms/step (9.08 it/s) | elapsed 2.5 min | ETA this epoch 4.9 min
  step 1450/4061 | loss -6.590 | 110 ms/step (9.09 it/s) | elapsed 2.6 min | ETA this epoch 4.8 min
  step 1500/4061 | loss -7.873 | 110 ms/step (9.05 it/s) | elapsed 2.7 min | ETA this epoch 4.7 min
  step 1550/4061 | loss -8.062 | 109 ms/step (9.18 it/s) | elapsed 2.8 min | ETA this epoch 4.6 min
  step 1600/4061 | loss -6.712 | 110 ms/step (9.12 it/s) | elapsed 2.9 min | ETA this epoch 4.5 min
  step 1650/4061 | loss -5.470 | 109 ms/step (9.14 it/s) | elapsed 3.0 min | ETA this epoch 4.4 min
  step 1700/4061 | loss -7.550 | 110 ms/step (9.11 it/s) | elapsed 3.1 min | ETA this epoch 4.3 min
  step 1750/4061 | loss -7.960 | 111 ms/step (9.01 it/s) | elapsed 3.2 min | ETA this epoch 4.3 min
  step 1800/4061 | loss -7.368 | 110 ms/step (9.12 it/s) | elapsed 3.2 min | ETA this epoch 4.1 min
  step 1850/4061 | loss -7.728 | 109 ms/step (9.14 it/s) | elapsed 3.3 min | ETA this epoch 4.0 min
  step 1900/4061 | loss -8.105 | 109 ms/step (9.15 it/s) | elapsed 3.4 min | ETA this epoch 3.9 min
  step 1950/4061 | loss -6.412 | 109 ms/step (9.16 it/s) | elapsed 3.5 min | ETA this epoch 3.8 min
  step 2000/4061 | loss -7.886 | 110 ms/step (9.08 it/s) | elapsed 3.6 min | ETA this epoch 3.8 min
  step 2050/4061 | loss -6.466 | 110 ms/step (9.12 it/s) | elapsed 3.7 min | ETA this epoch 3.7 min
  step 2100/4061 | loss -7.211 | 109 ms/step (9.20 it/s) | elapsed 3.8 min | ETA this epoch 3.6 min
  step 2150/4061 | loss -7.644 | 109 ms/step (9.16 it/s) | elapsed 3.9 min | ETA this epoch 3.5 min
  step 2200/4061 | loss -7.568 | 111 ms/step (9.03 it/s) | elapsed 4.0 min | ETA this epoch 3.4 min
  step 2250/4061 | loss -6.884 | 101 ms/step (9.87 it/s) | elapsed 4.1 min | ETA this epoch 3.1 min
  step 2300/4061 | loss -7.133 | 94 ms/step (10.62 it/s) | elapsed 4.1 min | ETA this epoch 2.8 min
  step 2350/4061 | loss -8.300 | 92 ms/step (10.86 it/s) | elapsed 4.2 min | ETA this epoch 2.6 min
  step 2400/4061 | loss -6.906 | 89 ms/step (11.29 it/s) | elapsed 4.3 min | ETA this epoch 2.5 min
  step 2450/4061 | loss -5.955 | 111 ms/step (8.97 it/s) | elapsed 4.4 min | ETA this epoch 3.0 min
  step 2500/4061 | loss -5.979 | 109 ms/step (9.14 it/s) | elapsed 4.5 min | ETA this epoch 2.8 min
  step 2550/4061 | loss -6.612 | 109 ms/step (9.19 it/s) | elapsed 4.6 min | ETA this epoch 2.7 min
  step 2600/4061 | loss -7.744 | 109 ms/step (9.15 it/s) | elapsed 4.7 min | ETA this epoch 2.7 min
  step 2650/4061 | loss -7.022 | 111 ms/step (9.00 it/s) | elapsed 4.7 min | ETA this epoch 2.6 min
  step 2700/4061 | loss -5.743 | 110 ms/step (9.11 it/s) | elapsed 4.8 min | ETA this epoch 2.5 min
  step 2750/4061 | loss -6.300 | 109 ms/step (9.14 it/s) | elapsed 4.9 min | ETA this epoch 2.4 min
  step 2800/4061 | loss -7.726 | 109 ms/step (9.16 it/s) | elapsed 5.0 min | ETA this epoch 2.3 min
  step 2850/4061 | loss -4.605 | 109 ms/step (9.15 it/s) | elapsed 5.1 min | ETA this epoch 2.2 min
  step 2900/4061 | loss -6.186 | 110 ms/step (9.09 it/s) | elapsed 5.2 min | ETA this epoch 2.1 min
  step 2950/4061 | loss -7.754 | 110 ms/step (9.11 it/s) | elapsed 5.3 min | ETA this epoch 2.0 min
  step 3000/4061 | loss -7.427 | 109 ms/step (9.17 it/s) | elapsed 5.4 min | ETA this epoch 1.9 min
  step 3050/4061 | loss -8.355 | 109 ms/step (9.14 it/s) | elapsed 5.5 min | ETA this epoch 1.8 min
  step 3100/4061 | loss -7.683 | 110 ms/step (9.12 it/s) | elapsed 5.6 min | ETA this epoch 1.8 min
  step 3150/4061 | loss -8.342 | 109 ms/step (9.17 it/s) | elapsed 5.7 min | ETA this epoch 1.7 min
  step 3200/4061 | loss -8.918 | 109 ms/step (9.16 it/s) | elapsed 5.7 min | ETA this epoch 1.6 min
  step 3250/4061 | loss -8.102 | 109 ms/step (9.15 it/s) | elapsed 5.8 min | ETA this epoch 1.5 min
  step 3300/4061 | loss -7.118 | 109 ms/step (9.14 it/s) | elapsed 5.9 min | ETA this epoch 1.4 min
  step 3350/4061 | loss -5.927 | 111 ms/step (9.03 it/s) | elapsed 6.0 min | ETA this epoch 1.3 min
  step 3400/4061 | loss -5.835 | 112 ms/step (8.91 it/s) | elapsed 6.1 min | ETA this epoch 1.2 min
  step 3450/4061 | loss -6.359 | 109 ms/step (9.17 it/s) | elapsed 6.2 min | ETA this epoch 1.1 min
  step 3500/4061 | loss -7.081 | 110 ms/step (9.12 it/s) | elapsed 6.3 min | ETA this epoch 1.0 min
  step 3550/4061 | loss -8.865 | 109 ms/step (9.13 it/s) | elapsed 6.4 min | ETA this epoch 0.9 min
  step 3600/4061 | loss -6.533 | 110 ms/step (9.13 it/s) | elapsed 6.5 min | ETA this epoch 0.8 min
  step 3650/4061 | loss -6.796 | 110 ms/step (9.09 it/s) | elapsed 6.6 min | ETA this epoch 0.8 min
  step 3700/4061 | loss -8.327 | 110 ms/step (9.12 it/s) | elapsed 6.7 min | ETA this epoch 0.7 min
  step 3750/4061 | loss -7.195 | 110 ms/step (9.08 it/s) | elapsed 6.8 min | ETA this epoch 0.6 min
  step 3800/4061 | loss -5.979 | 109 ms/step (9.16 it/s) | elapsed 6.8 min | ETA this epoch 0.5 min
  step 3850/4061 | loss -9.281 | 110 ms/step (9.10 it/s) | elapsed 6.9 min | ETA this epoch 0.4 min
  step 3900/4061 | loss -6.245 | 110 ms/step (9.06 it/s) | elapsed 7.0 min | ETA this epoch 0.3 min
  step 3950/4061 | loss -6.209 | 110 ms/step (9.10 it/s) | elapsed 7.1 min | ETA this epoch 0.2 min
  step 4000/4061 | loss -9.479 | 110 ms/step (9.07 it/s) | elapsed 7.2 min | ETA this epoch 0.1 min
  step 4050/4061 | loss -7.535 | 109 ms/step (9.14 it/s) | elapsed 7.3 min | ETA this epoch 0.0 min
Epoch 39/50 | Train -7.328 | Val L1 0.0019 | Val SI-SDR 17.99 dB | Time 7.5 min
EarlyStopping counter: 2/7
  step 50/4061 | loss -8.420 | 111 ms/step (8.98 it/s) | elapsed 0.1 min | ETA this epoch 7.4 min
  step 100/4061 | loss -6.484 | 109 ms/step (9.16 it/s) | elapsed 0.2 min | ETA this epoch 7.2 min
  step 150/4061 | loss -7.417 | 109 ms/step (9.19 it/s) | elapsed 0.3 min | ETA this epoch 7.1 min
  step 200/4061 | loss -9.670 | 109 ms/step (9.17 it/s) | elapsed 0.4 min | ETA this epoch 7.0 min
  step 250/4061 | loss -6.709 | 111 ms/step (9.03 it/s) | elapsed 0.5 min | ETA this epoch 7.0 min
  step 300/4061 | loss -7.639 | 109 ms/step (9.15 it/s) | elapsed 0.5 min | ETA this epoch 6.9 min
  step 350/4061 | loss -6.185 | 109 ms/step (9.15 it/s) | elapsed 0.6 min | ETA this epoch 6.8 min
  step 400/4061 | loss -7.315 | 110 ms/step (9.12 it/s) | elapsed 0.7 min | ETA this epoch 6.7 min
  step 450/4061 | loss -6.365 | 110 ms/step (9.06 it/s) | elapsed 0.8 min | ETA this epoch 6.6 min
  step 500/4061 | loss -7.437 | 109 ms/step (9.16 it/s) | elapsed 0.9 min | ETA this epoch 6.5 min
  step 550/4061 | loss -7.776 | 111 ms/step (9.04 it/s) | elapsed 1.0 min | ETA this epoch 6.5 min
  step 600/4061 | loss -7.323 | 110 ms/step (9.09 it/s) | elapsed 1.1 min | ETA this epoch 6.3 min
  step 650/4061 | loss -6.299 | 109 ms/step (9.18 it/s) | elapsed 1.2 min | ETA this epoch 6.2 min
  step 700/4061 | loss -7.822 | 108 ms/step (9.22 it/s) | elapsed 1.3 min | ETA this epoch 6.1 min
  step 750/4061 | loss -8.158 | 109 ms/step (9.17 it/s) | elapsed 1.4 min | ETA this epoch 6.0 min
  step 800/4061 | loss -5.709 | 109 ms/step (9.17 it/s) | elapsed 1.5 min | ETA this epoch 5.9 min
  step 850/4061 | loss -6.079 | 109 ms/step (9.21 it/s) | elapsed 1.6 min | ETA this epoch 5.8 min
  step 900/4061 | loss -5.749 | 101 ms/step (9.89 it/s) | elapsed 1.6 min | ETA this epoch 5.3 min
  step 950/4061 | loss -9.225 | 93 ms/step (10.79 it/s) | elapsed 1.7 min | ETA this epoch 4.8 min
  step 1000/4061 | loss -7.511 | 95 ms/step (10.52 it/s) | elapsed 1.8 min | ETA this epoch 4.8 min
  step 1050/4061 | loss -6.527 | 102 ms/step (9.79 it/s) | elapsed 1.9 min | ETA this epoch 5.1 min
  step 1100/4061 | loss -8.019 | 110 ms/step (9.13 it/s) | elapsed 2.0 min | ETA this epoch 5.4 min
  step 1150/4061 | loss -5.543 | 110 ms/step (9.13 it/s) | elapsed 2.1 min | ETA this epoch 5.3 min
  step 1200/4061 | loss -7.953 | 110 ms/step (9.13 it/s) | elapsed 2.2 min | ETA this epoch 5.2 min
  step 1250/4061 | loss -6.729 | 109 ms/step (9.16 it/s) | elapsed 2.2 min | ETA this epoch 5.1 min
  step 1300/4061 | loss -7.097 | 110 ms/step (9.12 it/s) | elapsed 2.3 min | ETA this epoch 5.0 min
  step 1350/4061 | loss -6.149 | 109 ms/step (9.16 it/s) | elapsed 2.4 min | ETA this epoch 4.9 min
  step 1400/4061 | loss -7.706 | 110 ms/step (9.12 it/s) | elapsed 2.5 min | ETA this epoch 4.9 min
  step 1450/4061 | loss -7.039 | 110 ms/step (9.09 it/s) | elapsed 2.6 min | ETA this epoch 4.8 min
  step 1500/4061 | loss -8.103 | 111 ms/step (9.02 it/s) | elapsed 2.7 min | ETA this epoch 4.7 min
  step 1550/4061 | loss -6.658 | 109 ms/step (9.15 it/s) | elapsed 2.8 min | ETA this epoch 4.6 min
  step 1600/4061 | loss -7.260 | 109 ms/step (9.15 it/s) | elapsed 2.9 min | ETA this epoch 4.5 min
  step 1650/4061 | loss -5.777 | 111 ms/step (9.04 it/s) | elapsed 3.0 min | ETA this epoch 4.4 min
  step 1700/4061 | loss -8.203 | 110 ms/step (9.11 it/s) | elapsed 3.1 min | ETA this epoch 4.3 min
  step 1750/4061 | loss -7.727 | 110 ms/step (9.13 it/s) | elapsed 3.2 min | ETA this epoch 4.2 min
  step 1800/4061 | loss -9.725 | 109 ms/step (9.17 it/s) | elapsed 3.2 min | ETA this epoch 4.1 min
  step 1850/4061 | loss -6.369 | 110 ms/step (9.11 it/s) | elapsed 3.3 min | ETA this epoch 4.0 min
  step 1900/4061 | loss -5.615 | 110 ms/step (9.13 it/s) | elapsed 3.4 min | ETA this epoch 3.9 min
  step 1950/4061 | loss -7.301 | 110 ms/step (9.06 it/s) | elapsed 3.5 min | ETA this epoch 3.9 min
  step 2000/4061 | loss -5.586 | 110 ms/step (9.12 it/s) | elapsed 3.6 min | ETA this epoch 3.8 min
  step 2050/4061 | loss -9.194 | 111 ms/step (9.03 it/s) | elapsed 3.7 min | ETA this epoch 3.7 min
  step 2100/4061 | loss -6.716 | 109 ms/step (9.15 it/s) | elapsed 3.8 min | ETA this epoch 3.6 min
  step 2150/4061 | loss -6.763 | 110 ms/step (9.09 it/s) | elapsed 3.9 min | ETA this epoch 3.5 min
  step 2200/4061 | loss -7.666 | 110 ms/step (9.06 it/s) | elapsed 4.0 min | ETA this epoch 3.4 min
  step 2250/4061 | loss -9.704 | 110 ms/step (9.11 it/s) | elapsed 4.1 min | ETA this epoch 3.3 min
  step 2300/4061 | loss -7.120 | 110 ms/step (9.11 it/s) | elapsed 4.2 min | ETA this epoch 3.2 min
  step 2350/4061 | loss -7.606 | 111 ms/step (9.02 it/s) | elapsed 4.3 min | ETA this epoch 3.2 min
  step 2400/4061 | loss -6.588 | 107 ms/step (9.36 it/s) | elapsed 4.3 min | ETA this epoch 3.0 min
  step 2450/4061 | loss -9.168 | 94 ms/step (10.62 it/s) | elapsed 4.4 min | ETA this epoch 2.5 min
  step 2500/4061 | loss -8.248 | 93 ms/step (10.74 it/s) | elapsed 4.5 min | ETA this epoch 2.4 min
  step 2550/4061 | loss -6.112 | 94 ms/step (10.65 it/s) | elapsed 4.6 min | ETA this epoch 2.4 min
  step 2600/4061 | loss -6.870 | 109 ms/step (9.14 it/s) | elapsed 4.7 min | ETA this epoch 2.7 min
  step 2650/4061 | loss -5.954 | 110 ms/step (9.11 it/s) | elapsed 4.8 min | ETA this epoch 2.6 min
  step 2700/4061 | loss -7.926 | 110 ms/step (9.12 it/s) | elapsed 4.9 min | ETA this epoch 2.5 min
  step 2750/4061 | loss -6.873 | 109 ms/step (9.14 it/s) | elapsed 4.9 min | ETA this epoch 2.4 min
  step 2800/4061 | loss -7.157 | 109 ms/step (9.14 it/s) | elapsed 5.0 min | ETA this epoch 2.3 min
  step 2850/4061 | loss -7.509 | 109 ms/step (9.15 it/s) | elapsed 5.1 min | ETA this epoch 2.2 min
  step 2900/4061 | loss -6.786 | 111 ms/step (9.03 it/s) | elapsed 5.2 min | ETA this epoch 2.1 min
  step 2950/4061 | loss -6.983 | 115 ms/step (8.70 it/s) | elapsed 5.3 min | ETA this epoch 2.1 min
  step 3000/4061 | loss -7.839 | 111 ms/step (9.03 it/s) | elapsed 5.4 min | ETA this epoch 2.0 min
  step 3050/4061 | loss -6.466 | 109 ms/step (9.13 it/s) | elapsed 5.5 min | ETA this epoch 1.8 min
  step 3100/4061 | loss -6.601 | 110 ms/step (9.12 it/s) | elapsed 5.6 min | ETA this epoch 1.8 min
  step 3150/4061 | loss -7.335 | 110 ms/step (9.08 it/s) | elapsed 5.7 min | ETA this epoch 1.7 min
  step 3200/4061 | loss -6.195 | 110 ms/step (9.09 it/s) | elapsed 5.8 min | ETA this epoch 1.6 min
  step 3250/4061 | loss -7.128 | 114 ms/step (8.80 it/s) | elapsed 5.9 min | ETA this epoch 1.5 min
  step 3300/4061 | loss -7.590 | 110 ms/step (9.08 it/s) | elapsed 6.0 min | ETA this epoch 1.4 min
  step 3350/4061 | loss -5.394 | 110 ms/step (9.12 it/s) | elapsed 6.1 min | ETA this epoch 1.3 min
  step 3400/4061 | loss -7.010 | 111 ms/step (9.04 it/s) | elapsed 6.1 min | ETA this epoch 1.2 min
  step 3450/4061 | loss -6.590 | 110 ms/step (9.12 it/s) | elapsed 6.2 min | ETA this epoch 1.1 min
  step 3500/4061 | loss -6.266 | 109 ms/step (9.21 it/s) | elapsed 6.3 min | ETA this epoch 1.0 min
  step 3550/4061 | loss -6.444 | 110 ms/step (9.12 it/s) | elapsed 6.4 min | ETA this epoch 0.9 min
  step 3600/4061 | loss -7.796 | 110 ms/step (9.07 it/s) | elapsed 6.5 min | ETA this epoch 0.8 min
  step 3650/4061 | loss -6.844 | 109 ms/step (9.16 it/s) | elapsed 6.6 min | ETA this epoch 0.7 min
  step 3700/4061 | loss -6.450 | 110 ms/step (9.09 it/s) | elapsed 6.7 min | ETA this epoch 0.7 min
  step 3750/4061 | loss -6.989 | 109 ms/step (9.16 it/s) | elapsed 6.8 min | ETA this epoch 0.6 min
  step 3800/4061 | loss -6.372 | 110 ms/step (9.10 it/s) | elapsed 6.9 min | ETA this epoch 0.5 min
  step 3850/4061 | loss -7.371 | 109 ms/step (9.15 it/s) | elapsed 7.0 min | ETA this epoch 0.4 min
  step 3900/4061 | loss -6.132 | 110 ms/step (9.11 it/s) | elapsed 7.1 min | ETA this epoch 0.3 min
  step 3950/4061 | loss -6.775 | 110 ms/step (9.10 it/s) | elapsed 7.1 min | ETA this epoch 0.2 min
  step 4000/4061 | loss -7.076 | 110 ms/step (9.09 it/s) | elapsed 7.2 min | ETA this epoch 0.1 min
  step 4050/4061 | loss -7.394 | 109 ms/step (9.16 it/s) | elapsed 7.3 min | ETA this epoch 0.0 min
Epoch 40/50 | Train -7.304 | Val L1 0.0019 | Val SI-SDR 18.06 dB | Time 7.6 min
EarlyStopping counter: 3/7
  step 50/4061 | loss -7.100 | 109 ms/step (9.20 it/s) | elapsed 0.1 min | ETA this epoch 7.3 min
  step 100/4061 | loss -7.754 | 110 ms/step (9.13 it/s) | elapsed 0.2 min | ETA this epoch 7.2 min
  step 150/4061 | loss -9.633 | 110 ms/step (9.12 it/s) | elapsed 0.3 min | ETA this epoch 7.1 min
  step 200/4061 | loss -8.162 | 110 ms/step (9.13 it/s) | elapsed 0.4 min | ETA this epoch 7.1 min
  step 250/4061 | loss -8.570 | 109 ms/step (9.20 it/s) | elapsed 0.5 min | ETA this epoch 6.9 min
  step 300/4061 | loss -8.062 | 110 ms/step (9.09 it/s) | elapsed 0.5 min | ETA this epoch 6.9 min
  step 350/4061 | loss -7.500 | 108 ms/step (9.22 it/s) | elapsed 0.6 min | ETA this epoch 6.7 min
  step 400/4061 | loss -7.568 | 110 ms/step (9.06 it/s) | elapsed 0.7 min | ETA this epoch 6.7 min
  step 450/4061 | loss -6.995 | 109 ms/step (9.17 it/s) | elapsed 0.8 min | ETA this epoch 6.6 min
  step 500/4061 | loss -7.800 | 110 ms/step (9.05 it/s) | elapsed 0.9 min | ETA this epoch 6.6 min
  step 550/4061 | loss -7.002 | 109 ms/step (9.15 it/s) | elapsed 1.0 min | ETA this epoch 6.4 min
  step 600/4061 | loss -7.955 | 110 ms/step (9.08 it/s) | elapsed 1.1 min | ETA this epoch 6.4 min
  step 650/4061 | loss -7.304 | 110 ms/step (9.09 it/s) | elapsed 1.2 min | ETA this epoch 6.3 min
  step 700/4061 | loss -8.172 | 109 ms/step (9.16 it/s) | elapsed 1.3 min | ETA this epoch 6.1 min
  step 750/4061 | loss -6.113 | 111 ms/step (9.00 it/s) | elapsed 1.4 min | ETA this epoch 6.1 min
  step 800/4061 | loss -7.008 | 111 ms/step (9.00 it/s) | elapsed 1.5 min | ETA this epoch 6.0 min
  step 850/4061 | loss -8.147 | 109 ms/step (9.18 it/s) | elapsed 1.6 min | ETA this epoch 5.8 min
  step 900/4061 | loss -8.152 | 111 ms/step (9.03 it/s) | elapsed 1.6 min | ETA this epoch 5.8 min
  step 950/4061 | loss -8.116 | 111 ms/step (9.04 it/s) | elapsed 1.7 min | ETA this epoch 5.7 min
  step 1000/4061 | loss -7.092 | 109 ms/step (9.16 it/s) | elapsed 1.8 min | ETA this epoch 5.6 min
  step 1050/4061 | loss -6.540 | 95 ms/step (10.56 it/s) | elapsed 1.9 min | ETA this epoch 4.8 min
  step 1100/4061 | loss -7.838 | 91 ms/step (11.02 it/s) | elapsed 2.0 min | ETA this epoch 4.5 min
  step 1150/4061 | loss -6.405 | 95 ms/step (10.50 it/s) | elapsed 2.1 min | ETA this epoch 4.6 min
  step 1200/4061 | loss -7.882 | 104 ms/step (9.59 it/s) | elapsed 2.1 min | ETA this epoch 5.0 min
  step 1250/4061 | loss -8.540 | 110 ms/step (9.13 it/s) | elapsed 2.2 min | ETA this epoch 5.1 min
  step 1300/4061 | loss -7.431 | 110 ms/step (9.12 it/s) | elapsed 2.3 min | ETA this epoch 5.0 min
  step 1350/4061 | loss -6.940 | 110 ms/step (9.05 it/s) | elapsed 2.4 min | ETA this epoch 5.0 min
  step 1400/4061 | loss -6.927 | 111 ms/step (9.04 it/s) | elapsed 2.5 min | ETA this epoch 4.9 min
  step 1450/4061 | loss -6.101 | 112 ms/step (8.94 it/s) | elapsed 2.6 min | ETA this epoch 4.9 min
  step 1500/4061 | loss -6.622 | 109 ms/step (9.17 it/s) | elapsed 2.7 min | ETA this epoch 4.7 min
  step 1550/4061 | loss -6.580 | 110 ms/step (9.13 it/s) | elapsed 2.8 min | ETA this epoch 4.6 min
  step 1600/4061 | loss -7.719 | 110 ms/step (9.12 it/s) | elapsed 2.9 min | ETA this epoch 4.5 min
  step 1650/4061 | loss -7.184 | 110 ms/step (9.13 it/s) | elapsed 3.0 min | ETA this epoch 4.4 min
  step 1700/4061 | loss -8.109 | 110 ms/step (9.13 it/s) | elapsed 3.1 min | ETA this epoch 4.3 min
  step 1750/4061 | loss -9.437 | 109 ms/step (9.14 it/s) | elapsed 3.2 min | ETA this epoch 4.2 min
  step 1800/4061 | loss -6.385 | 110 ms/step (9.11 it/s) | elapsed 3.2 min | ETA this epoch 4.1 min
  step 1850/4061 | loss -6.518 | 110 ms/step (9.11 it/s) | elapsed 3.3 min | ETA this epoch 4.0 min
  step 1900/4061 | loss -8.945 | 111 ms/step (9.02 it/s) | elapsed 3.4 min | ETA this epoch 4.0 min
  step 1950/4061 | loss -4.846 | 111 ms/step (9.02 it/s) | elapsed 3.5 min | ETA this epoch 3.9 min
  step 2000/4061 | loss -7.472 | 108 ms/step (9.24 it/s) | elapsed 3.6 min | ETA this epoch 3.7 min
  step 2050/4061 | loss -8.378 | 109 ms/step (9.16 it/s) | elapsed 3.7 min | ETA this epoch 3.7 min
  step 2100/4061 | loss -6.680 | 111 ms/step (9.00 it/s) | elapsed 3.8 min | ETA this epoch 3.6 min
  step 2150/4061 | loss -7.077 | 110 ms/step (9.13 it/s) | elapsed 3.9 min | ETA this epoch 3.5 min
  step 2200/4061 | loss -9.373 | 109 ms/step (9.15 it/s) | elapsed 4.0 min | ETA this epoch 3.4 min
  step 2250/4061 | loss -7.152 | 109 ms/step (9.16 it/s) | elapsed 4.1 min | ETA this epoch 3.3 min
  step 2300/4061 | loss -7.327 | 109 ms/step (9.15 it/s) | elapsed 4.2 min | ETA this epoch 3.2 min
  step 2350/4061 | loss -8.523 | 110 ms/step (9.08 it/s) | elapsed 4.3 min | ETA this epoch 3.1 min
  step 2400/4061 | loss -5.517 | 110 ms/step (9.10 it/s) | elapsed 4.3 min | ETA this epoch 3.0 min
  step 2450/4061 | loss -9.207 | 110 ms/step (9.08 it/s) | elapsed 4.4 min | ETA this epoch 3.0 min
  step 2500/4061 | loss -6.988 | 109 ms/step (9.15 it/s) | elapsed 4.5 min | ETA this epoch 2.8 min
  step 2550/4061 | loss -7.726 | 90 ms/step (11.06 it/s) | elapsed 4.6 min | ETA this epoch 2.3 min
  step 2600/4061 | loss -5.969 | 91 ms/step (11.00 it/s) | elapsed 4.7 min | ETA this epoch 2.2 min
  step 2650/4061 | loss -6.793 | 90 ms/step (11.06 it/s) | elapsed 4.8 min | ETA this epoch 2.1 min
  step 2700/4061 | loss -6.384 | 104 ms/step (9.60 it/s) | elapsed 4.8 min | ETA this epoch 2.4 min
  step 2750/4061 | loss -6.965 | 110 ms/step (9.10 it/s) | elapsed 4.9 min | ETA this epoch 2.4 min
  step 2800/4061 | loss -6.426 | 110 ms/step (9.13 it/s) | elapsed 5.0 min | ETA this epoch 2.3 min
  step 2850/4061 | loss -7.371 | 110 ms/step (9.11 it/s) | elapsed 5.1 min | ETA this epoch 2.2 min
  step 2900/4061 | loss -9.037 | 109 ms/step (9.21 it/s) | elapsed 5.2 min | ETA this epoch 2.1 min
  step 2950/4061 | loss -7.269 | 112 ms/step (8.91 it/s) | elapsed 5.3 min | ETA this epoch 2.1 min
  step 3000/4061 | loss -6.703 | 109 ms/step (9.16 it/s) | elapsed 5.4 min | ETA this epoch 1.9 min
  step 3050/4061 | loss -7.567 | 108 ms/step (9.25 it/s) | elapsed 5.5 min | ETA this epoch 1.8 min
  step 3100/4061 | loss -8.350 | 111 ms/step (8.98 it/s) | elapsed 5.6 min | ETA this epoch 1.8 min
  step 3150/4061 | loss -6.854 | 109 ms/step (9.19 it/s) | elapsed 5.7 min | ETA this epoch 1.7 min
  step 3200/4061 | loss -8.534 | 108 ms/step (9.25 it/s) | elapsed 5.8 min | ETA this epoch 1.6 min
  step 3250/4061 | loss -7.471 | 111 ms/step (9.04 it/s) | elapsed 5.8 min | ETA this epoch 1.5 min
  step 3300/4061 | loss -7.417 | 110 ms/step (9.10 it/s) | elapsed 5.9 min | ETA this epoch 1.4 min
  step 3350/4061 | loss -7.664 | 110 ms/step (9.13 it/s) | elapsed 6.0 min | ETA this epoch 1.3 min
  step 3400/4061 | loss -7.396 | 109 ms/step (9.17 it/s) | elapsed 6.1 min | ETA this epoch 1.2 min
  step 3450/4061 | loss -8.266 | 109 ms/step (9.17 it/s) | elapsed 6.2 min | ETA this epoch 1.1 min
  step 3500/4061 | loss -7.194 | 110 ms/step (9.07 it/s) | elapsed 6.3 min | ETA this epoch 1.0 min
  step 3550/4061 | loss -6.803 | 110 ms/step (9.09 it/s) | elapsed 6.4 min | ETA this epoch 0.9 min
  step 3600/4061 | loss -6.619 | 109 ms/step (9.17 it/s) | elapsed 6.5 min | ETA this epoch 0.8 min
  step 3650/4061 | loss -6.776 | 111 ms/step (8.99 it/s) | elapsed 6.6 min | ETA this epoch 0.8 min
  step 3700/4061 | loss -8.320 | 110 ms/step (9.13 it/s) | elapsed 6.7 min | ETA this epoch 0.7 min
  step 3750/4061 | loss -7.938 | 109 ms/step (9.14 it/s) | elapsed 6.8 min | ETA this epoch 0.6 min
  step 3800/4061 | loss -7.244 | 110 ms/step (9.09 it/s) | elapsed 6.9 min | ETA this epoch 0.5 min
  step 3850/4061 | loss -6.508 | 109 ms/step (9.14 it/s) | elapsed 6.9 min | ETA this epoch 0.4 min
  step 3900/4061 | loss -7.993 | 110 ms/step (9.06 it/s) | elapsed 7.0 min | ETA this epoch 0.3 min
  step 3950/4061 | loss -7.557 | 110 ms/step (9.09 it/s) | elapsed 7.1 min | ETA this epoch 0.2 min
  step 4000/4061 | loss -8.690 | 110 ms/step (9.12 it/s) | elapsed 7.2 min | ETA this epoch 0.1 min
  step 4050/4061 | loss -6.576 | 110 ms/step (9.08 it/s) | elapsed 7.3 min | ETA this epoch 0.0 min
Epoch 41/50 | Train -7.353 | Val L1 0.0019 | Val SI-SDR 18.06 dB | Time 7.6 min
EarlyStopping counter: 4/7
  step 50/4061 | loss -7.347 | 108 ms/step (9.27 it/s) | elapsed 0.1 min | ETA this epoch 7.2 min
  step 100/4061 | loss -6.622 | 109 ms/step (9.21 it/s) | elapsed 0.2 min | ETA this epoch 7.2 min
  step 150/4061 | loss -5.589 | 110 ms/step (9.08 it/s) | elapsed 0.3 min | ETA this epoch 7.2 min
  step 200/4061 | loss -5.736 | 110 ms/step (9.06 it/s) | elapsed 0.4 min | ETA this epoch 7.1 min
  step 250/4061 | loss -6.728 | 108 ms/step (9.25 it/s) | elapsed 0.5 min | ETA this epoch 6.9 min
  step 300/4061 | loss -6.605 | 110 ms/step (9.12 it/s) | elapsed 0.5 min | ETA this epoch 6.9 min
  step 350/4061 | loss -6.678 | 109 ms/step (9.13 it/s) | elapsed 0.6 min | ETA this epoch 6.8 min
  step 400/4061 | loss -7.834 | 112 ms/step (8.94 it/s) | elapsed 0.7 min | ETA this epoch 6.8 min
  step 450/4061 | loss -6.804 | 111 ms/step (9.02 it/s) | elapsed 0.8 min | ETA this epoch 6.7 min
  step 500/4061 | loss -7.159 | 108 ms/step (9.22 it/s) | elapsed 0.9 min | ETA this epoch 6.4 min
  step 550/4061 | loss -6.867 | 110 ms/step (9.10 it/s) | elapsed 1.0 min | ETA this epoch 6.4 min
  step 600/4061 | loss -6.934 | 111 ms/step (9.02 it/s) | elapsed 1.1 min | ETA this epoch 6.4 min
  step 650/4061 | loss -7.964 | 110 ms/step (9.11 it/s) | elapsed 1.2 min | ETA this epoch 6.2 min
  step 700/4061 | loss -6.192 | 110 ms/step (9.06 it/s) | elapsed 1.3 min | ETA this epoch 6.2 min
  step 750/4061 | loss -8.319 | 110 ms/step (9.11 it/s) | elapsed 1.4 min | ETA this epoch 6.1 min
  step 800/4061 | loss -7.094 | 110 ms/step (9.07 it/s) | elapsed 1.5 min | ETA this epoch 6.0 min
  step 850/4061 | loss -8.546 | 110 ms/step (9.11 it/s) | elapsed 1.6 min | ETA this epoch 5.9 min
  step 900/4061 | loss -6.730 | 112 ms/step (8.95 it/s) | elapsed 1.6 min | ETA this epoch 5.9 min
  step 950/4061 | loss -8.311 | 110 ms/step (9.07 it/s) | elapsed 1.7 min | ETA this epoch 5.7 min
  step 1000/4061 | loss -7.639 | 109 ms/step (9.14 it/s) | elapsed 1.8 min | ETA this epoch 5.6 min
  step 1050/4061 | loss -7.866 | 110 ms/step (9.11 it/s) | elapsed 1.9 min | ETA this epoch 5.5 min
  step 1100/4061 | loss -8.143 | 109 ms/step (9.15 it/s) | elapsed 2.0 min | ETA this epoch 5.4 min
  step 1150/4061 | loss -8.229 | 109 ms/step (9.14 it/s) | elapsed 2.1 min | ETA this epoch 5.3 min
  step 1200/4061 | loss -8.419 | 91 ms/step (11.00 it/s) | elapsed 2.2 min | ETA this epoch 4.3 min
  step 1250/4061 | loss -7.410 | 91 ms/step (11.02 it/s) | elapsed 2.3 min | ETA this epoch 4.2 min
  step 1300/4061 | loss -6.893 | 93 ms/step (10.76 it/s) | elapsed 2.3 min | ETA this epoch 4.3 min
  step 1350/4061 | loss -7.340 | 104 ms/step (9.61 it/s) | elapsed 2.4 min | ETA this epoch 4.7 min
  step 1400/4061 | loss -6.147 | 109 ms/step (9.15 it/s) | elapsed 2.5 min | ETA this epoch 4.8 min
  step 1450/4061 | loss -6.849 | 109 ms/step (9.20 it/s) | elapsed 2.6 min | ETA this epoch 4.7 min
  step 1500/4061 | loss -7.555 | 109 ms/step (9.15 it/s) | elapsed 2.7 min | ETA this epoch 4.7 min
  step 1550/4061 | loss -7.744 | 109 ms/step (9.17 it/s) | elapsed 2.8 min | ETA this epoch 4.6 min
  step 1600/4061 | loss -8.005 | 109 ms/step (9.14 it/s) | elapsed 2.9 min | ETA this epoch 4.5 min
  step 1650/4061 | loss -6.027 | 111 ms/step (9.04 it/s) | elapsed 3.0 min | ETA this epoch 4.4 min
  step 1700/4061 | loss -8.277 | 111 ms/step (9.03 it/s) | elapsed 3.1 min | ETA this epoch 4.4 min
  step 1750/4061 | loss -8.812 | 110 ms/step (9.12 it/s) | elapsed 3.2 min | ETA this epoch 4.2 min
  step 1800/4061 | loss -9.032 | 109 ms/step (9.17 it/s) | elapsed 3.2 min | ETA this epoch 4.1 min
  step 1850/4061 | loss -6.945 | 111 ms/step (9.03 it/s) | elapsed 3.3 min | ETA this epoch 4.1 min
  step 1900/4061 | loss -6.286 | 109 ms/step (9.13 it/s) | elapsed 3.4 min | ETA this epoch 3.9 min
  step 1950/4061 | loss -6.890 | 109 ms/step (9.13 it/s) | elapsed 3.5 min | ETA this epoch 3.9 min
  step 2000/4061 | loss -10.058 | 112 ms/step (8.91 it/s) | elapsed 3.6 min | ETA this epoch 3.9 min
  step 2050/4061 | loss -6.804 | 109 ms/step (9.15 it/s) | elapsed 3.7 min | ETA this epoch 3.7 min
  step 2100/4061 | loss -8.778 | 109 ms/step (9.15 it/s) | elapsed 3.8 min | ETA this epoch 3.6 min
  step 2150/4061 | loss -7.382 | 110 ms/step (9.05 it/s) | elapsed 3.9 min | ETA this epoch 3.5 min
  step 2200/4061 | loss -8.434 | 111 ms/step (9.03 it/s) | elapsed 4.0 min | ETA this epoch 3.4 min
  step 2250/4061 | loss -8.348 | 109 ms/step (9.15 it/s) | elapsed 4.1 min | ETA this epoch 3.3 min
  step 2300/4061 | loss -6.217 | 109 ms/step (9.15 it/s) | elapsed 4.2 min | ETA this epoch 3.2 min
  step 2350/4061 | loss -7.563 | 109 ms/step (9.14 it/s) | elapsed 4.3 min | ETA this epoch 3.1 min
  step 2400/4061 | loss -7.892 | 109 ms/step (9.21 it/s) | elapsed 4.3 min | ETA this epoch 3.0 min
  step 2450/4061 | loss -5.040 | 110 ms/step (9.11 it/s) | elapsed 4.4 min | ETA this epoch 2.9 min
  step 2500/4061 | loss -6.306 | 109 ms/step (9.13 it/s) | elapsed 4.5 min | ETA this epoch 2.8 min
  step 2550/4061 | loss -7.166 | 109 ms/step (9.17 it/s) | elapsed 4.6 min | ETA this epoch 2.7 min
  step 2600/4061 | loss -7.443 | 108 ms/step (9.24 it/s) | elapsed 4.7 min | ETA this epoch 2.6 min
  step 2650/4061 | loss -6.577 | 111 ms/step (9.03 it/s) | elapsed 4.8 min | ETA this epoch 2.6 min
  step 2700/4061 | loss -7.993 | 93 ms/step (10.73 it/s) | elapsed 4.9 min | ETA this epoch 2.1 min
  step 2750/4061 | loss -7.452 | 93 ms/step (10.76 it/s) | elapsed 5.0 min | ETA this epoch 2.0 min
  step 2800/4061 | loss -7.593 | 93 ms/step (10.80 it/s) | elapsed 5.0 min | ETA this epoch 1.9 min
  step 2850/4061 | loss -6.584 | 105 ms/step (9.53 it/s) | elapsed 5.1 min | ETA this epoch 2.1 min
  step 2900/4061 | loss -8.837 | 109 ms/step (9.16 it/s) | elapsed 5.2 min | ETA this epoch 2.1 min
  step 2950/4061 | loss -6.094 | 109 ms/step (9.18 it/s) | elapsed 5.3 min | ETA this epoch 2.0 min
  step 3000/4061 | loss -8.039 | 110 ms/step (9.09 it/s) | elapsed 5.4 min | ETA this epoch 1.9 min
  step 3050/4061 | loss -7.543 | 110 ms/step (9.11 it/s) | elapsed 5.5 min | ETA this epoch 1.8 min
  step 3100/4061 | loss -8.717 | 110 ms/step (9.07 it/s) | elapsed 5.6 min | ETA this epoch 1.8 min
  step 3150/4061 | loss -7.177 | 110 ms/step (9.11 it/s) | elapsed 5.7 min | ETA this epoch 1.7 min
  step 3200/4061 | loss -6.888 | 110 ms/step (9.07 it/s) | elapsed 5.8 min | ETA this epoch 1.6 min
  step 3250/4061 | loss -7.510 | 109 ms/step (9.17 it/s) | elapsed 5.8 min | ETA this epoch 1.5 min
  step 3300/4061 | loss -8.757 | 110 ms/step (9.07 it/s) | elapsed 5.9 min | ETA this epoch 1.4 min
  step 3350/4061 | loss -8.300 | 111 ms/step (8.97 it/s) | elapsed 6.0 min | ETA this epoch 1.3 min
  step 3400/4061 | loss -8.016 | 111 ms/step (9.03 it/s) | elapsed 6.1 min | ETA this epoch 1.2 min
  step 3450/4061 | loss -8.272 | 109 ms/step (9.14 it/s) | elapsed 6.2 min | ETA this epoch 1.1 min
  step 3500/4061 | loss -5.979 | 110 ms/step (9.11 it/s) | elapsed 6.3 min | ETA this epoch 1.0 min
  step 3550/4061 | loss -6.695 | 110 ms/step (9.09 it/s) | elapsed 6.4 min | ETA this epoch 0.9 min
  step 3600/4061 | loss -7.903 | 109 ms/step (9.16 it/s) | elapsed 6.5 min | ETA this epoch 0.8 min
  step 3650/4061 | loss -8.855 | 110 ms/step (9.13 it/s) | elapsed 6.6 min | ETA this epoch 0.8 min
  step 3700/4061 | loss -6.087 | 109 ms/step (9.16 it/s) | elapsed 6.7 min | ETA this epoch 0.7 min
  step 3750/4061 | loss -8.276 | 108 ms/step (9.28 it/s) | elapsed 6.8 min | ETA this epoch 0.6 min
  step 3800/4061 | loss -8.761 | 109 ms/step (9.15 it/s) | elapsed 6.9 min | ETA this epoch 0.5 min
  step 3850/4061 | loss -6.222 | 109 ms/step (9.14 it/s) | elapsed 6.9 min | ETA this epoch 0.4 min
  step 3900/4061 | loss -7.583 | 110 ms/step (9.06 it/s) | elapsed 7.0 min | ETA this epoch 0.3 min
  step 3950/4061 | loss -7.899 | 111 ms/step (9.04 it/s) | elapsed 7.1 min | ETA this epoch 0.2 min
  step 4000/4061 | loss -6.790 | 109 ms/step (9.20 it/s) | elapsed 7.2 min | ETA this epoch 0.1 min
  step 4050/4061 | loss -6.438 | 109 ms/step (9.15 it/s) | elapsed 7.3 min | ETA this epoch 0.0 min
Epoch 42/50 | Train -7.389 | Val L1 0.0019 | Val SI-SDR 18.13 dB | Time 7.6 min
Saved best model (SI-SDR 18.13 dB) -> /home/bubai-maji/speech_enhancement/script/propose_ablation2/checkpoint_propose_ab2/best_NGDM_SE.pt
  step 50/4061 | loss -9.458 | 110 ms/step (9.06 it/s) | elapsed 0.1 min | ETA this epoch 7.4 min
  step 100/4061 | loss -5.252 | 109 ms/step (9.21 it/s) | elapsed 0.2 min | ETA this epoch 7.2 min
  step 150/4061 | loss -7.556 | 110 ms/step (9.07 it/s) | elapsed 0.3 min | ETA this epoch 7.2 min
  step 200/4061 | loss -7.199 | 110 ms/step (9.11 it/s) | elapsed 0.4 min | ETA this epoch 7.1 min
  step 250/4061 | loss -8.744 | 110 ms/step (9.06 it/s) | elapsed 0.5 min | ETA this epoch 7.0 min
  step 300/4061 | loss -8.435 | 110 ms/step (9.06 it/s) | elapsed 0.5 min | ETA this epoch 6.9 min
  step 350/4061 | loss -8.218 | 109 ms/step (9.14 it/s) | elapsed 0.6 min | ETA this epoch 6.8 min
  step 400/4061 | loss -9.382 | 109 ms/step (9.14 it/s) | elapsed 0.7 min | ETA this epoch 6.7 min
  step 450/4061 | loss -6.579 | 110 ms/step (9.10 it/s) | elapsed 0.8 min | ETA this epoch 6.6 min
  step 500/4061 | loss -8.435 | 109 ms/step (9.21 it/s) | elapsed 0.9 min | ETA this epoch 6.4 min
  step 550/4061 | loss -7.319 | 110 ms/step (9.11 it/s) | elapsed 1.0 min | ETA this epoch 6.4 min
  step 600/4061 | loss -7.692 | 109 ms/step (9.18 it/s) | elapsed 1.1 min | ETA this epoch 6.3 min
  step 650/4061 | loss -7.432 | 110 ms/step (9.13 it/s) | elapsed 1.2 min | ETA this epoch 6.2 min
  step 700/4061 | loss -8.485 | 110 ms/step (9.08 it/s) | elapsed 1.3 min | ETA this epoch 6.2 min
  step 750/4061 | loss -7.382 | 110 ms/step (9.10 it/s) | elapsed 1.4 min | ETA this epoch 6.1 min
  step 800/4061 | loss -8.529 | 111 ms/step (9.03 it/s) | elapsed 1.5 min | ETA this epoch 6.0 min
  step 850/4061 | loss -8.289 | 110 ms/step (9.08 it/s) | elapsed 1.6 min | ETA this epoch 5.9 min
  step 900/4061 | loss -6.730 | 112 ms/step (8.95 it/s) | elapsed 1.6 min | ETA this epoch 5.9 min
  step 950/4061 | loss -7.129 | 109 ms/step (9.15 it/s) | elapsed 1.7 min | ETA this epoch 5.7 min
  step 1000/4061 | loss -6.923 | 110 ms/step (9.05 it/s) | elapsed 1.8 min | ETA this epoch 5.6 min
  step 1050/4061 | loss -5.895 | 110 ms/step (9.09 it/s) | elapsed 1.9 min | ETA this epoch 5.5 min
  step 1100/4061 | loss -7.867 | 110 ms/step (9.11 it/s) | elapsed 2.0 min | ETA this epoch 5.4 min
  step 1150/4061 | loss -7.877 | 110 ms/step (9.12 it/s) | elapsed 2.1 min | ETA this epoch 5.3 min
  step 1200/4061 | loss -8.204 | 110 ms/step (9.12 it/s) | elapsed 2.2 min | ETA this epoch 5.2 min
  step 1250/4061 | loss -7.162 | 109 ms/step (9.19 it/s) | elapsed 2.3 min | ETA this epoch 5.1 min
  step 1300/4061 | loss -7.879 | 109 ms/step (9.14 it/s) | elapsed 2.4 min | ETA this epoch 5.0 min
  step 1350/4061 | loss -7.084 | 90 ms/step (11.13 it/s) | elapsed 2.5 min | ETA this epoch 4.1 min
  step 1400/4061 | loss -6.663 | 89 ms/step (11.30 it/s) | elapsed 2.5 min | ETA this epoch 3.9 min
  step 1450/4061 | loss -6.920 | 92 ms/step (10.84 it/s) | elapsed 2.6 min | ETA this epoch 4.0 min
  step 1500/4061 | loss -7.021 | 100 ms/step (10.05 it/s) | elapsed 2.7 min | ETA this epoch 4.2 min
  step 1550/4061 | loss -6.127 | 109 ms/step (9.19 it/s) | elapsed 2.8 min | ETA this epoch 4.6 min
  step 1600/4061 | loss -7.006 | 109 ms/step (9.15 it/s) | elapsed 2.9 min | ETA this epoch 4.5 min
  step 1650/4061 | loss -6.935 | 109 ms/step (9.16 it/s) | elapsed 3.0 min | ETA this epoch 4.4 min
  step 1700/4061 | loss -7.651 | 110 ms/step (9.11 it/s) | elapsed 3.1 min | ETA this epoch 4.3 min
  step 1750/4061 | loss -8.393 | 110 ms/step (9.07 it/s) | elapsed 3.1 min | ETA this epoch 4.2 min
  step 1800/4061 | loss -6.268 | 110 ms/step (9.13 it/s) | elapsed 3.2 min | ETA this epoch 4.1 min
  step 1850/4061 | loss -6.616 | 113 ms/step (8.87 it/s) | elapsed 3.3 min | ETA this epoch 4.2 min
  step 1900/4061 | loss -9.337 | 109 ms/step (9.16 it/s) | elapsed 3.4 min | ETA this epoch 3.9 min
  step 1950/4061 | loss -8.476 | 111 ms/step (9.04 it/s) | elapsed 3.5 min | ETA this epoch 3.9 min
  step 2000/4061 | loss -7.347 | 109 ms/step (9.13 it/s) | elapsed 3.6 min | ETA this epoch 3.8 min
  step 2050/4061 | loss -8.707 | 109 ms/step (9.15 it/s) | elapsed 3.7 min | ETA this epoch 3.7 min
  step 2100/4061 | loss -7.531 | 111 ms/step (9.02 it/s) | elapsed 3.8 min | ETA this epoch 3.6 min
  step 2150/4061 | loss -7.354 | 109 ms/step (9.20 it/s) | elapsed 3.9 min | ETA this epoch 3.5 min
  step 2200/4061 | loss -7.275 | 110 ms/step (9.11 it/s) | elapsed 4.0 min | ETA this epoch 3.4 min
  step 2250/4061 | loss -7.187 | 113 ms/step (8.83 it/s) | elapsed 4.1 min | ETA this epoch 3.4 min
  step 2300/4061 | loss -6.665 | 109 ms/step (9.14 it/s) | elapsed 4.2 min | ETA this epoch 3.2 min
  step 2350/4061 | loss -9.008 | 111 ms/step (9.03 it/s) | elapsed 4.2 min | ETA this epoch 3.2 min
  step 2400/4061 | loss -7.880 | 110 ms/step (9.06 it/s) | elapsed 4.3 min | ETA this epoch 3.1 min
  step 2450/4061 | loss -8.107 | 109 ms/step (9.18 it/s) | elapsed 4.4 min | ETA this epoch 2.9 min
  step 2500/4061 | loss -7.200 | 109 ms/step (9.16 it/s) | elapsed 4.5 min | ETA this epoch 2.8 min
  step 2550/4061 | loss -7.830 | 110 ms/step (9.08 it/s) | elapsed 4.6 min | ETA this epoch 2.8 min
  step 2600/4061 | loss -7.721 | 110 ms/step (9.09 it/s) | elapsed 4.7 min | ETA this epoch 2.7 min
  step 2650/4061 | loss -8.346 | 113 ms/step (8.86 it/s) | elapsed 4.8 min | ETA this epoch 2.7 min
  step 2700/4061 | loss -6.016 | 109 ms/step (9.15 it/s) | elapsed 4.9 min | ETA this epoch 2.5 min
  step 2750/4061 | loss -7.936 | 110 ms/step (9.13 it/s) | elapsed 5.0 min | ETA this epoch 2.4 min
  step 2800/4061 | loss -6.971 | 100 ms/step (9.99 it/s) | elapsed 5.1 min | ETA this epoch 2.1 min
  step 2850/4061 | loss -7.864 | 95 ms/step (10.54 it/s) | elapsed 5.1 min | ETA this epoch 1.9 min
  step 2900/4061 | loss -7.547 | 89 ms/step (11.21 it/s) | elapsed 5.2 min | ETA this epoch 1.7 min
  step 2950/4061 | loss -8.660 | 106 ms/step (9.40 it/s) | elapsed 5.3 min | ETA this epoch 2.0 min
  step 3000/4061 | loss -7.090 | 109 ms/step (9.15 it/s) | elapsed 5.4 min | ETA this epoch 1.9 min
  step 3050/4061 | loss -6.516 | 110 ms/step (9.11 it/s) | elapsed 5.5 min | ETA this epoch 1.9 min
  step 3100/4061 | loss -7.471 | 110 ms/step (9.09 it/s) | elapsed 5.6 min | ETA this epoch 1.8 min
  step 3150/4061 | loss -7.873 | 111 ms/step (9.01 it/s) | elapsed 5.7 min | ETA this epoch 1.7 min
  step 3200/4061 | loss -7.474 | 110 ms/step (9.10 it/s) | elapsed 5.8 min | ETA this epoch 1.6 min
  step 3250/4061 | loss -8.108 | 109 ms/step (9.15 it/s) | elapsed 5.9 min | ETA this epoch 1.5 min
  step 3300/4061 | loss -7.468 | 112 ms/step (8.96 it/s) | elapsed 5.9 min | ETA this epoch 1.4 min
  step 3350/4061 | loss -5.866 | 110 ms/step (9.07 it/s) | elapsed 6.0 min | ETA this epoch 1.3 min
  step 3400/4061 | loss -6.713 | 110 ms/step (9.10 it/s) | elapsed 6.1 min | ETA this epoch 1.2 min
  step 3450/4061 | loss -6.731 | 109 ms/step (9.15 it/s) | elapsed 6.2 min | ETA this epoch 1.1 min
  step 3500/4061 | loss -7.805 | 109 ms/step (9.14 it/s) | elapsed 6.3 min | ETA this epoch 1.0 min
  step 3550/4061 | loss -7.081 | 109 ms/step (9.20 it/s) | elapsed 6.4 min | ETA this epoch 0.9 min
  step 3600/4061 | loss -6.436 | 109 ms/step (9.14 it/s) | elapsed 6.5 min | ETA this epoch 0.8 min
  step 3650/4061 | loss -6.590 | 111 ms/step (9.00 it/s) | elapsed 6.6 min | ETA this epoch 0.8 min
  step 3700/4061 | loss -6.245 | 110 ms/step (9.06 it/s) | elapsed 6.7 min | ETA this epoch 0.7 min
  step 3750/4061 | loss -9.986 | 110 ms/step (9.09 it/s) | elapsed 6.8 min | ETA this epoch 0.6 min
  step 3800/4061 | loss -7.032 | 110 ms/step (9.10 it/s) | elapsed 6.9 min | ETA this epoch 0.5 min
  step 3850/4061 | loss -6.438 | 110 ms/step (9.11 it/s) | elapsed 7.0 min | ETA this epoch 0.4 min
  step 3900/4061 | loss -8.313 | 110 ms/step (9.06 it/s) | elapsed 7.0 min | ETA this epoch 0.3 min
  step 3950/4061 | loss -8.390 | 110 ms/step (9.09 it/s) | elapsed 7.1 min | ETA this epoch 0.2 min
  step 4000/4061 | loss -8.203 | 110 ms/step (9.09 it/s) | elapsed 7.2 min | ETA this epoch 0.1 min
  step 4050/4061 | loss -6.359 | 110 ms/step (9.07 it/s) | elapsed 7.3 min | ETA this epoch 0.0 min
Epoch 43/50 | Train -7.407 | Val L1 0.0018 | Val SI-SDR 18.18 dB | Time 7.6 min
Saved best model (SI-SDR 18.18 dB) -> /home/bubai-maji/speech_enhancement/script/propose_ablation2/checkpoint_propose_ab2/best_NGDM_SE.pt
  step 50/4061 | loss -8.593 | 110 ms/step (9.08 it/s) | elapsed 0.1 min | ETA this epoch 7.4 min
  step 100/4061 | loss -8.178 | 111 ms/step (9.03 it/s) | elapsed 0.2 min | ETA this epoch 7.3 min
  step 150/4061 | loss -7.497 | 111 ms/step (9.02 it/s) | elapsed 0.3 min | ETA this epoch 7.2 min
  step 200/4061 | loss -5.978 | 109 ms/step (9.16 it/s) | elapsed 0.4 min | ETA this epoch 7.0 min
  step 250/4061 | loss -6.481 | 111 ms/step (8.97 it/s) | elapsed 0.5 min | ETA this epoch 7.1 min
  step 300/4061 | loss -8.768 | 110 ms/step (9.11 it/s) | elapsed 0.6 min | ETA this epoch 6.9 min
  step 350/4061 | loss -7.069 | 110 ms/step (9.06 it/s) | elapsed 0.6 min | ETA this epoch 6.8 min
  step 400/4061 | loss -8.884 | 109 ms/step (9.15 it/s) | elapsed 0.7 min | ETA this epoch 6.7 min
  step 450/4061 | loss -8.288 | 110 ms/step (9.05 it/s) | elapsed 0.8 min | ETA this epoch 6.6 min
  step 500/4061 | loss -7.448 | 110 ms/step (9.08 it/s) | elapsed 0.9 min | ETA this epoch 6.5 min
  step 550/4061 | loss -8.756 | 110 ms/step (9.11 it/s) | elapsed 1.0 min | ETA this epoch 6.4 min
  step 600/4061 | loss -8.693 | 109 ms/step (9.14 it/s) | elapsed 1.1 min | ETA this epoch 6.3 min
  step 650/4061 | loss -8.854 | 110 ms/step (9.07 it/s) | elapsed 1.2 min | ETA this epoch 6.3 min
  step 700/4061 | loss -8.005 | 110 ms/step (9.06 it/s) | elapsed 1.3 min | ETA this epoch 6.2 min
  step 750/4061 | loss -6.746 | 109 ms/step (9.13 it/s) | elapsed 1.4 min | ETA this epoch 6.0 min
  step 800/4061 | loss -6.881 | 109 ms/step (9.14 it/s) | elapsed 1.5 min | ETA this epoch 5.9 min
  step 850/4061 | loss -6.392 | 109 ms/step (9.14 it/s) | elapsed 1.6 min | ETA this epoch 5.9 min
  step 900/4061 | loss -6.524 | 110 ms/step (9.08 it/s) | elapsed 1.7 min | ETA this epoch 5.8 min
  step 950/4061 | loss -7.090 | 111 ms/step (9.04 it/s) | elapsed 1.7 min | ETA this epoch 5.7 min
  step 1000/4061 | loss -7.679 | 110 ms/step (9.07 it/s) | elapsed 1.8 min | ETA this epoch 5.6 min
  step 1050/4061 | loss -6.443 | 110 ms/step (9.08 it/s) | elapsed 1.9 min | ETA this epoch 5.5 min
  step 1100/4061 | loss -8.395 | 110 ms/step (9.10 it/s) | elapsed 2.0 min | ETA this epoch 5.4 min
  step 1150/4061 | loss -9.208 | 110 ms/step (9.09 it/s) | elapsed 2.1 min | ETA this epoch 5.3 min
  step 1200/4061 | loss -8.533 | 109 ms/step (9.20 it/s) | elapsed 2.2 min | ETA this epoch 5.2 min
  step 1250/4061 | loss -8.502 | 110 ms/step (9.09 it/s) | elapsed 2.3 min | ETA this epoch 5.2 min
  step 1300/4061 | loss -7.579 | 111 ms/step (8.98 it/s) | elapsed 2.4 min | ETA this epoch 5.1 min
  step 1350/4061 | loss -7.852 | 108 ms/step (9.22 it/s) | elapsed 2.5 min | ETA this epoch 4.9 min
  step 1400/4061 | loss -6.089 | 110 ms/step (9.11 it/s) | elapsed 2.6 min | ETA this epoch 4.9 min
  step 1450/4061 | loss -8.816 | 107 ms/step (9.34 it/s) | elapsed 2.7 min | ETA this epoch 4.7 min
  step 1500/4061 | loss -7.085 | 92 ms/step (10.84 it/s) | elapsed 2.7 min | ETA this epoch 3.9 min
  step 1550/4061 | loss -6.128 | 91 ms/step (11.00 it/s) | elapsed 2.8 min | ETA this epoch 3.8 min
  step 1600/4061 | loss -8.552 | 90 ms/step (11.15 it/s) | elapsed 2.9 min | ETA this epoch 3.7 min
  step 1650/4061 | loss -7.338 | 106 ms/step (9.40 it/s) | elapsed 3.0 min | ETA this epoch 4.3 min
  step 1700/4061 | loss -5.507 | 109 ms/step (9.18 it/s) | elapsed 3.1 min | ETA this epoch 4.3 min
  step 1750/4061 | loss -7.411 | 110 ms/step (9.11 it/s) | elapsed 3.2 min | ETA this epoch 4.2 min
  step 1800/4061 | loss -7.460 | 109 ms/step (9.21 it/s) | elapsed 3.2 min | ETA this epoch 4.1 min
  step 1850/4061 | loss -7.300 | 111 ms/step (9.04 it/s) | elapsed 3.3 min | ETA this epoch 4.1 min
  step 1900/4061 | loss -7.786 | 110 ms/step (9.07 it/s) | elapsed 3.4 min | ETA this epoch 4.0 min
  step 1950/4061 | loss -7.335 | 109 ms/step (9.18 it/s) | elapsed 3.5 min | ETA this epoch 3.8 min
  step 2000/4061 | loss -6.844 | 110 ms/step (9.08 it/s) | elapsed 3.6 min | ETA this epoch 3.8 min
  step 2050/4061 | loss -7.436 | 110 ms/step (9.09 it/s) | elapsed 3.7 min | ETA this epoch 3.7 min
  step 2100/4061 | loss -7.547 | 110 ms/step (9.10 it/s) | elapsed 3.8 min | ETA this epoch 3.6 min
  step 2150/4061 | loss -7.426 | 110 ms/step (9.08 it/s) | elapsed 3.9 min | ETA this epoch 3.5 min
  step 2200/4061 | loss -5.616 | 109 ms/step (9.19 it/s) | elapsed 4.0 min | ETA this epoch 3.4 min
  step 2250/4061 | loss -6.872 | 110 ms/step (9.07 it/s) | elapsed 4.1 min | ETA this epoch 3.3 min
  step 2300/4061 | loss -5.424 | 109 ms/step (9.19 it/s) | elapsed 4.2 min | ETA this epoch 3.2 min
  step 2350/4061 | loss -6.354 | 110 ms/step (9.10 it/s) | elapsed 4.3 min | ETA this epoch 3.1 min
  step 2400/4061 | loss -5.260 | 110 ms/step (9.10 it/s) | elapsed 4.3 min | ETA this epoch 3.0 min
  step 2450/4061 | loss -6.992 | 112 ms/step (8.96 it/s) | elapsed 4.4 min | ETA this epoch 3.0 min
  step 2500/4061 | loss -7.288 | 112 ms/step (8.96 it/s) | elapsed 4.5 min | ETA this epoch 2.9 min
  step 2550/4061 | loss -6.908 | 111 ms/step (9.03 it/s) | elapsed 4.6 min | ETA this epoch 2.8 min
  step 2600/4061 | loss -6.679 | 109 ms/step (9.14 it/s) | elapsed 4.7 min | ETA this epoch 2.7 min
  step 2650/4061 | loss -8.038 | 109 ms/step (9.17 it/s) | elapsed 4.8 min | ETA this epoch 2.6 min
  step 2700/4061 | loss -6.573 | 110 ms/step (9.08 it/s) | elapsed 4.9 min | ETA this epoch 2.5 min
  step 2750/4061 | loss -7.866 | 109 ms/step (9.21 it/s) | elapsed 5.0 min | ETA this epoch 2.4 min
  step 2800/4061 | loss -7.953 | 111 ms/step (9.03 it/s) | elapsed 5.1 min | ETA this epoch 2.3 min
  step 2850/4061 | loss -6.658 | 109 ms/step (9.14 it/s) | elapsed 5.2 min | ETA this epoch 2.2 min
  step 2900/4061 | loss -6.028 | 93 ms/step (10.70 it/s) | elapsed 5.2 min | ETA this epoch 1.8 min
  step 2950/4061 | loss -7.690 | 94 ms/step (10.63 it/s) | elapsed 5.3 min | ETA this epoch 1.7 min
  step 3000/4061 | loss -6.443 | 94 ms/step (10.66 it/s) | elapsed 5.4 min | ETA this epoch 1.7 min
  step 3050/4061 | loss -6.028 | 106 ms/step (9.45 it/s) | elapsed 5.5 min | ETA this epoch 1.8 min
  step 3100/4061 | loss -8.158 | 110 ms/step (9.11 it/s) | elapsed 5.6 min | ETA this epoch 1.8 min
  step 3150/4061 | loss -6.957 | 109 ms/step (9.14 it/s) | elapsed 5.7 min | ETA this epoch 1.7 min
  step 3200/4061 | loss -8.492 | 111 ms/step (9.02 it/s) | elapsed 5.8 min | ETA this epoch 1.6 min
  step 3250/4061 | loss -5.940 | 111 ms/step (9.02 it/s) | elapsed 5.9 min | ETA this epoch 1.5 min
  step 3300/4061 | loss -7.496 | 111 ms/step (9.03 it/s) | elapsed 6.0 min | ETA this epoch 1.4 min
  step 3350/4061 | loss -9.556 | 109 ms/step (9.16 it/s) | elapsed 6.0 min | ETA this epoch 1.3 min
  step 3400/4061 | loss -9.015 | 110 ms/step (9.06 it/s) | elapsed 6.1 min | ETA this epoch 1.2 min
  step 3450/4061 | loss -6.883 | 109 ms/step (9.18 it/s) | elapsed 6.2 min | ETA this epoch 1.1 min
  step 3500/4061 | loss -8.871 | 110 ms/step (9.08 it/s) | elapsed 6.3 min | ETA this epoch 1.0 min
  step 3550/4061 | loss -6.450 | 111 ms/step (9.00 it/s) | elapsed 6.4 min | ETA this epoch 0.9 min
  step 3600/4061 | loss -7.445 | 110 ms/step (9.05 it/s) | elapsed 6.5 min | ETA this epoch 0.8 min
  step 3650/4061 | loss -6.797 | 113 ms/step (8.88 it/s) | elapsed 6.6 min | ETA this epoch 0.8 min
  step 3700/4061 | loss -7.027 | 110 ms/step (9.09 it/s) | elapsed 6.7 min | ETA this epoch 0.7 min
  step 3750/4061 | loss -7.693 | 110 ms/step (9.13 it/s) | elapsed 6.8 min | ETA this epoch 0.6 min
  step 3800/4061 | loss -7.476 | 110 ms/step (9.13 it/s) | elapsed 6.9 min | ETA this epoch 0.5 min
  step 3850/4061 | loss -6.043 | 109 ms/step (9.15 it/s) | elapsed 7.0 min | ETA this epoch 0.4 min
  step 3900/4061 | loss -7.337 | 110 ms/step (9.10 it/s) | elapsed 7.1 min | ETA this epoch 0.3 min
  step 3950/4061 | loss -8.581 | 110 ms/step (9.11 it/s) | elapsed 7.1 min | ETA this epoch 0.2 min
  step 4000/4061 | loss -6.549 | 110 ms/step (9.13 it/s) | elapsed 7.2 min | ETA this epoch 0.1 min
  step 4050/4061 | loss -7.214 | 109 ms/step (9.17 it/s) | elapsed 7.3 min | ETA this epoch 0.0 min
Epoch 44/50 | Train -7.411 | Val L1 0.0018 | Val SI-SDR 18.19 dB | Time 7.6 min
EarlyStopping counter: 1/7
  step 50/4061 | loss -6.593 | 110 ms/step (9.12 it/s) | elapsed 0.1 min | ETA this epoch 7.3 min
  step 100/4061 | loss -6.911 | 109 ms/step (9.16 it/s) | elapsed 0.2 min | ETA this epoch 7.2 min
  step 150/4061 | loss -6.342 | 109 ms/step (9.18 it/s) | elapsed 0.3 min | ETA this epoch 7.1 min
  step 200/4061 | loss -6.249 | 109 ms/step (9.14 it/s) | elapsed 0.4 min | ETA this epoch 7.0 min
  step 250/4061 | loss -8.501 | 109 ms/step (9.17 it/s) | elapsed 0.5 min | ETA this epoch 6.9 min
  step 300/4061 | loss -8.150 | 110 ms/step (9.06 it/s) | elapsed 0.5 min | ETA this epoch 6.9 min
  step 350/4061 | loss -5.852 | 111 ms/step (9.04 it/s) | elapsed 0.6 min | ETA this epoch 6.8 min
  step 400/4061 | loss -8.148 | 110 ms/step (9.09 it/s) | elapsed 0.7 min | ETA this epoch 6.7 min
  step 450/4061 | loss -8.926 | 109 ms/step (9.15 it/s) | elapsed 0.8 min | ETA this epoch 6.6 min
  step 500/4061 | loss -6.347 | 110 ms/step (9.07 it/s) | elapsed 0.9 min | ETA this epoch 6.5 min
  step 550/4061 | loss -7.002 | 110 ms/step (9.09 it/s) | elapsed 1.0 min | ETA this epoch 6.4 min
  step 600/4061 | loss -6.275 | 110 ms/step (9.05 it/s) | elapsed 1.1 min | ETA this epoch 6.4 min
  step 650/4061 | loss -6.202 | 109 ms/step (9.14 it/s) | elapsed 1.2 min | ETA this epoch 6.2 min
  step 700/4061 | loss -7.243 | 109 ms/step (9.18 it/s) | elapsed 1.3 min | ETA this epoch 6.1 min
  step 750/4061 | loss -7.414 | 110 ms/step (9.09 it/s) | elapsed 1.4 min | ETA this epoch 6.1 min
  step 800/4061 | loss -6.573 | 109 ms/step (9.16 it/s) | elapsed 1.5 min | ETA this epoch 5.9 min
  step 850/4061 | loss -6.180 | 109 ms/step (9.14 it/s) | elapsed 1.6 min | ETA this epoch 5.9 min
  step 900/4061 | loss -7.226 | 110 ms/step (9.10 it/s) | elapsed 1.6 min | ETA this epoch 5.8 min
  step 950/4061 | loss -7.409 | 110 ms/step (9.13 it/s) | elapsed 1.7 min | ETA this epoch 5.7 min
  step 1000/4061 | loss -7.075 | 110 ms/step (9.07 it/s) | elapsed 1.8 min | ETA this epoch 5.6 min
  step 1050/4061 | loss -7.848 | 110 ms/step (9.13 it/s) | elapsed 1.9 min | ETA this epoch 5.5 min
  step 1100/4061 | loss -7.967 | 109 ms/step (9.17 it/s) | elapsed 2.0 min | ETA this epoch 5.4 min
  step 1150/4061 | loss -8.329 | 109 ms/step (9.18 it/s) | elapsed 2.1 min | ETA this epoch 5.3 min
  step 1200/4061 | loss -7.349 | 109 ms/step (9.18 it/s) | elapsed 2.2 min | ETA this epoch 5.2 min
  step 1250/4061 | loss -5.801 | 110 ms/step (9.11 it/s) | elapsed 2.3 min | ETA this epoch 5.1 min
  step 1300/4061 | loss -7.971 | 109 ms/step (9.19 it/s) | elapsed 2.4 min | ETA this epoch 5.0 min
  step 1350/4061 | loss -9.008 | 109 ms/step (9.18 it/s) | elapsed 2.5 min | ETA this epoch 4.9 min
  step 1400/4061 | loss -8.677 | 110 ms/step (9.08 it/s) | elapsed 2.6 min | ETA this epoch 4.9 min
  step 1450/4061 | loss -7.027 | 109 ms/step (9.15 it/s) | elapsed 2.6 min | ETA this epoch 4.8 min
  step 1500/4061 | loss -6.513 | 109 ms/step (9.18 it/s) | elapsed 2.7 min | ETA this epoch 4.6 min
  step 1550/4061 | loss -8.264 | 110 ms/step (9.08 it/s) | elapsed 2.8 min | ETA this epoch 4.6 min
  step 1600/4061 | loss -9.145 | 111 ms/step (9.04 it/s) | elapsed 2.9 min | ETA this epoch 4.5 min
  step 1650/4061 | loss -8.431 | 92 ms/step (10.91 it/s) | elapsed 3.0 min | ETA this epoch 3.7 min
  step 1700/4061 | loss -6.188 | 91 ms/step (11.00 it/s) | elapsed 3.1 min | ETA this epoch 3.6 min
  step 1750/4061 | loss -7.515 | 88 ms/step (11.39 it/s) | elapsed 3.1 min | ETA this epoch 3.4 min
  step 1800/4061 | loss -7.086 | 103 ms/step (9.72 it/s) | elapsed 3.2 min | ETA this epoch 3.9 min
  step 1850/4061 | loss -7.688 | 109 ms/step (9.20 it/s) | elapsed 3.3 min | ETA this epoch 4.0 min
  step 1900/4061 | loss -7.294 | 109 ms/step (9.16 it/s) | elapsed 3.4 min | ETA this epoch 3.9 min
  step 1950/4061 | loss -7.482 | 110 ms/step (9.12 it/s) | elapsed 3.5 min | ETA this epoch 3.9 min
  step 2000/4061 | loss -6.891 | 110 ms/step (9.13 it/s) | elapsed 3.6 min | ETA this epoch 3.8 min
  step 2050/4061 | loss -7.625 | 109 ms/step (9.18 it/s) | elapsed 3.7 min | ETA this epoch 3.7 min
  step 2100/4061 | loss -9.201 | 110 ms/step (9.13 it/s) | elapsed 3.8 min | ETA this epoch 3.6 min
  step 2150/4061 | loss -7.004 | 111 ms/step (8.99 it/s) | elapsed 3.9 min | ETA this epoch 3.5 min
  step 2200/4061 | loss -7.690 | 109 ms/step (9.15 it/s) | elapsed 4.0 min | ETA this epoch 3.4 min
  step 2250/4061 | loss -8.349 | 110 ms/step (9.12 it/s) | elapsed 4.1 min | ETA this epoch 3.3 min
  step 2300/4061 | loss -7.659 | 111 ms/step (9.03 it/s) | elapsed 4.1 min | ETA this epoch 3.2 min
  step 2350/4061 | loss -6.834 | 110 ms/step (9.11 it/s) | elapsed 4.2 min | ETA this epoch 3.1 min
  step 2400/4061 | loss -7.542 | 113 ms/step (8.84 it/s) | elapsed 4.3 min | ETA this epoch 3.1 min
  step 2450/4061 | loss -6.128 | 109 ms/step (9.14 it/s) | elapsed 4.4 min | ETA this epoch 2.9 min
  step 2500/4061 | loss -6.429 | 109 ms/step (9.14 it/s) | elapsed 4.5 min | ETA this epoch 2.8 min
  step 2550/4061 | loss -7.912 | 109 ms/step (9.16 it/s) | elapsed 4.6 min | ETA this epoch 2.7 min
  step 2600/4061 | loss -7.911 | 109 ms/step (9.15 it/s) | elapsed 4.7 min | ETA this epoch 2.7 min
  step 2650/4061 | loss -6.912 | 109 ms/step (9.14 it/s) | elapsed 4.8 min | ETA this epoch 2.6 min
  step 2700/4061 | loss -5.996 | 109 ms/step (9.18 it/s) | elapsed 4.9 min | ETA this epoch 2.5 min
  step 2750/4061 | loss -7.320 | 109 ms/step (9.16 it/s) | elapsed 5.0 min | ETA this epoch 2.4 min
  step 2800/4061 | loss -7.683 | 110 ms/step (9.10 it/s) | elapsed 5.1 min | ETA this epoch 2.3 min
  step 2850/4061 | loss -7.501 | 110 ms/step (9.10 it/s) | elapsed 5.2 min | ETA this epoch 2.2 min
  step 2900/4061 | loss -9.492 | 109 ms/step (9.16 it/s) | elapsed 5.2 min | ETA this epoch 2.1 min
  step 2950/4061 | loss -7.648 | 110 ms/step (9.12 it/s) | elapsed 5.3 min | ETA this epoch 2.0 min
  step 3000/4061 | loss -8.221 | 110 ms/step (9.11 it/s) | elapsed 5.4 min | ETA this epoch 1.9 min
  step 3050/4061 | loss -7.122 | 89 ms/step (11.20 it/s) | elapsed 5.5 min | ETA this epoch 1.5 min
  step 3100/4061 | loss -6.462 | 94 ms/step (10.66 it/s) | elapsed 5.6 min | ETA this epoch 1.5 min
  step 3150/4061 | loss -7.915 | 93 ms/step (10.77 it/s) | elapsed 5.7 min | ETA this epoch 1.4 min
  step 3200/4061 | loss -9.355 | 109 ms/step (9.19 it/s) | elapsed 5.7 min | ETA this epoch 1.6 min
  step 3250/4061 | loss -9.741 | 111 ms/step (9.01 it/s) | elapsed 5.8 min | ETA this epoch 1.5 min
  step 3300/4061 | loss -9.066 | 110 ms/step (9.08 it/s) | elapsed 5.9 min | ETA this epoch 1.4 min
  step 3350/4061 | loss -7.475 | 109 ms/step (9.15 it/s) | elapsed 6.0 min | ETA this epoch 1.3 min
  step 3400/4061 | loss -6.230 | 110 ms/step (9.06 it/s) | elapsed 6.1 min | ETA this epoch 1.2 min
  step 3450/4061 | loss -8.264 | 109 ms/step (9.20 it/s) | elapsed 6.2 min | ETA this epoch 1.1 min
  step 3500/4061 | loss -6.737 | 109 ms/step (9.14 it/s) | elapsed 6.3 min | ETA this epoch 1.0 min
  step 3550/4061 | loss -7.718 | 110 ms/step (9.11 it/s) | elapsed 6.4 min | ETA this epoch 0.9 min
  step 3600/4061 | loss -7.680 | 110 ms/step (9.10 it/s) | elapsed 6.5 min | ETA this epoch 0.8 min
  step 3650/4061 | loss -5.816 | 110 ms/step (9.08 it/s) | elapsed 6.6 min | ETA this epoch 0.8 min
  step 3700/4061 | loss -7.646 | 111 ms/step (9.03 it/s) | elapsed 6.7 min | ETA this epoch 0.7 min
  step 3750/4061 | loss -7.417 | 111 ms/step (9.03 it/s) | elapsed 6.8 min | ETA this epoch 0.6 min
  step 3800/4061 | loss -5.401 | 110 ms/step (9.08 it/s) | elapsed 6.8 min | ETA this epoch 0.5 min
  step 3850/4061 | loss -7.313 | 109 ms/step (9.15 it/s) | elapsed 6.9 min | ETA this epoch 0.4 min
  step 3900/4061 | loss -7.123 | 109 ms/step (9.13 it/s) | elapsed 7.0 min | ETA this epoch 0.3 min
  step 3950/4061 | loss -6.870 | 110 ms/step (9.07 it/s) | elapsed 7.1 min | ETA this epoch 0.2 min
  step 4000/4061 | loss -8.440 | 111 ms/step (9.04 it/s) | elapsed 7.2 min | ETA this epoch 0.1 min
  step 4050/4061 | loss -8.061 | 110 ms/step (9.06 it/s) | elapsed 7.3 min | ETA this epoch 0.0 min
Epoch 45/50 | Train -7.416 | Val L1 0.0018 | Val SI-SDR 18.18 dB | Time 7.6 min
EarlyStopping counter: 2/7
  step 50/4061 | loss -5.992 | 109 ms/step (9.14 it/s) | elapsed 0.1 min | ETA this epoch 7.3 min
  step 100/4061 | loss -7.870 | 109 ms/step (9.18 it/s) | elapsed 0.2 min | ETA this epoch 7.2 min
  step 150/4061 | loss -6.473 | 109 ms/step (9.17 it/s) | elapsed 0.3 min | ETA this epoch 7.1 min
  step 200/4061 | loss -7.615 | 110 ms/step (9.08 it/s) | elapsed 0.4 min | ETA this epoch 7.1 min
  step 250/4061 | loss -6.492 | 110 ms/step (9.08 it/s) | elapsed 0.5 min | ETA this epoch 7.0 min
  step 300/4061 | loss -6.330 | 109 ms/step (9.15 it/s) | elapsed 0.5 min | ETA this epoch 6.9 min
  step 350/4061 | loss -7.362 | 110 ms/step (9.10 it/s) | elapsed 0.6 min | ETA this epoch 6.8 min
  step 400/4061 | loss -7.465 | 109 ms/step (9.14 it/s) | elapsed 0.7 min | ETA this epoch 6.7 min
  step 450/4061 | loss -8.308 | 110 ms/step (9.07 it/s) | elapsed 0.8 min | ETA this epoch 6.6 min
  step 500/4061 | loss -8.369 | 110 ms/step (9.09 it/s) | elapsed 0.9 min | ETA this epoch 6.5 min
  step 550/4061 | loss -8.381 | 111 ms/step (9.03 it/s) | elapsed 1.0 min | ETA this epoch 6.5 min
  step 600/4061 | loss -8.760 | 109 ms/step (9.15 it/s) | elapsed 1.1 min | ETA this epoch 6.3 min
  step 650/4061 | loss -8.686 | 109 ms/step (9.16 it/s) | elapsed 1.2 min | ETA this epoch 6.2 min
  step 700/4061 | loss -7.591 | 110 ms/step (9.10 it/s) | elapsed 1.3 min | ETA this epoch 6.2 min
  step 750/4061 | loss -7.636 | 110 ms/step (9.12 it/s) | elapsed 1.4 min | ETA this epoch 6.0 min
  step 800/4061 | loss -6.569 | 110 ms/step (9.12 it/s) | elapsed 1.5 min | ETA this epoch 6.0 min
  step 850/4061 | loss -7.117 | 110 ms/step (9.13 it/s) | elapsed 1.6 min | ETA this epoch 5.9 min
  step 900/4061 | loss -7.463 | 110 ms/step (9.09 it/s) | elapsed 1.6 min | ETA this epoch 5.8 min
  step 950/4061 | loss -8.559 | 110 ms/step (9.11 it/s) | elapsed 1.7 min | ETA this epoch 5.7 min
  step 1000/4061 | loss -8.632 | 109 ms/step (9.17 it/s) | elapsed 1.8 min | ETA this epoch 5.6 min
  step 1050/4061 | loss -8.318 | 110 ms/step (9.10 it/s) | elapsed 1.9 min | ETA this epoch 5.5 min
  step 1100/4061 | loss -6.220 | 109 ms/step (9.19 it/s) | elapsed 2.0 min | ETA this epoch 5.4 min
  step 1150/4061 | loss -9.211 | 109 ms/step (9.15 it/s) | elapsed 2.1 min | ETA this epoch 5.3 min
  step 1200/4061 | loss -7.740 | 110 ms/step (9.13 it/s) | elapsed 2.2 min | ETA this epoch 5.2 min
  step 1250/4061 | loss -6.844 | 110 ms/step (9.07 it/s) | elapsed 2.3 min | ETA this epoch 5.2 min
  step 1300/4061 | loss -8.498 | 109 ms/step (9.17 it/s) | elapsed 2.4 min | ETA this epoch 5.0 min
  step 1350/4061 | loss -6.929 | 111 ms/step (8.97 it/s) | elapsed 2.5 min | ETA this epoch 5.0 min
  step 1400/4061 | loss -7.670 | 110 ms/step (9.08 it/s) | elapsed 2.6 min | ETA this epoch 4.9 min
  step 1450/4061 | loss -7.972 | 110 ms/step (9.08 it/s) | elapsed 2.7 min | ETA this epoch 4.8 min
  step 1500/4061 | loss -6.883 | 109 ms/step (9.15 it/s) | elapsed 2.7 min | ETA this epoch 4.7 min
  step 1550/4061 | loss -8.399 | 110 ms/step (9.10 it/s) | elapsed 2.8 min | ETA this epoch 4.6 min
  step 1600/4061 | loss -7.004 | 110 ms/step (9.10 it/s) | elapsed 2.9 min | ETA this epoch 4.5 min
  step 1650/4061 | loss -7.205 | 109 ms/step (9.16 it/s) | elapsed 3.0 min | ETA this epoch 4.4 min
  step 1700/4061 | loss -6.504 | 110 ms/step (9.07 it/s) | elapsed 3.1 min | ETA this epoch 4.3 min
  step 1750/4061 | loss -9.836 | 109 ms/step (9.15 it/s) | elapsed 3.2 min | ETA this epoch 4.2 min
  step 1800/4061 | loss -7.541 | 92 ms/step (10.91 it/s) | elapsed 3.3 min | ETA this epoch 3.5 min
  step 1850/4061 | loss -8.161 | 91 ms/step (10.96 it/s) | elapsed 3.4 min | ETA this epoch 3.4 min
  step 1900/4061 | loss -7.585 | 88 ms/step (11.30 it/s) | elapsed 3.4 min | ETA this epoch 3.2 min
  step 1950/4061 | loss -8.112 | 95 ms/step (10.47 it/s) | elapsed 3.5 min | ETA this epoch 3.4 min
  step 2000/4061 | loss -6.443 | 110 ms/step (9.09 it/s) | elapsed 3.6 min | ETA this epoch 3.8 min
  step 2050/4061 | loss -7.003 | 110 ms/step (9.11 it/s) | elapsed 3.7 min | ETA this epoch 3.7 min
  step 2100/4061 | loss -7.728 | 110 ms/step (9.11 it/s) | elapsed 3.8 min | ETA this epoch 3.6 min
  step 2150/4061 | loss -5.821 | 109 ms/step (9.17 it/s) | elapsed 3.9 min | ETA this epoch 3.5 min
  step 2200/4061 | loss -6.973 | 110 ms/step (9.08 it/s) | elapsed 4.0 min | ETA this epoch 3.4 min
  step 2250/4061 | loss -6.665 | 109 ms/step (9.14 it/s) | elapsed 4.1 min | ETA this epoch 3.3 min
  step 2300/4061 | loss -8.404 | 110 ms/step (9.08 it/s) | elapsed 4.1 min | ETA this epoch 3.2 min
  step 2350/4061 | loss -7.798 | 109 ms/step (9.14 it/s) | elapsed 4.2 min | ETA this epoch 3.1 min
  step 2400/4061 | loss -4.952 | 110 ms/step (9.07 it/s) | elapsed 4.3 min | ETA this epoch 3.1 min
  step 2450/4061 | loss -8.966 | 111 ms/step (9.03 it/s) | elapsed 4.4 min | ETA this epoch 3.0 min
  step 2500/4061 | loss -7.488 | 111 ms/step (9.00 it/s) | elapsed 4.5 min | ETA this epoch 2.9 min
  step 2550/4061 | loss -7.870 | 111 ms/step (9.01 it/s) | elapsed 4.6 min | ETA this epoch 2.8 min
  step 2600/4061 | loss -7.650 | 109 ms/step (9.20 it/s) | elapsed 4.7 min | ETA this epoch 2.6 min
  step 2650/4061 | loss -7.725 | 110 ms/step (9.11 it/s) | elapsed 4.8 min | ETA this epoch 2.6 min
  step 2700/4061 | loss -6.511 | 109 ms/step (9.15 it/s) | elapsed 4.9 min | ETA this epoch 2.5 min
  step 2750/4061 | loss -7.442 | 110 ms/step (9.07 it/s) | elapsed 5.0 min | ETA this epoch 2.4 min
  step 2800/4061 | loss -7.799 | 109 ms/step (9.19 it/s) | elapsed 5.1 min | ETA this epoch 2.3 min
  step 2850/4061 | loss -6.995 | 109 ms/step (9.14 it/s) | elapsed 5.2 min | ETA this epoch 2.2 min
  step 2900/4061 | loss -6.642 | 110 ms/step (9.06 it/s) | elapsed 5.2 min | ETA this epoch 2.1 min
  step 2950/4061 | loss -6.214 | 109 ms/step (9.16 it/s) | elapsed 5.3 min | ETA this epoch 2.0 min
  step 3000/4061 | loss -7.123 | 109 ms/step (9.15 it/s) | elapsed 5.4 min | ETA this epoch 1.9 min
  step 3050/4061 | loss -7.833 | 110 ms/step (9.11 it/s) | elapsed 5.5 min | ETA this epoch 1.9 min
  step 3100/4061 | loss -7.500 | 109 ms/step (9.16 it/s) | elapsed 5.6 min | ETA this epoch 1.7 min
  step 3150/4061 | loss -8.264 | 104 ms/step (9.63 it/s) | elapsed 5.7 min | ETA this epoch 1.6 min
  step 3200/4061 | loss -7.155 | 92 ms/step (10.84 it/s) | elapsed 5.8 min | ETA this epoch 1.3 min
  step 3250/4061 | loss -7.249 | 89 ms/step (11.26 it/s) | elapsed 5.8 min | ETA this epoch 1.2 min
  step 3300/4061 | loss -8.091 | 97 ms/step (10.31 it/s) | elapsed 5.9 min | ETA this epoch 1.2 min
  step 3350/4061 | loss -7.379 | 112 ms/step (8.89 it/s) | elapsed 6.0 min | ETA this epoch 1.3 min
  step 3400/4061 | loss -7.143 | 109 ms/step (9.21 it/s) | elapsed 6.1 min | ETA this epoch 1.2 min
  step 3450/4061 | loss -10.722 | 110 ms/step (9.13 it/s) | elapsed 6.2 min | ETA this epoch 1.1 min
  step 3500/4061 | loss -7.809 | 109 ms/step (9.16 it/s) | elapsed 6.3 min | ETA this epoch 1.0 min
  step 3550/4061 | loss -7.556 | 109 ms/step (9.18 it/s) | elapsed 6.4 min | ETA this epoch 0.9 min
  step 3600/4061 | loss -9.082 | 110 ms/step (9.06 it/s) | elapsed 6.5 min | ETA this epoch 0.8 min
  step 3650/4061 | loss -9.069 | 111 ms/step (9.02 it/s) | elapsed 6.6 min | ETA this epoch 0.8 min
  step 3700/4061 | loss -7.082 | 109 ms/step (9.20 it/s) | elapsed 6.7 min | ETA this epoch 0.7 min
  step 3750/4061 | loss -6.993 | 110 ms/step (9.05 it/s) | elapsed 6.8 min | ETA this epoch 0.6 min
  step 3800/4061 | loss -8.453 | 111 ms/step (9.02 it/s) | elapsed 6.8 min | ETA this epoch 0.5 min
  step 3850/4061 | loss -8.438 | 111 ms/step (9.01 it/s) | elapsed 6.9 min | ETA this epoch 0.4 min
  step 3900/4061 | loss -8.172 | 109 ms/step (9.15 it/s) | elapsed 7.0 min | ETA this epoch 0.3 min
  step 3950/4061 | loss -8.369 | 111 ms/step (9.03 it/s) | elapsed 7.1 min | ETA this epoch 0.2 min
  step 4000/4061 | loss -8.296 | 109 ms/step (9.16 it/s) | elapsed 7.2 min | ETA this epoch 0.1 min
  step 4050/4061 | loss -6.463 | 109 ms/step (9.14 it/s) | elapsed 7.3 min | ETA this epoch 0.0 min
Epoch 46/50 | Train -7.420 | Val L1 0.0018 | Val SI-SDR 18.13 dB | Time 7.5 min
EarlyStopping counter: 3/7
  step 50/4061 | loss -6.297 | 109 ms/step (9.16 it/s) | elapsed 0.1 min | ETA this epoch 7.3 min
  step 100/4061 | loss -6.640 | 116 ms/step (8.63 it/s) | elapsed 0.2 min | ETA this epoch 7.6 min
  step 150/4061 | loss -5.835 | 109 ms/step (9.17 it/s) | elapsed 0.3 min | ETA this epoch 7.1 min
  step 200/4061 | loss -8.499 | 109 ms/step (9.20 it/s) | elapsed 0.4 min | ETA this epoch 7.0 min
  step 250/4061 | loss -7.447 | 109 ms/step (9.20 it/s) | elapsed 0.5 min | ETA this epoch 6.9 min
  step 300/4061 | loss -8.968 | 109 ms/step (9.15 it/s) | elapsed 0.6 min | ETA this epoch 6.9 min
  step 350/4061 | loss -7.304 | 110 ms/step (9.10 it/s) | elapsed 0.6 min | ETA this epoch 6.8 min
  step 400/4061 | loss -6.303 | 109 ms/step (9.14 it/s) | elapsed 0.7 min | ETA this epoch 6.7 min
  step 450/4061 | loss -8.462 | 109 ms/step (9.18 it/s) | elapsed 0.8 min | ETA this epoch 6.6 min
  step 500/4061 | loss -7.142 | 109 ms/step (9.15 it/s) | elapsed 0.9 min | ETA this epoch 6.5 min
  step 550/4061 | loss -7.422 | 109 ms/step (9.14 it/s) | elapsed 1.0 min | ETA this epoch 6.4 min
  step 600/4061 | loss -8.061 | 110 ms/step (9.10 it/s) | elapsed 1.1 min | ETA this epoch 6.3 min
  step 650/4061 | loss -6.677 | 109 ms/step (9.16 it/s) | elapsed 1.2 min | ETA this epoch 6.2 min
  step 700/4061 | loss -5.605 | 109 ms/step (9.15 it/s) | elapsed 1.3 min | ETA this epoch 6.1 min
  step 750/4061 | loss -7.027 | 110 ms/step (9.08 it/s) | elapsed 1.4 min | ETA this epoch 6.1 min
  step 800/4061 | loss -7.181 | 111 ms/step (9.03 it/s) | elapsed 1.5 min | ETA this epoch 6.0 min
  step 850/4061 | loss -8.367 | 109 ms/step (9.15 it/s) | elapsed 1.6 min | ETA this epoch 5.8 min
  step 900/4061 | loss -7.250 | 111 ms/step (9.03 it/s) | elapsed 1.6 min | ETA this epoch 5.8 min
  step 950/4061 | loss -7.603 | 110 ms/step (9.11 it/s) | elapsed 1.7 min | ETA this epoch 5.7 min
  step 1000/4061 | loss -6.553 | 110 ms/step (9.13 it/s) | elapsed 1.8 min | ETA this epoch 5.6 min
  step 1050/4061 | loss -7.606 | 109 ms/step (9.16 it/s) | elapsed 1.9 min | ETA this epoch 5.5 min
  step 1100/4061 | loss -7.632 | 111 ms/step (9.05 it/s) | elapsed 2.0 min | ETA this epoch 5.5 min
  step 1150/4061 | loss -7.628 | 110 ms/step (9.11 it/s) | elapsed 2.1 min | ETA this epoch 5.3 min
  step 1200/4061 | loss -5.622 | 107 ms/step (9.32 it/s) | elapsed 2.2 min | ETA this epoch 5.1 min
  step 1250/4061 | loss -7.628 | 109 ms/step (9.19 it/s) | elapsed 2.3 min | ETA this epoch 5.1 min
  step 1300/4061 | loss -8.586 | 109 ms/step (9.13 it/s) | elapsed 2.4 min | ETA this epoch 5.0 min
  step 1350/4061 | loss -7.120 | 110 ms/step (9.09 it/s) | elapsed 2.5 min | ETA this epoch 5.0 min
  step 1400/4061 | loss -6.485 | 110 ms/step (9.10 it/s) | elapsed 2.6 min | ETA this epoch 4.9 min
  step 1450/4061 | loss -6.573 | 110 ms/step (9.11 it/s) | elapsed 2.7 min | ETA this epoch 4.8 min
  step 1500/4061 | loss -7.650 | 109 ms/step (9.16 it/s) | elapsed 2.7 min | ETA this epoch 4.7 min
  step 1550/4061 | loss -7.558 | 109 ms/step (9.16 it/s) | elapsed 2.8 min | ETA this epoch 4.6 min
  step 1600/4061 | loss -7.029 | 110 ms/step (9.09 it/s) | elapsed 2.9 min | ETA this epoch 4.5 min
  step 1650/4061 | loss -8.337 | 110 ms/step (9.09 it/s) | elapsed 3.0 min | ETA this epoch 4.4 min
  step 1700/4061 | loss -8.251 | 110 ms/step (9.11 it/s) | elapsed 3.1 min | ETA this epoch 4.3 min
  step 1750/4061 | loss -9.048 | 110 ms/step (9.12 it/s) | elapsed 3.2 min | ETA this epoch 4.2 min
  step 1800/4061 | loss -7.395 | 110 ms/step (9.09 it/s) | elapsed 3.3 min | ETA this epoch 4.1 min
  step 1850/4061 | loss -6.637 | 110 ms/step (9.05 it/s) | elapsed 3.4 min | ETA this epoch 4.1 min
  step 1900/4061 | loss -7.559 | 110 ms/step (9.12 it/s) | elapsed 3.5 min | ETA this epoch 4.0 min
  step 1950/4061 | loss -7.069 | 109 ms/step (9.16 it/s) | elapsed 3.6 min | ETA this epoch 3.8 min
  step 2000/4061 | loss -7.866 | 90 ms/step (11.07 it/s) | elapsed 3.6 min | ETA this epoch 3.1 min
  step 2050/4061 | loss -7.572 | 91 ms/step (11.02 it/s) | elapsed 3.7 min | ETA this epoch 3.0 min
  step 2100/4061 | loss -6.447 | 88 ms/step (11.38 it/s) | elapsed 3.8 min | ETA this epoch 2.9 min
  step 2150/4061 | loss -7.636 | 99 ms/step (10.08 it/s) | elapsed 3.9 min | ETA this epoch 3.2 min
  step 2200/4061 | loss -8.172 | 110 ms/step (9.13 it/s) | elapsed 4.0 min | ETA this epoch 3.4 min
  step 2250/4061 | loss -8.008 | 109 ms/step (9.18 it/s) | elapsed 4.1 min | ETA this epoch 3.3 min
  step 2300/4061 | loss -6.874 | 109 ms/step (9.14 it/s) | elapsed 4.1 min | ETA this epoch 3.2 min
  step 2350/4061 | loss -6.511 | 110 ms/step (9.11 it/s) | elapsed 4.2 min | ETA this epoch 3.1 min
  step 2400/4061 | loss -7.712 | 110 ms/step (9.12 it/s) | elapsed 4.3 min | ETA this epoch 3.0 min
  step 2450/4061 | loss -7.112 | 109 ms/step (9.15 it/s) | elapsed 4.4 min | ETA this epoch 2.9 min
  step 2500/4061 | loss -9.554 | 110 ms/step (9.08 it/s) | elapsed 4.5 min | ETA this epoch 2.9 min
  step 2550/4061 | loss -6.840 | 108 ms/step (9.22 it/s) | elapsed 4.6 min | ETA this epoch 2.7 min
  step 2600/4061 | loss -7.650 | 109 ms/step (9.18 it/s) | elapsed 4.7 min | ETA this epoch 2.7 min
  step 2650/4061 | loss -6.033 | 110 ms/step (9.05 it/s) | elapsed 4.8 min | ETA this epoch 2.6 min
  step 2700/4061 | loss -8.858 | 110 ms/step (9.08 it/s) | elapsed 4.9 min | ETA this epoch 2.5 min
  step 2750/4061 | loss -6.834 | 110 ms/step (9.10 it/s) | elapsed 5.0 min | ETA this epoch 2.4 min
  step 2800/4061 | loss -6.175 | 110 ms/step (9.12 it/s) | elapsed 5.1 min | ETA this epoch 2.3 min
  step 2850/4061 | loss -7.794 | 109 ms/step (9.17 it/s) | elapsed 5.1 min | ETA this epoch 2.2 min
  step 2900/4061 | loss -7.492 | 109 ms/step (9.15 it/s) | elapsed 5.2 min | ETA this epoch 2.1 min
  step 2950/4061 | loss -7.070 | 109 ms/step (9.13 it/s) | elapsed 5.3 min | ETA this epoch 2.0 min
  step 3000/4061 | loss -8.016 | 110 ms/step (9.10 it/s) | elapsed 5.4 min | ETA this epoch 1.9 min
  step 3050/4061 | loss -7.498 | 110 ms/step (9.10 it/s) | elapsed 5.5 min | ETA this epoch 1.9 min
  step 3100/4061 | loss -7.171 | 110 ms/step (9.06 it/s) | elapsed 5.6 min | ETA this epoch 1.8 min
  step 3150/4061 | loss -7.784 | 111 ms/step (9.02 it/s) | elapsed 5.7 min | ETA this epoch 1.7 min
  step 3200/4061 | loss -7.592 | 110 ms/step (9.09 it/s) | elapsed 5.8 min | ETA this epoch 1.6 min
  step 3250/4061 | loss -6.716 | 110 ms/step (9.13 it/s) | elapsed 5.9 min | ETA this epoch 1.5 min
  step 3300/4061 | loss -8.087 | 107 ms/step (9.38 it/s) | elapsed 6.0 min | ETA this epoch 1.4 min
  step 3350/4061 | loss -6.763 | 92 ms/step (10.90 it/s) | elapsed 6.0 min | ETA this epoch 1.1 min
  step 3400/4061 | loss -7.887 | 90 ms/step (11.13 it/s) | elapsed 6.1 min | ETA this epoch 1.0 min
  step 3450/4061 | loss -7.474 | 96 ms/step (10.46 it/s) | elapsed 6.2 min | ETA this epoch 1.0 min
  step 3500/4061 | loss -7.357 | 110 ms/step (9.06 it/s) | elapsed 6.3 min | ETA this epoch 1.0 min
  step 3550/4061 | loss -8.185 | 109 ms/step (9.19 it/s) | elapsed 6.4 min | ETA this epoch 0.9 min
  step 3600/4061 | loss -7.981 | 109 ms/step (9.17 it/s) | elapsed 6.5 min | ETA this epoch 0.8 min
  step 3650/4061 | loss -7.368 | 110 ms/step (9.07 it/s) | elapsed 6.6 min | ETA this epoch 0.8 min
  step 3700/4061 | loss -7.238 | 109 ms/step (9.14 it/s) | elapsed 6.7 min | ETA this epoch 0.7 min
  step 3750/4061 | loss -7.412 | 109 ms/step (9.15 it/s) | elapsed 6.7 min | ETA this epoch 0.6 min
  step 3800/4061 | loss -6.420 | 110 ms/step (9.07 it/s) | elapsed 6.8 min | ETA this epoch 0.5 min
  step 3850/4061 | loss -7.366 | 109 ms/step (9.14 it/s) | elapsed 6.9 min | ETA this epoch 0.4 min
  step 3900/4061 | loss -7.208 | 110 ms/step (9.09 it/s) | elapsed 7.0 min | ETA this epoch 0.3 min
  step 3950/4061 | loss -7.508 | 111 ms/step (9.02 it/s) | elapsed 7.1 min | ETA this epoch 0.2 min
  step 4000/4061 | loss -6.547 | 110 ms/step (9.10 it/s) | elapsed 7.2 min | ETA this epoch 0.1 min
  step 4050/4061 | loss -8.816 | 109 ms/step (9.17 it/s) | elapsed 7.3 min | ETA this epoch 0.0 min
Epoch 47/50 | Train -7.420 | Val L1 0.0018 | Val SI-SDR 18.16 dB | Time 7.6 min
EarlyStopping counter: 4/7
  step 50/4061 | loss -6.659 | 109 ms/step (9.19 it/s) | elapsed 0.1 min | ETA this epoch 7.3 min
  step 100/4061 | loss -5.631 | 110 ms/step (9.13 it/s) | elapsed 0.2 min | ETA this epoch 7.2 min
  step 150/4061 | loss -7.234 | 109 ms/step (9.16 it/s) | elapsed 0.3 min | ETA this epoch 7.1 min
  step 200/4061 | loss -6.887 | 109 ms/step (9.15 it/s) | elapsed 0.4 min | ETA this epoch 7.0 min
  step 250/4061 | loss -10.254 | 110 ms/step (9.11 it/s) | elapsed 0.5 min | ETA this epoch 7.0 min
  step 300/4061 | loss -6.255 | 110 ms/step (9.13 it/s) | elapsed 0.5 min | ETA this epoch 6.9 min
  step 350/4061 | loss -8.033 | 111 ms/step (9.01 it/s) | elapsed 0.6 min | ETA this epoch 6.9 min
  step 400/4061 | loss -7.129 | 110 ms/step (9.12 it/s) | elapsed 0.7 min | ETA this epoch 6.7 min
  step 450/4061 | loss -7.571 | 110 ms/step (9.07 it/s) | elapsed 0.8 min | ETA this epoch 6.6 min
  step 500/4061 | loss -7.652 | 109 ms/step (9.16 it/s) | elapsed 0.9 min | ETA this epoch 6.5 min
  step 550/4061 | loss -6.859 | 109 ms/step (9.18 it/s) | elapsed 1.0 min | ETA this epoch 6.4 min
  step 600/4061 | loss -7.011 | 109 ms/step (9.16 it/s) | elapsed 1.1 min | ETA this epoch 6.3 min
  step 650/4061 | loss -7.761 | 110 ms/step (9.06 it/s) | elapsed 1.2 min | ETA this epoch 6.3 min
  step 700/4061 | loss -6.510 | 110 ms/step (9.10 it/s) | elapsed 1.3 min | ETA this epoch 6.2 min
  step 750/4061 | loss -6.062 | 109 ms/step (9.15 it/s) | elapsed 1.4 min | ETA this epoch 6.0 min
  step 800/4061 | loss -6.913 | 110 ms/step (9.05 it/s) | elapsed 1.5 min | ETA this epoch 6.0 min
  step 850/4061 | loss -6.543 | 110 ms/step (9.13 it/s) | elapsed 1.6 min | ETA this epoch 5.9 min
  step 900/4061 | loss -9.014 | 109 ms/step (9.15 it/s) | elapsed 1.6 min | ETA this epoch 5.8 min
  step 950/4061 | loss -6.325 | 109 ms/step (9.18 it/s) | elapsed 1.7 min | ETA this epoch 5.6 min
  step 1000/4061 | loss -6.710 | 110 ms/step (9.10 it/s) | elapsed 1.8 min | ETA this epoch 5.6 min
  step 1050/4061 | loss -7.421 | 109 ms/step (9.16 it/s) | elapsed 1.9 min | ETA this epoch 5.5 min
  step 1100/4061 | loss -7.310 | 109 ms/step (9.14 it/s) | elapsed 2.0 min | ETA this epoch 5.4 min
  step 1150/4061 | loss -10.301 | 109 ms/step (9.14 it/s) | elapsed 2.1 min | ETA this epoch 5.3 min
  step 1200/4061 | loss -6.550 | 109 ms/step (9.15 it/s) | elapsed 2.2 min | ETA this epoch 5.2 min
  step 1250/4061 | loss -7.000 | 110 ms/step (9.08 it/s) | elapsed 2.3 min | ETA this epoch 5.2 min
  step 1300/4061 | loss -7.538 | 109 ms/step (9.18 it/s) | elapsed 2.4 min | ETA this epoch 5.0 min
  step 1350/4061 | loss -6.690 | 109 ms/step (9.20 it/s) | elapsed 2.5 min | ETA this epoch 4.9 min
  step 1400/4061 | loss -7.443 | 110 ms/step (9.09 it/s) | elapsed 2.6 min | ETA this epoch 4.9 min
  step 1450/4061 | loss -8.574 | 109 ms/step (9.19 it/s) | elapsed 2.6 min | ETA this epoch 4.7 min
  step 1500/4061 | loss -7.224 | 110 ms/step (9.11 it/s) | elapsed 2.7 min | ETA this epoch 4.7 min
  step 1550/4061 | loss -6.633 | 110 ms/step (9.09 it/s) | elapsed 2.8 min | ETA this epoch 4.6 min
  step 1600/4061 | loss -7.857 | 110 ms/step (9.11 it/s) | elapsed 2.9 min | ETA this epoch 4.5 min
  step 1650/4061 | loss -7.550 | 109 ms/step (9.19 it/s) | elapsed 3.0 min | ETA this epoch 4.4 min
  step 1700/4061 | loss -7.333 | 111 ms/step (8.97 it/s) | elapsed 3.1 min | ETA this epoch 4.4 min
  step 1750/4061 | loss -6.013 | 110 ms/step (9.12 it/s) | elapsed 3.2 min | ETA this epoch 4.2 min
  step 1800/4061 | loss -6.362 | 109 ms/step (9.16 it/s) | elapsed 3.3 min | ETA this epoch 4.1 min
  step 1850/4061 | loss -8.485 | 110 ms/step (9.12 it/s) | elapsed 3.4 min | ETA this epoch 4.0 min
  step 1900/4061 | loss -9.360 | 108 ms/step (9.28 it/s) | elapsed 3.5 min | ETA this epoch 3.9 min
  step 1950/4061 | loss -7.967 | 110 ms/step (9.12 it/s) | elapsed 3.6 min | ETA this epoch 3.9 min
  step 2000/4061 | loss -7.901 | 110 ms/step (9.12 it/s) | elapsed 3.7 min | ETA this epoch 3.8 min
  step 2050/4061 | loss -6.893 | 110 ms/step (9.08 it/s) | elapsed 3.7 min | ETA this epoch 3.7 min
  step 2100/4061 | loss -5.853 | 109 ms/step (9.22 it/s) | elapsed 3.8 min | ETA this epoch 3.5 min
  step 2150/4061 | loss -7.428 | 103 ms/step (9.73 it/s) | elapsed 3.9 min | ETA this epoch 3.3 min
  step 2200/4061 | loss -6.684 | 90 ms/step (11.17 it/s) | elapsed 4.0 min | ETA this epoch 2.8 min
  step 2250/4061 | loss -8.564 | 88 ms/step (11.37 it/s) | elapsed 4.1 min | ETA this epoch 2.7 min
  step 2300/4061 | loss -7.496 | 91 ms/step (11.01 it/s) | elapsed 4.1 min | ETA this epoch 2.7 min
  step 2350/4061 | loss -6.501 | 103 ms/step (9.67 it/s) | elapsed 4.2 min | ETA this epoch 2.9 min
  step 2400/4061 | loss -7.559 | 109 ms/step (9.14 it/s) | elapsed 4.3 min | ETA this epoch 3.0 min
  step 2450/4061 | loss -8.035 | 111 ms/step (9.00 it/s) | elapsed 4.4 min | ETA this epoch 3.0 min
  step 2500/4061 | loss -7.470 | 110 ms/step (9.13 it/s) | elapsed 4.5 min | ETA this epoch 2.8 min
  step 2550/4061 | loss -6.796 | 109 ms/step (9.21 it/s) | elapsed 4.6 min | ETA this epoch 2.7 min
  step 2600/4061 | loss -6.113 | 110 ms/step (9.08 it/s) | elapsed 4.7 min | ETA this epoch 2.7 min
  step 2650/4061 | loss -8.201 | 109 ms/step (9.18 it/s) | elapsed 4.8 min | ETA this epoch 2.6 min
  step 2700/4061 | loss -5.948 | 109 ms/step (9.16 it/s) | elapsed 4.9 min | ETA this epoch 2.5 min
  step 2750/4061 | loss -7.753 | 109 ms/step (9.14 it/s) | elapsed 5.0 min | ETA this epoch 2.4 min
  step 2800/4061 | loss -6.569 | 111 ms/step (9.04 it/s) | elapsed 5.1 min | ETA this epoch 2.3 min
  step 2850/4061 | loss -8.172 | 109 ms/step (9.21 it/s) | elapsed 5.1 min | ETA this epoch 2.2 min
  step 2900/4061 | loss -8.506 | 109 ms/step (9.19 it/s) | elapsed 5.2 min | ETA this epoch 2.1 min
  step 2950/4061 | loss -6.635 | 109 ms/step (9.18 it/s) | elapsed 5.3 min | ETA this epoch 2.0 min
  step 3000/4061 | loss -8.043 | 108 ms/step (9.29 it/s) | elapsed 5.4 min | ETA this epoch 1.9 min
  step 3050/4061 | loss -7.463 | 111 ms/step (9.04 it/s) | elapsed 5.5 min | ETA this epoch 1.9 min
  step 3100/4061 | loss -5.902 | 108 ms/step (9.23 it/s) | elapsed 5.6 min | ETA this epoch 1.7 min
  step 3150/4061 | loss -5.354 | 111 ms/step (9.03 it/s) | elapsed 5.7 min | ETA this epoch 1.7 min
  step 3200/4061 | loss -5.642 | 109 ms/step (9.14 it/s) | elapsed 5.8 min | ETA this epoch 1.6 min
  step 3250/4061 | loss -6.276 | 109 ms/step (9.17 it/s) | elapsed 5.9 min | ETA this epoch 1.5 min
  step 3300/4061 | loss -7.708 | 109 ms/step (9.16 it/s) | elapsed 6.0 min | ETA this epoch 1.4 min
  step 3350/4061 | loss -6.470 | 110 ms/step (9.10 it/s) | elapsed 6.1 min | ETA this epoch 1.3 min
  step 3400/4061 | loss -8.495 | 109 ms/step (9.14 it/s) | elapsed 6.1 min | ETA this epoch 1.2 min
  step 3450/4061 | loss -6.885 | 105 ms/step (9.49 it/s) | elapsed 6.2 min | ETA this epoch 1.1 min
  step 3500/4061 | loss -6.429 | 89 ms/step (11.18 it/s) | elapsed 6.3 min | ETA this epoch 0.8 min
  step 3550/4061 | loss -6.525 | 93 ms/step (10.79 it/s) | elapsed 6.4 min | ETA this epoch 0.8 min
  step 3600/4061 | loss -6.755 | 92 ms/step (10.87 it/s) | elapsed 6.5 min | ETA this epoch 0.7 min
  step 3650/4061 | loss -7.174 | 105 ms/step (9.53 it/s) | elapsed 6.5 min | ETA this epoch 0.7 min
  step 3700/4061 | loss -10.013 | 109 ms/step (9.15 it/s) | elapsed 6.6 min | ETA this epoch 0.7 min
  step 3750/4061 | loss -9.411 | 110 ms/step (9.07 it/s) | elapsed 6.7 min | ETA this epoch 0.6 min
  step 3800/4061 | loss -5.586 | 110 ms/step (9.07 it/s) | elapsed 6.8 min | ETA this epoch 0.5 min
  step 3850/4061 | loss -6.295 | 110 ms/step (9.11 it/s) | elapsed 6.9 min | ETA this epoch 0.4 min
  step 3900/4061 | loss -7.256 | 110 ms/step (9.08 it/s) | elapsed 7.0 min | ETA this epoch 0.3 min
  step 3950/4061 | loss -6.098 | 110 ms/step (9.10 it/s) | elapsed 7.1 min | ETA this epoch 0.2 min
  step 4000/4061 | loss -8.494 | 109 ms/step (9.14 it/s) | elapsed 7.2 min | ETA this epoch 0.1 min
  step 4050/4061 | loss -10.088 | 110 ms/step (9.10 it/s) | elapsed 7.3 min | ETA this epoch 0.0 min
Epoch 48/50 | Train -7.416 | Val L1 0.0018 | Val SI-SDR 18.20 dB | Time 7.5 min
Saved best model (SI-SDR 18.20 dB) -> /home/bubai-maji/speech_enhancement/script/propose_ablation2/checkpoint_propose_ab2/best_NGDM_SE.pt
  step 50/4061 | loss -7.417 | 110 ms/step (9.07 it/s) | elapsed 0.1 min | ETA this epoch 7.4 min
  step 100/4061 | loss -8.358 | 111 ms/step (9.05 it/s) | elapsed 0.2 min | ETA this epoch 7.3 min
  step 150/4061 | loss -6.600 | 110 ms/step (9.12 it/s) | elapsed 0.3 min | ETA this epoch 7.1 min
  step 200/4061 | loss -7.270 | 110 ms/step (9.07 it/s) | elapsed 0.4 min | ETA this epoch 7.1 min
  step 250/4061 | loss -8.107 | 109 ms/step (9.14 it/s) | elapsed 0.5 min | ETA this epoch 6.9 min
  step 300/4061 | loss -6.603 | 110 ms/step (9.11 it/s) | elapsed 0.5 min | ETA this epoch 6.9 min
  step 350/4061 | loss -7.379 | 110 ms/step (9.06 it/s) | elapsed 0.6 min | ETA this epoch 6.8 min
  step 400/4061 | loss -8.030 | 109 ms/step (9.14 it/s) | elapsed 0.7 min | ETA this epoch 6.7 min
  step 450/4061 | loss -7.585 | 110 ms/step (9.07 it/s) | elapsed 0.8 min | ETA this epoch 6.6 min
  step 500/4061 | loss -8.272 | 109 ms/step (9.16 it/s) | elapsed 0.9 min | ETA this epoch 6.5 min
  step 550/4061 | loss -9.280 | 109 ms/step (9.15 it/s) | elapsed 1.0 min | ETA this epoch 6.4 min
  step 600/4061 | loss -6.543 | 110 ms/step (9.12 it/s) | elapsed 1.1 min | ETA this epoch 6.3 min
  step 650/4061 | loss -6.434 | 110 ms/step (9.11 it/s) | elapsed 1.2 min | ETA this epoch 6.2 min
  step 700/4061 | loss -7.575 | 109 ms/step (9.20 it/s) | elapsed 1.3 min | ETA this epoch 6.1 min
  step 750/4061 | loss -6.928 | 109 ms/step (9.18 it/s) | elapsed 1.4 min | ETA this epoch 6.0 min
  step 800/4061 | loss -7.997 | 109 ms/step (9.15 it/s) | elapsed 1.5 min | ETA this epoch 5.9 min
  step 850/4061 | loss -7.863 | 109 ms/step (9.16 it/s) | elapsed 1.6 min | ETA this epoch 5.8 min
  step 900/4061 | loss -8.554 | 109 ms/step (9.16 it/s) | elapsed 1.6 min | ETA this epoch 5.8 min
  step 950/4061 | loss -9.102 | 109 ms/step (9.19 it/s) | elapsed 1.7 min | ETA this epoch 5.6 min
  step 1000/4061 | loss -7.972 | 110 ms/step (9.07 it/s) | elapsed 1.8 min | ETA this epoch 5.6 min
  step 1050/4061 | loss -8.133 | 110 ms/step (9.13 it/s) | elapsed 1.9 min | ETA this epoch 5.5 min
  step 1100/4061 | loss -7.897 | 110 ms/step (9.10 it/s) | elapsed 2.0 min | ETA this epoch 5.4 min
  step 1150/4061 | loss -9.707 | 111 ms/step (9.03 it/s) | elapsed 2.1 min | ETA this epoch 5.4 min
  step 1200/4061 | loss -6.458 | 111 ms/step (9.02 it/s) | elapsed 2.2 min | ETA this epoch 5.3 min
  step 1250/4061 | loss -5.380 | 110 ms/step (9.09 it/s) | elapsed 2.3 min | ETA this epoch 5.2 min
  step 1300/4061 | loss -8.944 | 109 ms/step (9.16 it/s) | elapsed 2.4 min | ETA this epoch 5.0 min
  step 1350/4061 | loss -8.483 | 110 ms/step (9.09 it/s) | elapsed 2.5 min | ETA this epoch 5.0 min
  step 1400/4061 | loss -5.467 | 109 ms/step (9.15 it/s) | elapsed 2.6 min | ETA this epoch 4.8 min
  step 1450/4061 | loss -6.713 | 109 ms/step (9.17 it/s) | elapsed 2.7 min | ETA this epoch 4.7 min
  step 1500/4061 | loss -8.458 | 110 ms/step (9.10 it/s) | elapsed 2.7 min | ETA this epoch 4.7 min
  step 1550/4061 | loss -8.831 | 110 ms/step (9.08 it/s) | elapsed 2.8 min | ETA this epoch 4.6 min
  step 1600/4061 | loss -9.296 | 112 ms/step (8.91 it/s) | elapsed 2.9 min | ETA this epoch 4.6 min
  step 1650/4061 | loss -6.992 | 110 ms/step (9.08 it/s) | elapsed 3.0 min | ETA this epoch 4.4 min
  step 1700/4061 | loss -8.386 | 109 ms/step (9.16 it/s) | elapsed 3.1 min | ETA this epoch 4.3 min
  step 1750/4061 | loss -6.583 | 110 ms/step (9.11 it/s) | elapsed 3.2 min | ETA this epoch 4.2 min
  step 1800/4061 | loss -7.042 | 109 ms/step (9.18 it/s) | elapsed 3.3 min | ETA this epoch 4.1 min
  step 1850/4061 | loss -6.071 | 108 ms/step (9.23 it/s) | elapsed 3.4 min | ETA this epoch 4.0 min
  step 1900/4061 | loss -8.251 | 110 ms/step (9.11 it/s) | elapsed 3.5 min | ETA this epoch 4.0 min
  step 1950/4061 | loss -7.131 | 110 ms/step (9.10 it/s) | elapsed 3.6 min | ETA this epoch 3.9 min
  step 2000/4061 | loss -8.687 | 110 ms/step (9.12 it/s) | elapsed 3.7 min | ETA this epoch 3.8 min
  step 2050/4061 | loss -7.861 | 110 ms/step (9.10 it/s) | elapsed 3.7 min | ETA this epoch 3.7 min
  step 2100/4061 | loss -9.814 | 109 ms/step (9.16 it/s) | elapsed 3.8 min | ETA this epoch 3.6 min
  step 2150/4061 | loss -5.722 | 109 ms/step (9.14 it/s) | elapsed 3.9 min | ETA this epoch 3.5 min
  step 2200/4061 | loss -7.029 | 109 ms/step (9.14 it/s) | elapsed 4.0 min | ETA this epoch 3.4 min
  step 2250/4061 | loss -6.793 | 111 ms/step (9.04 it/s) | elapsed 4.1 min | ETA this epoch 3.3 min
  step 2300/4061 | loss -8.226 | 111 ms/step (8.99 it/s) | elapsed 4.2 min | ETA this epoch 3.3 min
  step 2350/4061 | loss -6.611 | 98 ms/step (10.22 it/s) | elapsed 4.3 min | ETA this epoch 2.8 min
  step 2400/4061 | loss -8.660 | 90 ms/step (11.17 it/s) | elapsed 4.4 min | ETA this epoch 2.5 min
  step 2450/4061 | loss -5.393 | 91 ms/step (10.94 it/s) | elapsed 4.4 min | ETA this epoch 2.5 min
  step 2500/4061 | loss -7.830 | 88 ms/step (11.40 it/s) | elapsed 4.5 min | ETA this epoch 2.3 min
  step 2550/4061 | loss -7.006 | 104 ms/step (9.60 it/s) | elapsed 4.6 min | ETA this epoch 2.6 min
  step 2600/4061 | loss -7.730 | 109 ms/step (9.16 it/s) | elapsed 4.7 min | ETA this epoch 2.7 min
  step 2650/4061 | loss -7.168 | 109 ms/step (9.18 it/s) | elapsed 4.8 min | ETA this epoch 2.6 min
  step 2700/4061 | loss -6.735 | 110 ms/step (9.12 it/s) | elapsed 4.9 min | ETA this epoch 2.5 min
  step 2750/4061 | loss -7.975 | 109 ms/step (9.19 it/s) | elapsed 5.0 min | ETA this epoch 2.4 min
  step 2800/4061 | loss -7.980 | 109 ms/step (9.16 it/s) | elapsed 5.1 min | ETA this epoch 2.3 min
  step 2850/4061 | loss -7.229 | 109 ms/step (9.16 it/s) | elapsed 5.1 min | ETA this epoch 2.2 min
  step 2900/4061 | loss -7.445 | 109 ms/step (9.15 it/s) | elapsed 5.2 min | ETA this epoch 2.1 min
  step 2950/4061 | loss -5.975 | 110 ms/step (9.08 it/s) | elapsed 5.3 min | ETA this epoch 2.0 min
  step 3000/4061 | loss -8.443 | 108 ms/step (9.24 it/s) | elapsed 5.4 min | ETA this epoch 1.9 min
  step 3050/4061 | loss -6.030 | 110 ms/step (9.09 it/s) | elapsed 5.5 min | ETA this epoch 1.9 min
  step 3100/4061 | loss -6.255 | 109 ms/step (9.13 it/s) | elapsed 5.6 min | ETA this epoch 1.8 min
  step 3150/4061 | loss -7.469 | 113 ms/step (8.88 it/s) | elapsed 5.7 min | ETA this epoch 1.7 min
  step 3200/4061 | loss -7.428 | 109 ms/step (9.14 it/s) | elapsed 5.8 min | ETA this epoch 1.6 min
  step 3250/4061 | loss -8.032 | 110 ms/step (9.09 it/s) | elapsed 5.9 min | ETA this epoch 1.5 min
  step 3300/4061 | loss -7.797 | 110 ms/step (9.12 it/s) | elapsed 6.0 min | ETA this epoch 1.4 min
  step 3350/4061 | loss -7.259 | 110 ms/step (9.13 it/s) | elapsed 6.1 min | ETA this epoch 1.3 min
  step 3400/4061 | loss -6.536 | 110 ms/step (9.07 it/s) | elapsed 6.2 min | ETA this epoch 1.2 min
  step 3450/4061 | loss -8.659 | 110 ms/step (9.11 it/s) | elapsed 6.2 min | ETA this epoch 1.1 min
  step 3500/4061 | loss -7.002 | 110 ms/step (9.11 it/s) | elapsed 6.3 min | ETA this epoch 1.0 min
  step 3550/4061 | loss -6.662 | 109 ms/step (9.13 it/s) | elapsed 6.4 min | ETA this epoch 0.9 min
  step 3600/4061 | loss -7.736 | 109 ms/step (9.20 it/s) | elapsed 6.5 min | ETA this epoch 0.8 min
  step 3650/4061 | loss -9.327 | 92 ms/step (10.83 it/s) | elapsed 6.6 min | ETA this epoch 0.6 min
  step 3700/4061 | loss -7.134 | 91 ms/step (11.03 it/s) | elapsed 6.7 min | ETA this epoch 0.5 min
  step 3750/4061 | loss -7.189 | 90 ms/step (11.07 it/s) | elapsed 6.7 min | ETA this epoch 0.5 min
  step 3800/4061 | loss -6.523 | 97 ms/step (10.33 it/s) | elapsed 6.8 min | ETA this epoch 0.4 min
  step 3850/4061 | loss -5.931 | 109 ms/step (9.18 it/s) | elapsed 6.9 min | ETA this epoch 0.4 min
  step 3900/4061 | loss -8.722 | 109 ms/step (9.20 it/s) | elapsed 7.0 min | ETA this epoch 0.3 min
  step 3950/4061 | loss -7.203 | 110 ms/step (9.09 it/s) | elapsed 7.1 min | ETA this epoch 0.2 min
  step 4000/4061 | loss -7.429 | 109 ms/step (9.16 it/s) | elapsed 7.2 min | ETA this epoch 0.1 min
  step 4050/4061 | loss -7.033 | 109 ms/step (9.20 it/s) | elapsed 7.3 min | ETA this epoch 0.0 min
Epoch 49/50 | Train -7.430 | Val L1 0.0018 | Val SI-SDR 18.23 dB | Time 7.5 min
Saved best model (SI-SDR 18.23 dB) -> /home/bubai-maji/speech_enhancement/script/propose_ablation2/checkpoint_propose_ab2/best_NGDM_SE.pt
  step 50/4061 | loss -6.887 | 110 ms/step (9.11 it/s) | elapsed 0.1 min | ETA this epoch 7.3 min
  step 100/4061 | loss -9.750 | 109 ms/step (9.16 it/s) | elapsed 0.2 min | ETA this epoch 7.2 min
  step 150/4061 | loss -6.892 | 109 ms/step (9.15 it/s) | elapsed 0.3 min | ETA this epoch 7.1 min
  step 200/4061 | loss -7.451 | 110 ms/step (9.09 it/s) | elapsed 0.4 min | ETA this epoch 7.1 min
  step 250/4061 | loss -6.284 | 109 ms/step (9.16 it/s) | elapsed 0.5 min | ETA this epoch 6.9 min
  step 300/4061 | loss -7.042 | 109 ms/step (9.15 it/s) | elapsed 0.5 min | ETA this epoch 6.8 min
  step 350/4061 | loss -7.871 | 109 ms/step (9.14 it/s) | elapsed 0.6 min | ETA this epoch 6.8 min
  step 400/4061 | loss -7.144 | 110 ms/step (9.08 it/s) | elapsed 0.7 min | ETA this epoch 6.7 min
  step 450/4061 | loss -6.147 | 110 ms/step (9.10 it/s) | elapsed 0.8 min | ETA this epoch 6.6 min
  step 500/4061 | loss -7.932 | 109 ms/step (9.13 it/s) | elapsed 0.9 min | ETA this epoch 6.5 min
  step 550/4061 | loss -6.098 | 109 ms/step (9.17 it/s) | elapsed 1.0 min | ETA this epoch 6.4 min
  step 600/4061 | loss -6.843 | 110 ms/step (9.11 it/s) | elapsed 1.1 min | ETA this epoch 6.3 min
  step 650/4061 | loss -9.109 | 109 ms/step (9.22 it/s) | elapsed 1.2 min | ETA this epoch 6.2 min
  step 700/4061 | loss -7.947 | 111 ms/step (9.05 it/s) | elapsed 1.3 min | ETA this epoch 6.2 min
  step 750/4061 | loss -7.375 | 110 ms/step (9.08 it/s) | elapsed 1.4 min | ETA this epoch 6.1 min
  step 800/4061 | loss -7.942 | 108 ms/step (9.29 it/s) | elapsed 1.5 min | ETA this epoch 5.9 min
  step 850/4061 | loss -6.750 | 110 ms/step (9.06 it/s) | elapsed 1.6 min | ETA this epoch 5.9 min
  step 900/4061 | loss -6.999 | 110 ms/step (9.13 it/s) | elapsed 1.6 min | ETA this epoch 5.8 min
  step 950/4061 | loss -8.922 | 109 ms/step (9.14 it/s) | elapsed 1.7 min | ETA this epoch 5.7 min
  step 1000/4061 | loss -8.125 | 109 ms/step (9.16 it/s) | elapsed 1.8 min | ETA this epoch 5.6 min
  step 1050/4061 | loss -8.410 | 110 ms/step (9.09 it/s) | elapsed 1.9 min | ETA this epoch 5.5 min
  step 1100/4061 | loss -7.049 | 111 ms/step (9.03 it/s) | elapsed 2.0 min | ETA this epoch 5.5 min
  step 1150/4061 | loss -6.769 | 111 ms/step (9.04 it/s) | elapsed 2.1 min | ETA this epoch 5.4 min
  step 1200/4061 | loss -6.485 | 110 ms/step (9.08 it/s) | elapsed 2.2 min | ETA this epoch 5.2 min
  step 1250/4061 | loss -8.933 | 110 ms/step (9.09 it/s) | elapsed 2.3 min | ETA this epoch 5.2 min
  step 1300/4061 | loss -8.542 | 109 ms/step (9.20 it/s) | elapsed 2.4 min | ETA this epoch 5.0 min
  step 1350/4061 | loss -8.499 | 110 ms/step (9.12 it/s) | elapsed 2.5 min | ETA this epoch 5.0 min
  step 1400/4061 | loss -7.455 | 109 ms/step (9.16 it/s) | elapsed 2.6 min | ETA this epoch 4.8 min
  step 1450/4061 | loss -8.527 | 109 ms/step (9.16 it/s) | elapsed 2.6 min | ETA this epoch 4.8 min
  step 1500/4061 | loss -7.225 | 111 ms/step (9.04 it/s) | elapsed 2.7 min | ETA this epoch 4.7 min
  step 1550/4061 | loss -7.566 | 110 ms/step (9.10 it/s) | elapsed 2.8 min | ETA this epoch 4.6 min
  step 1600/4061 | loss -8.379 | 109 ms/step (9.17 it/s) | elapsed 2.9 min | ETA this epoch 4.5 min
  step 1650/4061 | loss -7.675 | 111 ms/step (9.05 it/s) | elapsed 3.0 min | ETA this epoch 4.4 min
  step 1700/4061 | loss -7.856 | 110 ms/step (9.11 it/s) | elapsed 3.1 min | ETA this epoch 4.3 min
  step 1750/4061 | loss -8.470 | 109 ms/step (9.18 it/s) | elapsed 3.2 min | ETA this epoch 4.2 min
  step 1800/4061 | loss -8.765 | 109 ms/step (9.16 it/s) | elapsed 3.3 min | ETA this epoch 4.1 min
  step 1850/4061 | loss -6.680 | 110 ms/step (9.08 it/s) | elapsed 3.4 min | ETA this epoch 4.1 min
  step 1900/4061 | loss -6.259 | 110 ms/step (9.12 it/s) | elapsed 3.5 min | ETA this epoch 3.9 min
  step 1950/4061 | loss -8.184 | 110 ms/step (9.12 it/s) | elapsed 3.6 min | ETA this epoch 3.9 min
  step 2000/4061 | loss -8.123 | 109 ms/step (9.17 it/s) | elapsed 3.7 min | ETA this epoch 3.7 min
  step 2050/4061 | loss -8.176 | 111 ms/step (9.03 it/s) | elapsed 3.7 min | ETA this epoch 3.7 min
  step 2100/4061 | loss -7.117 | 110 ms/step (9.08 it/s) | elapsed 3.8 min | ETA this epoch 3.6 min
  step 2150/4061 | loss -7.901 | 109 ms/step (9.14 it/s) | elapsed 3.9 min | ETA this epoch 3.5 min
  step 2200/4061 | loss -7.740 | 110 ms/step (9.13 it/s) | elapsed 4.0 min | ETA this epoch 3.4 min
  step 2250/4061 | loss -7.497 | 110 ms/step (9.08 it/s) | elapsed 4.1 min | ETA this epoch 3.3 min
  step 2300/4061 | loss -7.753 | 109 ms/step (9.15 it/s) | elapsed 4.2 min | ETA this epoch 3.2 min
  step 2350/4061 | loss -6.756 | 109 ms/step (9.15 it/s) | elapsed 4.3 min | ETA this epoch 3.1 min
  step 2400/4061 | loss -8.104 | 110 ms/step (9.11 it/s) | elapsed 4.4 min | ETA this epoch 3.0 min
  step 2450/4061 | loss -8.606 | 109 ms/step (9.18 it/s) | elapsed 4.5 min | ETA this epoch 2.9 min
  step 2500/4061 | loss -7.557 | 110 ms/step (9.13 it/s) | elapsed 4.6 min | ETA this epoch 2.8 min
  step 2550/4061 | loss -6.731 | 101 ms/step (9.86 it/s) | elapsed 4.7 min | ETA this epoch 2.6 min
  step 2600/4061 | loss -8.319 | 88 ms/step (11.35 it/s) | elapsed 4.7 min | ETA this epoch 2.1 min
  step 2650/4061 | loss -7.149 | 89 ms/step (11.20 it/s) | elapsed 4.8 min | ETA this epoch 2.1 min
  step 2700/4061 | loss -8.130 | 86 ms/step (11.59 it/s) | elapsed 4.9 min | ETA this epoch 2.0 min
  step 2750/4061 | loss -7.483 | 98 ms/step (10.21 it/s) | elapsed 5.0 min | ETA this epoch 2.1 min
  step 2800/4061 | loss -8.600 | 109 ms/step (9.16 it/s) | elapsed 5.0 min | ETA this epoch 2.3 min
  step 2850/4061 | loss -9.068 | 110 ms/step (9.13 it/s) | elapsed 5.1 min | ETA this epoch 2.2 min
  step 2900/4061 | loss -8.189 | 110 ms/step (9.07 it/s) | elapsed 5.2 min | ETA this epoch 2.1 min
  step 2950/4061 | loss -6.803 | 110 ms/step (9.12 it/s) | elapsed 5.3 min | ETA this epoch 2.0 min
  step 3000/4061 | loss -6.681 | 109 ms/step (9.13 it/s) | elapsed 5.4 min | ETA this epoch 1.9 min
  step 3050/4061 | loss -6.357 | 107 ms/step (9.34 it/s) | elapsed 5.5 min | ETA this epoch 1.8 min
  step 3100/4061 | loss -7.877 | 109 ms/step (9.14 it/s) | elapsed 5.6 min | ETA this epoch 1.8 min
  step 3150/4061 | loss -8.032 | 109 ms/step (9.17 it/s) | elapsed 5.7 min | ETA this epoch 1.7 min
  step 3200/4061 | loss -6.374 | 109 ms/step (9.17 it/s) | elapsed 5.8 min | ETA this epoch 1.6 min
  step 3250/4061 | loss -7.096 | 108 ms/step (9.23 it/s) | elapsed 5.9 min | ETA this epoch 1.5 min
  step 3300/4061 | loss -7.181 | 109 ms/step (9.16 it/s) | elapsed 6.0 min | ETA this epoch 1.4 min
  step 3350/4061 | loss -6.529 | 109 ms/step (9.17 it/s) | elapsed 6.0 min | ETA this epoch 1.3 min
  step 3400/4061 | loss -6.905 | 110 ms/step (9.12 it/s) | elapsed 6.1 min | ETA this epoch 1.2 min
  step 3450/4061 | loss -7.651 | 110 ms/step (9.06 it/s) | elapsed 6.2 min | ETA this epoch 1.1 min
  step 3500/4061 | loss -7.359 | 109 ms/step (9.14 it/s) | elapsed 6.3 min | ETA this epoch 1.0 min
  step 3550/4061 | loss -8.104 | 109 ms/step (9.17 it/s) | elapsed 6.4 min | ETA this epoch 0.9 min
  step 3600/4061 | loss -8.362 | 110 ms/step (9.11 it/s) | elapsed 6.5 min | ETA this epoch 0.8 min
  step 3650/4061 | loss -7.319 | 110 ms/step (9.08 it/s) | elapsed 6.6 min | ETA this epoch 0.8 min
  step 3700/4061 | loss -8.609 | 110 ms/step (9.08 it/s) | elapsed 6.7 min | ETA this epoch 0.7 min
  step 3750/4061 | loss -8.775 | 109 ms/step (9.17 it/s) | elapsed 6.8 min | ETA this epoch 0.6 min
  step 3800/4061 | loss -8.519 | 105 ms/step (9.49 it/s) | elapsed 6.9 min | ETA this epoch 0.5 min
  step 3850/4061 | loss -6.558 | 84 ms/step (11.84 it/s) | elapsed 6.9 min | ETA this epoch 0.3 min
  step 3900/4061 | loss -7.233 | 83 ms/step (11.99 it/s) | elapsed 7.0 min | ETA this epoch 0.2 min
  step 3950/4061 | loss -7.786 | 87 ms/step (11.49 it/s) | elapsed 7.1 min | ETA this epoch 0.2 min
  step 4000/4061 | loss -7.456 | 89 ms/step (11.22 it/s) | elapsed 7.2 min | ETA this epoch 0.1 min
  step 4050/4061 | loss -6.941 | 103 ms/step (9.73 it/s) | elapsed 7.2 min | ETA this epoch 0.0 min
Epoch 50/50 | Train -7.437 | Val L1 0.0018 | Val SI-SDR 18.17 dB | Time 7.6 min
EarlyStopping counter: 1/7

========== TRAINING COMPLETE ==========

Best validation SI-SDR: 18.23 dB
