GPU: NVIDIA RTX A6000

Loading datasets...

Loaded 32485 files from /home/bubai-maji/speech_enhancement/data/mixtures/musan/train
Chunk length: 2.5s (40000 samples)

Initializing model...
Model: NGDM_SE | Params: 1.412M

========== START TRAINING ==========

  step 50/4061 | loss -1.814 | 216 ms/step (4.63 it/s) | elapsed 0.2 min | ETA this epoch 14.4 min
  step 100/4061 | loss -2.453 | 36 ms/step (27.49 it/s) | elapsed 0.2 min | ETA this epoch 2.4 min
  step 150/4061 | loss -2.926 | 37 ms/step (27.08 it/s) | elapsed 0.2 min | ETA this epoch 2.4 min
  step 200/4061 | loss -4.245 | 37 ms/step (27.22 it/s) | elapsed 0.3 min | ETA this epoch 2.4 min
  step 250/4061 | loss -3.827 | 38 ms/step (26.50 it/s) | elapsed 0.3 min | ETA this epoch 2.4 min
  step 300/4061 | loss -4.453 | 37 ms/step (27.15 it/s) | elapsed 0.3 min | ETA this epoch 2.3 min
  step 350/4061 | loss -4.576 | 37 ms/step (27.15 it/s) | elapsed 0.4 min | ETA this epoch 2.3 min
  step 400/4061 | loss -3.111 | 37 ms/step (27.24 it/s) | elapsed 0.4 min | ETA this epoch 2.2 min
  step 450/4061 | loss -3.977 | 38 ms/step (26.63 it/s) | elapsed 0.4 min | ETA this epoch 2.3 min
  step 500/4061 | loss -4.269 | 39 ms/step (25.64 it/s) | elapsed 0.5 min | ETA this epoch 2.3 min
  step 550/4061 | loss -3.983 | 37 ms/step (26.70 it/s) | elapsed 0.5 min | ETA this epoch 2.2 min
  step 600/4061 | loss -5.863 | 37 ms/step (26.93 it/s) | elapsed 0.5 min | ETA this epoch 2.1 min
  step 650/4061 | loss -3.773 | 37 ms/step (26.91 it/s) | elapsed 0.6 min | ETA this epoch 2.1 min
  step 700/4061 | loss -4.033 | 37 ms/step (27.08 it/s) | elapsed 0.6 min | ETA this epoch 2.1 min
  step 750/4061 | loss -3.674 | 37 ms/step (26.91 it/s) | elapsed 0.6 min | ETA this epoch 2.1 min
  step 800/4061 | loss -5.202 | 37 ms/step (27.26 it/s) | elapsed 0.6 min | ETA this epoch 2.0 min
  step 850/4061 | loss -4.133 | 37 ms/step (27.03 it/s) | elapsed 0.7 min | ETA this epoch 2.0 min
  step 900/4061 | loss -5.949 | 37 ms/step (27.05 it/s) | elapsed 0.7 min | ETA this epoch 1.9 min
  step 950/4061 | loss -6.052 | 38 ms/step (26.28 it/s) | elapsed 0.7 min | ETA this epoch 2.0 min
  step 1000/4061 | loss -2.730 | 37 ms/step (26.69 it/s) | elapsed 0.8 min | ETA this epoch 1.9 min
  step 1050/4061 | loss -4.762 | 39 ms/step (25.69 it/s) | elapsed 0.8 min | ETA this epoch 2.0 min
  step 1100/4061 | loss -5.624 | 38 ms/step (26.25 it/s) | elapsed 0.8 min | ETA this epoch 1.9 min
  step 1150/4061 | loss -5.189 | 37 ms/step (26.72 it/s) | elapsed 0.9 min | ETA this epoch 1.8 min
  step 1200/4061 | loss -4.456 | 37 ms/step (26.80 it/s) | elapsed 0.9 min | ETA this epoch 1.8 min
  step 1250/4061 | loss -5.199 | 38 ms/step (26.50 it/s) | elapsed 0.9 min | ETA this epoch 1.8 min
  step 1300/4061 | loss -5.746 | 37 ms/step (26.97 it/s) | elapsed 1.0 min | ETA this epoch 1.7 min
  step 1350/4061 | loss -7.202 | 37 ms/step (26.67 it/s) | elapsed 1.0 min | ETA this epoch 1.7 min
  step 1400/4061 | loss -4.119 | 38 ms/step (26.25 it/s) | elapsed 1.0 min | ETA this epoch 1.7 min
  step 1450/4061 | loss -5.353 | 37 ms/step (26.81 it/s) | elapsed 1.1 min | ETA this epoch 1.6 min
  step 1500/4061 | loss -4.395 | 39 ms/step (25.79 it/s) | elapsed 1.1 min | ETA this epoch 1.7 min
  step 1550/4061 | loss -6.098 | 39 ms/step (25.46 it/s) | elapsed 1.1 min | ETA this epoch 1.6 min
  step 1600/4061 | loss -5.283 | 41 ms/step (24.11 it/s) | elapsed 1.2 min | ETA this epoch 1.7 min
  step 1650/4061 | loss -5.652 | 41 ms/step (24.57 it/s) | elapsed 1.2 min | ETA this epoch 1.6 min
  step 1700/4061 | loss -4.730 | 40 ms/step (25.26 it/s) | elapsed 1.2 min | ETA this epoch 1.6 min
  step 1750/4061 | loss -5.257 | 41 ms/step (24.53 it/s) | elapsed 1.3 min | ETA this epoch 1.6 min
  step 1800/4061 | loss -5.128 | 62 ms/step (16.25 it/s) | elapsed 1.3 min | ETA this epoch 2.3 min
  step 1850/4061 | loss -5.487 | 75 ms/step (13.34 it/s) | elapsed 1.4 min | ETA this epoch 2.8 min
  step 1900/4061 | loss -5.054 | 75 ms/step (13.34 it/s) | elapsed 1.4 min | ETA this epoch 2.7 min
  step 1950/4061 | loss -5.558 | 74 ms/step (13.44 it/s) | elapsed 1.5 min | ETA this epoch 2.6 min
  step 2000/4061 | loss -4.621 | 75 ms/step (13.29 it/s) | elapsed 1.6 min | ETA this epoch 2.6 min
  step 2050/4061 | loss -6.149 | 74 ms/step (13.46 it/s) | elapsed 1.6 min | ETA this epoch 2.5 min
  step 2100/4061 | loss -6.623 | 75 ms/step (13.40 it/s) | elapsed 1.7 min | ETA this epoch 2.4 min
  step 2150/4061 | loss -5.924 | 75 ms/step (13.38 it/s) | elapsed 1.7 min | ETA this epoch 2.4 min
  step 2200/4061 | loss -6.667 | 75 ms/step (13.39 it/s) | elapsed 1.8 min | ETA this epoch 2.3 min
  step 2250/4061 | loss -6.280 | 74 ms/step (13.47 it/s) | elapsed 1.9 min | ETA this epoch 2.2 min
  step 2300/4061 | loss -5.263 | 75 ms/step (13.39 it/s) | elapsed 1.9 min | ETA this epoch 2.2 min
  step 2350/4061 | loss -4.904 | 75 ms/step (13.35 it/s) | elapsed 2.0 min | ETA this epoch 2.1 min
  step 2400/4061 | loss -5.884 | 74 ms/step (13.46 it/s) | elapsed 2.1 min | ETA this epoch 2.1 min
  step 2450/4061 | loss -3.811 | 74 ms/step (13.46 it/s) | elapsed 2.1 min | ETA this epoch 2.0 min
  step 2500/4061 | loss -4.610 | 74 ms/step (13.43 it/s) | elapsed 2.2 min | ETA this epoch 1.9 min
  step 2550/4061 | loss -5.082 | 74 ms/step (13.44 it/s) | elapsed 2.2 min | ETA this epoch 1.9 min
  step 2600/4061 | loss -6.200 | 76 ms/step (13.24 it/s) | elapsed 2.3 min | ETA this epoch 1.8 min
  step 2650/4061 | loss -7.094 | 75 ms/step (13.27 it/s) | elapsed 2.4 min | ETA this epoch 1.8 min
  step 2700/4061 | loss -4.055 | 75 ms/step (13.27 it/s) | elapsed 2.4 min | ETA this epoch 1.7 min
  step 2750/4061 | loss -4.135 | 75 ms/step (13.37 it/s) | elapsed 2.5 min | ETA this epoch 1.6 min
  step 2800/4061 | loss -5.704 | 74 ms/step (13.43 it/s) | elapsed 2.5 min | ETA this epoch 1.6 min
  step 2850/4061 | loss -6.974 | 75 ms/step (13.35 it/s) | elapsed 2.6 min | ETA this epoch 1.5 min
  step 2900/4061 | loss -4.596 | 75 ms/step (13.41 it/s) | elapsed 2.7 min | ETA this epoch 1.4 min
  step 2950/4061 | loss -5.232 | 76 ms/step (13.12 it/s) | elapsed 2.7 min | ETA this epoch 1.4 min
  step 3000/4061 | loss -5.804 | 75 ms/step (13.38 it/s) | elapsed 2.8 min | ETA this epoch 1.3 min
  step 3050/4061 | loss -4.675 | 76 ms/step (13.22 it/s) | elapsed 2.9 min | ETA this epoch 1.3 min
  step 3100/4061 | loss -3.147 | 76 ms/step (13.15 it/s) | elapsed 2.9 min | ETA this epoch 1.2 min
  step 3150/4061 | loss -6.017 | 75 ms/step (13.38 it/s) | elapsed 3.0 min | ETA this epoch 1.1 min
  step 3200/4061 | loss -6.550 | 74 ms/step (13.46 it/s) | elapsed 3.0 min | ETA this epoch 1.1 min
  step 3250/4061 | loss -5.570 | 75 ms/step (13.26 it/s) | elapsed 3.1 min | ETA this epoch 1.0 min
  step 3300/4061 | loss -5.460 | 76 ms/step (13.22 it/s) | elapsed 3.2 min | ETA this epoch 1.0 min
  step 3350/4061 | loss -4.666 | 75 ms/step (13.29 it/s) | elapsed 3.2 min | ETA this epoch 0.9 min
  step 3400/4061 | loss -5.480 | 75 ms/step (13.33 it/s) | elapsed 3.3 min | ETA this epoch 0.8 min
  step 3450/4061 | loss -4.909 | 76 ms/step (13.15 it/s) | elapsed 3.4 min | ETA this epoch 0.8 min
  step 3500/4061 | loss -5.127 | 75 ms/step (13.35 it/s) | elapsed 3.4 min | ETA this epoch 0.7 min
  step 3550/4061 | loss -4.833 | 75 ms/step (13.39 it/s) | elapsed 3.5 min | ETA this epoch 0.6 min
  step 3600/4061 | loss -6.032 | 75 ms/step (13.28 it/s) | elapsed 3.6 min | ETA this epoch 0.6 min
  step 3650/4061 | loss -3.663 | 75 ms/step (13.26 it/s) | elapsed 3.6 min | ETA this epoch 0.5 min
  step 3700/4061 | loss -5.628 | 76 ms/step (13.14 it/s) | elapsed 3.7 min | ETA this epoch 0.5 min
  step 3750/4061 | loss -6.172 | 75 ms/step (13.31 it/s) | elapsed 3.7 min | ETA this epoch 0.4 min
  step 3800/4061 | loss -7.307 | 75 ms/step (13.39 it/s) | elapsed 3.8 min | ETA this epoch 0.3 min
  step 3850/4061 | loss -4.970 | 73 ms/step (13.67 it/s) | elapsed 3.9 min | ETA this epoch 0.3 min
  step 3900/4061 | loss -6.125 | 75 ms/step (13.32 it/s) | elapsed 3.9 min | ETA this epoch 0.2 min
  step 3950/4061 | loss -5.353 | 75 ms/step (13.26 it/s) | elapsed 4.0 min | ETA this epoch 0.1 min
  step 4000/4061 | loss -6.213 | 75 ms/step (13.37 it/s) | elapsed 4.1 min | ETA this epoch 0.1 min
  step 4050/4061 | loss -6.564 | 75 ms/step (13.39 it/s) | elapsed 4.1 min | ETA this epoch 0.0 min
Epoch 1/50 | Train -5.111 | Val L1 0.0029 | Val SI-SDR 14.79 dB | Time 4.5 min
Saved best model (SI-SDR 14.79 dB) -> /home/bubai-maji/speech_enhancement/script/propose_ablation1/checkpoint_propose_ab1/best_NGDM_SE.pt
  step 50/4061 | loss -5.879 | 76 ms/step (13.22 it/s) | elapsed 0.1 min | ETA this epoch 5.1 min
  step 100/4061 | loss -6.354 | 75 ms/step (13.25 it/s) | elapsed 0.1 min | ETA this epoch 5.0 min
  step 150/4061 | loss -6.095 | 76 ms/step (13.24 it/s) | elapsed 0.2 min | ETA this epoch 4.9 min
  step 200/4061 | loss -6.099 | 75 ms/step (13.33 it/s) | elapsed 0.3 min | ETA this epoch 4.8 min
  step 250/4061 | loss -4.979 | 75 ms/step (13.28 it/s) | elapsed 0.3 min | ETA this epoch 4.8 min
  step 300/4061 | loss -5.945 | 76 ms/step (13.24 it/s) | elapsed 0.4 min | ETA this epoch 4.7 min
  step 350/4061 | loss -6.282 | 75 ms/step (13.32 it/s) | elapsed 0.4 min | ETA this epoch 4.6 min
  step 400/4061 | loss -5.475 | 75 ms/step (13.39 it/s) | elapsed 0.5 min | ETA this epoch 4.6 min
  step 450/4061 | loss -7.078 | 75 ms/step (13.26 it/s) | elapsed 0.6 min | ETA this epoch 4.5 min
  step 500/4061 | loss -5.106 | 76 ms/step (13.08 it/s) | elapsed 0.6 min | ETA this epoch 4.5 min
  step 550/4061 | loss -6.928 | 76 ms/step (13.19 it/s) | elapsed 0.7 min | ETA this epoch 4.4 min
  step 600/4061 | loss -5.112 | 75 ms/step (13.36 it/s) | elapsed 0.8 min | ETA this epoch 4.3 min
  step 650/4061 | loss -6.588 | 76 ms/step (13.16 it/s) | elapsed 0.8 min | ETA this epoch 4.3 min
  step 700/4061 | loss -5.272 | 77 ms/step (12.94 it/s) | elapsed 0.9 min | ETA this epoch 4.3 min
  step 750/4061 | loss -6.407 | 76 ms/step (13.14 it/s) | elapsed 0.9 min | ETA this epoch 4.2 min
  step 800/4061 | loss -7.157 | 76 ms/step (13.20 it/s) | elapsed 1.0 min | ETA this epoch 4.1 min
  step 850/4061 | loss -5.017 | 75 ms/step (13.26 it/s) | elapsed 1.1 min | ETA this epoch 4.0 min
  step 900/4061 | loss -6.855 | 76 ms/step (13.21 it/s) | elapsed 1.1 min | ETA this epoch 4.0 min
  step 950/4061 | loss -7.020 | 75 ms/step (13.39 it/s) | elapsed 1.2 min | ETA this epoch 3.9 min
  step 1000/4061 | loss -6.947 | 75 ms/step (13.25 it/s) | elapsed 1.3 min | ETA this epoch 3.8 min
  step 1050/4061 | loss -6.786 | 75 ms/step (13.42 it/s) | elapsed 1.3 min | ETA this epoch 3.7 min
  step 1100/4061 | loss -3.784 | 75 ms/step (13.27 it/s) | elapsed 1.4 min | ETA this epoch 3.7 min
  step 1150/4061 | loss -4.307 | 75 ms/step (13.35 it/s) | elapsed 1.4 min | ETA this epoch 3.6 min
  step 1200/4061 | loss -4.781 | 52 ms/step (19.18 it/s) | elapsed 1.5 min | ETA this epoch 2.5 min
  step 1250/4061 | loss -4.428 | 39 ms/step (25.84 it/s) | elapsed 1.5 min | ETA this epoch 1.8 min
  step 1300/4061 | loss -5.364 | 44 ms/step (22.70 it/s) | elapsed 1.6 min | ETA this epoch 2.0 min
  step 1350/4061 | loss -6.218 | 40 ms/step (25.15 it/s) | elapsed 1.6 min | ETA this epoch 1.8 min
  step 1400/4061 | loss -4.484 | 40 ms/step (25.30 it/s) | elapsed 1.6 min | ETA this epoch 1.8 min
  step 1450/4061 | loss -6.671 | 55 ms/step (18.22 it/s) | elapsed 1.7 min | ETA this epoch 2.4 min
  step 1500/4061 | loss -6.187 | 61 ms/step (16.36 it/s) | elapsed 1.7 min | ETA this epoch 2.6 min
  step 1550/4061 | loss -6.194 | 60 ms/step (16.65 it/s) | elapsed 1.8 min | ETA this epoch 2.5 min
  step 1600/4061 | loss -4.569 | 68 ms/step (14.61 it/s) | elapsed 1.8 min | ETA this epoch 2.8 min
  step 1650/4061 | loss -5.033 | 74 ms/step (13.43 it/s) | elapsed 1.9 min | ETA this epoch 3.0 min
  step 1700/4061 | loss -6.642 | 75 ms/step (13.42 it/s) | elapsed 2.0 min | ETA this epoch 2.9 min
  step 1750/4061 | loss -6.153 | 76 ms/step (13.14 it/s) | elapsed 2.0 min | ETA this epoch 2.9 min
  step 1800/4061 | loss -6.011 | 76 ms/step (13.18 it/s) | elapsed 2.1 min | ETA this epoch 2.9 min
  step 1850/4061 | loss -7.114 | 76 ms/step (13.16 it/s) | elapsed 2.1 min | ETA this epoch 2.8 min
  step 1900/4061 | loss -5.547 | 76 ms/step (13.10 it/s) | elapsed 2.2 min | ETA this epoch 2.7 min
  step 1950/4061 | loss -6.167 | 76 ms/step (13.19 it/s) | elapsed 2.3 min | ETA this epoch 2.7 min
  step 2000/4061 | loss -6.695 | 79 ms/step (12.66 it/s) | elapsed 2.3 min | ETA this epoch 2.7 min
  step 2050/4061 | loss -6.845 | 76 ms/step (13.22 it/s) | elapsed 2.4 min | ETA this epoch 2.5 min
  step 2100/4061 | loss -4.892 | 74 ms/step (13.49 it/s) | elapsed 2.5 min | ETA this epoch 2.4 min
  step 2150/4061 | loss -4.990 | 71 ms/step (14.04 it/s) | elapsed 2.5 min | ETA this epoch 2.3 min
  step 2200/4061 | loss -4.961 | 75 ms/step (13.38 it/s) | elapsed 2.6 min | ETA this epoch 2.3 min
  step 2250/4061 | loss -6.253 | 76 ms/step (13.13 it/s) | elapsed 2.6 min | ETA this epoch 2.3 min
  step 2300/4061 | loss -7.140 | 79 ms/step (12.70 it/s) | elapsed 2.7 min | ETA this epoch 2.3 min
  step 2350/4061 | loss -5.395 | 76 ms/step (13.20 it/s) | elapsed 2.8 min | ETA this epoch 2.2 min
  step 2400/4061 | loss -5.869 | 75 ms/step (13.30 it/s) | elapsed 2.8 min | ETA this epoch 2.1 min
  step 2450/4061 | loss -4.630 | 76 ms/step (13.08 it/s) | elapsed 2.9 min | ETA this epoch 2.1 min
  step 2500/4061 | loss -4.775 | 77 ms/step (13.04 it/s) | elapsed 3.0 min | ETA this epoch 2.0 min
  step 2550/4061 | loss -6.350 | 74 ms/step (13.43 it/s) | elapsed 3.0 min | ETA this epoch 1.9 min
  step 2600/4061 | loss -6.832 | 77 ms/step (13.06 it/s) | elapsed 3.1 min | ETA this epoch 1.9 min
  step 2650/4061 | loss -4.867 | 75 ms/step (13.39 it/s) | elapsed 3.2 min | ETA this epoch 1.8 min
  step 2700/4061 | loss -4.605 | 77 ms/step (13.03 it/s) | elapsed 3.2 min | ETA this epoch 1.7 min
  step 2750/4061 | loss -5.121 | 75 ms/step (13.36 it/s) | elapsed 3.3 min | ETA this epoch 1.6 min
  step 2800/4061 | loss -6.393 | 75 ms/step (13.25 it/s) | elapsed 3.3 min | ETA this epoch 1.6 min
  step 2850/4061 | loss -6.764 | 76 ms/step (13.17 it/s) | elapsed 3.4 min | ETA this epoch 1.5 min
  step 2900/4061 | loss -5.992 | 75 ms/step (13.34 it/s) | elapsed 3.5 min | ETA this epoch 1.5 min
  step 2950/4061 | loss -7.093 | 75 ms/step (13.39 it/s) | elapsed 3.5 min | ETA this epoch 1.4 min
  step 3000/4061 | loss -4.678 | 76 ms/step (13.18 it/s) | elapsed 3.6 min | ETA this epoch 1.3 min
  step 3050/4061 | loss -5.271 | 77 ms/step (12.94 it/s) | elapsed 3.7 min | ETA this epoch 1.3 min
  step 3100/4061 | loss -5.412 | 75 ms/step (13.28 it/s) | elapsed 3.7 min | ETA this epoch 1.2 min
  step 3150/4061 | loss -6.073 | 76 ms/step (13.17 it/s) | elapsed 3.8 min | ETA this epoch 1.2 min
  step 3200/4061 | loss -6.741 | 75 ms/step (13.39 it/s) | elapsed 3.8 min | ETA this epoch 1.1 min
  step 3250/4061 | loss -6.449 | 75 ms/step (13.28 it/s) | elapsed 3.9 min | ETA this epoch 1.0 min
  step 3300/4061 | loss -6.753 | 76 ms/step (13.13 it/s) | elapsed 4.0 min | ETA this epoch 1.0 min
  step 3350/4061 | loss -4.154 | 75 ms/step (13.26 it/s) | elapsed 4.0 min | ETA this epoch 0.9 min
  step 3400/4061 | loss -7.723 | 75 ms/step (13.42 it/s) | elapsed 4.1 min | ETA this epoch 0.8 min
  step 3450/4061 | loss -5.847 | 77 ms/step (12.94 it/s) | elapsed 4.2 min | ETA this epoch 0.8 min
  step 3500/4061 | loss -8.536 | 75 ms/step (13.25 it/s) | elapsed 4.2 min | ETA this epoch 0.7 min
  step 3550/4061 | loss -5.706 | 76 ms/step (13.18 it/s) | elapsed 4.3 min | ETA this epoch 0.6 min
  step 3600/4061 | loss -7.179 | 76 ms/step (13.14 it/s) | elapsed 4.4 min | ETA this epoch 0.6 min
  step 3650/4061 | loss -5.219 | 75 ms/step (13.26 it/s) | elapsed 4.4 min | ETA this epoch 0.5 min
  step 3700/4061 | loss -6.452 | 76 ms/step (13.09 it/s) | elapsed 4.5 min | ETA this epoch 0.5 min
  step 3750/4061 | loss -5.574 | 77 ms/step (13.03 it/s) | elapsed 4.5 min | ETA this epoch 0.4 min
  step 3800/4061 | loss -5.760 | 73 ms/step (13.70 it/s) | elapsed 4.6 min | ETA this epoch 0.3 min
  step 3850/4061 | loss -7.108 | 75 ms/step (13.37 it/s) | elapsed 4.7 min | ETA this epoch 0.3 min
  step 3900/4061 | loss -6.488 | 75 ms/step (13.30 it/s) | elapsed 4.7 min | ETA this epoch 0.2 min
  step 3950/4061 | loss -5.070 | 77 ms/step (13.00 it/s) | elapsed 4.8 min | ETA this epoch 0.1 min
  step 4000/4061 | loss -6.573 | 76 ms/step (13.18 it/s) | elapsed 4.9 min | ETA this epoch 0.1 min
  step 4050/4061 | loss -7.748 | 76 ms/step (13.11 it/s) | elapsed 4.9 min | ETA this epoch 0.0 min
Epoch 2/50 | Train -6.011 | Val L1 0.0025 | Val SI-SDR 15.77 dB | Time 5.1 min
  [sanity check OK: val SI-SDR 15.77 dB]

Saved best model (SI-SDR 15.77 dB) -> /home/bubai-maji/speech_enhancement/script/propose_ablation1/checkpoint_propose_ab1/best_NGDM_SE.pt
  step 50/4061 | loss -6.477 | 76 ms/step (13.15 it/s) | elapsed 0.1 min | ETA this epoch 5.1 min
  step 100/4061 | loss -4.726 | 77 ms/step (12.99 it/s) | elapsed 0.1 min | ETA this epoch 5.1 min
  step 150/4061 | loss -5.015 | 75 ms/step (13.27 it/s) | elapsed 0.2 min | ETA this epoch 4.9 min
  step 200/4061 | loss -6.011 | 76 ms/step (13.09 it/s) | elapsed 0.3 min | ETA this epoch 4.9 min
  step 250/4061 | loss -5.981 | 77 ms/step (13.03 it/s) | elapsed 0.3 min | ETA this epoch 4.9 min
  step 300/4061 | loss -6.936 | 77 ms/step (12.98 it/s) | elapsed 0.4 min | ETA this epoch 4.8 min
  step 350/4061 | loss -5.764 | 77 ms/step (13.05 it/s) | elapsed 0.4 min | ETA this epoch 4.7 min
  step 400/4061 | loss -6.893 | 75 ms/step (13.34 it/s) | elapsed 0.5 min | ETA this epoch 4.6 min
  step 450/4061 | loss -7.260 | 75 ms/step (13.32 it/s) | elapsed 0.6 min | ETA this epoch 4.5 min
  step 500/4061 | loss -7.712 | 76 ms/step (13.23 it/s) | elapsed 0.6 min | ETA this epoch 4.5 min
  step 550/4061 | loss -5.363 | 75 ms/step (13.25 it/s) | elapsed 0.7 min | ETA this epoch 4.4 min
  step 600/4061 | loss -6.937 | 74 ms/step (13.59 it/s) | elapsed 0.8 min | ETA this epoch 4.2 min
  step 650/4061 | loss -5.697 | 74 ms/step (13.46 it/s) | elapsed 0.8 min | ETA this epoch 4.2 min
  step 700/4061 | loss -6.428 | 74 ms/step (13.43 it/s) | elapsed 0.9 min | ETA this epoch 4.2 min
  step 750/4061 | loss -7.445 | 75 ms/step (13.36 it/s) | elapsed 0.9 min | ETA this epoch 4.1 min
  step 800/4061 | loss -8.191 | 76 ms/step (13.21 it/s) | elapsed 1.0 min | ETA this epoch 4.1 min
  step 850/4061 | loss -5.948 | 75 ms/step (13.30 it/s) | elapsed 1.1 min | ETA this epoch 4.0 min
  step 900/4061 | loss -5.966 | 76 ms/step (13.21 it/s) | elapsed 1.1 min | ETA this epoch 4.0 min
  step 950/4061 | loss -6.057 | 76 ms/step (13.21 it/s) | elapsed 1.2 min | ETA this epoch 3.9 min
  step 1000/4061 | loss -5.806 | 76 ms/step (13.20 it/s) | elapsed 1.3 min | ETA this epoch 3.9 min
  step 1050/4061 | loss -5.723 | 76 ms/step (13.24 it/s) | elapsed 1.3 min | ETA this epoch 3.8 min
  step 1100/4061 | loss -6.512 | 75 ms/step (13.41 it/s) | elapsed 1.4 min | ETA this epoch 3.7 min
  step 1150/4061 | loss -5.518 | 75 ms/step (13.32 it/s) | elapsed 1.4 min | ETA this epoch 3.6 min
  step 1200/4061 | loss -7.603 | 74 ms/step (13.46 it/s) | elapsed 1.5 min | ETA this epoch 3.5 min
  step 1250/4061 | loss -5.820 | 75 ms/step (13.34 it/s) | elapsed 1.6 min | ETA this epoch 3.5 min
  step 1300/4061 | loss -5.841 | 73 ms/step (13.78 it/s) | elapsed 1.6 min | ETA this epoch 3.3 min
  step 1350/4061 | loss -6.689 | 60 ms/step (16.78 it/s) | elapsed 1.7 min | ETA this epoch 2.7 min
  step 1400/4061 | loss -6.346 | 60 ms/step (16.56 it/s) | elapsed 1.7 min | ETA this epoch 2.7 min
  step 1450/4061 | loss -7.362 | 63 ms/step (15.86 it/s) | elapsed 1.8 min | ETA this epoch 2.7 min
  step 1500/4061 | loss -4.881 | 75 ms/step (13.27 it/s) | elapsed 1.8 min | ETA this epoch 3.2 min
  step 1550/4061 | loss -5.128 | 75 ms/step (13.30 it/s) | elapsed 1.9 min | ETA this epoch 3.1 min
  step 1600/4061 | loss -6.249 | 74 ms/step (13.48 it/s) | elapsed 2.0 min | ETA this epoch 3.0 min
  step 1650/4061 | loss -5.783 | 75 ms/step (13.42 it/s) | elapsed 2.0 min | ETA this epoch 3.0 min
  step 1700/4061 | loss -5.110 | 74 ms/step (13.42 it/s) | elapsed 2.1 min | ETA this epoch 2.9 min
  step 1750/4061 | loss -6.641 | 76 ms/step (13.08 it/s) | elapsed 2.2 min | ETA this epoch 2.9 min
  step 1800/4061 | loss -6.785 | 76 ms/step (13.24 it/s) | elapsed 2.2 min | ETA this epoch 2.8 min
  step 1850/4061 | loss -6.116 | 75 ms/step (13.25 it/s) | elapsed 2.3 min | ETA this epoch 2.8 min
  step 1900/4061 | loss -6.774 | 76 ms/step (13.21 it/s) | elapsed 2.3 min | ETA this epoch 2.7 min
  step 1950/4061 | loss -5.143 | 77 ms/step (13.01 it/s) | elapsed 2.4 min | ETA this epoch 2.7 min
  step 2000/4061 | loss -6.375 | 76 ms/step (13.19 it/s) | elapsed 2.5 min | ETA this epoch 2.6 min
  step 2050/4061 | loss -5.365 | 77 ms/step (13.05 it/s) | elapsed 2.5 min | ETA this epoch 2.6 min
  step 2100/4061 | loss -7.242 | 76 ms/step (13.17 it/s) | elapsed 2.6 min | ETA this epoch 2.5 min
  step 2150/4061 | loss -5.290 | 76 ms/step (13.17 it/s) | elapsed 2.7 min | ETA this epoch 2.4 min
  step 2200/4061 | loss -7.480 | 77 ms/step (12.98 it/s) | elapsed 2.7 min | ETA this epoch 2.4 min
  step 2250/4061 | loss -5.289 | 75 ms/step (13.26 it/s) | elapsed 2.8 min | ETA this epoch 2.3 min
  step 2300/4061 | loss -4.816 | 74 ms/step (13.46 it/s) | elapsed 2.9 min | ETA this epoch 2.2 min
  step 2350/4061 | loss -6.703 | 76 ms/step (13.23 it/s) | elapsed 2.9 min | ETA this epoch 2.2 min
  step 2400/4061 | loss -7.517 | 75 ms/step (13.30 it/s) | elapsed 3.0 min | ETA this epoch 2.1 min
  step 2450/4061 | loss -6.202 | 75 ms/step (13.27 it/s) | elapsed 3.0 min | ETA this epoch 2.0 min
  step 2500/4061 | loss -7.005 | 75 ms/step (13.25 it/s) | elapsed 3.1 min | ETA this epoch 2.0 min
  step 2550/4061 | loss -7.198 | 75 ms/step (13.29 it/s) | elapsed 3.2 min | ETA this epoch 1.9 min
  step 2600/4061 | loss -7.335 | 76 ms/step (13.15 it/s) | elapsed 3.2 min | ETA this epoch 1.9 min
  step 2650/4061 | loss -4.082 | 75 ms/step (13.42 it/s) | elapsed 3.3 min | ETA this epoch 1.8 min
  step 2700/4061 | loss -5.435 | 77 ms/step (13.02 it/s) | elapsed 3.4 min | ETA this epoch 1.7 min
  step 2750/4061 | loss -6.601 | 75 ms/step (13.36 it/s) | elapsed 3.4 min | ETA this epoch 1.6 min
  step 2800/4061 | loss -5.346 | 75 ms/step (13.33 it/s) | elapsed 3.5 min | ETA this epoch 1.6 min
  step 2850/4061 | loss -5.203 | 75 ms/step (13.27 it/s) | elapsed 3.5 min | ETA this epoch 1.5 min
  step 2900/4061 | loss -7.003 | 75 ms/step (13.37 it/s) | elapsed 3.6 min | ETA this epoch 1.4 min
  step 2950/4061 | loss -6.426 | 75 ms/step (13.33 it/s) | elapsed 3.7 min | ETA this epoch 1.4 min
  step 3000/4061 | loss -5.281 | 74 ms/step (13.42 it/s) | elapsed 3.7 min | ETA this epoch 1.3 min
  step 3050/4061 | loss -7.306 | 76 ms/step (13.24 it/s) | elapsed 3.8 min | ETA this epoch 1.3 min
  step 3100/4061 | loss -5.704 | 76 ms/step (13.16 it/s) | elapsed 3.9 min | ETA this epoch 1.2 min
  step 3150/4061 | loss -5.516 | 76 ms/step (13.20 it/s) | elapsed 3.9 min | ETA this epoch 1.2 min
  step 3200/4061 | loss -5.146 | 76 ms/step (13.08 it/s) | elapsed 4.0 min | ETA this epoch 1.1 min
  step 3250/4061 | loss -7.099 | 75 ms/step (13.29 it/s) | elapsed 4.0 min | ETA this epoch 1.0 min
  step 3300/4061 | loss -7.954 | 75 ms/step (13.36 it/s) | elapsed 4.1 min | ETA this epoch 0.9 min
  step 3350/4061 | loss -5.827 | 75 ms/step (13.28 it/s) | elapsed 4.2 min | ETA this epoch 0.9 min
  step 3400/4061 | loss -6.147 | 81 ms/step (12.40 it/s) | elapsed 4.2 min | ETA this epoch 0.9 min
  step 3450/4061 | loss -7.589 | 75 ms/step (13.25 it/s) | elapsed 4.3 min | ETA this epoch 0.8 min
  step 3500/4061 | loss -6.290 | 71 ms/step (14.00 it/s) | elapsed 4.4 min | ETA this epoch 0.7 min
  step 3550/4061 | loss -6.451 | 75 ms/step (13.35 it/s) | elapsed 4.4 min | ETA this epoch 0.6 min
  step 3600/4061 | loss -5.148 | 75 ms/step (13.35 it/s) | elapsed 4.5 min | ETA this epoch 0.6 min
  step 3650/4061 | loss -6.569 | 74 ms/step (13.44 it/s) | elapsed 4.6 min | ETA this epoch 0.5 min
  step 3700/4061 | loss -6.105 | 75 ms/step (13.42 it/s) | elapsed 4.6 min | ETA this epoch 0.4 min
  step 3750/4061 | loss -6.768 | 76 ms/step (13.21 it/s) | elapsed 4.7 min | ETA this epoch 0.4 min
  step 3800/4061 | loss -7.513 | 76 ms/step (13.17 it/s) | elapsed 4.7 min | ETA this epoch 0.3 min
  step 3850/4061 | loss -6.492 | 75 ms/step (13.26 it/s) | elapsed 4.8 min | ETA this epoch 0.3 min
  step 3900/4061 | loss -7.590 | 76 ms/step (13.23 it/s) | elapsed 4.9 min | ETA this epoch 0.2 min
  step 3950/4061 | loss -6.956 | 77 ms/step (13.04 it/s) | elapsed 4.9 min | ETA this epoch 0.1 min
  step 4000/4061 | loss -6.824 | 75 ms/step (13.31 it/s) | elapsed 5.0 min | ETA this epoch 0.1 min
  step 4050/4061 | loss -6.878 | 76 ms/step (13.15 it/s) | elapsed 5.1 min | ETA this epoch 0.0 min
Epoch 3/50 | Train -6.295 | Val L1 0.0023 | Val SI-SDR 15.78 dB | Time 5.2 min
EarlyStopping counter: 1/7
  step 50/4061 | loss -6.510 | 76 ms/step (13.18 it/s) | elapsed 0.1 min | ETA this epoch 5.1 min
  step 100/4061 | loss -7.484 | 75 ms/step (13.38 it/s) | elapsed 0.1 min | ETA this epoch 4.9 min
  step 150/4061 | loss -6.352 | 75 ms/step (13.39 it/s) | elapsed 0.2 min | ETA this epoch 4.9 min
  step 200/4061 | loss -6.155 | 75 ms/step (13.33 it/s) | elapsed 0.3 min | ETA this epoch 4.8 min
  step 250/4061 | loss -6.819 | 75 ms/step (13.33 it/s) | elapsed 0.3 min | ETA this epoch 4.8 min
  step 300/4061 | loss -7.921 | 78 ms/step (12.89 it/s) | elapsed 0.4 min | ETA this epoch 4.9 min
  step 350/4061 | loss -5.993 | 75 ms/step (13.28 it/s) | elapsed 0.4 min | ETA this epoch 4.7 min
  step 400/4061 | loss -7.322 | 77 ms/step (12.99 it/s) | elapsed 0.5 min | ETA this epoch 4.7 min
  step 450/4061 | loss -6.922 | 74 ms/step (13.44 it/s) | elapsed 0.6 min | ETA this epoch 4.5 min
  step 500/4061 | loss -6.001 | 77 ms/step (12.96 it/s) | elapsed 0.6 min | ETA this epoch 4.6 min
  step 550/4061 | loss -6.070 | 76 ms/step (13.17 it/s) | elapsed 0.7 min | ETA this epoch 4.4 min
  step 600/4061 | loss -4.525 | 75 ms/step (13.33 it/s) | elapsed 0.8 min | ETA this epoch 4.3 min
  step 650/4061 | loss -6.633 | 78 ms/step (12.76 it/s) | elapsed 0.8 min | ETA this epoch 4.5 min
  step 700/4061 | loss -7.282 | 76 ms/step (13.20 it/s) | elapsed 0.9 min | ETA this epoch 4.2 min
  step 750/4061 | loss -6.300 | 76 ms/step (13.19 it/s) | elapsed 0.9 min | ETA this epoch 4.2 min
  step 800/4061 | loss -4.217 | 76 ms/step (13.20 it/s) | elapsed 1.0 min | ETA this epoch 4.1 min
  step 850/4061 | loss -6.726 | 75 ms/step (13.37 it/s) | elapsed 1.1 min | ETA this epoch 4.0 min
  step 900/4061 | loss -7.664 | 76 ms/step (13.24 it/s) | elapsed 1.1 min | ETA this epoch 4.0 min
  step 950/4061 | loss -7.904 | 75 ms/step (13.29 it/s) | elapsed 1.2 min | ETA this epoch 3.9 min
  step 1000/4061 | loss -6.220 | 75 ms/step (13.30 it/s) | elapsed 1.3 min | ETA this epoch 3.8 min
  step 1050/4061 | loss -6.852 | 77 ms/step (13.05 it/s) | elapsed 1.3 min | ETA this epoch 3.8 min
  step 1100/4061 | loss -4.832 | 77 ms/step (13.04 it/s) | elapsed 1.4 min | ETA this epoch 3.8 min
  step 1150/4061 | loss -6.347 | 77 ms/step (13.06 it/s) | elapsed 1.5 min | ETA this epoch 3.7 min
  step 1200/4061 | loss -7.040 | 65 ms/step (15.27 it/s) | elapsed 1.5 min | ETA this epoch 3.1 min
  step 1250/4061 | loss -5.784 | 65 ms/step (15.36 it/s) | elapsed 1.6 min | ETA this epoch 3.1 min
  step 1300/4061 | loss -5.666 | 53 ms/step (18.82 it/s) | elapsed 1.6 min | ETA this epoch 2.4 min
  step 1350/4061 | loss -6.597 | 69 ms/step (14.52 it/s) | elapsed 1.7 min | ETA this epoch 3.1 min
  step 1400/4061 | loss -5.197 | 76 ms/step (13.11 it/s) | elapsed 1.7 min | ETA this epoch 3.4 min
  step 1450/4061 | loss -4.839 | 75 ms/step (13.29 it/s) | elapsed 1.8 min | ETA this epoch 3.3 min
  step 1500/4061 | loss -6.012 | 74 ms/step (13.47 it/s) | elapsed 1.9 min | ETA this epoch 3.2 min
  step 1550/4061 | loss -5.298 | 74 ms/step (13.43 it/s) | elapsed 1.9 min | ETA this epoch 3.1 min
  step 1600/4061 | loss -7.238 | 75 ms/step (13.35 it/s) | elapsed 2.0 min | ETA this epoch 3.1 min
  step 1650/4061 | loss -6.264 | 74 ms/step (13.48 it/s) | elapsed 2.0 min | ETA this epoch 3.0 min
  step 1700/4061 | loss -7.820 | 76 ms/step (13.17 it/s) | elapsed 2.1 min | ETA this epoch 3.0 min
  step 1750/4061 | loss -6.222 | 76 ms/step (13.20 it/s) | elapsed 2.2 min | ETA this epoch 2.9 min
  step 1800/4061 | loss -6.027 | 76 ms/step (13.11 it/s) | elapsed 2.2 min | ETA this epoch 2.9 min
  step 1850/4061 | loss -6.147 | 76 ms/step (13.13 it/s) | elapsed 2.3 min | ETA this epoch 2.8 min
  step 1900/4061 | loss -5.871 | 77 ms/step (13.02 it/s) | elapsed 2.4 min | ETA this epoch 2.8 min
  step 1950/4061 | loss -6.107 | 75 ms/step (13.42 it/s) | elapsed 2.4 min | ETA this epoch 2.6 min
  step 2000/4061 | loss -7.779 | 74 ms/step (13.44 it/s) | elapsed 2.5 min | ETA this epoch 2.6 min
  step 2050/4061 | loss -6.195 | 75 ms/step (13.41 it/s) | elapsed 2.5 min | ETA this epoch 2.5 min
  step 2100/4061 | loss -6.311 | 76 ms/step (13.17 it/s) | elapsed 2.6 min | ETA this epoch 2.5 min
  step 2150/4061 | loss -7.127 | 76 ms/step (13.08 it/s) | elapsed 2.7 min | ETA this epoch 2.4 min
  step 2200/4061 | loss -6.840 | 75 ms/step (13.25 it/s) | elapsed 2.7 min | ETA this epoch 2.3 min
  step 2250/4061 | loss -6.388 | 75 ms/step (13.39 it/s) | elapsed 2.8 min | ETA this epoch 2.3 min
  step 2300/4061 | loss -6.983 | 75 ms/step (13.36 it/s) | elapsed 2.9 min | ETA this epoch 2.2 min
  step 2350/4061 | loss -6.724 | 74 ms/step (13.50 it/s) | elapsed 2.9 min | ETA this epoch 2.1 min
  step 2400/4061 | loss -6.860 | 75 ms/step (13.39 it/s) | elapsed 3.0 min | ETA this epoch 2.1 min
  step 2450/4061 | loss -6.839 | 81 ms/step (12.40 it/s) | elapsed 3.0 min | ETA this epoch 2.2 min
  step 2500/4061 | loss -6.283 | 75 ms/step (13.35 it/s) | elapsed 3.1 min | ETA this epoch 1.9 min
  step 2550/4061 | loss -5.955 | 75 ms/step (13.29 it/s) | elapsed 3.2 min | ETA this epoch 1.9 min
  step 2600/4061 | loss -7.783 | 76 ms/step (13.19 it/s) | elapsed 3.2 min | ETA this epoch 1.8 min
  step 2650/4061 | loss -5.568 | 75 ms/step (13.26 it/s) | elapsed 3.3 min | ETA this epoch 1.8 min
  step 2700/4061 | loss -6.934 | 78 ms/step (12.82 it/s) | elapsed 3.4 min | ETA this epoch 1.8 min
  step 2750/4061 | loss -6.663 | 76 ms/step (13.11 it/s) | elapsed 3.4 min | ETA this epoch 1.7 min
  step 2800/4061 | loss -6.006 | 74 ms/step (13.49 it/s) | elapsed 3.5 min | ETA this epoch 1.6 min
  step 2850/4061 | loss -6.982 | 75 ms/step (13.39 it/s) | elapsed 3.6 min | ETA this epoch 1.5 min
  step 2900/4061 | loss -5.261 | 75 ms/step (13.28 it/s) | elapsed 3.6 min | ETA this epoch 1.5 min
  step 2950/4061 | loss -5.403 | 76 ms/step (13.14 it/s) | elapsed 3.7 min | ETA this epoch 1.4 min
  step 3000/4061 | loss -7.133 | 75 ms/step (13.31 it/s) | elapsed 3.7 min | ETA this epoch 1.3 min
  step 3050/4061 | loss -8.054 | 76 ms/step (13.13 it/s) | elapsed 3.8 min | ETA this epoch 1.3 min
  step 3100/4061 | loss -6.116 | 76 ms/step (13.23 it/s) | elapsed 3.9 min | ETA this epoch 1.2 min
  step 3150/4061 | loss -5.738 | 75 ms/step (13.28 it/s) | elapsed 3.9 min | ETA this epoch 1.1 min
  step 3200/4061 | loss -5.523 | 75 ms/step (13.32 it/s) | elapsed 4.0 min | ETA this epoch 1.1 min
  step 3250/4061 | loss -6.024 | 76 ms/step (13.19 it/s) | elapsed 4.1 min | ETA this epoch 1.0 min
  step 3300/4061 | loss -7.829 | 75 ms/step (13.34 it/s) | elapsed 4.1 min | ETA this epoch 1.0 min
  step 3350/4061 | loss -6.912 | 74 ms/step (13.50 it/s) | elapsed 4.2 min | ETA this epoch 0.9 min
  step 3400/4061 | loss -8.448 | 74 ms/step (13.48 it/s) | elapsed 4.2 min | ETA this epoch 0.8 min
  step 3450/4061 | loss -7.383 | 75 ms/step (13.36 it/s) | elapsed 4.3 min | ETA this epoch 0.8 min
  step 3500/4061 | loss -6.068 | 75 ms/step (13.26 it/s) | elapsed 4.4 min | ETA this epoch 0.7 min
  step 3550/4061 | loss -6.429 | 75 ms/step (13.30 it/s) | elapsed 4.4 min | ETA this epoch 0.6 min
  step 3600/4061 | loss -6.123 | 76 ms/step (13.17 it/s) | elapsed 4.5 min | ETA this epoch 0.6 min
  step 3650/4061 | loss -4.462 | 76 ms/step (13.08 it/s) | elapsed 4.6 min | ETA this epoch 0.5 min
  step 3700/4061 | loss -8.070 | 75 ms/step (13.42 it/s) | elapsed 4.6 min | ETA this epoch 0.4 min
  step 3750/4061 | loss -5.285 | 75 ms/step (13.37 it/s) | elapsed 4.7 min | ETA this epoch 0.4 min
  step 3800/4061 | loss -5.437 | 75 ms/step (13.40 it/s) | elapsed 4.7 min | ETA this epoch 0.3 min
  step 3850/4061 | loss -3.926 | 75 ms/step (13.31 it/s) | elapsed 4.8 min | ETA this epoch 0.3 min
  step 3900/4061 | loss -5.701 | 75 ms/step (13.25 it/s) | elapsed 4.9 min | ETA this epoch 0.2 min
  step 3950/4061 | loss -6.529 | 80 ms/step (12.46 it/s) | elapsed 4.9 min | ETA this epoch 0.1 min
  step 4000/4061 | loss -6.618 | 76 ms/step (13.15 it/s) | elapsed 5.0 min | ETA this epoch 0.1 min
  step 4050/4061 | loss -7.371 | 75 ms/step (13.38 it/s) | elapsed 5.1 min | ETA this epoch 0.0 min
Epoch 4/50 | Train -6.440 | Val L1 0.0023 | Val SI-SDR 16.56 dB | Time 5.3 min
Saved best model (SI-SDR 16.56 dB) -> /home/bubai-maji/speech_enhancement/script/propose_ablation1/checkpoint_propose_ab1/best_NGDM_SE.pt
  step 50/4061 | loss -6.647 | 75 ms/step (13.25 it/s) | elapsed 0.1 min | ETA this epoch 5.0 min
  step 100/4061 | loss -6.661 | 78 ms/step (12.81 it/s) | elapsed 0.1 min | ETA this epoch 5.2 min
  step 150/4061 | loss -7.694 | 77 ms/step (12.99 it/s) | elapsed 0.2 min | ETA this epoch 5.0 min
  step 200/4061 | loss -6.956 | 76 ms/step (13.13 it/s) | elapsed 0.3 min | ETA this epoch 4.9 min
  step 250/4061 | loss -7.678 | 77 ms/step (12.94 it/s) | elapsed 0.3 min | ETA this epoch 4.9 min
  step 300/4061 | loss -7.202 | 77 ms/step (12.98 it/s) | elapsed 0.4 min | ETA this epoch 4.8 min
  step 350/4061 | loss -7.433 | 77 ms/step (12.94 it/s) | elapsed 0.4 min | ETA this epoch 4.8 min
  step 400/4061 | loss -4.436 | 76 ms/step (13.11 it/s) | elapsed 0.5 min | ETA this epoch 4.7 min
  step 450/4061 | loss -6.089 | 76 ms/step (13.08 it/s) | elapsed 0.6 min | ETA this epoch 4.6 min
  step 500/4061 | loss -6.965 | 77 ms/step (13.05 it/s) | elapsed 0.6 min | ETA this epoch 4.5 min
  step 550/4061 | loss -6.443 | 77 ms/step (12.91 it/s) | elapsed 0.7 min | ETA this epoch 4.5 min
  step 600/4061 | loss -6.636 | 76 ms/step (13.12 it/s) | elapsed 0.8 min | ETA this epoch 4.4 min
  step 650/4061 | loss -5.722 | 78 ms/step (12.76 it/s) | elapsed 0.8 min | ETA this epoch 4.5 min
  step 700/4061 | loss -6.330 | 79 ms/step (12.68 it/s) | elapsed 0.9 min | ETA this epoch 4.4 min
  step 750/4061 | loss -5.204 | 76 ms/step (13.23 it/s) | elapsed 1.0 min | ETA this epoch 4.2 min
  step 800/4061 | loss -5.028 | 78 ms/step (12.89 it/s) | elapsed 1.0 min | ETA this epoch 4.2 min
  step 850/4061 | loss -6.580 | 78 ms/step (12.76 it/s) | elapsed 1.1 min | ETA this epoch 4.2 min
  step 900/4061 | loss -6.284 | 76 ms/step (13.08 it/s) | elapsed 1.2 min | ETA this epoch 4.0 min
  step 950/4061 | loss -6.878 | 76 ms/step (13.15 it/s) | elapsed 1.2 min | ETA this epoch 3.9 min
  step 1000/4061 | loss -5.584 | 69 ms/step (14.56 it/s) | elapsed 1.3 min | ETA this epoch 3.5 min
  step 1050/4061 | loss -4.758 | 66 ms/step (15.14 it/s) | elapsed 1.3 min | ETA this epoch 3.3 min
  step 1100/4061 | loss -6.464 | 60 ms/step (16.58 it/s) | elapsed 1.4 min | ETA this epoch 3.0 min
  step 1150/4061 | loss -6.632 | 62 ms/step (16.15 it/s) | elapsed 1.4 min | ETA this epoch 3.0 min
  step 1200/4061 | loss -6.219 | 63 ms/step (15.86 it/s) | elapsed 1.5 min | ETA this epoch 3.0 min
  step 1250/4061 | loss -5.956 | 66 ms/step (15.11 it/s) | elapsed 1.5 min | ETA this epoch 3.1 min
  step 1300/4061 | loss -7.651 | 77 ms/step (13.06 it/s) | elapsed 1.6 min | ETA this epoch 3.5 min
  step 1350/4061 | loss -7.745 | 76 ms/step (13.24 it/s) | elapsed 1.7 min | ETA this epoch 3.4 min
  step 1400/4061 | loss -6.505 | 77 ms/step (12.91 it/s) | elapsed 1.7 min | ETA this epoch 3.4 min
  step 1450/4061 | loss -7.340 | 77 ms/step (12.99 it/s) | elapsed 1.8 min | ETA this epoch 3.4 min
  step 1500/4061 | loss -7.015 | 77 ms/step (13.02 it/s) | elapsed 1.9 min | ETA this epoch 3.3 min
  step 1550/4061 | loss -6.389 | 77 ms/step (12.91 it/s) | elapsed 1.9 min | ETA this epoch 3.2 min
  step 1600/4061 | loss -6.514 | 76 ms/step (13.13 it/s) | elapsed 2.0 min | ETA this epoch 3.1 min
  step 1650/4061 | loss -7.237 | 77 ms/step (12.92 it/s) | elapsed 2.1 min | ETA this epoch 3.1 min
  step 1700/4061 | loss -6.723 | 77 ms/step (12.98 it/s) | elapsed 2.1 min | ETA this epoch 3.0 min
  step 1750/4061 | loss -7.296 | 78 ms/step (12.85 it/s) | elapsed 2.2 min | ETA this epoch 3.0 min
  step 1800/4061 | loss -4.176 | 79 ms/step (12.71 it/s) | elapsed 2.2 min | ETA this epoch 3.0 min
  step 1850/4061 | loss -6.548 | 78 ms/step (12.89 it/s) | elapsed 2.3 min | ETA this epoch 2.9 min
  step 1900/4061 | loss -6.038 | 77 ms/step (13.05 it/s) | elapsed 2.4 min | ETA this epoch 2.8 min
  step 1950/4061 | loss -5.805 | 78 ms/step (12.85 it/s) | elapsed 2.4 min | ETA this epoch 2.7 min
  step 2000/4061 | loss -6.409 | 79 ms/step (12.68 it/s) | elapsed 2.5 min | ETA this epoch 2.7 min
  step 2050/4061 | loss -7.792 | 78 ms/step (12.84 it/s) | elapsed 2.6 min | ETA this epoch 2.6 min
  step 2100/4061 | loss -6.279 | 77 ms/step (13.01 it/s) | elapsed 2.6 min | ETA this epoch 2.5 min
  step 2150/4061 | loss -6.573 | 77 ms/step (12.97 it/s) | elapsed 2.7 min | ETA this epoch 2.5 min
  step 2200/4061 | loss -6.273 | 79 ms/step (12.65 it/s) | elapsed 2.8 min | ETA this epoch 2.5 min
  step 2250/4061 | loss -5.954 | 77 ms/step (12.98 it/s) | elapsed 2.8 min | ETA this epoch 2.3 min
  step 2300/4061 | loss -6.861 | 76 ms/step (13.10 it/s) | elapsed 2.9 min | ETA this epoch 2.2 min
  step 2350/4061 | loss -5.268 | 79 ms/step (12.64 it/s) | elapsed 3.0 min | ETA this epoch 2.3 min
  step 2400/4061 | loss -6.798 | 77 ms/step (12.98 it/s) | elapsed 3.0 min | ETA this epoch 2.1 min
  step 2450/4061 | loss -6.037 | 78 ms/step (12.80 it/s) | elapsed 3.1 min | ETA this epoch 2.1 min
  step 2500/4061 | loss -7.224 | 76 ms/step (13.24 it/s) | elapsed 3.2 min | ETA this epoch 2.0 min
  step 2550/4061 | loss -7.271 | 76 ms/step (13.18 it/s) | elapsed 3.2 min | ETA this epoch 1.9 min
  step 2600/4061 | loss -5.191 | 76 ms/step (13.14 it/s) | elapsed 3.3 min | ETA this epoch 1.9 min
  step 2650/4061 | loss -6.259 | 77 ms/step (12.91 it/s) | elapsed 3.3 min | ETA this epoch 1.8 min
  step 2700/4061 | loss -5.778 | 79 ms/step (12.71 it/s) | elapsed 3.4 min | ETA this epoch 1.8 min
  step 2750/4061 | loss -5.588 | 76 ms/step (13.11 it/s) | elapsed 3.5 min | ETA this epoch 1.7 min
  step 2800/4061 | loss -5.329 | 76 ms/step (13.24 it/s) | elapsed 3.5 min | ETA this epoch 1.6 min
  step 2850/4061 | loss -6.303 | 77 ms/step (12.92 it/s) | elapsed 3.6 min | ETA this epoch 1.6 min
  step 2900/4061 | loss -6.529 | 75 ms/step (13.29 it/s) | elapsed 3.7 min | ETA this epoch 1.5 min
  step 2950/4061 | loss -7.804 | 77 ms/step (12.94 it/s) | elapsed 3.7 min | ETA this epoch 1.4 min
  step 3000/4061 | loss -5.884 | 77 ms/step (12.98 it/s) | elapsed 3.8 min | ETA this epoch 1.4 min
  step 3050/4061 | loss -7.831 | 76 ms/step (13.09 it/s) | elapsed 3.9 min | ETA this epoch 1.3 min
  step 3100/4061 | loss -6.775 | 77 ms/step (12.96 it/s) | elapsed 3.9 min | ETA this epoch 1.2 min
  step 3150/4061 | loss -6.556 | 75 ms/step (13.26 it/s) | elapsed 4.0 min | ETA this epoch 1.1 min
  step 3200/4061 | loss -7.688 | 78 ms/step (12.80 it/s) | elapsed 4.0 min | ETA this epoch 1.1 min
  step 3250/4061 | loss -5.738 | 76 ms/step (13.23 it/s) | elapsed 4.1 min | ETA this epoch 1.0 min
  step 3300/4061 | loss -6.628 | 78 ms/step (12.82 it/s) | elapsed 4.2 min | ETA this epoch 1.0 min
  step 3350/4061 | loss -6.704 | 78 ms/step (12.89 it/s) | elapsed 4.2 min | ETA this epoch 0.9 min
  step 3400/4061 | loss -6.236 | 77 ms/step (12.99 it/s) | elapsed 4.3 min | ETA this epoch 0.8 min
  step 3450/4061 | loss -7.071 | 75 ms/step (13.28 it/s) | elapsed 4.4 min | ETA this epoch 0.8 min
  step 3500/4061 | loss -6.684 | 75 ms/step (13.42 it/s) | elapsed 4.4 min | ETA this epoch 0.7 min
  step 3550/4061 | loss -5.938 | 76 ms/step (13.19 it/s) | elapsed 4.5 min | ETA this epoch 0.6 min
  step 3600/4061 | loss -7.630 | 75 ms/step (13.33 it/s) | elapsed 4.6 min | ETA this epoch 0.6 min
  step 3650/4061 | loss -5.222 | 78 ms/step (12.90 it/s) | elapsed 4.6 min | ETA this epoch 0.5 min
  step 3700/4061 | loss -6.068 | 77 ms/step (13.06 it/s) | elapsed 4.7 min | ETA this epoch 0.5 min
  step 3750/4061 | loss -7.415 | 77 ms/step (13.02 it/s) | elapsed 4.7 min | ETA this epoch 0.4 min
  step 3800/4061 | loss -8.207 | 78 ms/step (12.88 it/s) | elapsed 4.8 min | ETA this epoch 0.3 min
  step 3850/4061 | loss -6.544 | 74 ms/step (13.58 it/s) | elapsed 4.9 min | ETA this epoch 0.3 min
  step 3900/4061 | loss -6.999 | 78 ms/step (12.79 it/s) | elapsed 4.9 min | ETA this epoch 0.2 min
  step 3950/4061 | loss -5.863 | 76 ms/step (13.20 it/s) | elapsed 5.0 min | ETA this epoch 0.1 min
  step 4000/4061 | loss -6.112 | 76 ms/step (13.14 it/s) | elapsed 5.1 min | ETA this epoch 0.1 min
  step 4050/4061 | loss -7.688 | 74 ms/step (13.57 it/s) | elapsed 5.1 min | ETA this epoch 0.0 min
Epoch 5/50 | Train -6.634 | Val L1 0.0021 | Val SI-SDR 16.69 dB | Time 5.4 min
Saved best model (SI-SDR 16.69 dB) -> /home/bubai-maji/speech_enhancement/script/propose_ablation1/checkpoint_propose_ab1/best_NGDM_SE.pt
  step 50/4061 | loss -6.163 | 76 ms/step (13.20 it/s) | elapsed 0.1 min | ETA this epoch 5.1 min
  step 100/4061 | loss -6.707 | 76 ms/step (13.17 it/s) | elapsed 0.1 min | ETA this epoch 5.0 min
  step 150/4061 | loss -8.322 | 77 ms/step (13.06 it/s) | elapsed 0.2 min | ETA this epoch 5.0 min
  step 200/4061 | loss -5.263 | 75 ms/step (13.26 it/s) | elapsed 0.3 min | ETA this epoch 4.9 min
  step 250/4061 | loss -6.414 | 77 ms/step (12.99 it/s) | elapsed 0.3 min | ETA this epoch 4.9 min
  step 300/4061 | loss -6.209 | 78 ms/step (12.77 it/s) | elapsed 0.4 min | ETA this epoch 4.9 min
  step 350/4061 | loss -7.861 | 78 ms/step (12.78 it/s) | elapsed 0.4 min | ETA this epoch 4.8 min
  step 400/4061 | loss -4.834 | 76 ms/step (13.09 it/s) | elapsed 0.5 min | ETA this epoch 4.7 min
  step 450/4061 | loss -5.932 | 76 ms/step (13.23 it/s) | elapsed 0.6 min | ETA this epoch 4.5 min
  step 500/4061 | loss -8.495 | 76 ms/step (13.12 it/s) | elapsed 0.6 min | ETA this epoch 4.5 min
  step 550/4061 | loss -6.919 | 76 ms/step (13.10 it/s) | elapsed 0.7 min | ETA this epoch 4.5 min
  step 600/4061 | loss -7.409 | 76 ms/step (13.09 it/s) | elapsed 0.8 min | ETA this epoch 4.4 min
  step 650/4061 | loss -7.739 | 76 ms/step (13.23 it/s) | elapsed 0.8 min | ETA this epoch 4.3 min
  step 700/4061 | loss -6.524 | 77 ms/step (12.92 it/s) | elapsed 0.9 min | ETA this epoch 4.3 min
  step 750/4061 | loss -7.329 | 74 ms/step (13.42 it/s) | elapsed 1.0 min | ETA this epoch 4.1 min
  step 800/4061 | loss -6.843 | 75 ms/step (13.25 it/s) | elapsed 1.0 min | ETA this epoch 4.1 min
  step 850/4061 | loss -5.614 | 77 ms/step (13.06 it/s) | elapsed 1.1 min | ETA this epoch 4.1 min
  step 900/4061 | loss -6.530 | 61 ms/step (16.28 it/s) | elapsed 1.1 min | ETA this epoch 3.2 min
  step 950/4061 | loss -5.424 | 57 ms/step (17.44 it/s) | elapsed 1.2 min | ETA this epoch 3.0 min
  step 1000/4061 | loss -7.243 | 60 ms/step (16.74 it/s) | elapsed 1.2 min | ETA this epoch 3.0 min
  step 1050/4061 | loss -6.179 | 60 ms/step (16.56 it/s) | elapsed 1.3 min | ETA this epoch 3.0 min
  step 1100/4061 | loss -6.564 | 59 ms/step (16.86 it/s) | elapsed 1.3 min | ETA this epoch 2.9 min
  step 1150/4061 | loss -6.000 | 60 ms/step (16.66 it/s) | elapsed 1.4 min | ETA this epoch 2.9 min
  step 1200/4061 | loss -7.956 | 70 ms/step (14.31 it/s) | elapsed 1.4 min | ETA this epoch 3.3 min
  step 1250/4061 | loss -5.453 | 76 ms/step (13.19 it/s) | elapsed 1.5 min | ETA this epoch 3.6 min
  step 1300/4061 | loss -6.047 | 76 ms/step (13.17 it/s) | elapsed 1.6 min | ETA this epoch 3.5 min
  step 1350/4061 | loss -6.667 | 77 ms/step (13.07 it/s) | elapsed 1.6 min | ETA this epoch 3.5 min
  step 1400/4061 | loss -7.071 | 77 ms/step (12.92 it/s) | elapsed 1.7 min | ETA this epoch 3.4 min
  step 1450/4061 | loss -6.585 | 77 ms/step (13.00 it/s) | elapsed 1.8 min | ETA this epoch 3.3 min
  step 1500/4061 | loss -7.103 | 77 ms/step (12.95 it/s) | elapsed 1.8 min | ETA this epoch 3.3 min
  step 1550/4061 | loss -5.523 | 76 ms/step (13.18 it/s) | elapsed 1.9 min | ETA this epoch 3.2 min
  step 1600/4061 | loss -6.269 | 76 ms/step (13.15 it/s) | elapsed 1.9 min | ETA this epoch 3.1 min
  step 1650/4061 | loss -5.633 | 79 ms/step (12.68 it/s) | elapsed 2.0 min | ETA this epoch 3.2 min
  step 1700/4061 | loss -7.377 | 76 ms/step (13.21 it/s) | elapsed 2.1 min | ETA this epoch 3.0 min
  step 1750/4061 | loss -5.973 | 77 ms/step (13.02 it/s) | elapsed 2.1 min | ETA this epoch 3.0 min
  step 1800/4061 | loss -8.150 | 77 ms/step (13.06 it/s) | elapsed 2.2 min | ETA this epoch 2.9 min
  step 1850/4061 | loss -9.628 | 75 ms/step (13.27 it/s) | elapsed 2.3 min | ETA this epoch 2.8 min
  step 1900/4061 | loss -5.363 | 76 ms/step (13.10 it/s) | elapsed 2.3 min | ETA this epoch 2.7 min
  step 1950/4061 | loss -7.807 | 79 ms/step (12.67 it/s) | elapsed 2.4 min | ETA this epoch 2.8 min
  step 2000/4061 | loss -9.084 | 75 ms/step (13.27 it/s) | elapsed 2.5 min | ETA this epoch 2.6 min
  step 2050/4061 | loss -6.681 | 76 ms/step (13.24 it/s) | elapsed 2.5 min | ETA this epoch 2.5 min
  step 2100/4061 | loss -6.089 | 76 ms/step (13.10 it/s) | elapsed 2.6 min | ETA this epoch 2.5 min
  step 2150/4061 | loss -7.376 | 76 ms/step (13.12 it/s) | elapsed 2.6 min | ETA this epoch 2.4 min
  step 2200/4061 | loss -6.381 | 77 ms/step (13.03 it/s) | elapsed 2.7 min | ETA this epoch 2.4 min
  step 2250/4061 | loss -5.972 | 81 ms/step (12.42 it/s) | elapsed 2.8 min | ETA this epoch 2.4 min
  step 2300/4061 | loss -7.916 | 75 ms/step (13.27 it/s) | elapsed 2.8 min | ETA this epoch 2.2 min
  step 2350/4061 | loss -7.225 | 77 ms/step (12.96 it/s) | elapsed 2.9 min | ETA this epoch 2.2 min
  step 2400/4061 | loss -4.737 | 74 ms/step (13.45 it/s) | elapsed 3.0 min | ETA this epoch 2.1 min
  step 2450/4061 | loss -5.681 | 77 ms/step (13.04 it/s) | elapsed 3.0 min | ETA this epoch 2.1 min
  step 2500/4061 | loss -8.738 | 77 ms/step (12.97 it/s) | elapsed 3.1 min | ETA this epoch 2.0 min
  step 2550/4061 | loss -7.737 | 76 ms/step (13.20 it/s) | elapsed 3.2 min | ETA this epoch 1.9 min
  step 2600/4061 | loss -5.873 | 78 ms/step (12.87 it/s) | elapsed 3.2 min | ETA this epoch 1.9 min
  step 2650/4061 | loss -6.863 | 77 ms/step (13.00 it/s) | elapsed 3.3 min | ETA this epoch 1.8 min
  step 2700/4061 | loss -6.162 | 77 ms/step (12.93 it/s) | elapsed 3.4 min | ETA this epoch 1.8 min
  step 2750/4061 | loss -6.581 | 76 ms/step (13.08 it/s) | elapsed 3.4 min | ETA this epoch 1.7 min
  step 2800/4061 | loss -6.001 | 77 ms/step (13.06 it/s) | elapsed 3.5 min | ETA this epoch 1.6 min
  step 2850/4061 | loss -8.281 | 75 ms/step (13.25 it/s) | elapsed 3.5 min | ETA this epoch 1.5 min
  step 2900/4061 | loss -5.582 | 76 ms/step (13.08 it/s) | elapsed 3.6 min | ETA this epoch 1.5 min
  step 2950/4061 | loss -7.255 | 77 ms/step (12.97 it/s) | elapsed 3.7 min | ETA this epoch 1.4 min
  step 3000/4061 | loss -6.523 | 77 ms/step (13.03 it/s) | elapsed 3.7 min | ETA this epoch 1.4 min
  step 3050/4061 | loss -6.363 | 74 ms/step (13.51 it/s) | elapsed 3.8 min | ETA this epoch 1.2 min
  step 3100/4061 | loss -7.071 | 76 ms/step (13.16 it/s) | elapsed 3.9 min | ETA this epoch 1.2 min
  step 3150/4061 | loss -6.323 | 76 ms/step (13.15 it/s) | elapsed 3.9 min | ETA this epoch 1.2 min
  step 3200/4061 | loss -6.567 | 76 ms/step (13.12 it/s) | elapsed 4.0 min | ETA this epoch 1.1 min
  step 3250/4061 | loss -6.299 | 76 ms/step (13.08 it/s) | elapsed 4.1 min | ETA this epoch 1.0 min
  step 3300/4061 | loss -9.295 | 77 ms/step (13.06 it/s) | elapsed 4.1 min | ETA this epoch 1.0 min
  step 3350/4061 | loss -4.893 | 76 ms/step (13.11 it/s) | elapsed 4.2 min | ETA this epoch 0.9 min
  step 3400/4061 | loss -6.971 | 77 ms/step (12.92 it/s) | elapsed 4.2 min | ETA this epoch 0.9 min
  step 3450/4061 | loss -7.647 | 78 ms/step (12.80 it/s) | elapsed 4.3 min | ETA this epoch 0.8 min
  step 3500/4061 | loss -8.053 | 78 ms/step (12.74 it/s) | elapsed 4.4 min | ETA this epoch 0.7 min
  step 3550/4061 | loss -6.799 | 77 ms/step (12.91 it/s) | elapsed 4.4 min | ETA this epoch 0.7 min
  step 3600/4061 | loss -6.163 | 77 ms/step (13.04 it/s) | elapsed 4.5 min | ETA this epoch 0.6 min
  step 3650/4061 | loss -6.857 | 77 ms/step (12.97 it/s) | elapsed 4.6 min | ETA this epoch 0.5 min
  step 3700/4061 | loss -6.689 | 78 ms/step (12.90 it/s) | elapsed 4.6 min | ETA this epoch 0.5 min
  step 3750/4061 | loss -4.686 | 77 ms/step (12.98 it/s) | elapsed 4.7 min | ETA this epoch 0.4 min
  step 3800/4061 | loss -6.574 | 78 ms/step (12.80 it/s) | elapsed 4.8 min | ETA this epoch 0.3 min
  step 3850/4061 | loss -7.150 | 75 ms/step (13.36 it/s) | elapsed 4.8 min | ETA this epoch 0.3 min
  step 3900/4061 | loss -5.207 | 77 ms/step (12.91 it/s) | elapsed 4.9 min | ETA this epoch 0.2 min
  step 3950/4061 | loss -6.021 | 77 ms/step (12.94 it/s) | elapsed 5.0 min | ETA this epoch 0.1 min
  step 4000/4061 | loss -6.885 | 75 ms/step (13.36 it/s) | elapsed 5.0 min | ETA this epoch 0.1 min
  step 4050/4061 | loss -6.568 | 75 ms/step (13.32 it/s) | elapsed 5.1 min | ETA this epoch 0.0 min
Epoch 6/50 | Train -6.648 | Val L1 0.0021 | Val SI-SDR 16.62 dB | Time 5.3 min
EarlyStopping counter: 1/7
  step 50/4061 | loss -8.239 | 75 ms/step (13.32 it/s) | elapsed 0.1 min | ETA this epoch 5.0 min
  step 100/4061 | loss -6.075 | 76 ms/step (13.13 it/s) | elapsed 0.1 min | ETA this epoch 5.0 min
  step 150/4061 | loss -8.225 | 75 ms/step (13.42 it/s) | elapsed 0.2 min | ETA this epoch 4.9 min
  step 200/4061 | loss -6.198 | 75 ms/step (13.35 it/s) | elapsed 0.3 min | ETA this epoch 4.8 min
  step 250/4061 | loss -6.554 | 75 ms/step (13.38 it/s) | elapsed 0.3 min | ETA this epoch 4.7 min
  step 300/4061 | loss -7.302 | 77 ms/step (13.01 it/s) | elapsed 0.4 min | ETA this epoch 4.8 min
  step 350/4061 | loss -6.696 | 77 ms/step (13.06 it/s) | elapsed 0.4 min | ETA this epoch 4.7 min
  step 400/4061 | loss -6.620 | 77 ms/step (12.98 it/s) | elapsed 0.5 min | ETA this epoch 4.7 min
  step 450/4061 | loss -7.935 | 76 ms/step (13.16 it/s) | elapsed 0.6 min | ETA this epoch 4.6 min
  step 500/4061 | loss -4.937 | 75 ms/step (13.37 it/s) | elapsed 0.6 min | ETA this epoch 4.4 min
  step 550/4061 | loss -7.341 | 75 ms/step (13.28 it/s) | elapsed 0.7 min | ETA this epoch 4.4 min
  step 600/4061 | loss -7.840 | 76 ms/step (13.22 it/s) | elapsed 0.8 min | ETA this epoch 4.4 min
  step 650/4061 | loss -5.812 | 75 ms/step (13.36 it/s) | elapsed 0.8 min | ETA this epoch 4.3 min
  step 700/4061 | loss -4.898 | 75 ms/step (13.34 it/s) | elapsed 0.9 min | ETA this epoch 4.2 min
  step 750/4061 | loss -6.290 | 77 ms/step (13.05 it/s) | elapsed 0.9 min | ETA this epoch 4.2 min
  step 800/4061 | loss -8.195 | 76 ms/step (13.17 it/s) | elapsed 1.0 min | ETA this epoch 4.1 min
  step 850/4061 | loss -5.191 | 74 ms/step (13.45 it/s) | elapsed 1.1 min | ETA this epoch 4.0 min
  step 900/4061 | loss -5.835 | 73 ms/step (13.61 it/s) | elapsed 1.1 min | ETA this epoch 3.9 min
  step 950/4061 | loss -5.454 | 60 ms/step (16.54 it/s) | elapsed 1.2 min | ETA this epoch 3.1 min
  step 1000/4061 | loss -6.397 | 57 ms/step (17.49 it/s) | elapsed 1.2 min | ETA this epoch 2.9 min
  step 1050/4061 | loss -6.106 | 60 ms/step (16.59 it/s) | elapsed 1.3 min | ETA this epoch 3.0 min
  step 1100/4061 | loss -6.742 | 64 ms/step (15.68 it/s) | elapsed 1.3 min | ETA this epoch 3.1 min
  step 1150/4061 | loss -6.442 | 72 ms/step (13.87 it/s) | elapsed 1.4 min | ETA this epoch 3.5 min
  step 1200/4061 | loss -6.138 | 77 ms/step (12.97 it/s) | elapsed 1.5 min | ETA this epoch 3.7 min
  step 1250/4061 | loss -8.248 | 77 ms/step (13.07 it/s) | elapsed 1.5 min | ETA this epoch 3.6 min
  step 1300/4061 | loss -5.925 | 76 ms/step (13.23 it/s) | elapsed 1.6 min | ETA this epoch 3.5 min
  step 1350/4061 | loss -7.553 | 76 ms/step (13.21 it/s) | elapsed 1.6 min | ETA this epoch 3.4 min
  step 1400/4061 | loss -8.173 | 76 ms/step (13.22 it/s) | elapsed 1.7 min | ETA this epoch 3.4 min
  step 1450/4061 | loss -8.457 | 76 ms/step (13.15 it/s) | elapsed 1.8 min | ETA this epoch 3.3 min
  step 1500/4061 | loss -6.915 | 75 ms/step (13.38 it/s) | elapsed 1.8 min | ETA this epoch 3.2 min
  step 1550/4061 | loss -6.559 | 76 ms/step (13.21 it/s) | elapsed 1.9 min | ETA this epoch 3.2 min
  step 1600/4061 | loss -6.165 | 74 ms/step (13.47 it/s) | elapsed 2.0 min | ETA this epoch 3.0 min
  step 1650/4061 | loss -5.928 | 76 ms/step (13.23 it/s) | elapsed 2.0 min | ETA this epoch 3.0 min
  step 1700/4061 | loss -6.707 | 75 ms/step (13.26 it/s) | elapsed 2.1 min | ETA this epoch 3.0 min
  step 1750/4061 | loss -5.927 | 75 ms/step (13.40 it/s) | elapsed 2.1 min | ETA this epoch 2.9 min
  step 1800/4061 | loss -6.252 | 76 ms/step (13.20 it/s) | elapsed 2.2 min | ETA this epoch 2.9 min
  step 1850/4061 | loss -7.242 | 77 ms/step (12.99 it/s) | elapsed 2.3 min | ETA this epoch 2.8 min
  step 1900/4061 | loss -6.170 | 76 ms/step (13.16 it/s) | elapsed 2.3 min | ETA this epoch 2.7 min
  step 1950/4061 | loss -4.544 | 76 ms/step (13.22 it/s) | elapsed 2.4 min | ETA this epoch 2.7 min
  step 2000/4061 | loss -6.355 | 75 ms/step (13.27 it/s) | elapsed 2.5 min | ETA this epoch 2.6 min
  step 2050/4061 | loss -5.619 | 76 ms/step (13.09 it/s) | elapsed 2.5 min | ETA this epoch 2.6 min
  step 2100/4061 | loss -6.930 | 76 ms/step (13.08 it/s) | elapsed 2.6 min | ETA this epoch 2.5 min
  step 2150/4061 | loss -8.437 | 78 ms/step (12.88 it/s) | elapsed 2.7 min | ETA this epoch 2.5 min
  step 2200/4061 | loss -6.512 | 79 ms/step (12.70 it/s) | elapsed 2.7 min | ETA this epoch 2.4 min
  step 2250/4061 | loss -7.220 | 78 ms/step (12.87 it/s) | elapsed 2.8 min | ETA this epoch 2.3 min
  step 2300/4061 | loss -6.596 | 79 ms/step (12.61 it/s) | elapsed 2.9 min | ETA this epoch 2.3 min
  step 2350/4061 | loss -7.801 | 73 ms/step (13.72 it/s) | elapsed 2.9 min | ETA this epoch 2.1 min
  step 2400/4061 | loss -6.942 | 73 ms/step (13.75 it/s) | elapsed 3.0 min | ETA this epoch 2.0 min
  step 2450/4061 | loss -7.441 | 76 ms/step (13.13 it/s) | elapsed 3.0 min | ETA this epoch 2.0 min
  step 2500/4061 | loss -7.175 | 76 ms/step (13.11 it/s) | elapsed 3.1 min | ETA this epoch 2.0 min
  step 2550/4061 | loss -6.241 | 76 ms/step (13.24 it/s) | elapsed 3.2 min | ETA this epoch 1.9 min
  step 2600/4061 | loss -7.334 | 75 ms/step (13.33 it/s) | elapsed 3.2 min | ETA this epoch 1.8 min
  step 2650/4061 | loss -6.492 | 75 ms/step (13.30 it/s) | elapsed 3.3 min | ETA this epoch 1.8 min
  step 2700/4061 | loss -9.029 | 74 ms/step (13.44 it/s) | elapsed 3.4 min | ETA this epoch 1.7 min
  step 2750/4061 | loss -7.264 | 75 ms/step (13.29 it/s) | elapsed 3.4 min | ETA this epoch 1.6 min
  step 2800/4061 | loss -7.616 | 77 ms/step (12.91 it/s) | elapsed 3.5 min | ETA this epoch 1.6 min
  step 2850/4061 | loss -6.237 | 80 ms/step (12.47 it/s) | elapsed 3.5 min | ETA this epoch 1.6 min
  step 2900/4061 | loss -6.136 | 78 ms/step (12.88 it/s) | elapsed 3.6 min | ETA this epoch 1.5 min
  step 2950/4061 | loss -7.316 | 77 ms/step (12.93 it/s) | elapsed 3.7 min | ETA this epoch 1.4 min
  step 3000/4061 | loss -7.586 | 77 ms/step (12.91 it/s) | elapsed 3.7 min | ETA this epoch 1.4 min
  step 3050/4061 | loss -6.764 | 78 ms/step (12.82 it/s) | elapsed 3.8 min | ETA this epoch 1.3 min
  step 3100/4061 | loss -6.961 | 74 ms/step (13.57 it/s) | elapsed 3.9 min | ETA this epoch 1.2 min
  step 3150/4061 | loss -5.953 | 80 ms/step (12.52 it/s) | elapsed 3.9 min | ETA this epoch 1.2 min
  step 3200/4061 | loss -5.357 | 76 ms/step (13.17 it/s) | elapsed 4.0 min | ETA this epoch 1.1 min
  step 3250/4061 | loss -7.014 | 77 ms/step (13.01 it/s) | elapsed 4.1 min | ETA this epoch 1.0 min
  step 3300/4061 | loss -9.200 | 82 ms/step (12.13 it/s) | elapsed 4.1 min | ETA this epoch 1.0 min
  step 3350/4061 | loss -6.984 | 78 ms/step (12.85 it/s) | elapsed 4.2 min | ETA this epoch 0.9 min
  step 3400/4061 | loss -7.987 | 75 ms/step (13.26 it/s) | elapsed 4.3 min | ETA this epoch 0.8 min
  step 3450/4061 | loss -6.733 | 77 ms/step (12.96 it/s) | elapsed 4.3 min | ETA this epoch 0.8 min
  step 3500/4061 | loss -5.440 | 76 ms/step (13.17 it/s) | elapsed 4.4 min | ETA this epoch 0.7 min
  step 3550/4061 | loss -8.179 | 75 ms/step (13.39 it/s) | elapsed 4.4 min | ETA this epoch 0.6 min
  step 3600/4061 | loss -7.634 | 75 ms/step (13.37 it/s) | elapsed 4.5 min | ETA this epoch 0.6 min
  step 3650/4061 | loss -8.064 | 76 ms/step (13.11 it/s) | elapsed 4.6 min | ETA this epoch 0.5 min
  step 3700/4061 | loss -7.567 | 76 ms/step (13.16 it/s) | elapsed 4.6 min | ETA this epoch 0.5 min
  step 3750/4061 | loss -6.304 | 76 ms/step (13.09 it/s) | elapsed 4.7 min | ETA this epoch 0.4 min
  step 3800/4061 | loss -6.470 | 75 ms/step (13.26 it/s) | elapsed 4.8 min | ETA this epoch 0.3 min
  step 3850/4061 | loss -8.731 | 76 ms/step (13.14 it/s) | elapsed 4.8 min | ETA this epoch 0.3 min
  step 3900/4061 | loss -5.877 | 76 ms/step (13.17 it/s) | elapsed 4.9 min | ETA this epoch 0.2 min
  step 3950/4061 | loss -6.337 | 75 ms/step (13.30 it/s) | elapsed 5.0 min | ETA this epoch 0.1 min
  step 4000/4061 | loss -6.798 | 76 ms/step (13.17 it/s) | elapsed 5.0 min | ETA this epoch 0.1 min
  step 4050/4061 | loss -8.748 | 77 ms/step (12.94 it/s) | elapsed 5.1 min | ETA this epoch 0.0 min
Epoch 7/50 | Train -6.744 | Val L1 0.0021 | Val SI-SDR 17.05 dB | Time 5.5 min
Saved best model (SI-SDR 17.05 dB) -> /home/bubai-maji/speech_enhancement/script/propose_ablation1/checkpoint_propose_ab1/best_NGDM_SE.pt
  step 50/4061 | loss -4.622 | 75 ms/step (13.25 it/s) | elapsed 0.1 min | ETA this epoch 5.0 min
  step 100/4061 | loss -6.053 | 75 ms/step (13.25 it/s) | elapsed 0.1 min | ETA this epoch 5.0 min
  step 150/4061 | loss -5.976 | 75 ms/step (13.31 it/s) | elapsed 0.2 min | ETA this epoch 4.9 min
  step 200/4061 | loss -6.896 | 75 ms/step (13.31 it/s) | elapsed 0.3 min | ETA this epoch 4.8 min
  step 250/4061 | loss -6.888 | 75 ms/step (13.26 it/s) | elapsed 0.3 min | ETA this epoch 4.8 min
  step 300/4061 | loss -7.793 | 75 ms/step (13.31 it/s) | elapsed 0.4 min | ETA this epoch 4.7 min
  step 350/4061 | loss -6.442 | 75 ms/step (13.27 it/s) | elapsed 0.4 min | ETA this epoch 4.7 min
  step 400/4061 | loss -5.743 | 76 ms/step (13.22 it/s) | elapsed 0.5 min | ETA this epoch 4.6 min
  step 450/4061 | loss -7.298 | 77 ms/step (13.06 it/s) | elapsed 0.6 min | ETA this epoch 4.6 min
  step 500/4061 | loss -6.101 | 70 ms/step (14.28 it/s) | elapsed 0.6 min | ETA this epoch 4.2 min
  step 550/4061 | loss -6.444 | 61 ms/step (16.40 it/s) | elapsed 0.7 min | ETA this epoch 3.6 min
  step 600/4061 | loss -5.925 | 60 ms/step (16.80 it/s) | elapsed 0.7 min | ETA this epoch 3.4 min
  step 650/4061 | loss -6.557 | 56 ms/step (17.73 it/s) | elapsed 0.8 min | ETA this epoch 3.2 min
  step 700/4061 | loss -8.449 | 58 ms/step (17.13 it/s) | elapsed 0.8 min | ETA this epoch 3.3 min
  step 750/4061 | loss -6.311 | 56 ms/step (17.76 it/s) | elapsed 0.9 min | ETA this epoch 3.1 min
  step 800/4061 | loss -4.975 | 72 ms/step (13.88 it/s) | elapsed 0.9 min | ETA this epoch 3.9 min
  step 850/4061 | loss -6.465 | 85 ms/step (11.82 it/s) | elapsed 1.0 min | ETA this epoch 4.5 min
  step 900/4061 | loss -7.356 | 82 ms/step (12.15 it/s) | elapsed 1.1 min | ETA this epoch 4.3 min
  step 950/4061 | loss -6.682 | 79 ms/step (12.68 it/s) | elapsed 1.1 min | ETA this epoch 4.1 min
  step 1000/4061 | loss -6.628 | 81 ms/step (12.40 it/s) | elapsed 1.2 min | ETA this epoch 4.1 min
  step 1050/4061 | loss -5.712 | 81 ms/step (12.42 it/s) | elapsed 1.3 min | ETA this epoch 4.0 min
  step 1100/4061 | loss -6.218 | 82 ms/step (12.26 it/s) | elapsed 1.3 min | ETA this epoch 4.0 min
  step 1150/4061 | loss -6.577 | 87 ms/step (11.54 it/s) | elapsed 1.4 min | ETA this epoch 4.2 min
  step 1200/4061 | loss -8.948 | 84 ms/step (11.88 it/s) | elapsed 1.5 min | ETA this epoch 4.0 min
  step 1250/4061 | loss -5.685 | 77 ms/step (13.04 it/s) | elapsed 1.5 min | ETA this epoch 3.6 min
  step 1300/4061 | loss -6.698 | 75 ms/step (13.30 it/s) | elapsed 1.6 min | ETA this epoch 3.5 min
  step 1350/4061 | loss -8.140 | 76 ms/step (13.24 it/s) | elapsed 1.7 min | ETA this epoch 3.4 min
  step 1400/4061 | loss -6.866 | 75 ms/step (13.25 it/s) | elapsed 1.7 min | ETA this epoch 3.3 min
  step 1450/4061 | loss -5.403 | 80 ms/step (12.45 it/s) | elapsed 1.8 min | ETA this epoch 3.5 min
  step 1500/4061 | loss -7.760 | 75 ms/step (13.30 it/s) | elapsed 1.9 min | ETA this epoch 3.2 min
  step 1550/4061 | loss -6.647 | 75 ms/step (13.27 it/s) | elapsed 1.9 min | ETA this epoch 3.2 min
  step 1600/4061 | loss -7.107 | 75 ms/step (13.31 it/s) | elapsed 2.0 min | ETA this epoch 3.1 min
  step 1650/4061 | loss -6.632 | 76 ms/step (13.15 it/s) | elapsed 2.0 min | ETA this epoch 3.1 min
  step 1700/4061 | loss -5.370 | 74 ms/step (13.48 it/s) | elapsed 2.1 min | ETA this epoch 2.9 min
  step 1750/4061 | loss -6.376 | 77 ms/step (13.03 it/s) | elapsed 2.2 min | ETA this epoch 3.0 min
  step 1800/4061 | loss -7.615 | 76 ms/step (13.22 it/s) | elapsed 2.2 min | ETA this epoch 2.9 min
  step 1850/4061 | loss -7.787 | 87 ms/step (11.47 it/s) | elapsed 2.3 min | ETA this epoch 3.2 min
  step 1900/4061 | loss -5.424 | 82 ms/step (12.23 it/s) | elapsed 2.4 min | ETA this epoch 2.9 min
  step 1950/4061 | loss -6.847 | 80 ms/step (12.44 it/s) | elapsed 2.4 min | ETA this epoch 2.8 min
  step 2000/4061 | loss -7.840 | 78 ms/step (12.80 it/s) | elapsed 2.5 min | ETA this epoch 2.7 min
  step 2050/4061 | loss -7.356 | 80 ms/step (12.56 it/s) | elapsed 2.6 min | ETA this epoch 2.7 min
  step 2100/4061 | loss -7.256 | 79 ms/step (12.61 it/s) | elapsed 2.6 min | ETA this epoch 2.6 min
  step 2150/4061 | loss -6.453 | 83 ms/step (12.08 it/s) | elapsed 2.7 min | ETA this epoch 2.6 min
  step 2200/4061 | loss -5.838 | 85 ms/step (11.81 it/s) | elapsed 2.8 min | ETA this epoch 2.6 min
  step 2250/4061 | loss -7.516 | 77 ms/step (13.07 it/s) | elapsed 2.8 min | ETA this epoch 2.3 min
  step 2300/4061 | loss -7.442 | 90 ms/step (11.16 it/s) | elapsed 2.9 min | ETA this epoch 2.6 min
  step 2350/4061 | loss -5.188 | 105 ms/step (9.56 it/s) | elapsed 3.0 min | ETA this epoch 3.0 min
  step 2400/4061 | loss -6.039 | 146 ms/step (6.87 it/s) | elapsed 3.1 min | ETA this epoch 4.0 min
  step 2450/4061 | loss -7.714 | 156 ms/step (6.43 it/s) | elapsed 3.3 min | ETA this epoch 4.2 min
  step 2500/4061 | loss -6.130 | 147 ms/step (6.82 it/s) | elapsed 3.4 min | ETA this epoch 3.8 min
  step 2550/4061 | loss -7.734 | 153 ms/step (6.55 it/s) | elapsed 3.5 min | ETA this epoch 3.8 min
  step 2600/4061 | loss -5.950 | 134 ms/step (7.45 it/s) | elapsed 3.6 min | ETA this epoch 3.3 min
  step 2650/4061 | loss -7.790 | 143 ms/step (7.01 it/s) | elapsed 3.7 min | ETA this epoch 3.4 min
  step 2700/4061 | loss -8.073 | 136 ms/step (7.37 it/s) | elapsed 3.9 min | ETA this epoch 3.1 min
  step 2750/4061 | loss -6.726 | 127 ms/step (7.88 it/s) | elapsed 4.0 min | ETA this epoch 2.8 min
  step 2800/4061 | loss -5.601 | 144 ms/step (6.96 it/s) | elapsed 4.1 min | ETA this epoch 3.0 min
  step 2850/4061 | loss -5.912 | 83 ms/step (12.09 it/s) | elapsed 4.1 min | ETA this epoch 1.7 min
  step 2900/4061 | loss -6.093 | 100 ms/step (10.03 it/s) | elapsed 4.2 min | ETA this epoch 1.9 min
  step 2950/4061 | loss -6.688 | 95 ms/step (10.49 it/s) | elapsed 4.3 min | ETA this epoch 1.8 min
  step 3000/4061 | loss -10.107 | 89 ms/step (11.19 it/s) | elapsed 4.4 min | ETA this epoch 1.6 min
  step 3050/4061 | loss -6.607 | 89 ms/step (11.20 it/s) | elapsed 4.5 min | ETA this epoch 1.5 min
  step 3100/4061 | loss -6.576 | 89 ms/step (11.24 it/s) | elapsed 4.5 min | ETA this epoch 1.4 min
  step 3150/4061 | loss -6.909 | 95 ms/step (10.49 it/s) | elapsed 4.6 min | ETA this epoch 1.4 min
  step 3200/4061 | loss -8.228 | 88 ms/step (11.37 it/s) | elapsed 4.7 min | ETA this epoch 1.3 min
  step 3250/4061 | loss -7.883 | 106 ms/step (9.41 it/s) | elapsed 4.8 min | ETA this epoch 1.4 min
  step 3300/4061 | loss -8.782 | 103 ms/step (9.68 it/s) | elapsed 4.9 min | ETA this epoch 1.3 min
  step 3350/4061 | loss -8.015 | 100 ms/step (10.02 it/s) | elapsed 4.9 min | ETA this epoch 1.2 min
  step 3400/4061 | loss -7.789 | 98 ms/step (10.22 it/s) | elapsed 5.0 min | ETA this epoch 1.1 min
  step 3450/4061 | loss -6.238 | 100 ms/step (10.04 it/s) | elapsed 5.1 min | ETA this epoch 1.0 min
  step 3500/4061 | loss -6.613 | 88 ms/step (11.43 it/s) | elapsed 5.2 min | ETA this epoch 0.8 min
  step 3550/4061 | loss -6.872 | 102 ms/step (9.77 it/s) | elapsed 5.3 min | ETA this epoch 0.9 min
  step 3600/4061 | loss -6.491 | 103 ms/step (9.74 it/s) | elapsed 5.4 min | ETA this epoch 0.8 min
  step 3650/4061 | loss -6.501 | 99 ms/step (10.14 it/s) | elapsed 5.4 min | ETA this epoch 0.7 min
  step 3700/4061 | loss -6.285 | 113 ms/step (8.81 it/s) | elapsed 5.5 min | ETA this epoch 0.7 min
  step 3750/4061 | loss -7.788 | 102 ms/step (9.85 it/s) | elapsed 5.6 min | ETA this epoch 0.5 min
  step 3800/4061 | loss -6.318 | 109 ms/step (9.14 it/s) | elapsed 5.7 min | ETA this epoch 0.5 min
  step 3850/4061 | loss -6.954 | 105 ms/step (9.53 it/s) | elapsed 5.8 min | ETA this epoch 0.4 min
  step 3900/4061 | loss -6.626 | 101 ms/step (9.93 it/s) | elapsed 5.9 min | ETA this epoch 0.3 min
  step 3950/4061 | loss -5.873 | 111 ms/step (8.97 it/s) | elapsed 6.0 min | ETA this epoch 0.2 min
  step 4000/4061 | loss -7.337 | 138 ms/step (7.23 it/s) | elapsed 6.1 min | ETA this epoch 0.1 min
  step 4050/4061 | loss -5.615 | 127 ms/step (7.86 it/s) | elapsed 6.2 min | ETA this epoch 0.0 min
Epoch 8/50 | Train -6.818 | Val L1 0.0021 | Val SI-SDR 17.10 dB | Time 7.4 min
Saved best model (SI-SDR 17.10 dB) -> /home/bubai-maji/speech_enhancement/script/propose_ablation1/checkpoint_propose_ab1/best_NGDM_SE.pt
  step 50/4061 | loss -6.202 | 93 ms/step (10.73 it/s) | elapsed 0.1 min | ETA this epoch 6.2 min
  step 100/4061 | loss -7.021 | 98 ms/step (10.20 it/s) | elapsed 0.2 min | ETA this epoch 6.5 min
  step 150/4061 | loss -7.650 | 106 ms/step (9.40 it/s) | elapsed 0.2 min | ETA this epoch 6.9 min
  step 200/4061 | loss -5.562 | 109 ms/step (9.17 it/s) | elapsed 0.3 min | ETA this epoch 7.0 min
  step 250/4061 | loss -7.505 | 96 ms/step (10.40 it/s) | elapsed 0.4 min | ETA this epoch 6.1 min
  step 300/4061 | loss -6.646 | 99 ms/step (10.15 it/s) | elapsed 0.5 min | ETA this epoch 6.2 min
  step 350/4061 | loss -6.959 | 117 ms/step (8.55 it/s) | elapsed 0.6 min | ETA this epoch 7.2 min
  step 400/4061 | loss -6.433 | 117 ms/step (8.54 it/s) | elapsed 0.7 min | ETA this epoch 7.1 min
  step 450/4061 | loss -6.361 | 124 ms/step (8.08 it/s) | elapsed 0.8 min | ETA this epoch 7.5 min
  step 500/4061 | loss -5.232 | 157 ms/step (6.36 it/s) | elapsed 0.9 min | ETA this epoch 9.3 min
  step 550/4061 | loss -5.363 | 141 ms/step (7.08 it/s) | elapsed 1.0 min | ETA this epoch 8.3 min
  step 600/4061 | loss -5.764 | 117 ms/step (8.54 it/s) | elapsed 1.1 min | ETA this epoch 6.8 min
  step 650/4061 | loss -7.603 | 159 ms/step (6.28 it/s) | elapsed 1.3 min | ETA this epoch 9.1 min
  step 700/4061 | loss -6.934 | 109 ms/step (9.15 it/s) | elapsed 1.4 min | ETA this epoch 6.1 min
  step 750/4061 | loss -5.634 | 132 ms/step (7.57 it/s) | elapsed 1.5 min | ETA this epoch 7.3 min
  step 800/4061 | loss -6.639 | 142 ms/step (7.04 it/s) | elapsed 1.6 min | ETA this epoch 7.7 min
  step 850/4061 | loss -7.122 | 143 ms/step (7.00 it/s) | elapsed 1.7 min | ETA this epoch 7.6 min
  step 900/4061 | loss -7.340 | 189 ms/step (5.29 it/s) | elapsed 1.9 min | ETA this epoch 10.0 min
  step 950/4061 | loss -6.506 | 181 ms/step (5.53 it/s) | elapsed 2.0 min | ETA this epoch 9.4 min
  step 1000/4061 | loss -6.152 | 104 ms/step (9.61 it/s) | elapsed 2.1 min | ETA this epoch 5.3 min
  step 1050/4061 | loss -6.374 | 112 ms/step (8.94 it/s) | elapsed 2.2 min | ETA this epoch 5.6 min
  step 1100/4061 | loss -6.884 | 107 ms/step (9.34 it/s) | elapsed 2.3 min | ETA this epoch 5.3 min
  step 1150/4061 | loss -6.456 | 117 ms/step (8.58 it/s) | elapsed 2.4 min | ETA this epoch 5.7 min
  step 1200/4061 | loss -8.808 | 110 ms/step (9.11 it/s) | elapsed 2.5 min | ETA this epoch 5.2 min
  step 1250/4061 | loss -5.270 | 145 ms/step (6.91 it/s) | elapsed 2.6 min | ETA this epoch 6.8 min
  step 1300/4061 | loss -7.196 | 106 ms/step (9.39 it/s) | elapsed 2.7 min | ETA this epoch 4.9 min
  step 1350/4061 | loss -8.315 | 137 ms/step (7.27 it/s) | elapsed 2.8 min | ETA this epoch 6.2 min
  step 1400/4061 | loss -6.745 | 173 ms/step (5.78 it/s) | elapsed 3.0 min | ETA this epoch 7.7 min
  step 1450/4061 | loss -5.888 | 146 ms/step (6.87 it/s) | elapsed 3.1 min | ETA this epoch 6.3 min
  step 1500/4061 | loss -8.286 | 125 ms/step (7.98 it/s) | elapsed 3.2 min | ETA this epoch 5.3 min
  step 1550/4061 | loss -7.359 | 118 ms/step (8.50 it/s) | elapsed 3.3 min | ETA this epoch 4.9 min
  step 1600/4061 | loss -7.452 | 120 ms/step (8.35 it/s) | elapsed 3.4 min | ETA this epoch 4.9 min
  step 1650/4061 | loss -6.597 | 113 ms/step (8.81 it/s) | elapsed 3.5 min | ETA this epoch 4.6 min
  step 1700/4061 | loss -6.520 | 129 ms/step (7.75 it/s) | elapsed 3.6 min | ETA this epoch 5.1 min
  step 1750/4061 | loss -6.664 | 117 ms/step (8.56 it/s) | elapsed 3.7 min | ETA this epoch 4.5 min
  step 1800/4061 | loss -5.986 | 138 ms/step (7.27 it/s) | elapsed 3.8 min | ETA this epoch 5.2 min
  step 1850/4061 | loss -7.769 | 147 ms/step (6.82 it/s) | elapsed 3.9 min | ETA this epoch 5.4 min
  step 1900/4061 | loss -6.361 | 118 ms/step (8.46 it/s) | elapsed 4.0 min | ETA this epoch 4.3 min
  step 1950/4061 | loss -6.255 | 124 ms/step (8.10 it/s) | elapsed 4.1 min | ETA this epoch 4.3 min
  step 2000/4061 | loss -8.219 | 121 ms/step (8.28 it/s) | elapsed 4.2 min | ETA this epoch 4.1 min
  step 2050/4061 | loss -6.532 | 125 ms/step (8.00 it/s) | elapsed 4.3 min | ETA this epoch 4.2 min
  step 2100/4061 | loss -8.478 | 124 ms/step (8.04 it/s) | elapsed 4.4 min | ETA this epoch 4.1 min
  step 2150/4061 | loss -5.624 | 125 ms/step (7.97 it/s) | elapsed 4.5 min | ETA this epoch 4.0 min
  step 2200/4061 | loss -7.970 | 105 ms/step (9.49 it/s) | elapsed 4.6 min | ETA this epoch 3.3 min
  step 2250/4061 | loss -6.805 | 84 ms/step (11.89 it/s) | elapsed 4.7 min | ETA this epoch 2.5 min
  step 2300/4061 | loss -7.148 | 81 ms/step (12.40 it/s) | elapsed 4.8 min | ETA this epoch 2.4 min
  step 2350/4061 | loss -6.313 | 80 ms/step (12.47 it/s) | elapsed 4.8 min | ETA this epoch 2.3 min
  step 2400/4061 | loss -6.789 | 80 ms/step (12.53 it/s) | elapsed 4.9 min | ETA this epoch 2.2 min
  step 2450/4061 | loss -6.923 | 82 ms/step (12.26 it/s) | elapsed 5.0 min | ETA this epoch 2.2 min
  step 2500/4061 | loss -6.680 | 81 ms/step (12.36 it/s) | elapsed 5.0 min | ETA this epoch 2.1 min
  step 2550/4061 | loss -7.298 | 83 ms/step (12.02 it/s) | elapsed 5.1 min | ETA this epoch 2.1 min
  step 2600/4061 | loss -7.220 | 81 ms/step (12.34 it/s) | elapsed 5.2 min | ETA this epoch 2.0 min
  step 2650/4061 | loss -6.746 | 81 ms/step (12.32 it/s) | elapsed 5.2 min | ETA this epoch 1.9 min
  step 2700/4061 | loss -7.376 | 75 ms/step (13.32 it/s) | elapsed 5.3 min | ETA this epoch 1.7 min
  step 2750/4061 | loss -5.782 | 90 ms/step (11.15 it/s) | elapsed 5.4 min | ETA this epoch 2.0 min
  step 2800/4061 | loss -7.005 | 90 ms/step (11.08 it/s) | elapsed 5.4 min | ETA this epoch 1.9 min
  step 2850/4061 | loss -7.219 | 88 ms/step (11.34 it/s) | elapsed 5.5 min | ETA this epoch 1.8 min
  step 2900/4061 | loss -6.418 | 79 ms/step (12.73 it/s) | elapsed 5.6 min | ETA this epoch 1.5 min
  step 2950/4061 | loss -6.484 | 81 ms/step (12.37 it/s) | elapsed 5.6 min | ETA this epoch 1.5 min
  step 3000/4061 | loss -7.383 | 79 ms/step (12.64 it/s) | elapsed 5.7 min | ETA this epoch 1.4 min
  step 3050/4061 | loss -5.960 | 78 ms/step (12.78 it/s) | elapsed 5.8 min | ETA this epoch 1.3 min
  step 3100/4061 | loss -6.944 | 80 ms/step (12.49 it/s) | elapsed 5.8 min | ETA this epoch 1.3 min
  step 3150/4061 | loss -5.758 | 78 ms/step (12.82 it/s) | elapsed 5.9 min | ETA this epoch 1.2 min
  step 3200/4061 | loss -7.477 | 81 ms/step (12.31 it/s) | elapsed 6.0 min | ETA this epoch 1.2 min
  step 3250/4061 | loss -6.942 | 79 ms/step (12.66 it/s) | elapsed 6.0 min | ETA this epoch 1.1 min
  step 3300/4061 | loss -7.383 | 80 ms/step (12.56 it/s) | elapsed 6.1 min | ETA this epoch 1.0 min
  step 3350/4061 | loss -6.034 | 80 ms/step (12.43 it/s) | elapsed 6.2 min | ETA this epoch 1.0 min
  step 3400/4061 | loss -5.907 | 79 ms/step (12.69 it/s) | elapsed 6.2 min | ETA this epoch 0.9 min
  step 3450/4061 | loss -5.916 | 81 ms/step (12.39 it/s) | elapsed 6.3 min | ETA this epoch 0.8 min
  step 3500/4061 | loss -9.033 | 81 ms/step (12.39 it/s) | elapsed 6.4 min | ETA this epoch 0.8 min
  step 3550/4061 | loss -8.085 | 79 ms/step (12.60 it/s) | elapsed 6.4 min | ETA this epoch 0.7 min
  step 3600/4061 | loss -5.986 | 82 ms/step (12.14 it/s) | elapsed 6.5 min | ETA this epoch 0.6 min
  step 3650/4061 | loss -5.543 | 81 ms/step (12.37 it/s) | elapsed 6.6 min | ETA this epoch 0.6 min
  step 3700/4061 | loss -5.488 | 80 ms/step (12.43 it/s) | elapsed 6.6 min | ETA this epoch 0.5 min
  step 3750/4061 | loss -5.321 | 80 ms/step (12.50 it/s) | elapsed 6.7 min | ETA this epoch 0.4 min
  step 3800/4061 | loss -6.214 | 79 ms/step (12.60 it/s) | elapsed 6.8 min | ETA this epoch 0.3 min
  step 3850/4061 | loss -6.814 | 80 ms/step (12.58 it/s) | elapsed 6.8 min | ETA this epoch 0.3 min
  step 3900/4061 | loss -6.437 | 79 ms/step (12.66 it/s) | elapsed 6.9 min | ETA this epoch 0.2 min
  step 3950/4061 | loss -7.067 | 80 ms/step (12.50 it/s) | elapsed 7.0 min | ETA this epoch 0.1 min
  step 4000/4061 | loss -6.802 | 79 ms/step (12.60 it/s) | elapsed 7.0 min | ETA this epoch 0.1 min
  step 4050/4061 | loss -6.308 | 81 ms/step (12.38 it/s) | elapsed 7.1 min | ETA this epoch 0.0 min
Epoch 9/50 | Train -6.914 | Val L1 0.0020 | Val SI-SDR 17.34 dB | Time 7.5 min
Saved best model (SI-SDR 17.34 dB) -> /home/bubai-maji/speech_enhancement/script/propose_ablation1/checkpoint_propose_ab1/best_NGDM_SE.pt
  step 50/4061 | loss -7.651 | 80 ms/step (12.50 it/s) | elapsed 0.1 min | ETA this epoch 5.3 min
  step 100/4061 | loss -7.457 | 79 ms/step (12.68 it/s) | elapsed 0.1 min | ETA this epoch 5.2 min
  step 150/4061 | loss -6.315 | 81 ms/step (12.32 it/s) | elapsed 0.2 min | ETA this epoch 5.3 min
  step 200/4061 | loss -5.892 | 80 ms/step (12.55 it/s) | elapsed 0.3 min | ETA this epoch 5.1 min
  step 250/4061 | loss -7.332 | 80 ms/step (12.53 it/s) | elapsed 0.3 min | ETA this epoch 5.1 min
  step 300/4061 | loss -7.386 | 81 ms/step (12.36 it/s) | elapsed 0.4 min | ETA this epoch 5.1 min
  step 350/4061 | loss -5.476 | 70 ms/step (14.23 it/s) | elapsed 0.5 min | ETA this epoch 4.3 min
  step 400/4061 | loss -7.334 | 62 ms/step (16.01 it/s) | elapsed 0.5 min | ETA this epoch 3.8 min
  step 450/4061 | loss -6.555 | 67 ms/step (15.01 it/s) | elapsed 0.6 min | ETA this epoch 4.0 min
  step 500/4061 | loss -6.812 | 63 ms/step (15.96 it/s) | elapsed 0.6 min | ETA this epoch 3.7 min
  step 550/4061 | loss -7.413 | 61 ms/step (16.36 it/s) | elapsed 0.7 min | ETA this epoch 3.6 min
  step 600/4061 | loss -5.887 | 55 ms/step (18.16 it/s) | elapsed 0.7 min | ETA this epoch 3.2 min
  step 650/4061 | loss -6.782 | 59 ms/step (16.94 it/s) | elapsed 0.8 min | ETA this epoch 3.4 min
  step 700/4061 | loss -6.982 | 59 ms/step (16.97 it/s) | elapsed 0.8 min | ETA this epoch 3.3 min
  step 750/4061 | loss -7.439 | 80 ms/step (12.52 it/s) | elapsed 0.9 min | ETA this epoch 4.4 min
  step 800/4061 | loss -7.379 | 81 ms/step (12.32 it/s) | elapsed 0.9 min | ETA this epoch 4.4 min
  step 850/4061 | loss -9.171 | 82 ms/step (12.24 it/s) | elapsed 1.0 min | ETA this epoch 4.4 min
  step 900/4061 | loss -6.433 | 81 ms/step (12.42 it/s) | elapsed 1.1 min | ETA this epoch 4.2 min
  step 950/4061 | loss -5.725 | 83 ms/step (12.06 it/s) | elapsed 1.2 min | ETA this epoch 4.3 min
  step 1000/4061 | loss -7.332 | 78 ms/step (12.79 it/s) | elapsed 1.2 min | ETA this epoch 4.0 min
  step 1050/4061 | loss -8.379 | 78 ms/step (12.79 it/s) | elapsed 1.3 min | ETA this epoch 3.9 min
  step 1100/4061 | loss -7.176 | 79 ms/step (12.71 it/s) | elapsed 1.3 min | ETA this epoch 3.9 min
  step 1150/4061 | loss -6.178 | 79 ms/step (12.69 it/s) | elapsed 1.4 min | ETA this epoch 3.8 min
  step 1200/4061 | loss -6.826 | 79 ms/step (12.64 it/s) | elapsed 1.5 min | ETA this epoch 3.8 min
  step 1250/4061 | loss -5.863 | 80 ms/step (12.56 it/s) | elapsed 1.5 min | ETA this epoch 3.7 min
  step 1300/4061 | loss -9.709 | 78 ms/step (12.77 it/s) | elapsed 1.6 min | ETA this epoch 3.6 min
  step 1350/4061 | loss -6.380 | 79 ms/step (12.63 it/s) | elapsed 1.7 min | ETA this epoch 3.6 min
  step 1400/4061 | loss -6.070 | 80 ms/step (12.48 it/s) | elapsed 1.7 min | ETA this epoch 3.6 min
  step 1450/4061 | loss -6.456 | 81 ms/step (12.32 it/s) | elapsed 1.8 min | ETA this epoch 3.5 min
  step 1500/4061 | loss -6.786 | 83 ms/step (12.09 it/s) | elapsed 1.9 min | ETA this epoch 3.5 min
  step 1550/4061 | loss -5.705 | 81 ms/step (12.34 it/s) | elapsed 1.9 min | ETA this epoch 3.4 min
  step 1600/4061 | loss -7.189 | 80 ms/step (12.52 it/s) | elapsed 2.0 min | ETA this epoch 3.3 min
  step 1650/4061 | loss -7.335 | 82 ms/step (12.14 it/s) | elapsed 2.1 min | ETA this epoch 3.3 min
  step 1700/4061 | loss -6.437 | 78 ms/step (12.83 it/s) | elapsed 2.1 min | ETA this epoch 3.1 min
  step 1750/4061 | loss -6.381 | 78 ms/step (12.88 it/s) | elapsed 2.2 min | ETA this epoch 3.0 min
  step 1800/4061 | loss -8.000 | 78 ms/step (12.84 it/s) | elapsed 2.3 min | ETA this epoch 2.9 min
  step 1850/4061 | loss -6.296 | 80 ms/step (12.47 it/s) | elapsed 2.3 min | ETA this epoch 3.0 min
  step 1900/4061 | loss -7.817 | 80 ms/step (12.43 it/s) | elapsed 2.4 min | ETA this epoch 2.9 min
  step 1950/4061 | loss -8.593 | 79 ms/step (12.59 it/s) | elapsed 2.5 min | ETA this epoch 2.8 min
  step 2000/4061 | loss -8.176 | 80 ms/step (12.47 it/s) | elapsed 2.5 min | ETA this epoch 2.8 min
  step 2050/4061 | loss -6.978 | 81 ms/step (12.35 it/s) | elapsed 2.6 min | ETA this epoch 2.7 min
  step 2100/4061 | loss -6.916 | 79 ms/step (12.64 it/s) | elapsed 2.7 min | ETA this epoch 2.6 min
  step 2150/4061 | loss -6.417 | 79 ms/step (12.73 it/s) | elapsed 2.7 min | ETA this epoch 2.5 min
  step 2200/4061 | loss -7.474 | 81 ms/step (12.40 it/s) | elapsed 2.8 min | ETA this epoch 2.5 min
  step 2250/4061 | loss -6.951 | 81 ms/step (12.41 it/s) | elapsed 2.9 min | ETA this epoch 2.4 min
  step 2300/4061 | loss -6.906 | 78 ms/step (12.83 it/s) | elapsed 2.9 min | ETA this epoch 2.3 min
  step 2350/4061 | loss -7.097 | 79 ms/step (12.67 it/s) | elapsed 3.0 min | ETA this epoch 2.3 min
  step 2400/4061 | loss -6.579 | 86 ms/step (11.67 it/s) | elapsed 3.1 min | ETA this epoch 2.4 min
  step 2450/4061 | loss -6.342 | 80 ms/step (12.45 it/s) | elapsed 3.1 min | ETA this epoch 2.2 min
  step 2500/4061 | loss -6.961 | 81 ms/step (12.42 it/s) | elapsed 3.2 min | ETA this epoch 2.1 min
  step 2550/4061 | loss -7.030 | 80 ms/step (12.46 it/s) | elapsed 3.3 min | ETA this epoch 2.0 min
  step 2600/4061 | loss -7.112 | 80 ms/step (12.55 it/s) | elapsed 3.3 min | ETA this epoch 1.9 min
  step 2650/4061 | loss -7.651 | 79 ms/step (12.62 it/s) | elapsed 3.4 min | ETA this epoch 1.9 min
  step 2700/4061 | loss -7.863 | 81 ms/step (12.36 it/s) | elapsed 3.5 min | ETA this epoch 1.8 min
  step 2750/4061 | loss -6.916 | 78 ms/step (12.75 it/s) | elapsed 3.5 min | ETA this epoch 1.7 min
  step 2800/4061 | loss -6.899 | 81 ms/step (12.37 it/s) | elapsed 3.6 min | ETA this epoch 1.7 min
  step 2850/4061 | loss -6.697 | 83 ms/step (12.01 it/s) | elapsed 3.7 min | ETA this epoch 1.7 min
  step 2900/4061 | loss -5.614 | 80 ms/step (12.44 it/s) | elapsed 3.8 min | ETA this epoch 1.6 min
  step 2950/4061 | loss -7.550 | 80 ms/step (12.45 it/s) | elapsed 3.8 min | ETA this epoch 1.5 min
  step 3000/4061 | loss -6.631 | 78 ms/step (12.75 it/s) | elapsed 3.9 min | ETA this epoch 1.4 min
  step 3050/4061 | loss -6.982 | 77 ms/step (12.92 it/s) | elapsed 3.9 min | ETA this epoch 1.3 min
  step 3100/4061 | loss -5.952 | 80 ms/step (12.43 it/s) | elapsed 4.0 min | ETA this epoch 1.3 min
  step 3150/4061 | loss -6.944 | 81 ms/step (12.28 it/s) | elapsed 4.1 min | ETA this epoch 1.2 min
  step 3200/4061 | loss -4.930 | 78 ms/step (12.82 it/s) | elapsed 4.1 min | ETA this epoch 1.1 min
  step 3250/4061 | loss -6.221 | 79 ms/step (12.71 it/s) | elapsed 4.2 min | ETA this epoch 1.1 min
  step 3300/4061 | loss -6.029 | 81 ms/step (12.38 it/s) | elapsed 4.3 min | ETA this epoch 1.0 min
  step 3350/4061 | loss -6.383 | 79 ms/step (12.64 it/s) | elapsed 4.3 min | ETA this epoch 0.9 min
  step 3400/4061 | loss -6.589 | 81 ms/step (12.42 it/s) | elapsed 4.4 min | ETA this epoch 0.9 min
  step 3450/4061 | loss -6.003 | 77 ms/step (12.94 it/s) | elapsed 4.5 min | ETA this epoch 0.8 min
  step 3500/4061 | loss -6.915 | 82 ms/step (12.23 it/s) | elapsed 4.5 min | ETA this epoch 0.8 min
  step 3550/4061 | loss -6.902 | 78 ms/step (12.90 it/s) | elapsed 4.6 min | ETA this epoch 0.7 min
  step 3600/4061 | loss -6.873 | 79 ms/step (12.58 it/s) | elapsed 4.7 min | ETA this epoch 0.6 min
  step 3650/4061 | loss -7.999 | 81 ms/step (12.38 it/s) | elapsed 4.7 min | ETA this epoch 0.6 min
  step 3700/4061 | loss -8.235 | 81 ms/step (12.40 it/s) | elapsed 4.8 min | ETA this epoch 0.5 min
  step 3750/4061 | loss -4.739 | 80 ms/step (12.58 it/s) | elapsed 4.9 min | ETA this epoch 0.4 min
  step 3800/4061 | loss -7.254 | 84 ms/step (11.91 it/s) | elapsed 4.9 min | ETA this epoch 0.4 min
  step 3850/4061 | loss -7.495 | 80 ms/step (12.48 it/s) | elapsed 5.0 min | ETA this epoch 0.3 min
  step 3900/4061 | loss -7.288 | 80 ms/step (12.56 it/s) | elapsed 5.1 min | ETA this epoch 0.2 min
  step 3950/4061 | loss -7.577 | 78 ms/step (12.84 it/s) | elapsed 5.1 min | ETA this epoch 0.1 min
  step 4000/4061 | loss -6.053 | 78 ms/step (12.81 it/s) | elapsed 5.2 min | ETA this epoch 0.1 min
  step 4050/4061 | loss -8.123 | 80 ms/step (12.50 it/s) | elapsed 5.3 min | ETA this epoch 0.0 min
Epoch 10/50 | Train -6.901 | Val L1 0.0020 | Val SI-SDR 17.49 dB | Time 5.6 min
Saved best model (SI-SDR 17.49 dB) -> /home/bubai-maji/speech_enhancement/script/propose_ablation1/checkpoint_propose_ab1/best_NGDM_SE.pt
  step 50/4061 | loss -9.578 | 61 ms/step (16.34 it/s) | elapsed 0.1 min | ETA this epoch 4.1 min
  step 100/4061 | loss -6.734 | 63 ms/step (15.82 it/s) | elapsed 0.1 min | ETA this epoch 4.2 min
  step 150/4061 | loss -8.685 | 59 ms/step (16.95 it/s) | elapsed 0.2 min | ETA this epoch 3.8 min
  step 200/4061 | loss -6.355 | 64 ms/step (15.54 it/s) | elapsed 0.2 min | ETA this epoch 4.1 min
  step 250/4061 | loss -7.006 | 58 ms/step (17.33 it/s) | elapsed 0.3 min | ETA this epoch 3.7 min
  step 300/4061 | loss -8.349 | 72 ms/step (13.96 it/s) | elapsed 0.3 min | ETA this epoch 4.5 min
  step 350/4061 | loss -6.816 | 80 ms/step (12.46 it/s) | elapsed 0.4 min | ETA this epoch 5.0 min
  step 400/4061 | loss -7.409 | 80 ms/step (12.54 it/s) | elapsed 0.4 min | ETA this epoch 4.9 min
  step 450/4061 | loss -7.121 | 78 ms/step (12.80 it/s) | elapsed 0.5 min | ETA this epoch 4.7 min
  step 500/4061 | loss -6.080 | 79 ms/step (12.65 it/s) | elapsed 0.6 min | ETA this epoch 4.7 min
  step 550/4061 | loss -6.894 | 78 ms/step (12.79 it/s) | elapsed 0.6 min | ETA this epoch 4.6 min
  step 600/4061 | loss -6.417 | 78 ms/step (12.78 it/s) | elapsed 0.7 min | ETA this epoch 4.5 min
  step 650/4061 | loss -8.527 | 79 ms/step (12.71 it/s) | elapsed 0.8 min | ETA this epoch 4.5 min
  step 700/4061 | loss -7.287 | 79 ms/step (12.67 it/s) | elapsed 0.8 min | ETA this epoch 4.4 min
  step 750/4061 | loss -6.673 | 79 ms/step (12.60 it/s) | elapsed 0.9 min | ETA this epoch 4.4 min
  step 800/4061 | loss -5.777 | 80 ms/step (12.57 it/s) | elapsed 1.0 min | ETA this epoch 4.3 min
  step 850/4061 | loss -7.723 | 79 ms/step (12.60 it/s) | elapsed 1.0 min | ETA this epoch 4.2 min
  step 900/4061 | loss -5.577 | 79 ms/step (12.70 it/s) | elapsed 1.1 min | ETA this epoch 4.1 min
  step 950/4061 | loss -7.430 | 79 ms/step (12.58 it/s) | elapsed 1.2 min | ETA this epoch 4.1 min
  step 1000/4061 | loss -6.667 | 80 ms/step (12.42 it/s) | elapsed 1.2 min | ETA this epoch 4.1 min
  step 1050/4061 | loss -6.718 | 85 ms/step (11.83 it/s) | elapsed 1.3 min | ETA this epoch 4.2 min
  step 1100/4061 | loss -7.745 | 100 ms/step (10.03 it/s) | elapsed 1.4 min | ETA this epoch 4.9 min
  step 1150/4061 | loss -6.441 | 100 ms/step (9.98 it/s) | elapsed 1.5 min | ETA this epoch 4.9 min
  step 1200/4061 | loss -6.452 | 96 ms/step (10.37 it/s) | elapsed 1.6 min | ETA this epoch 4.6 min
  step 1250/4061 | loss -6.424 | 104 ms/step (9.64 it/s) | elapsed 1.6 min | ETA this epoch 4.9 min
  step 1300/4061 | loss -7.526 | 98 ms/step (10.21 it/s) | elapsed 1.7 min | ETA this epoch 4.5 min
  step 1350/4061 | loss -7.956 | 100 ms/step (10.02 it/s) | elapsed 1.8 min | ETA this epoch 4.5 min
  step 1400/4061 | loss -7.059 | 99 ms/step (10.09 it/s) | elapsed 1.9 min | ETA this epoch 4.4 min
  step 1450/4061 | loss -8.405 | 100 ms/step (10.02 it/s) | elapsed 2.0 min | ETA this epoch 4.3 min
  step 1500/4061 | loss -6.197 | 97 ms/step (10.27 it/s) | elapsed 2.1 min | ETA this epoch 4.2 min
  step 1550/4061 | loss -7.508 | 102 ms/step (9.84 it/s) | elapsed 2.1 min | ETA this epoch 4.3 min
  step 1600/4061 | loss -6.953 | 103 ms/step (9.73 it/s) | elapsed 2.2 min | ETA this epoch 4.2 min
  step 1650/4061 | loss -7.838 | 108 ms/step (9.24 it/s) | elapsed 2.3 min | ETA this epoch 4.3 min
  step 1700/4061 | loss -6.861 | 104 ms/step (9.65 it/s) | elapsed 2.4 min | ETA this epoch 4.1 min
  step 1750/4061 | loss -7.114 | 99 ms/step (10.13 it/s) | elapsed 2.5 min | ETA this epoch 3.8 min
  step 1800/4061 | loss -6.935 | 97 ms/step (10.30 it/s) | elapsed 2.6 min | ETA this epoch 3.7 min
  step 1850/4061 | loss -8.082 | 98 ms/step (10.19 it/s) | elapsed 2.6 min | ETA this epoch 3.6 min
  step 1900/4061 | loss -6.421 | 94 ms/step (10.63 it/s) | elapsed 2.7 min | ETA this epoch 3.4 min
  step 1950/4061 | loss -6.552 | 90 ms/step (11.08 it/s) | elapsed 2.8 min | ETA this epoch 3.2 min
  step 2000/4061 | loss -6.331 | 84 ms/step (11.95 it/s) | elapsed 2.9 min | ETA this epoch 2.9 min
  step 2050/4061 | loss -5.929 | 89 ms/step (11.24 it/s) | elapsed 2.9 min | ETA this epoch 3.0 min
  step 2100/4061 | loss -6.372 | 105 ms/step (9.54 it/s) | elapsed 3.0 min | ETA this epoch 3.4 min
  step 2150/4061 | loss -6.354 | 92 ms/step (10.92 it/s) | elapsed 3.1 min | ETA this epoch 2.9 min
  step 2200/4061 | loss -5.673 | 93 ms/step (10.71 it/s) | elapsed 3.2 min | ETA this epoch 2.9 min
  step 2250/4061 | loss -8.794 | 90 ms/step (11.05 it/s) | elapsed 3.3 min | ETA this epoch 2.7 min
  step 2300/4061 | loss -7.722 | 93 ms/step (10.76 it/s) | elapsed 3.3 min | ETA this epoch 2.7 min
  step 2350/4061 | loss -6.535 | 88 ms/step (11.38 it/s) | elapsed 3.4 min | ETA this epoch 2.5 min
  step 2400/4061 | loss -6.863 | 98 ms/step (10.20 it/s) | elapsed 3.5 min | ETA this epoch 2.7 min
  step 2450/4061 | loss -6.551 | 101 ms/step (9.94 it/s) | elapsed 3.6 min | ETA this epoch 2.7 min
  step 2500/4061 | loss -7.071 | 103 ms/step (9.71 it/s) | elapsed 3.7 min | ETA this epoch 2.7 min
  step 2550/4061 | loss -8.371 | 107 ms/step (9.37 it/s) | elapsed 3.8 min | ETA this epoch 2.7 min
  step 2600/4061 | loss -8.480 | 108 ms/step (9.26 it/s) | elapsed 3.8 min | ETA this epoch 2.6 min
  step 2650/4061 | loss -8.824 | 109 ms/step (9.16 it/s) | elapsed 3.9 min | ETA this epoch 2.6 min
  step 2700/4061 | loss -4.966 | 111 ms/step (9.01 it/s) | elapsed 4.0 min | ETA this epoch 2.5 min
  step 2750/4061 | loss -6.861 | 109 ms/step (9.20 it/s) | elapsed 4.1 min | ETA this epoch 2.4 min
  step 2800/4061 | loss -6.517 | 107 ms/step (9.36 it/s) | elapsed 4.2 min | ETA this epoch 2.2 min
  step 2850/4061 | loss -6.469 | 108 ms/step (9.25 it/s) | elapsed 4.3 min | ETA this epoch 2.2 min
  step 2900/4061 | loss -7.165 | 112 ms/step (8.93 it/s) | elapsed 4.4 min | ETA this epoch 2.2 min
  step 2950/4061 | loss -7.675 | 112 ms/step (8.97 it/s) | elapsed 4.5 min | ETA this epoch 2.1 min
  step 3000/4061 | loss -6.677 | 120 ms/step (8.33 it/s) | elapsed 4.6 min | ETA this epoch 2.1 min
  step 3050/4061 | loss -7.731 | 113 ms/step (8.87 it/s) | elapsed 4.7 min | ETA this epoch 1.9 min
  step 3100/4061 | loss -6.617 | 111 ms/step (8.99 it/s) | elapsed 4.8 min | ETA this epoch 1.8 min
  step 3150/4061 | loss -7.040 | 116 ms/step (8.64 it/s) | elapsed 4.9 min | ETA this epoch 1.8 min
  step 3200/4061 | loss -5.904 | 112 ms/step (8.91 it/s) | elapsed 5.0 min | ETA this epoch 1.6 min
  step 3250/4061 | loss -7.338 | 110 ms/step (9.11 it/s) | elapsed 5.0 min | ETA this epoch 1.5 min
  step 3300/4061 | loss -7.210 | 115 ms/step (8.66 it/s) | elapsed 5.1 min | ETA this epoch 1.5 min
  step 3350/4061 | loss -6.024 | 123 ms/step (8.12 it/s) | elapsed 5.2 min | ETA this epoch 1.5 min
  step 3400/4061 | loss -6.840 | 104 ms/step (9.57 it/s) | elapsed 5.3 min | ETA this epoch 1.2 min
  step 3450/4061 | loss -7.482 | 115 ms/step (8.69 it/s) | elapsed 5.4 min | ETA this epoch 1.2 min
  step 3500/4061 | loss -6.630 | 97 ms/step (10.33 it/s) | elapsed 5.5 min | ETA this epoch 0.9 min
  step 3550/4061 | loss -6.371 | 96 ms/step (10.40 it/s) | elapsed 5.6 min | ETA this epoch 0.8 min
  step 3600/4061 | loss -7.179 | 96 ms/step (10.38 it/s) | elapsed 5.7 min | ETA this epoch 0.7 min
  step 3650/4061 | loss -7.724 | 92 ms/step (10.83 it/s) | elapsed 5.7 min | ETA this epoch 0.6 min
  step 3700/4061 | loss -8.466 | 100 ms/step (10.04 it/s) | elapsed 5.8 min | ETA this epoch 0.6 min
  step 3750/4061 | loss -6.477 | 104 ms/step (9.57 it/s) | elapsed 5.9 min | ETA this epoch 0.5 min
  step 3800/4061 | loss -4.975 | 101 ms/step (9.92 it/s) | elapsed 6.0 min | ETA this epoch 0.4 min
  step 3850/4061 | loss -6.733 | 99 ms/step (10.05 it/s) | elapsed 6.1 min | ETA this epoch 0.3 min
  step 3900/4061 | loss -7.006 | 103 ms/step (9.70 it/s) | elapsed 6.2 min | ETA this epoch 0.3 min
  step 3950/4061 | loss -6.557 | 108 ms/step (9.29 it/s) | elapsed 6.3 min | ETA this epoch 0.2 min
  step 4000/4061 | loss -6.975 | 101 ms/step (9.85 it/s) | elapsed 6.3 min | ETA this epoch 0.1 min
  step 4050/4061 | loss -8.578 | 96 ms/step (10.37 it/s) | elapsed 6.4 min | ETA this epoch 0.0 min
Epoch 11/50 | Train -6.950 | Val L1 0.0020 | Val SI-SDR 17.44 dB | Time 7.0 min
EarlyStopping counter: 1/7
  step 50/4061 | loss -6.858 | 101 ms/step (9.88 it/s) | elapsed 0.1 min | ETA this epoch 6.8 min
  step 100/4061 | loss -8.044 | 94 ms/step (10.69 it/s) | elapsed 0.2 min | ETA this epoch 6.2 min
  step 150/4061 | loss -6.731 | 117 ms/step (8.51 it/s) | elapsed 0.3 min | ETA this epoch 7.7 min
  step 200/4061 | loss -5.588 | 124 ms/step (8.09 it/s) | elapsed 0.4 min | ETA this epoch 8.0 min
  step 250/4061 | loss -7.538 | 120 ms/step (8.32 it/s) | elapsed 0.5 min | ETA this epoch 7.6 min
  step 300/4061 | loss -6.737 | 123 ms/step (8.14 it/s) | elapsed 0.6 min | ETA this epoch 7.7 min
  step 350/4061 | loss -8.464 | 122 ms/step (8.23 it/s) | elapsed 0.7 min | ETA this epoch 7.5 min
  step 400/4061 | loss -5.709 | 124 ms/step (8.05 it/s) | elapsed 0.8 min | ETA this epoch 7.6 min
  step 450/4061 | loss -6.740 | 121 ms/step (8.29 it/s) | elapsed 0.9 min | ETA this epoch 7.3 min
  step 500/4061 | loss -5.749 | 123 ms/step (8.15 it/s) | elapsed 1.0 min | ETA this epoch 7.3 min
  step 550/4061 | loss -9.645 | 123 ms/step (8.12 it/s) | elapsed 1.1 min | ETA this epoch 7.2 min
  step 600/4061 | loss -7.646 | 123 ms/step (8.13 it/s) | elapsed 1.2 min | ETA this epoch 7.1 min
  step 650/4061 | loss -7.419 | 123 ms/step (8.14 it/s) | elapsed 1.3 min | ETA this epoch 7.0 min
  step 700/4061 | loss -6.296 | 125 ms/step (7.99 it/s) | elapsed 1.4 min | ETA this epoch 7.0 min
  step 750/4061 | loss -6.098 | 122 ms/step (8.17 it/s) | elapsed 1.5 min | ETA this epoch 6.8 min
  step 800/4061 | loss -7.942 | 125 ms/step (8.01 it/s) | elapsed 1.6 min | ETA this epoch 6.8 min
  step 850/4061 | loss -8.024 | 125 ms/step (7.99 it/s) | elapsed 1.7 min | ETA this epoch 6.7 min
  step 900/4061 | loss -6.185 | 123 ms/step (8.13 it/s) | elapsed 1.8 min | ETA this epoch 6.5 min
  step 950/4061 | loss -7.057 | 119 ms/step (8.42 it/s) | elapsed 1.9 min | ETA this epoch 6.2 min
  step 1000/4061 | loss -8.439 | 119 ms/step (8.40 it/s) | elapsed 2.0 min | ETA this epoch 6.1 min
  step 1050/4061 | loss -6.394 | 122 ms/step (8.21 it/s) | elapsed 2.1 min | ETA this epoch 6.1 min
  step 1100/4061 | loss -8.357 | 124 ms/step (8.04 it/s) | elapsed 2.2 min | ETA this epoch 6.1 min
  step 1150/4061 | loss -8.134 | 124 ms/step (8.06 it/s) | elapsed 2.3 min | ETA this epoch 6.0 min
  step 1200/4061 | loss -7.200 | 122 ms/step (8.21 it/s) | elapsed 2.4 min | ETA this epoch 5.8 min
  step 1250/4061 | loss -9.076 | 122 ms/step (8.23 it/s) | elapsed 2.5 min | ETA this epoch 5.7 min
  step 1300/4061 | loss -7.627 | 121 ms/step (8.28 it/s) | elapsed 2.6 min | ETA this epoch 5.6 min
  step 1350/4061 | loss -7.247 | 123 ms/step (8.12 it/s) | elapsed 2.7 min | ETA this epoch 5.6 min
  step 1400/4061 | loss -7.075 | 121 ms/step (8.27 it/s) | elapsed 2.8 min | ETA this epoch 5.4 min
  step 1450/4061 | loss -6.883 | 125 ms/step (8.02 it/s) | elapsed 2.9 min | ETA this epoch 5.4 min
  step 1500/4061 | loss -6.263 | 122 ms/step (8.18 it/s) | elapsed 3.0 min | ETA this epoch 5.2 min
  step 1550/4061 | loss -6.525 | 123 ms/step (8.12 it/s) | elapsed 3.1 min | ETA this epoch 5.2 min
  step 1600/4061 | loss -6.715 | 124 ms/step (8.05 it/s) | elapsed 3.2 min | ETA this epoch 5.1 min
  step 1650/4061 | loss -5.933 | 123 ms/step (8.15 it/s) | elapsed 3.3 min | ETA this epoch 4.9 min
  step 1700/4061 | loss -4.986 | 121 ms/step (8.28 it/s) | elapsed 3.4 min | ETA this epoch 4.8 min
  step 1750/4061 | loss -6.832 | 120 ms/step (8.32 it/s) | elapsed 3.5 min | ETA this epoch 4.6 min
  step 1800/4061 | loss -7.193 | 124 ms/step (8.05 it/s) | elapsed 3.6 min | ETA this epoch 4.7 min
  step 1850/4061 | loss -7.026 | 121 ms/step (8.27 it/s) | elapsed 3.7 min | ETA this epoch 4.5 min
  step 1900/4061 | loss -7.167 | 124 ms/step (8.09 it/s) | elapsed 3.8 min | ETA this epoch 4.5 min
  step 1950/4061 | loss -6.890 | 123 ms/step (8.14 it/s) | elapsed 3.9 min | ETA this epoch 4.3 min
  step 2000/4061 | loss -7.137 | 123 ms/step (8.12 it/s) | elapsed 4.0 min | ETA this epoch 4.2 min
  step 2050/4061 | loss -5.551 | 123 ms/step (8.12 it/s) | elapsed 4.1 min | ETA this epoch 4.1 min
  step 2100/4061 | loss -6.415 | 123 ms/step (8.10 it/s) | elapsed 4.2 min | ETA this epoch 4.0 min
  step 2150/4061 | loss -6.774 | 123 ms/step (8.11 it/s) | elapsed 4.3 min | ETA this epoch 3.9 min
  step 2200/4061 | loss -8.375 | 120 ms/step (8.32 it/s) | elapsed 4.4 min | ETA this epoch 3.7 min
  step 2250/4061 | loss -6.163 | 121 ms/step (8.24 it/s) | elapsed 4.5 min | ETA this epoch 3.7 min
  step 2300/4061 | loss -7.855 | 121 ms/step (8.26 it/s) | elapsed 4.6 min | ETA this epoch 3.6 min
  step 2350/4061 | loss -6.194 | 122 ms/step (8.21 it/s) | elapsed 4.8 min | ETA this epoch 3.5 min
  step 2400/4061 | loss -6.866 | 122 ms/step (8.21 it/s) | elapsed 4.9 min | ETA this epoch 3.4 min
  step 2450/4061 | loss -8.911 | 119 ms/step (8.37 it/s) | elapsed 5.0 min | ETA this epoch 3.2 min
  step 2500/4061 | loss -7.201 | 121 ms/step (8.27 it/s) | elapsed 5.1 min | ETA this epoch 3.1 min
  step 2550/4061 | loss -4.957 | 121 ms/step (8.24 it/s) | elapsed 5.2 min | ETA this epoch 3.1 min
  step 2600/4061 | loss -6.166 | 123 ms/step (8.10 it/s) | elapsed 5.3 min | ETA this epoch 3.0 min
  step 2650/4061 | loss -8.543 | 122 ms/step (8.22 it/s) | elapsed 5.4 min | ETA this epoch 2.9 min
  step 2700/4061 | loss -7.923 | 122 ms/step (8.22 it/s) | elapsed 5.5 min | ETA this epoch 2.8 min
  step 2750/4061 | loss -7.384 | 122 ms/step (8.17 it/s) | elapsed 5.6 min | ETA this epoch 2.7 min
  step 2800/4061 | loss -8.694 | 124 ms/step (8.08 it/s) | elapsed 5.7 min | ETA this epoch 2.6 min
  step 2850/4061 | loss -7.651 | 121 ms/step (8.23 it/s) | elapsed 5.8 min | ETA this epoch 2.5 min
  step 2900/4061 | loss -7.648 | 122 ms/step (8.20 it/s) | elapsed 5.9 min | ETA this epoch 2.4 min
  step 2950/4061 | loss -6.480 | 122 ms/step (8.18 it/s) | elapsed 6.0 min | ETA this epoch 2.3 min
  step 3000/4061 | loss -7.457 | 123 ms/step (8.13 it/s) | elapsed 6.1 min | ETA this epoch 2.2 min
  step 3050/4061 | loss -5.897 | 121 ms/step (8.29 it/s) | elapsed 6.2 min | ETA this epoch 2.0 min
  step 3100/4061 | loss -7.683 | 125 ms/step (8.03 it/s) | elapsed 6.3 min | ETA this epoch 2.0 min
  step 3150/4061 | loss -6.754 | 123 ms/step (8.12 it/s) | elapsed 6.4 min | ETA this epoch 1.9 min
  step 3200/4061 | loss -6.953 | 120 ms/step (8.35 it/s) | elapsed 6.5 min | ETA this epoch 1.7 min
  step 3250/4061 | loss -5.908 | 125 ms/step (8.00 it/s) | elapsed 6.6 min | ETA this epoch 1.7 min
  step 3300/4061 | loss -6.632 | 119 ms/step (8.43 it/s) | elapsed 6.7 min | ETA this epoch 1.5 min
  step 3350/4061 | loss -7.292 | 118 ms/step (8.48 it/s) | elapsed 6.8 min | ETA this epoch 1.4 min
  step 3400/4061 | loss -9.036 | 119 ms/step (8.40 it/s) | elapsed 6.9 min | ETA this epoch 1.3 min
  step 3450/4061 | loss -4.607 | 81 ms/step (12.39 it/s) | elapsed 6.9 min | ETA this epoch 0.8 min
  step 3500/4061 | loss -6.320 | 83 ms/step (12.10 it/s) | elapsed 7.0 min | ETA this epoch 0.8 min
  step 3550/4061 | loss -6.470 | 95 ms/step (10.53 it/s) | elapsed 7.1 min | ETA this epoch 0.8 min
  step 3600/4061 | loss -7.169 | 106 ms/step (9.46 it/s) | elapsed 7.2 min | ETA this epoch 0.8 min
  step 3650/4061 | loss -11.378 | 113 ms/step (8.89 it/s) | elapsed 7.3 min | ETA this epoch 0.8 min
  step 3700/4061 | loss -7.338 | 81 ms/step (12.34 it/s) | elapsed 7.3 min | ETA this epoch 0.5 min
  step 3750/4061 | loss -6.919 | 87 ms/step (11.51 it/s) | elapsed 7.4 min | ETA this epoch 0.5 min
  step 3800/4061 | loss -6.899 | 82 ms/step (12.19 it/s) | elapsed 7.5 min | ETA this epoch 0.4 min
  step 3850/4061 | loss -7.390 | 80 ms/step (12.43 it/s) | elapsed 7.6 min | ETA this epoch 0.3 min
  step 3900/4061 | loss -6.942 | 82 ms/step (12.22 it/s) | elapsed 7.6 min | ETA this epoch 0.2 min
  step 3950/4061 | loss -7.213 | 71 ms/step (14.17 it/s) | elapsed 7.7 min | ETA this epoch 0.1 min
  step 4000/4061 | loss -7.147 | 65 ms/step (15.30 it/s) | elapsed 7.7 min | ETA this epoch 0.1 min
  step 4050/4061 | loss -6.928 | 62 ms/step (16.01 it/s) | elapsed 7.8 min | ETA this epoch 0.0 min
Epoch 12/50 | Train -7.008 | Val L1 0.0020 | Val SI-SDR 17.40 dB | Time 7.9 min
EarlyStopping counter: 2/7
  step 50/4061 | loss -6.919 | 77 ms/step (12.99 it/s) | elapsed 0.1 min | ETA this epoch 5.1 min
  step 100/4061 | loss -6.260 | 78 ms/step (12.82 it/s) | elapsed 0.1 min | ETA this epoch 5.2 min
  step 150/4061 | loss -8.553 | 74 ms/step (13.45 it/s) | elapsed 0.2 min | ETA this epoch 4.8 min
  step 200/4061 | loss -8.539 | 75 ms/step (13.25 it/s) | elapsed 0.3 min | ETA this epoch 4.9 min
  step 250/4061 | loss -7.289 | 75 ms/step (13.25 it/s) | elapsed 0.3 min | ETA this epoch 4.8 min
  step 300/4061 | loss -5.232 | 74 ms/step (13.43 it/s) | elapsed 0.4 min | ETA this epoch 4.7 min
  step 350/4061 | loss -8.219 | 75 ms/step (13.26 it/s) | elapsed 0.4 min | ETA this epoch 4.7 min
  step 400/4061 | loss -6.039 | 75 ms/step (13.27 it/s) | elapsed 0.5 min | ETA this epoch 4.6 min
  step 450/4061 | loss -6.174 | 76 ms/step (13.16 it/s) | elapsed 0.6 min | ETA this epoch 4.6 min
  step 500/4061 | loss -6.390 | 76 ms/step (13.20 it/s) | elapsed 0.6 min | ETA this epoch 4.5 min
  step 550/4061 | loss -6.184 | 76 ms/step (13.10 it/s) | elapsed 0.7 min | ETA this epoch 4.5 min
  step 600/4061 | loss -6.707 | 76 ms/step (13.16 it/s) | elapsed 0.8 min | ETA this epoch 4.4 min
  step 650/4061 | loss -8.685 | 75 ms/step (13.27 it/s) | elapsed 0.8 min | ETA this epoch 4.3 min
  step 700/4061 | loss -5.210 | 75 ms/step (13.35 it/s) | elapsed 0.9 min | ETA this epoch 4.2 min
  step 750/4061 | loss -7.481 | 76 ms/step (13.13 it/s) | elapsed 0.9 min | ETA this epoch 4.2 min
  step 800/4061 | loss -4.733 | 77 ms/step (13.05 it/s) | elapsed 1.0 min | ETA this epoch 4.2 min
  step 850/4061 | loss -6.951 | 75 ms/step (13.28 it/s) | elapsed 1.1 min | ETA this epoch 4.0 min
  step 900/4061 | loss -9.965 | 76 ms/step (13.22 it/s) | elapsed 1.1 min | ETA this epoch 4.0 min
  step 950/4061 | loss -7.454 | 77 ms/step (13.04 it/s) | elapsed 1.2 min | ETA this epoch 4.0 min
  step 1000/4061 | loss -6.419 | 76 ms/step (13.22 it/s) | elapsed 1.3 min | ETA this epoch 3.9 min
  step 1050/4061 | loss -5.691 | 75 ms/step (13.25 it/s) | elapsed 1.3 min | ETA this epoch 3.8 min
  step 1100/4061 | loss -7.511 | 76 ms/step (13.16 it/s) | elapsed 1.4 min | ETA this epoch 3.8 min
  step 1150/4061 | loss -8.638 | 76 ms/step (13.09 it/s) | elapsed 1.5 min | ETA this epoch 3.7 min
  step 1200/4061 | loss -9.013 | 76 ms/step (13.19 it/s) | elapsed 1.5 min | ETA this epoch 3.6 min
  step 1250/4061 | loss -5.818 | 76 ms/step (13.19 it/s) | elapsed 1.6 min | ETA this epoch 3.6 min
  step 1300/4061 | loss -6.421 | 74 ms/step (13.44 it/s) | elapsed 1.6 min | ETA this epoch 3.4 min
  step 1350/4061 | loss -9.362 | 76 ms/step (13.08 it/s) | elapsed 1.7 min | ETA this epoch 3.5 min
  step 1400/4061 | loss -7.133 | 77 ms/step (13.03 it/s) | elapsed 1.8 min | ETA this epoch 3.4 min
  step 1450/4061 | loss -7.867 | 75 ms/step (13.38 it/s) | elapsed 1.8 min | ETA this epoch 3.3 min
  step 1500/4061 | loss -6.195 | 76 ms/step (13.13 it/s) | elapsed 1.9 min | ETA this epoch 3.3 min
  step 1550/4061 | loss -7.276 | 77 ms/step (13.06 it/s) | elapsed 2.0 min | ETA this epoch 3.2 min
  step 1600/4061 | loss -6.577 | 75 ms/step (13.26 it/s) | elapsed 2.0 min | ETA this epoch 3.1 min
  step 1650/4061 | loss -7.568 | 76 ms/step (13.20 it/s) | elapsed 2.1 min | ETA this epoch 3.0 min
  step 1700/4061 | loss -7.464 | 77 ms/step (13.07 it/s) | elapsed 2.1 min | ETA this epoch 3.0 min
  step 1750/4061 | loss -7.185 | 76 ms/step (13.13 it/s) | elapsed 2.2 min | ETA this epoch 2.9 min
  step 1800/4061 | loss -9.427 | 76 ms/step (13.22 it/s) | elapsed 2.3 min | ETA this epoch 2.9 min
  step 1850/4061 | loss -7.539 | 75 ms/step (13.27 it/s) | elapsed 2.3 min | ETA this epoch 2.8 min
  step 1900/4061 | loss -6.347 | 76 ms/step (13.14 it/s) | elapsed 2.4 min | ETA this epoch 2.7 min
  step 1950/4061 | loss -6.114 | 75 ms/step (13.31 it/s) | elapsed 2.5 min | ETA this epoch 2.6 min
  step 2000/4061 | loss -6.644 | 73 ms/step (13.61 it/s) | elapsed 2.5 min | ETA this epoch 2.5 min
  step 2050/4061 | loss -4.992 | 76 ms/step (13.08 it/s) | elapsed 2.6 min | ETA this epoch 2.6 min
  step 2100/4061 | loss -5.388 | 77 ms/step (13.06 it/s) | elapsed 2.7 min | ETA this epoch 2.5 min
  step 2150/4061 | loss -7.756 | 76 ms/step (13.23 it/s) | elapsed 2.7 min | ETA this epoch 2.4 min
  step 2200/4061 | loss -7.985 | 76 ms/step (13.18 it/s) | elapsed 2.8 min | ETA this epoch 2.4 min
  step 2250/4061 | loss -7.075 | 75 ms/step (13.35 it/s) | elapsed 2.8 min | ETA this epoch 2.3 min
  step 2300/4061 | loss -6.875 | 75 ms/step (13.40 it/s) | elapsed 2.9 min | ETA this epoch 2.2 min
  step 2350/4061 | loss -7.919 | 77 ms/step (12.94 it/s) | elapsed 3.0 min | ETA this epoch 2.2 min
  step 2400/4061 | loss -8.152 | 76 ms/step (13.12 it/s) | elapsed 3.0 min | ETA this epoch 2.1 min
  step 2450/4061 | loss -7.330 | 76 ms/step (13.14 it/s) | elapsed 3.1 min | ETA this epoch 2.0 min
  step 2500/4061 | loss -6.557 | 76 ms/step (13.12 it/s) | elapsed 3.2 min | ETA this epoch 2.0 min
  step 2550/4061 | loss -6.245 | 75 ms/step (13.34 it/s) | elapsed 3.2 min | ETA this epoch 1.9 min
  step 2600/4061 | loss -5.835 | 75 ms/step (13.38 it/s) | elapsed 3.3 min | ETA this epoch 1.8 min
  step 2650/4061 | loss -6.857 | 77 ms/step (13.06 it/s) | elapsed 3.3 min | ETA this epoch 1.8 min
  step 2700/4061 | loss -6.706 | 76 ms/step (13.24 it/s) | elapsed 3.4 min | ETA this epoch 1.7 min
  step 2750/4061 | loss -5.514 | 76 ms/step (13.18 it/s) | elapsed 3.5 min | ETA this epoch 1.7 min
  step 2800/4061 | loss -7.936 | 76 ms/step (13.21 it/s) | elapsed 3.5 min | ETA this epoch 1.6 min
  step 2850/4061 | loss -6.986 | 77 ms/step (13.00 it/s) | elapsed 3.6 min | ETA this epoch 1.6 min
  step 2900/4061 | loss -7.736 | 76 ms/step (13.16 it/s) | elapsed 3.7 min | ETA this epoch 1.5 min
  step 2950/4061 | loss -6.423 | 75 ms/step (13.36 it/s) | elapsed 3.7 min | ETA this epoch 1.4 min
  step 3000/4061 | loss -8.030 | 77 ms/step (13.06 it/s) | elapsed 3.8 min | ETA this epoch 1.4 min
  step 3050/4061 | loss -7.718 | 75 ms/step (13.33 it/s) | elapsed 3.9 min | ETA this epoch 1.3 min
  step 3100/4061 | loss -6.537 | 76 ms/step (13.11 it/s) | elapsed 3.9 min | ETA this epoch 1.2 min
  step 3150/4061 | loss -7.254 | 76 ms/step (13.14 it/s) | elapsed 4.0 min | ETA this epoch 1.2 min
  step 3200/4061 | loss -6.228 | 76 ms/step (13.15 it/s) | elapsed 4.0 min | ETA this epoch 1.1 min
  step 3250/4061 | loss -6.576 | 75 ms/step (13.26 it/s) | elapsed 4.1 min | ETA this epoch 1.0 min
  step 3300/4061 | loss -6.493 | 76 ms/step (13.15 it/s) | elapsed 4.2 min | ETA this epoch 1.0 min
  step 3350/4061 | loss -6.994 | 76 ms/step (13.24 it/s) | elapsed 4.2 min | ETA this epoch 0.9 min
  step 3400/4061 | loss -7.603 | 76 ms/step (13.23 it/s) | elapsed 4.3 min | ETA this epoch 0.8 min
  step 3450/4061 | loss -7.462 | 75 ms/step (13.38 it/s) | elapsed 4.4 min | ETA this epoch 0.8 min
  step 3500/4061 | loss -9.026 | 76 ms/step (13.10 it/s) | elapsed 4.4 min | ETA this epoch 0.7 min
  step 3550/4061 | loss -6.600 | 75 ms/step (13.33 it/s) | elapsed 4.5 min | ETA this epoch 0.6 min
  step 3600/4061 | loss -7.852 | 75 ms/step (13.33 it/s) | elapsed 4.5 min | ETA this epoch 0.6 min
  step 3650/4061 | loss -7.354 | 76 ms/step (13.19 it/s) | elapsed 4.6 min | ETA this epoch 0.5 min
  step 3700/4061 | loss -6.556 | 76 ms/step (13.23 it/s) | elapsed 4.7 min | ETA this epoch 0.5 min
  step 3750/4061 | loss -6.414 | 74 ms/step (13.43 it/s) | elapsed 4.7 min | ETA this epoch 0.4 min
  step 3800/4061 | loss -5.631 | 71 ms/step (14.04 it/s) | elapsed 4.8 min | ETA this epoch 0.3 min
  step 3850/4061 | loss -7.783 | 60 ms/step (16.59 it/s) | elapsed 4.8 min | ETA this epoch 0.2 min
  step 3900/4061 | loss -8.102 | 61 ms/step (16.36 it/s) | elapsed 4.9 min | ETA this epoch 0.2 min
  step 3950/4061 | loss -8.622 | 65 ms/step (15.39 it/s) | elapsed 4.9 min | ETA this epoch 0.1 min
  step 4000/4061 | loss -7.709 | 76 ms/step (13.12 it/s) | elapsed 5.0 min | ETA this epoch 0.1 min
  step 4050/4061 | loss -5.586 | 75 ms/step (13.28 it/s) | elapsed 5.1 min | ETA this epoch 0.0 min
Epoch 13/50 | Train -7.028 | Val L1 0.0020 | Val SI-SDR 17.43 dB | Time 5.3 min
EarlyStopping counter: 3/7
  step 50/4061 | loss -6.528 | 76 ms/step (13.20 it/s) | elapsed 0.1 min | ETA this epoch 5.1 min
  step 100/4061 | loss -7.328 | 76 ms/step (13.21 it/s) | elapsed 0.1 min | ETA this epoch 5.0 min
  step 150/4061 | loss -8.037 | 75 ms/step (13.41 it/s) | elapsed 0.2 min | ETA this epoch 4.9 min
  step 200/4061 | loss -7.077 | 77 ms/step (13.03 it/s) | elapsed 0.3 min | ETA this epoch 4.9 min
  step 250/4061 | loss -8.351 | 75 ms/step (13.39 it/s) | elapsed 0.3 min | ETA this epoch 4.7 min
  step 300/4061 | loss -5.363 | 76 ms/step (13.21 it/s) | elapsed 0.4 min | ETA this epoch 4.7 min
  step 350/4061 | loss -7.059 | 75 ms/step (13.33 it/s) | elapsed 0.4 min | ETA this epoch 4.6 min
  step 400/4061 | loss -6.604 | 75 ms/step (13.27 it/s) | elapsed 0.5 min | ETA this epoch 4.6 min
  step 450/4061 | loss -5.752 | 76 ms/step (13.20 it/s) | elapsed 0.6 min | ETA this epoch 4.6 min
  step 500/4061 | loss -6.183 | 77 ms/step (13.00 it/s) | elapsed 0.6 min | ETA this epoch 4.6 min
  step 550/4061 | loss -8.585 | 77 ms/step (13.06 it/s) | elapsed 0.7 min | ETA this epoch 4.5 min
  step 600/4061 | loss -6.699 | 75 ms/step (13.32 it/s) | elapsed 0.8 min | ETA this epoch 4.3 min
  step 650/4061 | loss -6.025 | 75 ms/step (13.37 it/s) | elapsed 0.8 min | ETA this epoch 4.3 min
  step 700/4061 | loss -7.708 | 77 ms/step (13.06 it/s) | elapsed 0.9 min | ETA this epoch 4.3 min
  step 750/4061 | loss -8.741 | 76 ms/step (13.16 it/s) | elapsed 0.9 min | ETA this epoch 4.2 min
  step 800/4061 | loss -5.598 | 76 ms/step (13.17 it/s) | elapsed 1.0 min | ETA this epoch 4.1 min
  step 850/4061 | loss -5.713 | 75 ms/step (13.39 it/s) | elapsed 1.1 min | ETA this epoch 4.0 min
  step 900/4061 | loss -6.713 | 76 ms/step (13.17 it/s) | elapsed 1.1 min | ETA this epoch 4.0 min
  step 950/4061 | loss -8.582 | 74 ms/step (13.44 it/s) | elapsed 1.2 min | ETA this epoch 3.9 min
  step 1000/4061 | loss -8.352 | 76 ms/step (13.12 it/s) | elapsed 1.3 min | ETA this epoch 3.9 min
  step 1050/4061 | loss -5.845 | 76 ms/step (13.11 it/s) | elapsed 1.3 min | ETA this epoch 3.8 min
  step 1100/4061 | loss -8.335 | 76 ms/step (13.10 it/s) | elapsed 1.4 min | ETA this epoch 3.8 min
  step 1150/4061 | loss -6.676 | 76 ms/step (13.19 it/s) | elapsed 1.5 min | ETA this epoch 3.7 min
  step 1200/4061 | loss -6.472 | 77 ms/step (13.05 it/s) | elapsed 1.5 min | ETA this epoch 3.7 min
  step 1250/4061 | loss -6.456 | 76 ms/step (13.23 it/s) | elapsed 1.6 min | ETA this epoch 3.5 min
  step 1300/4061 | loss -5.887 | 75 ms/step (13.37 it/s) | elapsed 1.6 min | ETA this epoch 3.4 min
  step 1350/4061 | loss -7.369 | 75 ms/step (13.26 it/s) | elapsed 1.7 min | ETA this epoch 3.4 min
  step 1400/4061 | loss -7.871 | 76 ms/step (13.12 it/s) | elapsed 1.8 min | ETA this epoch 3.4 min
  step 1450/4061 | loss -6.294 | 76 ms/step (13.17 it/s) | elapsed 1.8 min | ETA this epoch 3.3 min
  step 1500/4061 | loss -7.212 | 75 ms/step (13.31 it/s) | elapsed 1.9 min | ETA this epoch 3.2 min
  step 1550/4061 | loss -6.456 | 75 ms/step (13.27 it/s) | elapsed 2.0 min | ETA this epoch 3.2 min
  step 1600/4061 | loss -7.756 | 75 ms/step (13.26 it/s) | elapsed 2.0 min | ETA this epoch 3.1 min
  step 1650/4061 | loss -6.337 | 76 ms/step (13.08 it/s) | elapsed 2.1 min | ETA this epoch 3.1 min
  step 1700/4061 | loss -5.288 | 76 ms/step (13.21 it/s) | elapsed 2.1 min | ETA this epoch 3.0 min
  step 1750/4061 | loss -6.714 | 76 ms/step (13.22 it/s) | elapsed 2.2 min | ETA this epoch 2.9 min
  step 1800/4061 | loss -7.875 | 76 ms/step (13.16 it/s) | elapsed 2.3 min | ETA this epoch 2.9 min
  step 1850/4061 | loss -8.119 | 76 ms/step (13.17 it/s) | elapsed 2.3 min | ETA this epoch 2.8 min
  step 1900/4061 | loss -6.922 | 76 ms/step (13.18 it/s) | elapsed 2.4 min | ETA this epoch 2.7 min
  step 1950/4061 | loss -8.932 | 75 ms/step (13.32 it/s) | elapsed 2.5 min | ETA this epoch 2.6 min
  step 2000/4061 | loss -7.802 | 76 ms/step (13.12 it/s) | elapsed 2.5 min | ETA this epoch 2.6 min
  step 2050/4061 | loss -6.866 | 76 ms/step (13.22 it/s) | elapsed 2.6 min | ETA this epoch 2.5 min
  step 2100/4061 | loss -7.122 | 76 ms/step (13.16 it/s) | elapsed 2.6 min | ETA this epoch 2.5 min
  step 2150/4061 | loss -6.830 | 76 ms/step (13.14 it/s) | elapsed 2.7 min | ETA this epoch 2.4 min
  step 2200/4061 | loss -5.418 | 75 ms/step (13.33 it/s) | elapsed 2.8 min | ETA this epoch 2.3 min
  step 2250/4061 | loss -6.332 | 75 ms/step (13.42 it/s) | elapsed 2.8 min | ETA this epoch 2.2 min
  step 2300/4061 | loss -7.790 | 75 ms/step (13.29 it/s) | elapsed 2.9 min | ETA this epoch 2.2 min
  step 2350/4061 | loss -8.603 | 76 ms/step (13.24 it/s) | elapsed 3.0 min | ETA this epoch 2.2 min
  step 2400/4061 | loss -7.130 | 75 ms/step (13.40 it/s) | elapsed 3.0 min | ETA this epoch 2.1 min
  step 2450/4061 | loss -8.033 | 75 ms/step (13.31 it/s) | elapsed 3.1 min | ETA this epoch 2.0 min
  step 2500/4061 | loss -8.344 | 77 ms/step (13.01 it/s) | elapsed 3.2 min | ETA this epoch 2.0 min
  step 2550/4061 | loss -8.555 | 81 ms/step (12.36 it/s) | elapsed 3.2 min | ETA this epoch 2.0 min
  step 2600/4061 | loss -5.555 | 76 ms/step (13.13 it/s) | elapsed 3.3 min | ETA this epoch 1.9 min
  step 2650/4061 | loss -7.676 | 75 ms/step (13.27 it/s) | elapsed 3.3 min | ETA this epoch 1.8 min
  step 2700/4061 | loss -7.735 | 75 ms/step (13.27 it/s) | elapsed 3.4 min | ETA this epoch 1.7 min
  step 2750/4061 | loss -9.761 | 76 ms/step (13.17 it/s) | elapsed 3.5 min | ETA this epoch 1.7 min
  step 2800/4061 | loss -6.097 | 76 ms/step (13.11 it/s) | elapsed 3.5 min | ETA this epoch 1.6 min
  step 2850/4061 | loss -6.097 | 77 ms/step (13.06 it/s) | elapsed 3.6 min | ETA this epoch 1.5 min
  step 2900/4061 | loss -7.754 | 76 ms/step (13.16 it/s) | elapsed 3.7 min | ETA this epoch 1.5 min
  step 2950/4061 | loss -7.078 | 75 ms/step (13.37 it/s) | elapsed 3.7 min | ETA this epoch 1.4 min
  step 3000/4061 | loss -6.778 | 75 ms/step (13.30 it/s) | elapsed 3.8 min | ETA this epoch 1.3 min
  step 3050/4061 | loss -6.903 | 75 ms/step (13.39 it/s) | elapsed 3.9 min | ETA this epoch 1.3 min
  step 3100/4061 | loss -6.416 | 76 ms/step (13.23 it/s) | elapsed 3.9 min | ETA this epoch 1.2 min
  step 3150/4061 | loss -5.555 | 75 ms/step (13.37 it/s) | elapsed 4.0 min | ETA this epoch 1.1 min
  step 3200/4061 | loss -8.219 | 76 ms/step (13.21 it/s) | elapsed 4.0 min | ETA this epoch 1.1 min
  step 3250/4061 | loss -6.647 | 75 ms/step (13.40 it/s) | elapsed 4.1 min | ETA this epoch 1.0 min
  step 3300/4061 | loss -7.386 | 77 ms/step (12.92 it/s) | elapsed 4.2 min | ETA this epoch 1.0 min
  step 3350/4061 | loss -7.389 | 76 ms/step (13.20 it/s) | elapsed 4.2 min | ETA this epoch 0.9 min
  step 3400/4061 | loss -7.278 | 75 ms/step (13.26 it/s) | elapsed 4.3 min | ETA this epoch 0.8 min
  step 3450/4061 | loss -7.007 | 78 ms/step (12.87 it/s) | elapsed 4.4 min | ETA this epoch 0.8 min
  step 3500/4061 | loss -6.850 | 75 ms/step (13.25 it/s) | elapsed 4.4 min | ETA this epoch 0.7 min
  step 3550/4061 | loss -7.033 | 76 ms/step (13.15 it/s) | elapsed 4.5 min | ETA this epoch 0.6 min
  step 3600/4061 | loss -5.876 | 75 ms/step (13.37 it/s) | elapsed 4.5 min | ETA this epoch 0.6 min
  step 3650/4061 | loss -6.993 | 63 ms/step (15.80 it/s) | elapsed 4.6 min | ETA this epoch 0.4 min
  step 3700/4061 | loss -7.573 | 61 ms/step (16.31 it/s) | elapsed 4.6 min | ETA this epoch 0.4 min
  step 3750/4061 | loss -6.784 | 55 ms/step (18.03 it/s) | elapsed 4.7 min | ETA this epoch 0.3 min
  step 3800/4061 | loss -8.102 | 65 ms/step (15.50 it/s) | elapsed 4.7 min | ETA this epoch 0.3 min
  step 3850/4061 | loss -4.318 | 76 ms/step (13.15 it/s) | elapsed 4.8 min | ETA this epoch 0.3 min
  step 3900/4061 | loss -7.709 | 76 ms/step (13.16 it/s) | elapsed 4.9 min | ETA this epoch 0.2 min
  step 3950/4061 | loss -8.220 | 76 ms/step (13.15 it/s) | elapsed 4.9 min | ETA this epoch 0.1 min
  step 4000/4061 | loss -7.587 | 76 ms/step (13.20 it/s) | elapsed 5.0 min | ETA this epoch 0.1 min
  step 4050/4061 | loss -6.942 | 76 ms/step (13.08 it/s) | elapsed 5.1 min | ETA this epoch 0.0 min
Epoch 14/50 | Train -7.071 | Val L1 0.0020 | Val SI-SDR 17.68 dB | Time 5.2 min
Saved best model (SI-SDR 17.68 dB) -> /home/bubai-maji/speech_enhancement/script/propose_ablation1/checkpoint_propose_ab1/best_NGDM_SE.pt
  step 50/4061 | loss -8.083 | 75 ms/step (13.29 it/s) | elapsed 0.1 min | ETA this epoch 5.0 min
  step 100/4061 | loss -5.880 | 75 ms/step (13.33 it/s) | elapsed 0.1 min | ETA this epoch 5.0 min
  step 150/4061 | loss -8.413 | 75 ms/step (13.39 it/s) | elapsed 0.2 min | ETA this epoch 4.9 min
  step 200/4061 | loss -8.566 | 76 ms/step (13.20 it/s) | elapsed 0.3 min | ETA this epoch 4.9 min
  step 250/4061 | loss -6.082 | 76 ms/step (13.21 it/s) | elapsed 0.3 min | ETA this epoch 4.8 min
  step 300/4061 | loss -8.326 | 76 ms/step (13.21 it/s) | elapsed 0.4 min | ETA this epoch 4.7 min
  step 350/4061 | loss -7.900 | 75 ms/step (13.39 it/s) | elapsed 0.4 min | ETA this epoch 4.6 min
  step 400/4061 | loss -9.068 | 76 ms/step (13.11 it/s) | elapsed 0.5 min | ETA this epoch 4.7 min
  step 450/4061 | loss -8.468 | 76 ms/step (13.17 it/s) | elapsed 0.6 min | ETA this epoch 4.6 min
  step 500/4061 | loss -8.305 | 77 ms/step (12.97 it/s) | elapsed 0.6 min | ETA this epoch 4.6 min
  step 550/4061 | loss -8.864 | 77 ms/step (13.04 it/s) | elapsed 0.7 min | ETA this epoch 4.5 min
  step 600/4061 | loss -7.217 | 79 ms/step (12.73 it/s) | elapsed 0.8 min | ETA this epoch 4.5 min
  step 650/4061 | loss -6.816 | 77 ms/step (12.99 it/s) | elapsed 0.8 min | ETA this epoch 4.4 min
  step 700/4061 | loss -8.116 | 76 ms/step (13.17 it/s) | elapsed 0.9 min | ETA this epoch 4.3 min
  step 750/4061 | loss -6.663 | 77 ms/step (13.07 it/s) | elapsed 1.0 min | ETA this epoch 4.2 min
  step 800/4061 | loss -9.395 | 77 ms/step (13.01 it/s) | elapsed 1.0 min | ETA this epoch 4.2 min
  step 850/4061 | loss -8.412 | 75 ms/step (13.29 it/s) | elapsed 1.1 min | ETA this epoch 4.0 min
  step 900/4061 | loss -6.974 | 77 ms/step (13.06 it/s) | elapsed 1.1 min | ETA this epoch 4.0 min
  step 950/4061 | loss -6.460 | 75 ms/step (13.34 it/s) | elapsed 1.2 min | ETA this epoch 3.9 min
  step 1000/4061 | loss -7.339 | 76 ms/step (13.23 it/s) | elapsed 1.3 min | ETA this epoch 3.9 min
  step 1050/4061 | loss -6.279 | 76 ms/step (13.09 it/s) | elapsed 1.3 min | ETA this epoch 3.8 min
  step 1100/4061 | loss -6.100 | 76 ms/step (13.23 it/s) | elapsed 1.4 min | ETA this epoch 3.7 min
  step 1150/4061 | loss -6.736 | 76 ms/step (13.23 it/s) | elapsed 1.5 min | ETA this epoch 3.7 min
  step 1200/4061 | loss -7.969 | 77 ms/step (13.02 it/s) | elapsed 1.5 min | ETA this epoch 3.7 min
  step 1250/4061 | loss -7.494 | 80 ms/step (12.52 it/s) | elapsed 1.6 min | ETA this epoch 3.7 min
  step 1300/4061 | loss -6.241 | 79 ms/step (12.61 it/s) | elapsed 1.7 min | ETA this epoch 3.6 min
  step 1350/4061 | loss -6.970 | 83 ms/step (12.01 it/s) | elapsed 1.7 min | ETA this epoch 3.8 min
  step 1400/4061 | loss -7.617 | 114 ms/step (8.77 it/s) | elapsed 1.8 min | ETA this epoch 5.1 min
  step 1450/4061 | loss -7.730 | 113 ms/step (8.83 it/s) | elapsed 1.9 min | ETA this epoch 4.9 min
  step 1500/4061 | loss -6.061 | 114 ms/step (8.77 it/s) | elapsed 2.0 min | ETA this epoch 4.9 min
  step 1550/4061 | loss -7.768 | 114 ms/step (8.80 it/s) | elapsed 2.1 min | ETA this epoch 4.8 min
  step 1600/4061 | loss -8.176 | 113 ms/step (8.89 it/s) | elapsed 2.2 min | ETA this epoch 4.6 min
  step 1650/4061 | loss -6.069 | 114 ms/step (8.77 it/s) | elapsed 2.3 min | ETA this epoch 4.6 min
  step 1700/4061 | loss -7.033 | 114 ms/step (8.79 it/s) | elapsed 2.4 min | ETA this epoch 4.5 min
  step 1750/4061 | loss -6.409 | 114 ms/step (8.78 it/s) | elapsed 2.5 min | ETA this epoch 4.4 min
  step 1800/4061 | loss -6.450 | 114 ms/step (8.78 it/s) | elapsed 2.6 min | ETA this epoch 4.3 min
  step 1850/4061 | loss -7.882 | 113 ms/step (8.81 it/s) | elapsed 2.7 min | ETA this epoch 4.2 min
  step 1900/4061 | loss -7.938 | 114 ms/step (8.79 it/s) | elapsed 2.8 min | ETA this epoch 4.1 min
  step 1950/4061 | loss -6.772 | 113 ms/step (8.84 it/s) | elapsed 2.9 min | ETA this epoch 4.0 min
  step 2000/4061 | loss -7.416 | 114 ms/step (8.79 it/s) | elapsed 3.0 min | ETA this epoch 3.9 min
  step 2050/4061 | loss -7.842 | 113 ms/step (8.88 it/s) | elapsed 3.0 min | ETA this epoch 3.8 min
  step 2100/4061 | loss -7.605 | 114 ms/step (8.78 it/s) | elapsed 3.1 min | ETA this epoch 3.7 min
  step 2150/4061 | loss -6.242 | 114 ms/step (8.79 it/s) | elapsed 3.2 min | ETA this epoch 3.6 min
  step 2200/4061 | loss -7.313 | 113 ms/step (8.82 it/s) | elapsed 3.3 min | ETA this epoch 3.5 min
  step 2250/4061 | loss -7.620 | 113 ms/step (8.89 it/s) | elapsed 3.4 min | ETA this epoch 3.4 min
  step 2300/4061 | loss -6.811 | 114 ms/step (8.79 it/s) | elapsed 3.5 min | ETA this epoch 3.3 min
  step 2350/4061 | loss -8.886 | 114 ms/step (8.77 it/s) | elapsed 3.6 min | ETA this epoch 3.3 min
  step 2400/4061 | loss -7.588 | 114 ms/step (8.74 it/s) | elapsed 3.7 min | ETA this epoch 3.2 min
  step 2450/4061 | loss -6.088 | 113 ms/step (8.84 it/s) | elapsed 3.8 min | ETA this epoch 3.0 min
  step 2500/4061 | loss -4.802 | 114 ms/step (8.78 it/s) | elapsed 3.9 min | ETA this epoch 3.0 min
  step 2550/4061 | loss -7.185 | 114 ms/step (8.78 it/s) | elapsed 4.0 min | ETA this epoch 2.9 min
  step 2600/4061 | loss -5.976 | 114 ms/step (8.78 it/s) | elapsed 4.1 min | ETA this epoch 2.8 min
  step 2650/4061 | loss -6.718 | 114 ms/step (8.80 it/s) | elapsed 4.2 min | ETA this epoch 2.7 min
  step 2700/4061 | loss -7.655 | 113 ms/step (8.81 it/s) | elapsed 4.3 min | ETA this epoch 2.6 min
  step 2750/4061 | loss -7.642 | 114 ms/step (8.77 it/s) | elapsed 4.4 min | ETA this epoch 2.5 min
  step 2800/4061 | loss -8.399 | 114 ms/step (8.80 it/s) | elapsed 4.5 min | ETA this epoch 2.4 min
  step 2850/4061 | loss -7.642 | 114 ms/step (8.78 it/s) | elapsed 4.6 min | ETA this epoch 2.3 min
  step 2900/4061 | loss -6.545 | 114 ms/step (8.76 it/s) | elapsed 4.7 min | ETA this epoch 2.2 min
  step 2950/4061 | loss -6.225 | 114 ms/step (8.77 it/s) | elapsed 4.8 min | ETA this epoch 2.1 min
  step 3000/4061 | loss -7.362 | 113 ms/step (8.85 it/s) | elapsed 4.8 min | ETA this epoch 2.0 min
  step 3050/4061 | loss -5.976 | 114 ms/step (8.78 it/s) | elapsed 4.9 min | ETA this epoch 1.9 min
  step 3100/4061 | loss -6.954 | 114 ms/step (8.80 it/s) | elapsed 5.0 min | ETA this epoch 1.8 min
  step 3150/4061 | loss -8.444 | 114 ms/step (8.73 it/s) | elapsed 5.1 min | ETA this epoch 1.7 min
  step 3200/4061 | loss -9.709 | 113 ms/step (8.84 it/s) | elapsed 5.2 min | ETA this epoch 1.6 min
  step 3250/4061 | loss -7.675 | 114 ms/step (8.80 it/s) | elapsed 5.3 min | ETA this epoch 1.5 min
  step 3300/4061 | loss -7.532 | 113 ms/step (8.86 it/s) | elapsed 5.4 min | ETA this epoch 1.4 min
  step 3350/4061 | loss -7.715 | 114 ms/step (8.80 it/s) | elapsed 5.5 min | ETA this epoch 1.3 min
  step 3400/4061 | loss -5.896 | 113 ms/step (8.84 it/s) | elapsed 5.6 min | ETA this epoch 1.2 min
  step 3450/4061 | loss -8.571 | 114 ms/step (8.78 it/s) | elapsed 5.7 min | ETA this epoch 1.2 min
  step 3500/4061 | loss -7.713 | 102 ms/step (9.79 it/s) | elapsed 5.8 min | ETA this epoch 1.0 min
  step 3550/4061 | loss -7.190 | 97 ms/step (10.33 it/s) | elapsed 5.9 min | ETA this epoch 0.8 min
  step 3600/4061 | loss -8.742 | 103 ms/step (9.69 it/s) | elapsed 6.0 min | ETA this epoch 0.8 min
  step 3650/4061 | loss -6.638 | 114 ms/step (8.77 it/s) | elapsed 6.0 min | ETA this epoch 0.8 min
  step 3700/4061 | loss -7.623 | 114 ms/step (8.79 it/s) | elapsed 6.1 min | ETA this epoch 0.7 min
  step 3750/4061 | loss -8.378 | 114 ms/step (8.79 it/s) | elapsed 6.2 min | ETA this epoch 0.6 min
  step 3800/4061 | loss -6.348 | 113 ms/step (8.82 it/s) | elapsed 6.3 min | ETA this epoch 0.5 min
  step 3850/4061 | loss -5.339 | 113 ms/step (8.86 it/s) | elapsed 6.4 min | ETA this epoch 0.4 min
  step 3900/4061 | loss -6.795 | 114 ms/step (8.80 it/s) | elapsed 6.5 min | ETA this epoch 0.3 min
  step 3950/4061 | loss -7.806 | 114 ms/step (8.77 it/s) | elapsed 6.6 min | ETA this epoch 0.2 min
  step 4000/4061 | loss -6.894 | 114 ms/step (8.78 it/s) | elapsed 6.7 min | ETA this epoch 0.1 min
  step 4050/4061 | loss -5.671 | 114 ms/step (8.80 it/s) | elapsed 6.8 min | ETA this epoch 0.0 min
Epoch 15/50 | Train -7.112 | Val L1 0.0019 | Val SI-SDR 17.77 dB | Time 7.0 min
Saved best model (SI-SDR 17.77 dB) -> /home/bubai-maji/speech_enhancement/script/propose_ablation1/checkpoint_propose_ab1/best_NGDM_SE.pt
  step 50/4061 | loss -6.093 | 116 ms/step (8.65 it/s) | elapsed 0.1 min | ETA this epoch 7.7 min
  step 100/4061 | loss -7.606 | 112 ms/step (8.90 it/s) | elapsed 0.2 min | ETA this epoch 7.4 min
  step 150/4061 | loss -7.020 | 114 ms/step (8.75 it/s) | elapsed 0.3 min | ETA this epoch 7.4 min
  step 200/4061 | loss -6.302 | 112 ms/step (8.91 it/s) | elapsed 0.4 min | ETA this epoch 7.2 min
  step 250/4061 | loss -6.755 | 114 ms/step (8.77 it/s) | elapsed 0.5 min | ETA this epoch 7.2 min
  step 300/4061 | loss -7.939 | 114 ms/step (8.78 it/s) | elapsed 0.6 min | ETA this epoch 7.1 min
  step 350/4061 | loss -8.269 | 114 ms/step (8.80 it/s) | elapsed 0.7 min | ETA this epoch 7.0 min
  step 400/4061 | loss -7.167 | 114 ms/step (8.74 it/s) | elapsed 0.8 min | ETA this epoch 7.0 min
  step 450/4061 | loss -9.076 | 114 ms/step (8.77 it/s) | elapsed 0.9 min | ETA this epoch 6.9 min
  step 500/4061 | loss -6.308 | 114 ms/step (8.80 it/s) | elapsed 0.9 min | ETA this epoch 6.7 min
  step 550/4061 | loss -5.665 | 114 ms/step (8.79 it/s) | elapsed 1.0 min | ETA this epoch 6.7 min
  step 600/4061 | loss -7.140 | 113 ms/step (8.82 it/s) | elapsed 1.1 min | ETA this epoch 6.5 min
  step 650/4061 | loss -6.488 | 114 ms/step (8.79 it/s) | elapsed 1.2 min | ETA this epoch 6.5 min
  step 700/4061 | loss -8.930 | 114 ms/step (8.79 it/s) | elapsed 1.3 min | ETA this epoch 6.4 min
  step 750/4061 | loss -6.212 | 113 ms/step (8.85 it/s) | elapsed 1.4 min | ETA this epoch 6.2 min
  step 800/4061 | loss -5.861 | 114 ms/step (8.77 it/s) | elapsed 1.5 min | ETA this epoch 6.2 min
  step 850/4061 | loss -6.375 | 114 ms/step (8.81 it/s) | elapsed 1.6 min | ETA this epoch 6.1 min
  step 900/4061 | loss -5.797 | 114 ms/step (8.78 it/s) | elapsed 1.7 min | ETA this epoch 6.0 min
  step 950/4061 | loss -5.923 | 114 ms/step (8.76 it/s) | elapsed 1.8 min | ETA this epoch 5.9 min
  step 1000/4061 | loss -7.306 | 114 ms/step (8.79 it/s) | elapsed 1.9 min | ETA this epoch 5.8 min
  step 1050/4061 | loss -6.798 | 113 ms/step (8.84 it/s) | elapsed 2.0 min | ETA this epoch 5.7 min
  step 1100/4061 | loss -7.601 | 114 ms/step (8.79 it/s) | elapsed 2.1 min | ETA this epoch 5.6 min
  step 1150/4061 | loss -6.412 | 114 ms/step (8.80 it/s) | elapsed 2.2 min | ETA this epoch 5.5 min
  step 1200/4061 | loss -8.502 | 114 ms/step (8.78 it/s) | elapsed 2.3 min | ETA this epoch 5.4 min
  step 1250/4061 | loss -7.422 | 85 ms/step (11.79 it/s) | elapsed 2.3 min | ETA this epoch 4.0 min
  step 1300/4061 | loss -7.777 | 78 ms/step (12.77 it/s) | elapsed 2.4 min | ETA this epoch 3.6 min
  step 1350/4061 | loss -6.030 | 83 ms/step (12.08 it/s) | elapsed 2.5 min | ETA this epoch 3.7 min
  step 1400/4061 | loss -9.026 | 98 ms/step (10.23 it/s) | elapsed 2.6 min | ETA this epoch 4.3 min
  step 1450/4061 | loss -7.718 | 100 ms/step (10.04 it/s) | elapsed 2.6 min | ETA this epoch 4.3 min
  step 1500/4061 | loss -6.816 | 100 ms/step (9.97 it/s) | elapsed 2.7 min | ETA this epoch 4.3 min
  step 1550/4061 | loss -7.228 | 114 ms/step (8.78 it/s) | elapsed 2.8 min | ETA this epoch 4.8 min
  step 1600/4061 | loss -6.920 | 114 ms/step (8.80 it/s) | elapsed 2.9 min | ETA this epoch 4.7 min
  step 1650/4061 | loss -7.548 | 113 ms/step (8.84 it/s) | elapsed 3.0 min | ETA this epoch 4.5 min
  step 1700/4061 | loss -8.292 | 113 ms/step (8.85 it/s) | elapsed 3.1 min | ETA this epoch 4.4 min
  step 1750/4061 | loss -6.168 | 114 ms/step (8.75 it/s) | elapsed 3.2 min | ETA this epoch 4.4 min
  step 1800/4061 | loss -7.145 | 113 ms/step (8.87 it/s) | elapsed 3.3 min | ETA this epoch 4.2 min
  step 1850/4061 | loss -8.538 | 114 ms/step (8.78 it/s) | elapsed 3.4 min | ETA this epoch 4.2 min
  step 1900/4061 | loss -7.304 | 114 ms/step (8.78 it/s) | elapsed 3.5 min | ETA this epoch 4.1 min
  step 1950/4061 | loss -8.253 | 114 ms/step (8.76 it/s) | elapsed 3.6 min | ETA this epoch 4.0 min
  step 2000/4061 | loss -5.660 | 113 ms/step (8.82 it/s) | elapsed 3.7 min | ETA this epoch 3.9 min
  step 2050/4061 | loss -7.257 | 113 ms/step (8.85 it/s) | elapsed 3.8 min | ETA this epoch 3.8 min
  step 2100/4061 | loss -8.223 | 114 ms/step (8.79 it/s) | elapsed 3.9 min | ETA this epoch 3.7 min
  step 2150/4061 | loss -7.963 | 114 ms/step (8.79 it/s) | elapsed 4.0 min | ETA this epoch 3.6 min
  step 2200/4061 | loss -7.557 | 114 ms/step (8.79 it/s) | elapsed 4.1 min | ETA this epoch 3.5 min
  step 2250/4061 | loss -5.954 | 114 ms/step (8.79 it/s) | elapsed 4.1 min | ETA this epoch 3.4 min
  step 2300/4061 | loss -6.673 | 113 ms/step (8.82 it/s) | elapsed 4.2 min | ETA this epoch 3.3 min
  step 2350/4061 | loss -8.883 | 114 ms/step (8.81 it/s) | elapsed 4.3 min | ETA this epoch 3.2 min
  step 2400/4061 | loss -7.038 | 114 ms/step (8.79 it/s) | elapsed 4.4 min | ETA this epoch 3.1 min
  step 2450/4061 | loss -7.049 | 114 ms/step (8.78 it/s) | elapsed 4.5 min | ETA this epoch 3.1 min
  step 2500/4061 | loss -7.806 | 113 ms/step (8.82 it/s) | elapsed 4.6 min | ETA this epoch 3.0 min
  step 2550/4061 | loss -6.134 | 114 ms/step (8.76 it/s) | elapsed 4.7 min | ETA this epoch 2.9 min
  step 2600/4061 | loss -6.983 | 114 ms/step (8.80 it/s) | elapsed 4.8 min | ETA this epoch 2.8 min
  step 2650/4061 | loss -4.461 | 114 ms/step (8.81 it/s) | elapsed 4.9 min | ETA this epoch 2.7 min
  step 2700/4061 | loss -6.905 | 114 ms/step (8.78 it/s) | elapsed 5.0 min | ETA this epoch 2.6 min
  step 2750/4061 | loss -6.832 | 114 ms/step (8.79 it/s) | elapsed 5.1 min | ETA this epoch 2.5 min
  step 2800/4061 | loss -7.486 | 114 ms/step (8.76 it/s) | elapsed 5.2 min | ETA this epoch 2.4 min
  step 2850/4061 | loss -6.815 | 113 ms/step (8.83 it/s) | elapsed 5.3 min | ETA this epoch 2.3 min
  step 2900/4061 | loss -7.933 | 113 ms/step (8.82 it/s) | elapsed 5.4 min | ETA this epoch 2.2 min
  step 2950/4061 | loss -7.918 | 114 ms/step (8.79 it/s) | elapsed 5.5 min | ETA this epoch 2.1 min
  step 3000/4061 | loss -7.906 | 114 ms/step (8.77 it/s) | elapsed 5.6 min | ETA this epoch 2.0 min
  step 3050/4061 | loss -6.561 | 114 ms/step (8.79 it/s) | elapsed 5.7 min | ETA this epoch 1.9 min
  step 3100/4061 | loss -5.707 | 113 ms/step (8.82 it/s) | elapsed 5.8 min | ETA this epoch 1.8 min
  step 3150/4061 | loss -6.490 | 114 ms/step (8.80 it/s) | elapsed 5.9 min | ETA this epoch 1.7 min
  step 3200/4061 | loss -7.184 | 113 ms/step (8.81 it/s) | elapsed 5.9 min | ETA this epoch 1.6 min
  step 3250/4061 | loss -6.500 | 114 ms/step (8.79 it/s) | elapsed 6.0 min | ETA this epoch 1.5 min
  step 3300/4061 | loss -6.813 | 115 ms/step (8.73 it/s) | elapsed 6.1 min | ETA this epoch 1.5 min
  step 3350/4061 | loss -6.234 | 105 ms/step (9.52 it/s) | elapsed 6.2 min | ETA this epoch 1.2 min
  step 3400/4061 | loss -6.776 | 98 ms/step (10.18 it/s) | elapsed 6.3 min | ETA this epoch 1.1 min
  step 3450/4061 | loss -6.729 | 96 ms/step (10.43 it/s) | elapsed 6.4 min | ETA this epoch 1.0 min
  step 3500/4061 | loss -8.083 | 111 ms/step (9.00 it/s) | elapsed 6.5 min | ETA this epoch 1.0 min
  step 3550/4061 | loss -5.847 | 114 ms/step (8.80 it/s) | elapsed 6.6 min | ETA this epoch 1.0 min
  step 3600/4061 | loss -5.289 | 114 ms/step (8.75 it/s) | elapsed 6.7 min | ETA this epoch 0.9 min
  step 3650/4061 | loss -6.483 | 118 ms/step (8.48 it/s) | elapsed 6.8 min | ETA this epoch 0.8 min
  step 3700/4061 | loss -6.936 | 113 ms/step (8.81 it/s) | elapsed 6.9 min | ETA this epoch 0.7 min
  step 3750/4061 | loss -5.741 | 114 ms/step (8.79 it/s) | elapsed 7.0 min | ETA this epoch 0.6 min
  step 3800/4061 | loss -6.333 | 114 ms/step (8.78 it/s) | elapsed 7.1 min | ETA this epoch 0.5 min
  step 3850/4061 | loss -8.255 | 114 ms/step (8.78 it/s) | elapsed 7.1 min | ETA this epoch 0.4 min
  step 3900/4061 | loss -6.889 | 114 ms/step (8.79 it/s) | elapsed 7.2 min | ETA this epoch 0.3 min
  step 3950/4061 | loss -7.476 | 114 ms/step (8.79 it/s) | elapsed 7.3 min | ETA this epoch 0.2 min
  step 4000/4061 | loss -8.403 | 114 ms/step (8.76 it/s) | elapsed 7.4 min | ETA this epoch 0.1 min
  step 4050/4061 | loss -6.693 | 111 ms/step (8.99 it/s) | elapsed 7.5 min | ETA this epoch 0.0 min
Epoch 16/50 | Train -7.134 | Val L1 0.0019 | Val SI-SDR 17.84 dB | Time 7.8 min
Saved best model (SI-SDR 17.84 dB) -> /home/bubai-maji/speech_enhancement/script/propose_ablation1/checkpoint_propose_ab1/best_NGDM_SE.pt
  step 50/4061 | loss -8.378 | 115 ms/step (8.72 it/s) | elapsed 0.1 min | ETA this epoch 7.7 min
  step 100/4061 | loss -7.593 | 114 ms/step (8.77 it/s) | elapsed 0.2 min | ETA this epoch 7.5 min
  step 150/4061 | loss -8.107 | 114 ms/step (8.79 it/s) | elapsed 0.3 min | ETA this epoch 7.4 min
  step 200/4061 | loss -6.974 | 114 ms/step (8.78 it/s) | elapsed 0.4 min | ETA this epoch 7.3 min
  step 250/4061 | loss -8.822 | 114 ms/step (8.80 it/s) | elapsed 0.5 min | ETA this epoch 7.2 min
  step 300/4061 | loss -8.037 | 113 ms/step (8.82 it/s) | elapsed 0.6 min | ETA this epoch 7.1 min
  step 350/4061 | loss -6.959 | 114 ms/step (8.76 it/s) | elapsed 0.7 min | ETA this epoch 7.1 min
  step 400/4061 | loss -7.271 | 114 ms/step (8.75 it/s) | elapsed 0.8 min | ETA this epoch 7.0 min
  step 450/4061 | loss -5.597 | 113 ms/step (8.81 it/s) | elapsed 0.9 min | ETA this epoch 6.8 min
  step 500/4061 | loss -7.968 | 114 ms/step (8.81 it/s) | elapsed 0.9 min | ETA this epoch 6.7 min
  step 550/4061 | loss -6.884 | 114 ms/step (8.77 it/s) | elapsed 1.0 min | ETA this epoch 6.7 min
  step 600/4061 | loss -7.209 | 113 ms/step (8.83 it/s) | elapsed 1.1 min | ETA this epoch 6.5 min
  step 650/4061 | loss -7.683 | 114 ms/step (8.80 it/s) | elapsed 1.2 min | ETA this epoch 6.5 min
  step 700/4061 | loss -6.634 | 114 ms/step (8.78 it/s) | elapsed 1.3 min | ETA this epoch 6.4 min
  step 750/4061 | loss -7.784 | 114 ms/step (8.79 it/s) | elapsed 1.4 min | ETA this epoch 6.3 min
  step 800/4061 | loss -8.001 | 114 ms/step (8.80 it/s) | elapsed 1.5 min | ETA this epoch 6.2 min
  step 850/4061 | loss -7.763 | 113 ms/step (8.82 it/s) | elapsed 1.6 min | ETA this epoch 6.1 min
  step 900/4061 | loss -8.814 | 114 ms/step (8.81 it/s) | elapsed 1.7 min | ETA this epoch 6.0 min
  step 950/4061 | loss -6.346 | 114 ms/step (8.78 it/s) | elapsed 1.8 min | ETA this epoch 5.9 min
  step 1000/4061 | loss -7.173 | 113 ms/step (8.82 it/s) | elapsed 1.9 min | ETA this epoch 5.8 min
  step 1050/4061 | loss -7.514 | 114 ms/step (8.77 it/s) | elapsed 2.0 min | ETA this epoch 5.7 min
  step 1100/4061 | loss -8.339 | 114 ms/step (8.81 it/s) | elapsed 2.1 min | ETA this epoch 5.6 min
  step 1150/4061 | loss -7.614 | 114 ms/step (8.77 it/s) | elapsed 2.2 min | ETA this epoch 5.5 min
  step 1200/4061 | loss -5.462 | 114 ms/step (8.80 it/s) | elapsed 2.3 min | ETA this epoch 5.4 min
  step 1250/4061 | loss -7.629 | 114 ms/step (8.79 it/s) | elapsed 2.4 min | ETA this epoch 5.3 min
  step 1300/4061 | loss -7.032 | 114 ms/step (8.78 it/s) | elapsed 2.5 min | ETA this epoch 5.2 min
  step 1350/4061 | loss -8.589 | 112 ms/step (8.91 it/s) | elapsed 2.6 min | ETA this epoch 5.1 min
  step 1400/4061 | loss -6.998 | 94 ms/step (10.61 it/s) | elapsed 2.6 min | ETA this epoch 4.2 min
  step 1450/4061 | loss -6.103 | 97 ms/step (10.33 it/s) | elapsed 2.7 min | ETA this epoch 4.2 min
  step 1500/4061 | loss -7.788 | 101 ms/step (9.87 it/s) | elapsed 2.8 min | ETA this epoch 4.3 min
  step 1550/4061 | loss -6.280 | 114 ms/step (8.80 it/s) | elapsed 2.9 min | ETA this epoch 4.8 min
  step 1600/4061 | loss -8.783 | 113 ms/step (8.85 it/s) | elapsed 3.0 min | ETA this epoch 4.6 min
  step 1650/4061 | loss -6.446 | 113 ms/step (8.84 it/s) | elapsed 3.1 min | ETA this epoch 4.5 min
  step 1700/4061 | loss -6.937 | 114 ms/step (8.79 it/s) | elapsed 3.2 min | ETA this epoch 4.5 min
  step 1750/4061 | loss -7.493 | 114 ms/step (8.78 it/s) | elapsed 3.3 min | ETA this epoch 4.4 min
  step 1800/4061 | loss -7.781 | 114 ms/step (8.79 it/s) | elapsed 3.4 min | ETA this epoch 4.3 min
  step 1850/4061 | loss -6.820 | 113 ms/step (8.85 it/s) | elapsed 3.5 min | ETA this epoch 4.2 min
  step 1900/4061 | loss -6.518 | 114 ms/step (8.78 it/s) | elapsed 3.6 min | ETA this epoch 4.1 min
  step 1950/4061 | loss -6.662 | 114 ms/step (8.80 it/s) | elapsed 3.7 min | ETA this epoch 4.0 min
  step 2000/4061 | loss -7.830 | 114 ms/step (8.75 it/s) | elapsed 3.7 min | ETA this epoch 3.9 min
  step 2050/4061 | loss -6.523 | 114 ms/step (8.81 it/s) | elapsed 3.8 min | ETA this epoch 3.8 min
  step 2100/4061 | loss -6.623 | 113 ms/step (8.82 it/s) | elapsed 3.9 min | ETA this epoch 3.7 min
  step 2150/4061 | loss -5.875 | 113 ms/step (8.85 it/s) | elapsed 4.0 min | ETA this epoch 3.6 min
  step 2200/4061 | loss -5.384 | 114 ms/step (8.79 it/s) | elapsed 4.1 min | ETA this epoch 3.5 min
  step 2250/4061 | loss -6.835 | 114 ms/step (8.78 it/s) | elapsed 4.2 min | ETA this epoch 3.4 min
  step 2300/4061 | loss -7.619 | 114 ms/step (8.78 it/s) | elapsed 4.3 min | ETA this epoch 3.3 min
  step 2350/4061 | loss -7.334 | 113 ms/step (8.83 it/s) | elapsed 4.4 min | ETA this epoch 3.2 min
  step 2400/4061 | loss -8.270 | 114 ms/step (8.80 it/s) | elapsed 4.5 min | ETA this epoch 3.1 min
  step 2450/4061 | loss -7.341 | 114 ms/step (8.76 it/s) | elapsed 4.6 min | ETA this epoch 3.1 min
  step 2500/4061 | loss -7.231 | 113 ms/step (8.86 it/s) | elapsed 4.7 min | ETA this epoch 2.9 min
  step 2550/4061 | loss -6.101 | 113 ms/step (8.87 it/s) | elapsed 4.8 min | ETA this epoch 2.8 min
  step 2600/4061 | loss -8.057 | 114 ms/step (8.77 it/s) | elapsed 4.9 min | ETA this epoch 2.8 min
  step 2650/4061 | loss -7.676 | 114 ms/step (8.77 it/s) | elapsed 5.0 min | ETA this epoch 2.7 min
  step 2700/4061 | loss -7.390 | 114 ms/step (8.79 it/s) | elapsed 5.1 min | ETA this epoch 2.6 min
  step 2750/4061 | loss -6.267 | 114 ms/step (8.81 it/s) | elapsed 5.2 min | ETA this epoch 2.5 min
  step 2800/4061 | loss -8.053 | 114 ms/step (8.78 it/s) | elapsed 5.3 min | ETA this epoch 2.4 min
  step 2850/4061 | loss -8.558 | 113 ms/step (8.82 it/s) | elapsed 5.4 min | ETA this epoch 2.3 min
  step 2900/4061 | loss -8.114 | 114 ms/step (8.79 it/s) | elapsed 5.5 min | ETA this epoch 2.2 min
  step 2950/4061 | loss -6.237 | 113 ms/step (8.81 it/s) | elapsed 5.5 min | ETA this epoch 2.1 min
  step 3000/4061 | loss -6.254 | 114 ms/step (8.80 it/s) | elapsed 5.6 min | ETA this epoch 2.0 min
  step 3050/4061 | loss -8.192 | 114 ms/step (8.80 it/s) | elapsed 5.7 min | ETA this epoch 1.9 min
  step 3100/4061 | loss -5.969 | 114 ms/step (8.78 it/s) | elapsed 5.8 min | ETA this epoch 1.8 min
  step 3150/4061 | loss -4.368 | 114 ms/step (8.79 it/s) | elapsed 5.9 min | ETA this epoch 1.7 min
  step 3200/4061 | loss -6.508 | 105 ms/step (9.53 it/s) | elapsed 6.0 min | ETA this epoch 1.5 min
  step 3250/4061 | loss -7.555 | 101 ms/step (9.93 it/s) | elapsed 6.1 min | ETA this epoch 1.4 min
  step 3300/4061 | loss -10.158 | 99 ms/step (10.13 it/s) | elapsed 6.2 min | ETA this epoch 1.3 min
  step 3350/4061 | loss -7.653 | 112 ms/step (8.96 it/s) | elapsed 6.3 min | ETA this epoch 1.3 min
  step 3400/4061 | loss -6.188 | 114 ms/step (8.80 it/s) | elapsed 6.4 min | ETA this epoch 1.3 min
  step 3450/4061 | loss -6.821 | 113 ms/step (8.82 it/s) | elapsed 6.5 min | ETA this epoch 1.2 min
  step 3500/4061 | loss -7.027 | 114 ms/step (8.79 it/s) | elapsed 6.6 min | ETA this epoch 1.1 min
  step 3550/4061 | loss -7.708 | 114 ms/step (8.79 it/s) | elapsed 6.7 min | ETA this epoch 1.0 min
  step 3600/4061 | loss -5.014 | 113 ms/step (8.82 it/s) | elapsed 6.7 min | ETA this epoch 0.9 min
  step 3650/4061 | loss -7.397 | 114 ms/step (8.78 it/s) | elapsed 6.8 min | ETA this epoch 0.8 min
  step 3700/4061 | loss -7.044 | 114 ms/step (8.78 it/s) | elapsed 6.9 min | ETA this epoch 0.7 min
  step 3750/4061 | loss -8.479 | 114 ms/step (8.80 it/s) | elapsed 7.0 min | ETA this epoch 0.6 min
  step 3800/4061 | loss -8.353 | 113 ms/step (8.86 it/s) | elapsed 7.1 min | ETA this epoch 0.5 min
  step 3850/4061 | loss -6.847 | 114 ms/step (8.79 it/s) | elapsed 7.2 min | ETA this epoch 0.4 min
  step 3900/4061 | loss -7.048 | 114 ms/step (8.79 it/s) | elapsed 7.3 min | ETA this epoch 0.3 min
  step 3950/4061 | loss -8.356 | 114 ms/step (8.80 it/s) | elapsed 7.4 min | ETA this epoch 0.2 min
  step 4000/4061 | loss -7.891 | 114 ms/step (8.78 it/s) | elapsed 7.5 min | ETA this epoch 0.1 min
  step 4050/4061 | loss -8.199 | 112 ms/step (8.90 it/s) | elapsed 7.6 min | ETA this epoch 0.0 min
Epoch 17/50 | Train -7.158 | Val L1 0.0020 | Val SI-SDR 17.85 dB | Time 7.8 min
Saved best model (SI-SDR 17.85 dB) -> /home/bubai-maji/speech_enhancement/script/propose_ablation1/checkpoint_propose_ab1/best_NGDM_SE.pt
  step 50/4061 | loss -8.195 | 114 ms/step (8.78 it/s) | elapsed 0.1 min | ETA this epoch 7.6 min
  step 100/4061 | loss -6.986 | 113 ms/step (8.84 it/s) | elapsed 0.2 min | ETA this epoch 7.5 min
  step 150/4061 | loss -6.887 | 113 ms/step (8.85 it/s) | elapsed 0.3 min | ETA this epoch 7.4 min
  step 200/4061 | loss -6.620 | 113 ms/step (8.84 it/s) | elapsed 0.4 min | ETA this epoch 7.3 min
  step 250/4061 | loss -6.528 | 113 ms/step (8.82 it/s) | elapsed 0.5 min | ETA this epoch 7.2 min
  step 300/4061 | loss -6.627 | 114 ms/step (8.77 it/s) | elapsed 0.6 min | ETA this epoch 7.1 min
  step 350/4061 | loss -6.726 | 113 ms/step (8.83 it/s) | elapsed 0.7 min | ETA this epoch 7.0 min
  step 400/4061 | loss -7.927 | 114 ms/step (8.78 it/s) | elapsed 0.8 min | ETA this epoch 6.9 min
  step 450/4061 | loss -8.060 | 114 ms/step (8.79 it/s) | elapsed 0.9 min | ETA this epoch 6.8 min
  step 500/4061 | loss -7.046 | 114 ms/step (8.76 it/s) | elapsed 0.9 min | ETA this epoch 6.8 min
  step 550/4061 | loss -6.535 | 114 ms/step (8.75 it/s) | elapsed 1.0 min | ETA this epoch 6.7 min
  step 600/4061 | loss -6.470 | 113 ms/step (8.83 it/s) | elapsed 1.1 min | ETA this epoch 6.5 min
  step 650/4061 | loss -8.011 | 114 ms/step (8.77 it/s) | elapsed 1.2 min | ETA this epoch 6.5 min
  step 700/4061 | loss -7.694 | 114 ms/step (8.79 it/s) | elapsed 1.3 min | ETA this epoch 6.4 min
  step 750/4061 | loss -9.390 | 113 ms/step (8.83 it/s) | elapsed 1.4 min | ETA this epoch 6.3 min
  step 800/4061 | loss -7.643 | 114 ms/step (8.76 it/s) | elapsed 1.5 min | ETA this epoch 6.2 min
  step 850/4061 | loss -7.308 | 114 ms/step (8.80 it/s) | elapsed 1.6 min | ETA this epoch 6.1 min
  step 900/4061 | loss -5.613 | 113 ms/step (8.84 it/s) | elapsed 1.7 min | ETA this epoch 6.0 min
  step 950/4061 | loss -7.058 | 114 ms/step (8.80 it/s) | elapsed 1.8 min | ETA this epoch 5.9 min
  step 1000/4061 | loss -7.583 | 114 ms/step (8.79 it/s) | elapsed 1.9 min | ETA this epoch 5.8 min
  step 1050/4061 | loss -6.951 | 113 ms/step (8.89 it/s) | elapsed 2.0 min | ETA this epoch 5.6 min
  step 1100/4061 | loss -8.292 | 114 ms/step (8.78 it/s) | elapsed 2.1 min | ETA this epoch 5.6 min
  step 1150/4061 | loss -6.411 | 114 ms/step (8.75 it/s) | elapsed 2.2 min | ETA this epoch 5.5 min
  step 1200/4061 | loss -6.988 | 113 ms/step (8.81 it/s) | elapsed 2.3 min | ETA this epoch 5.4 min
  step 1250/4061 | loss -6.465 | 114 ms/step (8.79 it/s) | elapsed 2.4 min | ETA this epoch 5.3 min
  step 1300/4061 | loss -8.170 | 113 ms/step (8.81 it/s) | elapsed 2.5 min | ETA this epoch 5.2 min
  step 1350/4061 | loss -7.521 | 114 ms/step (8.79 it/s) | elapsed 2.6 min | ETA this epoch 5.1 min
  step 1400/4061 | loss -5.618 | 98 ms/step (10.19 it/s) | elapsed 2.6 min | ETA this epoch 4.4 min
  step 1450/4061 | loss -7.862 | 101 ms/step (9.94 it/s) | elapsed 2.7 min | ETA this epoch 4.4 min
  step 1500/4061 | loss -5.674 | 101 ms/step (9.95 it/s) | elapsed 2.8 min | ETA this epoch 4.3 min
  step 1550/4061 | loss -7.209 | 114 ms/step (8.77 it/s) | elapsed 2.9 min | ETA this epoch 4.8 min
  step 1600/4061 | loss -7.451 | 113 ms/step (8.81 it/s) | elapsed 3.0 min | ETA this epoch 4.7 min
  step 1650/4061 | loss -6.838 | 113 ms/step (8.83 it/s) | elapsed 3.1 min | ETA this epoch 4.6 min
  step 1700/4061 | loss -7.918 | 114 ms/step (8.80 it/s) | elapsed 3.2 min | ETA this epoch 4.5 min
  step 1750/4061 | loss -7.796 | 114 ms/step (8.78 it/s) | elapsed 3.3 min | ETA this epoch 4.4 min
  step 1800/4061 | loss -6.263 | 114 ms/step (8.78 it/s) | elapsed 3.4 min | ETA this epoch 4.3 min
  step 1850/4061 | loss -6.918 | 114 ms/step (8.80 it/s) | elapsed 3.5 min | ETA this epoch 4.2 min
  step 1900/4061 | loss -8.718 | 114 ms/step (8.78 it/s) | elapsed 3.6 min | ETA this epoch 4.1 min
  step 1950/4061 | loss -7.152 | 113 ms/step (8.85 it/s) | elapsed 3.7 min | ETA this epoch 4.0 min
  step 2000/4061 | loss -8.052 | 114 ms/step (8.81 it/s) | elapsed 3.8 min | ETA this epoch 3.9 min
  step 2050/4061 | loss -7.069 | 113 ms/step (8.83 it/s) | elapsed 3.8 min | ETA this epoch 3.8 min
  step 2100/4061 | loss -7.351 | 114 ms/step (8.78 it/s) | elapsed 3.9 min | ETA this epoch 3.7 min
  step 2150/4061 | loss -6.061 | 114 ms/step (8.80 it/s) | elapsed 4.0 min | ETA this epoch 3.6 min
  step 2200/4061 | loss -6.426 | 113 ms/step (8.84 it/s) | elapsed 4.1 min | ETA this epoch 3.5 min
  step 2250/4061 | loss -7.606 | 114 ms/step (8.81 it/s) | elapsed 4.2 min | ETA this epoch 3.4 min
  step 2300/4061 | loss -6.376 | 114 ms/step (8.78 it/s) | elapsed 4.3 min | ETA this epoch 3.3 min
  step 2350/4061 | loss -6.665 | 114 ms/step (8.77 it/s) | elapsed 4.4 min | ETA this epoch 3.3 min
  step 2400/4061 | loss -8.109 | 113 ms/step (8.86 it/s) | elapsed 4.5 min | ETA this epoch 3.1 min
  step 2450/4061 | loss -7.491 | 114 ms/step (8.77 it/s) | elapsed 4.6 min | ETA this epoch 3.1 min
  step 2500/4061 | loss -6.914 | 114 ms/step (8.81 it/s) | elapsed 4.7 min | ETA this epoch 3.0 min
  step 2550/4061 | loss -6.366 | 113 ms/step (8.85 it/s) | elapsed 4.8 min | ETA this epoch 2.8 min
  step 2600/4061 | loss -6.786 | 114 ms/step (8.79 it/s) | elapsed 4.9 min | ETA this epoch 2.8 min
  step 2650/4061 | loss -7.368 | 114 ms/step (8.80 it/s) | elapsed 5.0 min | ETA this epoch 2.7 min
  step 2700/4061 | loss -6.146 | 112 ms/step (8.92 it/s) | elapsed 5.1 min | ETA this epoch 2.5 min
  step 2750/4061 | loss -6.888 | 114 ms/step (8.76 it/s) | elapsed 5.2 min | ETA this epoch 2.5 min
  step 2800/4061 | loss -7.952 | 114 ms/step (8.80 it/s) | elapsed 5.3 min | ETA this epoch 2.4 min
  step 2850/4061 | loss -6.265 | 113 ms/step (8.81 it/s) | elapsed 5.4 min | ETA this epoch 2.3 min
  step 2900/4061 | loss -6.585 | 114 ms/step (8.79 it/s) | elapsed 5.5 min | ETA this epoch 2.2 min
  step 2950/4061 | loss -6.819 | 114 ms/step (8.76 it/s) | elapsed 5.6 min | ETA this epoch 2.1 min
  step 3000/4061 | loss -6.905 | 114 ms/step (8.77 it/s) | elapsed 5.6 min | ETA this epoch 2.0 min
  step 3050/4061 | loss -6.682 | 105 ms/step (9.51 it/s) | elapsed 5.7 min | ETA this epoch 1.8 min
  step 3100/4061 | loss -7.235 | 94 ms/step (10.65 it/s) | elapsed 5.8 min | ETA this epoch 1.5 min
  step 3150/4061 | loss -6.824 | 100 ms/step (9.98 it/s) | elapsed 5.9 min | ETA this epoch 1.5 min
  step 3200/4061 | loss -6.465 | 103 ms/step (9.67 it/s) | elapsed 6.0 min | ETA this epoch 1.5 min
  step 3250/4061 | loss -6.760 | 113 ms/step (8.85 it/s) | elapsed 6.1 min | ETA this epoch 1.5 min
  step 3300/4061 | loss -7.578 | 116 ms/step (8.63 it/s) | elapsed 6.2 min | ETA this epoch 1.5 min
  step 3350/4061 | loss -5.521 | 114 ms/step (8.77 it/s) | elapsed 6.3 min | ETA this epoch 1.4 min
  step 3400/4061 | loss -7.026 | 114 ms/step (8.78 it/s) | elapsed 6.4 min | ETA this epoch 1.3 min
  step 3450/4061 | loss -6.764 | 114 ms/step (8.77 it/s) | elapsed 6.5 min | ETA this epoch 1.2 min
  step 3500/4061 | loss -6.512 | 114 ms/step (8.80 it/s) | elapsed 6.6 min | ETA this epoch 1.1 min
  step 3550/4061 | loss -7.479 | 114 ms/step (8.76 it/s) | elapsed 6.6 min | ETA this epoch 1.0 min
  step 3600/4061 | loss -5.957 | 114 ms/step (8.75 it/s) | elapsed 6.7 min | ETA this epoch 0.9 min
  step 3650/4061 | loss -7.514 | 114 ms/step (8.75 it/s) | elapsed 6.8 min | ETA this epoch 0.8 min
  step 3700/4061 | loss -7.223 | 113 ms/step (8.82 it/s) | elapsed 6.9 min | ETA this epoch 0.7 min
  step 3750/4061 | loss -8.178 | 113 ms/step (8.84 it/s) | elapsed 7.0 min | ETA this epoch 0.6 min
  step 3800/4061 | loss -6.452 | 114 ms/step (8.74 it/s) | elapsed 7.1 min | ETA this epoch 0.5 min
  step 3850/4061 | loss -8.112 | 118 ms/step (8.47 it/s) | elapsed 7.2 min | ETA this epoch 0.4 min
  step 3900/4061 | loss -7.561 | 115 ms/step (8.70 it/s) | elapsed 7.3 min | ETA this epoch 0.3 min
  step 3950/4061 | loss -6.064 | 114 ms/step (8.78 it/s) | elapsed 7.4 min | ETA this epoch 0.2 min
  step 4000/4061 | loss -8.474 | 114 ms/step (8.80 it/s) | elapsed 7.5 min | ETA this epoch 0.1 min
  step 4050/4061 | loss -7.250 | 114 ms/step (8.77 it/s) | elapsed 7.6 min | ETA this epoch 0.0 min
Epoch 18/50 | Train -7.159 | Val L1 0.0019 | Val SI-SDR 17.83 dB | Time 8.1 min
EarlyStopping counter: 1/7
  step 50/4061 | loss -5.951 | 117 ms/step (8.57 it/s) | elapsed 0.1 min | ETA this epoch 7.8 min
  step 100/4061 | loss -7.464 | 113 ms/step (8.82 it/s) | elapsed 0.2 min | ETA this epoch 7.5 min
  step 150/4061 | loss -7.690 | 119 ms/step (8.41 it/s) | elapsed 0.3 min | ETA this epoch 7.8 min
  step 200/4061 | loss -5.263 | 115 ms/step (8.69 it/s) | elapsed 0.4 min | ETA this epoch 7.4 min
  step 250/4061 | loss -8.058 | 116 ms/step (8.60 it/s) | elapsed 0.5 min | ETA this epoch 7.4 min
  step 300/4061 | loss -7.262 | 114 ms/step (8.76 it/s) | elapsed 0.6 min | ETA this epoch 7.2 min
  step 350/4061 | loss -7.138 | 124 ms/step (8.04 it/s) | elapsed 0.7 min | ETA this epoch 7.7 min
  step 400/4061 | loss -7.929 | 121 ms/step (8.26 it/s) | elapsed 0.8 min | ETA this epoch 7.4 min
  step 450/4061 | loss -6.561 | 122 ms/step (8.18 it/s) | elapsed 0.9 min | ETA this epoch 7.4 min
  step 500/4061 | loss -7.237 | 119 ms/step (8.40 it/s) | elapsed 1.0 min | ETA this epoch 7.1 min
  step 550/4061 | loss -5.719 | 121 ms/step (8.28 it/s) | elapsed 1.1 min | ETA this epoch 7.1 min
  step 600/4061 | loss -6.558 | 119 ms/step (8.40 it/s) | elapsed 1.2 min | ETA this epoch 6.9 min
  step 650/4061 | loss -6.279 | 117 ms/step (8.52 it/s) | elapsed 1.3 min | ETA this epoch 6.7 min
  step 700/4061 | loss -6.387 | 117 ms/step (8.56 it/s) | elapsed 1.4 min | ETA this epoch 6.5 min
  step 750/4061 | loss -7.146 | 116 ms/step (8.62 it/s) | elapsed 1.5 min | ETA this epoch 6.4 min
  step 800/4061 | loss -6.660 | 112 ms/step (8.94 it/s) | elapsed 1.6 min | ETA this epoch 6.1 min
  step 850/4061 | loss -6.884 | 123 ms/step (8.15 it/s) | elapsed 1.7 min | ETA this epoch 6.6 min
  step 900/4061 | loss -7.649 | 115 ms/step (8.68 it/s) | elapsed 1.8 min | ETA this epoch 6.1 min
  step 950/4061 | loss -8.324 | 118 ms/step (8.46 it/s) | elapsed 1.9 min | ETA this epoch 6.1 min
  step 1000/4061 | loss -7.710 | 118 ms/step (8.47 it/s) | elapsed 2.0 min | ETA this epoch 6.0 min
  step 1050/4061 | loss -6.895 | 118 ms/step (8.46 it/s) | elapsed 2.1 min | ETA this epoch 5.9 min
  step 1100/4061 | loss -5.746 | 118 ms/step (8.50 it/s) | elapsed 2.2 min | ETA this epoch 5.8 min
  step 1150/4061 | loss -6.173 | 114 ms/step (8.77 it/s) | elapsed 2.3 min | ETA this epoch 5.5 min
  step 1200/4061 | loss -7.101 | 122 ms/step (8.22 it/s) | elapsed 2.4 min | ETA this epoch 5.8 min
  step 1250/4061 | loss -7.252 | 110 ms/step (9.09 it/s) | elapsed 2.4 min | ETA this epoch 5.2 min
  step 1300/4061 | loss -7.677 | 103 ms/step (9.70 it/s) | elapsed 2.5 min | ETA this epoch 4.7 min
  step 1350/4061 | loss -7.205 | 111 ms/step (8.99 it/s) | elapsed 2.6 min | ETA this epoch 5.0 min
  step 1400/4061 | loss -8.679 | 104 ms/step (9.61 it/s) | elapsed 2.7 min | ETA this epoch 4.6 min
  step 1450/4061 | loss -7.412 | 113 ms/step (8.86 it/s) | elapsed 2.8 min | ETA this epoch 4.9 min
  step 1500/4061 | loss -5.651 | 112 ms/step (8.94 it/s) | elapsed 2.9 min | ETA this epoch 4.8 min
  step 1550/4061 | loss -6.910 | 108 ms/step (9.23 it/s) | elapsed 3.0 min | ETA this epoch 4.5 min
  step 1600/4061 | loss -6.452 | 118 ms/step (8.47 it/s) | elapsed 3.1 min | ETA this epoch 4.8 min
  step 1650/4061 | loss -5.394 | 117 ms/step (8.57 it/s) | elapsed 3.2 min | ETA this epoch 4.7 min
  step 1700/4061 | loss -7.191 | 118 ms/step (8.50 it/s) | elapsed 3.3 min | ETA this epoch 4.6 min
  step 1750/4061 | loss -6.147 | 117 ms/step (8.53 it/s) | elapsed 3.4 min | ETA this epoch 4.5 min
  step 1800/4061 | loss -8.571 | 119 ms/step (8.37 it/s) | elapsed 3.5 min | ETA this epoch 4.5 min
  step 1850/4061 | loss -6.998 | 122 ms/step (8.22 it/s) | elapsed 3.6 min | ETA this epoch 4.5 min
  step 1900/4061 | loss -8.996 | 117 ms/step (8.51 it/s) | elapsed 3.7 min | ETA this epoch 4.2 min
  step 1950/4061 | loss -8.175 | 118 ms/step (8.49 it/s) | elapsed 3.8 min | ETA this epoch 4.1 min
  step 2000/4061 | loss -7.073 | 118 ms/step (8.48 it/s) | elapsed 3.9 min | ETA this epoch 4.0 min
  step 2050/4061 | loss -6.811 | 119 ms/step (8.43 it/s) | elapsed 4.0 min | ETA this epoch 4.0 min
  step 2100/4061 | loss -7.074 | 117 ms/step (8.53 it/s) | elapsed 4.1 min | ETA this epoch 3.8 min
  step 2150/4061 | loss -6.420 | 121 ms/step (8.25 it/s) | elapsed 4.2 min | ETA this epoch 3.9 min
  step 2200/4061 | loss -6.788 | 123 ms/step (8.14 it/s) | elapsed 4.3 min | ETA this epoch 3.8 min
  step 2250/4061 | loss -5.710 | 119 ms/step (8.37 it/s) | elapsed 4.4 min | ETA this epoch 3.6 min
  step 2300/4061 | loss -7.812 | 123 ms/step (8.10 it/s) | elapsed 4.5 min | ETA this epoch 3.6 min
  step 2350/4061 | loss -7.019 | 118 ms/step (8.45 it/s) | elapsed 4.6 min | ETA this epoch 3.4 min
  step 2400/4061 | loss -5.970 | 111 ms/step (8.98 it/s) | elapsed 4.7 min | ETA this epoch 3.1 min
  step 2450/4061 | loss -7.058 | 109 ms/step (9.20 it/s) | elapsed 4.8 min | ETA this epoch 2.9 min
  step 2500/4061 | loss -5.573 | 110 ms/step (9.12 it/s) | elapsed 4.9 min | ETA this epoch 2.9 min
  step 2550/4061 | loss -8.515 | 102 ms/step (9.79 it/s) | elapsed 4.9 min | ETA this epoch 2.6 min
  step 2600/4061 | loss -5.588 | 119 ms/step (8.39 it/s) | elapsed 5.0 min | ETA this epoch 2.9 min
  step 2650/4061 | loss -6.739 | 109 ms/step (9.16 it/s) | elapsed 5.1 min | ETA this epoch 2.6 min
  step 2700/4061 | loss -6.795 | 112 ms/step (8.92 it/s) | elapsed 5.2 min | ETA this epoch 2.5 min
  step 2750/4061 | loss -6.360 | 116 ms/step (8.62 it/s) | elapsed 5.3 min | ETA this epoch 2.5 min
  step 2800/4061 | loss -6.826 | 118 ms/step (8.46 it/s) | elapsed 5.4 min | ETA this epoch 2.5 min
  step 2850/4061 | loss -8.229 | 126 ms/step (7.94 it/s) | elapsed 5.5 min | ETA this epoch 2.5 min
  step 2900/4061 | loss -7.917 | 120 ms/step (8.34 it/s) | elapsed 5.6 min | ETA this epoch 2.3 min
  step 2950/4061 | loss -7.199 | 121 ms/step (8.24 it/s) | elapsed 5.7 min | ETA this epoch 2.2 min
  step 3000/4061 | loss -7.229 | 116 ms/step (8.65 it/s) | elapsed 5.8 min | ETA this epoch 2.0 min
  step 3050/4061 | loss -5.162 | 126 ms/step (7.91 it/s) | elapsed 5.9 min | ETA this epoch 2.1 min
  step 3100/4061 | loss -8.852 | 117 ms/step (8.53 it/s) | elapsed 6.0 min | ETA this epoch 1.9 min
  step 3150/4061 | loss -6.824 | 121 ms/step (8.24 it/s) | elapsed 6.1 min | ETA this epoch 1.8 min
  step 3200/4061 | loss -6.641 | 125 ms/step (8.02 it/s) | elapsed 6.2 min | ETA this epoch 1.8 min
  step 3250/4061 | loss -8.083 | 122 ms/step (8.21 it/s) | elapsed 6.3 min | ETA this epoch 1.6 min
  step 3300/4061 | loss -7.206 | 121 ms/step (8.27 it/s) | elapsed 6.4 min | ETA this epoch 1.5 min
  step 3350/4061 | loss -6.354 | 117 ms/step (8.54 it/s) | elapsed 6.5 min | ETA this epoch 1.4 min
  step 3400/4061 | loss -9.505 | 121 ms/step (8.27 it/s) | elapsed 6.6 min | ETA this epoch 1.3 min
  step 3450/4061 | loss -8.978 | 120 ms/step (8.31 it/s) | elapsed 6.7 min | ETA this epoch 1.2 min
  step 3500/4061 | loss -7.418 | 116 ms/step (8.60 it/s) | elapsed 6.8 min | ETA this epoch 1.1 min
  step 3550/4061 | loss -7.344 | 116 ms/step (8.59 it/s) | elapsed 6.9 min | ETA this epoch 1.0 min
  step 3600/4061 | loss -8.117 | 120 ms/step (8.34 it/s) | elapsed 7.0 min | ETA this epoch 0.9 min
  step 3650/4061 | loss -7.516 | 116 ms/step (8.62 it/s) | elapsed 7.1 min | ETA this epoch 0.8 min
  step 3700/4061 | loss -8.341 | 116 ms/step (8.66 it/s) | elapsed 7.2 min | ETA this epoch 0.7 min
  step 3750/4061 | loss -6.493 | 115 ms/step (8.69 it/s) | elapsed 7.3 min | ETA this epoch 0.6 min
  step 3800/4061 | loss -8.533 | 117 ms/step (8.53 it/s) | elapsed 7.4 min | ETA this epoch 0.5 min
  step 3850/4061 | loss -7.339 | 120 ms/step (8.36 it/s) | elapsed 7.5 min | ETA this epoch 0.4 min
  step 3900/4061 | loss -7.265 | 123 ms/step (8.13 it/s) | elapsed 7.6 min | ETA this epoch 0.3 min
  step 3950/4061 | loss -7.336 | 125 ms/step (8.01 it/s) | elapsed 7.7 min | ETA this epoch 0.2 min
  step 4000/4061 | loss -7.254 | 114 ms/step (8.75 it/s) | elapsed 7.8 min | ETA this epoch 0.1 min
  step 4050/4061 | loss -6.256 | 119 ms/step (8.41 it/s) | elapsed 7.9 min | ETA this epoch 0.0 min
Epoch 19/50 | Train -7.193 | Val L1 0.0019 | Val SI-SDR 17.93 dB | Time 8.8 min
Saved best model (SI-SDR 17.93 dB) -> /home/bubai-maji/speech_enhancement/script/propose_ablation1/checkpoint_propose_ab1/best_NGDM_SE.pt
  step 50/4061 | loss -5.089 | 116 ms/step (8.63 it/s) | elapsed 0.1 min | ETA this epoch 7.8 min
  step 100/4061 | loss -7.765 | 116 ms/step (8.61 it/s) | elapsed 0.2 min | ETA this epoch 7.7 min
  step 150/4061 | loss -7.804 | 118 ms/step (8.50 it/s) | elapsed 0.3 min | ETA this epoch 7.7 min
  step 200/4061 | loss -7.221 | 118 ms/step (8.45 it/s) | elapsed 0.4 min | ETA this epoch 7.6 min
  step 250/4061 | loss -7.963 | 122 ms/step (8.22 it/s) | elapsed 0.5 min | ETA this epoch 7.7 min
  step 300/4061 | loss -8.577 | 118 ms/step (8.49 it/s) | elapsed 0.6 min | ETA this epoch 7.4 min
  step 350/4061 | loss -7.386 | 119 ms/step (8.39 it/s) | elapsed 0.7 min | ETA this epoch 7.4 min
  step 400/4061 | loss -8.642 | 116 ms/step (8.59 it/s) | elapsed 0.8 min | ETA this epoch 7.1 min
  step 450/4061 | loss -7.128 | 117 ms/step (8.55 it/s) | elapsed 0.9 min | ETA this epoch 7.0 min
  step 500/4061 | loss -6.555 | 124 ms/step (8.09 it/s) | elapsed 1.0 min | ETA this epoch 7.3 min
  step 550/4061 | loss -7.667 | 119 ms/step (8.41 it/s) | elapsed 1.1 min | ETA this epoch 7.0 min
  step 600/4061 | loss -7.681 | 116 ms/step (8.61 it/s) | elapsed 1.2 min | ETA this epoch 6.7 min
  step 650/4061 | loss -7.265 | 119 ms/step (8.42 it/s) | elapsed 1.3 min | ETA this epoch 6.8 min
  step 700/4061 | loss -7.599 | 116 ms/step (8.62 it/s) | elapsed 1.4 min | ETA this epoch 6.5 min
  step 750/4061 | loss -9.477 | 123 ms/step (8.14 it/s) | elapsed 1.5 min | ETA this epoch 6.8 min
  step 800/4061 | loss -6.394 | 114 ms/step (8.76 it/s) | elapsed 1.6 min | ETA this epoch 6.2 min
  step 850/4061 | loss -6.030 | 116 ms/step (8.62 it/s) | elapsed 1.7 min | ETA this epoch 6.2 min
  step 900/4061 | loss -7.219 | 117 ms/step (8.52 it/s) | elapsed 1.8 min | ETA this epoch 6.2 min
  step 950/4061 | loss -6.191 | 119 ms/step (8.42 it/s) | elapsed 1.9 min | ETA this epoch 6.2 min
  step 1000/4061 | loss -8.037 | 121 ms/step (8.25 it/s) | elapsed 2.0 min | ETA this epoch 6.2 min
  step 1050/4061 | loss -8.087 | 121 ms/step (8.29 it/s) | elapsed 2.1 min | ETA this epoch 6.1 min
  step 1100/4061 | loss -7.538 | 116 ms/step (8.63 it/s) | elapsed 2.2 min | ETA this epoch 5.7 min
  step 1150/4061 | loss -6.852 | 110 ms/step (9.05 it/s) | elapsed 2.3 min | ETA this epoch 5.4 min
  step 1200/4061 | loss -7.295 | 96 ms/step (10.42 it/s) | elapsed 2.3 min | ETA this epoch 4.6 min
  step 1250/4061 | loss -6.595 | 91 ms/step (10.95 it/s) | elapsed 2.4 min | ETA this epoch 4.3 min
  step 1300/4061 | loss -7.421 | 125 ms/step (8.02 it/s) | elapsed 2.5 min | ETA this epoch 5.7 min
  step 1350/4061 | loss -5.141 | 97 ms/step (10.33 it/s) | elapsed 2.6 min | ETA this epoch 4.4 min
  step 1400/4061 | loss -8.343 | 88 ms/step (11.35 it/s) | elapsed 2.7 min | ETA this epoch 3.9 min
  step 1450/4061 | loss -7.762 | 95 ms/step (10.52 it/s) | elapsed 2.8 min | ETA this epoch 4.1 min
  step 1500/4061 | loss -7.332 | 100 ms/step (10.05 it/s) | elapsed 2.8 min | ETA this epoch 4.2 min
  step 1550/4061 | loss -6.358 | 121 ms/step (8.24 it/s) | elapsed 2.9 min | ETA this epoch 5.1 min
  step 1600/4061 | loss -7.330 | 106 ms/step (9.41 it/s) | elapsed 3.0 min | ETA this epoch 4.4 min
  step 1650/4061 | loss -7.202 | 96 ms/step (10.43 it/s) | elapsed 3.1 min | ETA this epoch 3.9 min
  step 1700/4061 | loss -7.989 | 100 ms/step (10.04 it/s) | elapsed 3.2 min | ETA this epoch 3.9 min
  step 1750/4061 | loss -6.607 | 99 ms/step (10.10 it/s) | elapsed 3.3 min | ETA this epoch 3.8 min
  step 1800/4061 | loss -7.106 | 93 ms/step (10.76 it/s) | elapsed 3.3 min | ETA this epoch 3.5 min
  step 1850/4061 | loss -6.955 | 111 ms/step (9.00 it/s) | elapsed 3.4 min | ETA this epoch 4.1 min
  step 1900/4061 | loss -9.954 | 108 ms/step (9.24 it/s) | elapsed 3.5 min | ETA this epoch 3.9 min
  step 1950/4061 | loss -9.066 | 92 ms/step (10.83 it/s) | elapsed 3.6 min | ETA this epoch 3.2 min
  step 2000/4061 | loss -7.095 | 108 ms/step (9.22 it/s) | elapsed 3.7 min | ETA this epoch 3.7 min
  step 2050/4061 | loss -7.534 | 119 ms/step (8.43 it/s) | elapsed 3.8 min | ETA this epoch 4.0 min
  step 2100/4061 | loss -6.219 | 122 ms/step (8.21 it/s) | elapsed 3.9 min | ETA this epoch 4.0 min
  step 2150/4061 | loss -5.924 | 118 ms/step (8.45 it/s) | elapsed 4.0 min | ETA this epoch 3.8 min
  step 2200/4061 | loss -7.274 | 124 ms/step (8.05 it/s) | elapsed 4.1 min | ETA this epoch 3.9 min
  step 2250/4061 | loss -6.375 | 117 ms/step (8.52 it/s) | elapsed 4.2 min | ETA this epoch 3.5 min
  step 2300/4061 | loss -6.722 | 120 ms/step (8.35 it/s) | elapsed 4.3 min | ETA this epoch 3.5 min
  step 2350/4061 | loss -6.687 | 116 ms/step (8.64 it/s) | elapsed 4.4 min | ETA this epoch 3.3 min
  step 2400/4061 | loss -7.543 | 115 ms/step (8.67 it/s) | elapsed 4.5 min | ETA this epoch 3.2 min
  step 2450/4061 | loss -5.557 | 118 ms/step (8.45 it/s) | elapsed 4.6 min | ETA this epoch 3.2 min
  step 2500/4061 | loss -8.933 | 120 ms/step (8.33 it/s) | elapsed 4.7 min | ETA this epoch 3.1 min
  step 2550/4061 | loss -7.279 | 120 ms/step (8.35 it/s) | elapsed 4.8 min | ETA this epoch 3.0 min
  step 2600/4061 | loss -8.332 | 118 ms/step (8.45 it/s) | elapsed 4.9 min | ETA this epoch 2.9 min
  step 2650/4061 | loss -7.607 | 121 ms/step (8.30 it/s) | elapsed 5.0 min | ETA this epoch 2.8 min
  step 2700/4061 | loss -6.869 | 119 ms/step (8.43 it/s) | elapsed 5.1 min | ETA this epoch 2.7 min
  step 2750/4061 | loss -7.479 | 124 ms/step (8.06 it/s) | elapsed 5.2 min | ETA this epoch 2.7 min
  step 2800/4061 | loss -5.802 | 124 ms/step (8.04 it/s) | elapsed 5.3 min | ETA this epoch 2.6 min
  step 2850/4061 | loss -6.337 | 118 ms/step (8.46 it/s) | elapsed 5.4 min | ETA this epoch 2.4 min
  step 2900/4061 | loss -6.505 | 118 ms/step (8.51 it/s) | elapsed 5.5 min | ETA this epoch 2.3 min
  step 2950/4061 | loss -7.546 | 125 ms/step (8.03 it/s) | elapsed 5.6 min | ETA this epoch 2.3 min
  step 3000/4061 | loss -7.874 | 114 ms/step (8.75 it/s) | elapsed 5.7 min | ETA this epoch 2.0 min
  step 3050/4061 | loss -7.100 | 116 ms/step (8.64 it/s) | elapsed 5.8 min | ETA this epoch 2.0 min
  step 3100/4061 | loss -8.110 | 131 ms/step (7.64 it/s) | elapsed 5.9 min | ETA this epoch 2.1 min
  step 3150/4061 | loss -8.053 | 119 ms/step (8.38 it/s) | elapsed 6.0 min | ETA this epoch 1.8 min
  step 3200/4061 | loss -5.920 | 120 ms/step (8.33 it/s) | elapsed 6.1 min | ETA this epoch 1.7 min
  step 3250/4061 | loss -7.176 | 121 ms/step (8.30 it/s) | elapsed 6.2 min | ETA this epoch 1.6 min
  step 3300/4061 | loss -7.164 | 116 ms/step (8.60 it/s) | elapsed 6.3 min | ETA this epoch 1.5 min
  step 3350/4061 | loss -7.523 | 122 ms/step (8.22 it/s) | elapsed 6.4 min | ETA this epoch 1.4 min
  step 3400/4061 | loss -8.701 | 121 ms/step (8.24 it/s) | elapsed 6.5 min | ETA this epoch 1.3 min
  step 3450/4061 | loss -7.393 | 127 ms/step (7.84 it/s) | elapsed 6.6 min | ETA this epoch 1.3 min
  step 3500/4061 | loss -5.932 | 120 ms/step (8.32 it/s) | elapsed 6.7 min | ETA this epoch 1.1 min
  step 3550/4061 | loss -6.227 | 118 ms/step (8.46 it/s) | elapsed 6.8 min | ETA this epoch 1.0 min
  step 3600/4061 | loss -6.349 | 121 ms/step (8.24 it/s) | elapsed 6.9 min | ETA this epoch 0.9 min
  step 3650/4061 | loss -7.912 | 116 ms/step (8.58 it/s) | elapsed 7.0 min | ETA this epoch 0.8 min
  step 3700/4061 | loss -6.768 | 115 ms/step (8.69 it/s) | elapsed 7.1 min | ETA this epoch 0.7 min
  step 3750/4061 | loss -8.489 | 126 ms/step (7.96 it/s) | elapsed 7.2 min | ETA this epoch 0.7 min
  step 3800/4061 | loss -8.762 | 114 ms/step (8.77 it/s) | elapsed 7.3 min | ETA this epoch 0.5 min
  step 3850/4061 | loss -6.163 | 122 ms/step (8.20 it/s) | elapsed 7.4 min | ETA this epoch 0.4 min
  step 3900/4061 | loss -8.043 | 114 ms/step (8.78 it/s) | elapsed 7.5 min | ETA this epoch 0.3 min
  step 3950/4061 | loss -8.388 | 114 ms/step (8.78 it/s) | elapsed 7.6 min | ETA this epoch 0.2 min
  step 4000/4061 | loss -6.814 | 113 ms/step (8.83 it/s) | elapsed 7.7 min | ETA this epoch 0.1 min
  step 4050/4061 | loss -6.661 | 114 ms/step (8.75 it/s) | elapsed 7.8 min | ETA this epoch 0.0 min
Epoch 20/50 | Train -7.214 | Val L1 0.0020 | Val SI-SDR 17.81 dB | Time 8.3 min
EarlyStopping counter: 1/7
  step 50/4061 | loss -5.270 | 114 ms/step (8.80 it/s) | elapsed 0.1 min | ETA this epoch 7.6 min
  step 100/4061 | loss -8.830 | 119 ms/step (8.40 it/s) | elapsed 0.2 min | ETA this epoch 7.9 min
  step 150/4061 | loss -8.088 | 113 ms/step (8.85 it/s) | elapsed 0.3 min | ETA this epoch 7.4 min
  step 200/4061 | loss -8.646 | 114 ms/step (8.77 it/s) | elapsed 0.4 min | ETA this epoch 7.3 min
  step 250/4061 | loss -7.340 | 113 ms/step (8.84 it/s) | elapsed 0.5 min | ETA this epoch 7.2 min
  step 300/4061 | loss -6.163 | 112 ms/step (8.96 it/s) | elapsed 0.6 min | ETA this epoch 7.0 min
  step 350/4061 | loss -6.488 | 114 ms/step (8.79 it/s) | elapsed 0.7 min | ETA this epoch 7.0 min
  step 400/4061 | loss -7.598 | 112 ms/step (8.93 it/s) | elapsed 0.8 min | ETA this epoch 6.8 min
  step 450/4061 | loss -6.158 | 113 ms/step (8.83 it/s) | elapsed 0.9 min | ETA this epoch 6.8 min
  step 500/4061 | loss -5.889 | 114 ms/step (8.77 it/s) | elapsed 0.9 min | ETA this epoch 6.8 min
  step 550/4061 | loss -6.965 | 113 ms/step (8.81 it/s) | elapsed 1.0 min | ETA this epoch 6.6 min
  step 600/4061 | loss -8.177 | 114 ms/step (8.76 it/s) | elapsed 1.1 min | ETA this epoch 6.6 min
  step 650/4061 | loss -5.545 | 115 ms/step (8.72 it/s) | elapsed 1.2 min | ETA this epoch 6.5 min
  step 700/4061 | loss -7.284 | 114 ms/step (8.77 it/s) | elapsed 1.3 min | ETA this epoch 6.4 min
  step 750/4061 | loss -8.078 | 115 ms/step (8.73 it/s) | elapsed 1.4 min | ETA this epoch 6.3 min
  step 800/4061 | loss -6.843 | 114 ms/step (8.79 it/s) | elapsed 1.5 min | ETA this epoch 6.2 min
  step 850/4061 | loss -5.840 | 115 ms/step (8.72 it/s) | elapsed 1.6 min | ETA this epoch 6.1 min
  step 900/4061 | loss -6.098 | 112 ms/step (8.90 it/s) | elapsed 1.7 min | ETA this epoch 5.9 min
  step 950/4061 | loss -6.551 | 115 ms/step (8.66 it/s) | elapsed 1.8 min | ETA this epoch 6.0 min
  step 1000/4061 | loss -5.733 | 113 ms/step (8.83 it/s) | elapsed 1.9 min | ETA this epoch 5.8 min
  step 1050/4061 | loss -6.333 | 114 ms/step (8.80 it/s) | elapsed 2.0 min | ETA this epoch 5.7 min
  step 1100/4061 | loss -6.094 | 113 ms/step (8.84 it/s) | elapsed 2.1 min | ETA this epoch 5.6 min
  step 1150/4061 | loss -6.221 | 114 ms/step (8.81 it/s) | elapsed 2.2 min | ETA this epoch 5.5 min
  step 1200/4061 | loss -8.685 | 106 ms/step (9.40 it/s) | elapsed 2.3 min | ETA this epoch 5.1 min
  step 1250/4061 | loss -7.826 | 81 ms/step (12.35 it/s) | elapsed 2.3 min | ETA this epoch 3.8 min
  step 1300/4061 | loss -8.737 | 86 ms/step (11.60 it/s) | elapsed 2.4 min | ETA this epoch 4.0 min
  step 1350/4061 | loss -7.917 | 74 ms/step (13.50 it/s) | elapsed 2.5 min | ETA this epoch 3.3 min
  step 1400/4061 | loss -7.157 | 124 ms/step (8.09 it/s) | elapsed 2.6 min | ETA this epoch 5.5 min
  step 1450/4061 | loss -8.147 | 133 ms/step (7.49 it/s) | elapsed 2.7 min | ETA this epoch 5.8 min
  step 1500/4061 | loss -5.993 | 133 ms/step (7.50 it/s) | elapsed 2.8 min | ETA this epoch 5.7 min
  step 1550/4061 | loss -6.406 | 123 ms/step (8.12 it/s) | elapsed 2.9 min | ETA this epoch 5.2 min
  step 1600/4061 | loss -6.960 | 125 ms/step (8.00 it/s) | elapsed 3.0 min | ETA this epoch 5.1 min
  step 1650/4061 | loss -7.445 | 131 ms/step (7.62 it/s) | elapsed 3.1 min | ETA this epoch 5.3 min
  step 1700/4061 | loss -7.425 | 122 ms/step (8.21 it/s) | elapsed 3.2 min | ETA this epoch 4.8 min
  step 1750/4061 | loss -8.573 | 114 ms/step (8.74 it/s) | elapsed 3.3 min | ETA this epoch 4.4 min
  step 1800/4061 | loss -6.294 | 132 ms/step (7.57 it/s) | elapsed 3.4 min | ETA this epoch 5.0 min
  step 1850/4061 | loss -7.883 | 116 ms/step (8.59 it/s) | elapsed 3.5 min | ETA this epoch 4.3 min
  step 1900/4061 | loss -6.889 | 131 ms/step (7.64 it/s) | elapsed 3.6 min | ETA this epoch 4.7 min
  step 1950/4061 | loss -6.639 | 122 ms/step (8.22 it/s) | elapsed 3.7 min | ETA this epoch 4.3 min
  step 2000/4061 | loss -6.752 | 126 ms/step (7.93 it/s) | elapsed 3.8 min | ETA this epoch 4.3 min
  step 2050/4061 | loss -6.303 | 136 ms/step (7.36 it/s) | elapsed 3.9 min | ETA this epoch 4.6 min
  step 2100/4061 | loss -4.710 | 117 ms/step (8.53 it/s) | elapsed 4.0 min | ETA this epoch 3.8 min
  step 2150/4061 | loss -7.337 | 150 ms/step (6.67 it/s) | elapsed 4.2 min | ETA this epoch 4.8 min
  step 2200/4061 | loss -5.567 | 123 ms/step (8.13 it/s) | elapsed 4.3 min | ETA this epoch 3.8 min
  step 2250/4061 | loss -7.305 | 131 ms/step (7.62 it/s) | elapsed 4.4 min | ETA this epoch 4.0 min
  step 2300/4061 | loss -7.283 | 147 ms/step (6.79 it/s) | elapsed 4.5 min | ETA this epoch 4.3 min
  step 2350/4061 | loss -8.647 | 128 ms/step (7.79 it/s) | elapsed 4.6 min | ETA this epoch 3.7 min
  step 2400/4061 | loss -7.855 | 129 ms/step (7.75 it/s) | elapsed 4.7 min | ETA this epoch 3.6 min
  step 2450/4061 | loss -7.168 | 129 ms/step (7.73 it/s) | elapsed 4.8 min | ETA this epoch 3.5 min
  step 2500/4061 | loss -6.455 | 119 ms/step (8.39 it/s) | elapsed 4.9 min | ETA this epoch 3.1 min
  step 2550/4061 | loss -8.669 | 133 ms/step (7.50 it/s) | elapsed 5.0 min | ETA this epoch 3.4 min
  step 2600/4061 | loss -5.617 | 161 ms/step (6.21 it/s) | elapsed 5.2 min | ETA this epoch 3.9 min
  step 2650/4061 | loss -6.454 | 139 ms/step (7.21 it/s) | elapsed 5.3 min | ETA this epoch 3.3 min
  step 2700/4061 | loss -5.683 | 144 ms/step (6.94 it/s) | elapsed 5.4 min | ETA this epoch 3.3 min
  step 2750/4061 | loss -5.973 | 141 ms/step (7.11 it/s) | elapsed 5.5 min | ETA this epoch 3.1 min
  step 2800/4061 | loss -7.316 | 132 ms/step (7.56 it/s) | elapsed 5.6 min | ETA this epoch 2.8 min
  step 2850/4061 | loss -6.171 | 159 ms/step (6.28 it/s) | elapsed 5.8 min | ETA this epoch 3.2 min
  step 2900/4061 | loss -6.647 | 139 ms/step (7.17 it/s) | elapsed 5.9 min | ETA this epoch 2.7 min
  step 2950/4061 | loss -8.201 | 140 ms/step (7.13 it/s) | elapsed 6.0 min | ETA this epoch 2.6 min
  step 3000/4061 | loss -7.251 | 142 ms/step (7.06 it/s) | elapsed 6.1 min | ETA this epoch 2.5 min
  step 3050/4061 | loss -5.989 | 136 ms/step (7.33 it/s) | elapsed 6.2 min | ETA this epoch 2.3 min
  step 3100/4061 | loss -7.333 | 123 ms/step (8.10 it/s) | elapsed 6.3 min | ETA this epoch 2.0 min
  step 3150/4061 | loss -6.267 | 152 ms/step (6.57 it/s) | elapsed 6.5 min | ETA this epoch 2.3 min
  step 3200/4061 | loss -5.365 | 132 ms/step (7.58 it/s) | elapsed 6.6 min | ETA this epoch 1.9 min
  step 3250/4061 | loss -6.874 | 123 ms/step (8.11 it/s) | elapsed 6.7 min | ETA this epoch 1.7 min
  step 3300/4061 | loss -7.286 | 122 ms/step (8.18 it/s) | elapsed 6.8 min | ETA this epoch 1.6 min
  step 3350/4061 | loss -7.933 | 112 ms/step (8.92 it/s) | elapsed 6.9 min | ETA this epoch 1.3 min
  step 3400/4061 | loss -6.938 | 116 ms/step (8.64 it/s) | elapsed 7.0 min | ETA this epoch 1.3 min
  step 3450/4061 | loss -6.405 | 118 ms/step (8.47 it/s) | elapsed 7.1 min | ETA this epoch 1.2 min
  step 3500/4061 | loss -6.777 | 115 ms/step (8.67 it/s) | elapsed 7.2 min | ETA this epoch 1.1 min
  step 3550/4061 | loss -7.845 | 118 ms/step (8.45 it/s) | elapsed 7.3 min | ETA this epoch 1.0 min
  step 3600/4061 | loss -7.879 | 115 ms/step (8.67 it/s) | elapsed 7.4 min | ETA this epoch 0.9 min
  step 3650/4061 | loss -6.536 | 111 ms/step (9.03 it/s) | elapsed 7.4 min | ETA this epoch 0.8 min
  step 3700/4061 | loss -6.249 | 110 ms/step (9.09 it/s) | elapsed 7.5 min | ETA this epoch 0.7 min
  step 3750/4061 | loss -7.860 | 115 ms/step (8.71 it/s) | elapsed 7.6 min | ETA this epoch 0.6 min
  step 3800/4061 | loss -6.227 | 114 ms/step (8.80 it/s) | elapsed 7.7 min | ETA this epoch 0.5 min
  step 3850/4061 | loss -7.024 | 110 ms/step (9.10 it/s) | elapsed 7.8 min | ETA this epoch 0.4 min
  step 3900/4061 | loss -8.178 | 113 ms/step (8.84 it/s) | elapsed 7.9 min | ETA this epoch 0.3 min
  step 3950/4061 | loss -6.932 | 113 ms/step (8.89 it/s) | elapsed 8.0 min | ETA this epoch 0.2 min
  step 4000/4061 | loss -6.064 | 114 ms/step (8.80 it/s) | elapsed 8.1 min | ETA this epoch 0.1 min
  step 4050/4061 | loss -7.132 | 113 ms/step (8.82 it/s) | elapsed 8.2 min | ETA this epoch 0.0 min
Epoch 21/50 | Train -7.197 | Val L1 0.0020 | Val SI-SDR 17.85 dB | Time 8.5 min
EarlyStopping counter: 2/7
  step 50/4061 | loss -6.572 | 115 ms/step (8.73 it/s) | elapsed 0.1 min | ETA this epoch 7.7 min
  step 100/4061 | loss -8.388 | 114 ms/step (8.80 it/s) | elapsed 0.2 min | ETA this epoch 7.5 min
  step 150/4061 | loss -7.002 | 114 ms/step (8.74 it/s) | elapsed 0.3 min | ETA this epoch 7.5 min
  step 200/4061 | loss -8.494 | 113 ms/step (8.86 it/s) | elapsed 0.4 min | ETA this epoch 7.3 min
  step 250/4061 | loss -6.219 | 116 ms/step (8.62 it/s) | elapsed 0.5 min | ETA this epoch 7.4 min
  step 300/4061 | loss -6.084 | 116 ms/step (8.59 it/s) | elapsed 0.6 min | ETA this epoch 7.3 min
  step 350/4061 | loss -6.603 | 114 ms/step (8.75 it/s) | elapsed 0.7 min | ETA this epoch 7.1 min
  step 400/4061 | loss -6.604 | 114 ms/step (8.76 it/s) | elapsed 0.8 min | ETA this epoch 7.0 min
  step 450/4061 | loss -6.876 | 114 ms/step (8.77 it/s) | elapsed 0.9 min | ETA this epoch 6.9 min
  step 500/4061 | loss -7.525 | 114 ms/step (8.76 it/s) | elapsed 1.0 min | ETA this epoch 6.8 min
  step 550/4061 | loss -5.584 | 115 ms/step (8.73 it/s) | elapsed 1.0 min | ETA this epoch 6.7 min
  step 600/4061 | loss -6.776 | 115 ms/step (8.70 it/s) | elapsed 1.1 min | ETA this epoch 6.6 min
  step 650/4061 | loss -6.778 | 114 ms/step (8.77 it/s) | elapsed 1.2 min | ETA this epoch 6.5 min
  step 700/4061 | loss -6.280 | 113 ms/step (8.82 it/s) | elapsed 1.3 min | ETA this epoch 6.4 min
  step 750/4061 | loss -5.971 | 114 ms/step (8.77 it/s) | elapsed 1.4 min | ETA this epoch 6.3 min
  step 800/4061 | loss -8.425 | 114 ms/step (8.80 it/s) | elapsed 1.5 min | ETA this epoch 6.2 min
  step 850/4061 | loss -9.305 | 113 ms/step (8.85 it/s) | elapsed 1.6 min | ETA this epoch 6.0 min
  step 900/4061 | loss -7.226 | 114 ms/step (8.79 it/s) | elapsed 1.7 min | ETA this epoch 6.0 min
  step 950/4061 | loss -7.914 | 114 ms/step (8.78 it/s) | elapsed 1.8 min | ETA this epoch 5.9 min
  step 1000/4061 | loss -7.880 | 114 ms/step (8.74 it/s) | elapsed 1.9 min | ETA this epoch 5.8 min
  step 1050/4061 | loss -6.194 | 113 ms/step (8.83 it/s) | elapsed 2.0 min | ETA this epoch 5.7 min
  step 1100/4061 | loss -9.145 | 113 ms/step (8.83 it/s) | elapsed 2.1 min | ETA this epoch 5.6 min
  step 1150/4061 | loss -8.599 | 110 ms/step (9.12 it/s) | elapsed 2.2 min | ETA this epoch 5.3 min
  step 1200/4061 | loss -6.706 | 99 ms/step (10.09 it/s) | elapsed 2.3 min | ETA this epoch 4.7 min
  step 1250/4061 | loss -6.539 | 91 ms/step (10.96 it/s) | elapsed 2.3 min | ETA this epoch 4.3 min
  step 1300/4061 | loss -7.576 | 94 ms/step (10.66 it/s) | elapsed 2.4 min | ETA this epoch 4.3 min
  step 1350/4061 | loss -7.447 | 101 ms/step (9.89 it/s) | elapsed 2.5 min | ETA this epoch 4.6 min
  step 1400/4061 | loss -6.592 | 111 ms/step (9.01 it/s) | elapsed 2.6 min | ETA this epoch 4.9 min
  step 1450/4061 | loss -6.579 | 94 ms/step (10.60 it/s) | elapsed 2.7 min | ETA this epoch 4.1 min
  step 1500/4061 | loss -5.950 | 96 ms/step (10.42 it/s) | elapsed 2.8 min | ETA this epoch 4.1 min
  step 1550/4061 | loss -7.705 | 97 ms/step (10.28 it/s) | elapsed 2.8 min | ETA this epoch 4.1 min
  step 1600/4061 | loss -8.754 | 108 ms/step (9.26 it/s) | elapsed 2.9 min | ETA this epoch 4.4 min
  step 1650/4061 | loss -7.059 | 115 ms/step (8.72 it/s) | elapsed 3.0 min | ETA this epoch 4.6 min
  step 1700/4061 | loss -7.778 | 114 ms/step (8.78 it/s) | elapsed 3.1 min | ETA this epoch 4.5 min
  step 1750/4061 | loss -8.136 | 114 ms/step (8.77 it/s) | elapsed 3.2 min | ETA this epoch 4.4 min
  step 1800/4061 | loss -7.858 | 114 ms/step (8.80 it/s) | elapsed 3.3 min | ETA this epoch 4.3 min
  step 1850/4061 | loss -6.489 | 114 ms/step (8.80 it/s) | elapsed 3.4 min | ETA this epoch 4.2 min
  step 1900/4061 | loss -5.946 | 115 ms/step (8.73 it/s) | elapsed 3.5 min | ETA this epoch 4.1 min
  step 1950/4061 | loss -7.096 | 114 ms/step (8.77 it/s) | elapsed 3.6 min | ETA this epoch 4.0 min
  step 2000/4061 | loss -7.771 | 113 ms/step (8.82 it/s) | elapsed 3.7 min | ETA this epoch 3.9 min
  step 2050/4061 | loss -7.213 | 113 ms/step (8.82 it/s) | elapsed 3.8 min | ETA this epoch 3.8 min
  step 2100/4061 | loss -7.009 | 113 ms/step (8.83 it/s) | elapsed 3.9 min | ETA this epoch 3.7 min
  step 2150/4061 | loss -8.061 | 114 ms/step (8.77 it/s) | elapsed 4.0 min | ETA this epoch 3.6 min
  step 2200/4061 | loss -6.322 | 114 ms/step (8.81 it/s) | elapsed 4.1 min | ETA this epoch 3.5 min
  step 2250/4061 | loss -7.059 | 116 ms/step (8.66 it/s) | elapsed 4.2 min | ETA this epoch 3.5 min
  step 2300/4061 | loss -7.403 | 115 ms/step (8.69 it/s) | elapsed 4.3 min | ETA this epoch 3.4 min
  step 2350/4061 | loss -5.432 | 113 ms/step (8.83 it/s) | elapsed 4.4 min | ETA this epoch 3.2 min
  step 2400/4061 | loss -6.861 | 115 ms/step (8.71 it/s) | elapsed 4.4 min | ETA this epoch 3.2 min
  step 2450/4061 | loss -5.797 | 114 ms/step (8.80 it/s) | elapsed 4.5 min | ETA this epoch 3.1 min
  step 2500/4061 | loss -8.074 | 114 ms/step (8.78 it/s) | elapsed 4.6 min | ETA this epoch 3.0 min
  step 2550/4061 | loss -8.158 | 114 ms/step (8.78 it/s) | elapsed 4.7 min | ETA this epoch 2.9 min
  step 2600/4061 | loss -7.170 | 114 ms/step (8.79 it/s) | elapsed 4.8 min | ETA this epoch 2.8 min
  step 2650/4061 | loss -8.599 | 115 ms/step (8.72 it/s) | elapsed 4.9 min | ETA this epoch 2.7 min
  step 2700/4061 | loss -9.095 | 114 ms/step (8.76 it/s) | elapsed 5.0 min | ETA this epoch 2.6 min
  step 2750/4061 | loss -7.070 | 114 ms/step (8.79 it/s) | elapsed 5.1 min | ETA this epoch 2.5 min
  step 2800/4061 | loss -6.024 | 114 ms/step (8.78 it/s) | elapsed 5.2 min | ETA this epoch 2.4 min
  step 2850/4061 | loss -7.432 | 113 ms/step (8.82 it/s) | elapsed 5.3 min | ETA this epoch 2.3 min
  step 2900/4061 | loss -6.051 | 114 ms/step (8.80 it/s) | elapsed 5.4 min | ETA this epoch 2.2 min
  step 2950/4061 | loss -8.398 | 113 ms/step (8.82 it/s) | elapsed 5.5 min | ETA this epoch 2.1 min
  step 3000/4061 | loss -7.232 | 113 ms/step (8.85 it/s) | elapsed 5.6 min | ETA this epoch 2.0 min
  step 3050/4061 | loss -7.549 | 114 ms/step (8.74 it/s) | elapsed 5.7 min | ETA this epoch 1.9 min
  step 3100/4061 | loss -8.779 | 114 ms/step (8.79 it/s) | elapsed 5.8 min | ETA this epoch 1.8 min
  step 3150/4061 | loss -7.796 | 114 ms/step (8.78 it/s) | elapsed 5.9 min | ETA this epoch 1.7 min
  step 3200/4061 | loss -7.535 | 115 ms/step (8.71 it/s) | elapsed 6.0 min | ETA this epoch 1.6 min
  step 3250/4061 | loss -7.229 | 115 ms/step (8.73 it/s) | elapsed 6.1 min | ETA this epoch 1.5 min
  step 3300/4061 | loss -6.738 | 114 ms/step (8.81 it/s) | elapsed 6.2 min | ETA this epoch 1.4 min
  step 3350/4061 | loss -6.573 | 113 ms/step (8.82 it/s) | elapsed 6.2 min | ETA this epoch 1.3 min
  step 3400/4061 | loss -7.430 | 112 ms/step (8.95 it/s) | elapsed 6.3 min | ETA this epoch 1.2 min
  step 3450/4061 | loss -7.774 | 113 ms/step (8.82 it/s) | elapsed 6.4 min | ETA this epoch 1.2 min
  step 3500/4061 | loss -7.956 | 114 ms/step (8.78 it/s) | elapsed 6.5 min | ETA this epoch 1.1 min
  step 3550/4061 | loss -7.429 | 113 ms/step (8.83 it/s) | elapsed 6.6 min | ETA this epoch 1.0 min
  step 3600/4061 | loss -6.778 | 114 ms/step (8.75 it/s) | elapsed 6.7 min | ETA this epoch 0.9 min
  step 3650/4061 | loss -6.762 | 113 ms/step (8.88 it/s) | elapsed 6.8 min | ETA this epoch 0.8 min
  step 3700/4061 | loss -7.119 | 114 ms/step (8.76 it/s) | elapsed 6.9 min | ETA this epoch 0.7 min
  step 3750/4061 | loss -7.641 | 114 ms/step (8.78 it/s) | elapsed 7.0 min | ETA this epoch 0.6 min
  step 3800/4061 | loss -7.967 | 114 ms/step (8.77 it/s) | elapsed 7.1 min | ETA this epoch 0.5 min
  step 3850/4061 | loss -7.514 | 114 ms/step (8.78 it/s) | elapsed 7.2 min | ETA this epoch 0.4 min
  step 3900/4061 | loss -6.622 | 114 ms/step (8.79 it/s) | elapsed 7.3 min | ETA this epoch 0.3 min
  step 3950/4061 | loss -6.224 | 111 ms/step (8.99 it/s) | elapsed 7.4 min | ETA this epoch 0.2 min
  step 4000/4061 | loss -6.725 | 114 ms/step (8.74 it/s) | elapsed 7.5 min | ETA this epoch 0.1 min
  step 4050/4061 | loss -6.266 | 114 ms/step (8.77 it/s) | elapsed 7.6 min | ETA this epoch 0.0 min
Epoch 22/50 | Train -7.254 | Val L1 0.0019 | Val SI-SDR 17.93 dB | Time 7.9 min
EarlyStopping counter: 3/7
  step 50/4061 | loss -8.690 | 114 ms/step (8.78 it/s) | elapsed 0.1 min | ETA this epoch 7.6 min
  step 100/4061 | loss -5.865 | 116 ms/step (8.61 it/s) | elapsed 0.2 min | ETA this epoch 7.7 min
  step 150/4061 | loss -7.351 | 114 ms/step (8.81 it/s) | elapsed 0.3 min | ETA this epoch 7.4 min
  step 200/4061 | loss -8.051 | 114 ms/step (8.79 it/s) | elapsed 0.4 min | ETA this epoch 7.3 min
  step 250/4061 | loss -7.270 | 115 ms/step (8.72 it/s) | elapsed 0.5 min | ETA this epoch 7.3 min
  step 300/4061 | loss -6.189 | 113 ms/step (8.84 it/s) | elapsed 0.6 min | ETA this epoch 7.1 min
  step 350/4061 | loss -7.909 | 113 ms/step (8.82 it/s) | elapsed 0.7 min | ETA this epoch 7.0 min
  step 400/4061 | loss -6.725 | 115 ms/step (8.73 it/s) | elapsed 0.8 min | ETA this epoch 7.0 min
  step 450/4061 | loss -7.938 | 113 ms/step (8.82 it/s) | elapsed 0.9 min | ETA this epoch 6.8 min
  step 500/4061 | loss -7.519 | 115 ms/step (8.72 it/s) | elapsed 1.0 min | ETA this epoch 6.8 min
  step 550/4061 | loss -7.669 | 114 ms/step (8.80 it/s) | elapsed 1.0 min | ETA this epoch 6.7 min
  step 600/4061 | loss -7.460 | 114 ms/step (8.76 it/s) | elapsed 1.1 min | ETA this epoch 6.6 min
  step 650/4061 | loss -7.783 | 114 ms/step (8.77 it/s) | elapsed 1.2 min | ETA this epoch 6.5 min
  step 700/4061 | loss -6.476 | 114 ms/step (8.80 it/s) | elapsed 1.3 min | ETA this epoch 6.4 min
  step 750/4061 | loss -7.540 | 114 ms/step (8.76 it/s) | elapsed 1.4 min | ETA this epoch 6.3 min
  step 800/4061 | loss -8.247 | 115 ms/step (8.70 it/s) | elapsed 1.5 min | ETA this epoch 6.3 min
  step 850/4061 | loss -6.295 | 114 ms/step (8.74 it/s) | elapsed 1.6 min | ETA this epoch 6.1 min
  step 900/4061 | loss -7.263 | 115 ms/step (8.71 it/s) | elapsed 1.7 min | ETA this epoch 6.0 min
  step 950/4061 | loss -8.450 | 113 ms/step (8.86 it/s) | elapsed 1.8 min | ETA this epoch 5.9 min
  step 1000/4061 | loss -7.440 | 114 ms/step (8.75 it/s) | elapsed 1.9 min | ETA this epoch 5.8 min
  step 1050/4061 | loss -6.606 | 97 ms/step (10.28 it/s) | elapsed 2.0 min | ETA this epoch 4.9 min
  step 1100/4061 | loss -7.180 | 96 ms/step (10.39 it/s) | elapsed 2.1 min | ETA this epoch 4.7 min
  step 1150/4061 | loss -5.685 | 98 ms/step (10.25 it/s) | elapsed 2.1 min | ETA this epoch 4.7 min
  step 1200/4061 | loss -6.679 | 94 ms/step (10.65 it/s) | elapsed 2.2 min | ETA this epoch 4.5 min
  step 1250/4061 | loss -7.400 | 102 ms/step (9.78 it/s) | elapsed 2.3 min | ETA this epoch 4.8 min
  step 1300/4061 | loss -7.770 | 114 ms/step (8.80 it/s) | elapsed 2.4 min | ETA this epoch 5.2 min
  step 1350/4061 | loss -7.622 | 116 ms/step (8.63 it/s) | elapsed 2.5 min | ETA this epoch 5.2 min
  step 1400/4061 | loss -5.946 | 103 ms/step (9.71 it/s) | elapsed 2.6 min | ETA this epoch 4.6 min
  step 1450/4061 | loss -6.824 | 102 ms/step (9.82 it/s) | elapsed 2.7 min | ETA this epoch 4.4 min
  step 1500/4061 | loss -7.829 | 101 ms/step (9.87 it/s) | elapsed 2.8 min | ETA this epoch 4.3 min
  step 1550/4061 | loss -6.693 | 97 ms/step (10.34 it/s) | elapsed 2.8 min | ETA this epoch 4.0 min
  step 1600/4061 | loss -6.989 | 99 ms/step (10.14 it/s) | elapsed 2.9 min | ETA this epoch 4.0 min
  step 1650/4061 | loss -6.068 | 114 ms/step (8.76 it/s) | elapsed 3.0 min | ETA this epoch 4.6 min
  step 1700/4061 | loss -7.817 | 114 ms/step (8.81 it/s) | elapsed 3.1 min | ETA this epoch 4.5 min
  step 1750/4061 | loss -6.060 | 113 ms/step (8.89 it/s) | elapsed 3.2 min | ETA this epoch 4.3 min
  step 1800/4061 | loss -7.123 | 114 ms/step (8.79 it/s) | elapsed 3.3 min | ETA this epoch 4.3 min
  step 1850/4061 | loss -7.711 | 118 ms/step (8.49 it/s) | elapsed 3.4 min | ETA this epoch 4.3 min
  step 1900/4061 | loss -7.993 | 113 ms/step (8.82 it/s) | elapsed 3.5 min | ETA this epoch 4.1 min
  step 1950/4061 | loss -7.478 | 113 ms/step (8.87 it/s) | elapsed 3.6 min | ETA this epoch 4.0 min
  step 2000/4061 | loss -7.482 | 114 ms/step (8.76 it/s) | elapsed 3.7 min | ETA this epoch 3.9 min
  step 2050/4061 | loss -7.751 | 115 ms/step (8.70 it/s) | elapsed 3.8 min | ETA this epoch 3.9 min
  step 2100/4061 | loss -5.563 | 115 ms/step (8.66 it/s) | elapsed 3.9 min | ETA this epoch 3.8 min
  step 2150/4061 | loss -7.246 | 115 ms/step (8.68 it/s) | elapsed 4.0 min | ETA this epoch 3.7 min
  step 2200/4061 | loss -7.428 | 114 ms/step (8.80 it/s) | elapsed 4.1 min | ETA this epoch 3.5 min
  step 2250/4061 | loss -6.678 | 114 ms/step (8.81 it/s) | elapsed 4.2 min | ETA this epoch 3.4 min
  step 2300/4061 | loss -8.160 | 113 ms/step (8.82 it/s) | elapsed 4.2 min | ETA this epoch 3.3 min
  step 2350/4061 | loss -9.736 | 114 ms/step (8.76 it/s) | elapsed 4.3 min | ETA this epoch 3.3 min
  step 2400/4061 | loss -7.480 | 114 ms/step (8.79 it/s) | elapsed 4.4 min | ETA this epoch 3.2 min
  step 2450/4061 | loss -8.909 | 113 ms/step (8.84 it/s) | elapsed 4.5 min | ETA this epoch 3.0 min
  step 2500/4061 | loss -6.122 | 116 ms/step (8.61 it/s) | elapsed 4.6 min | ETA this epoch 3.0 min
  step 2550/4061 | loss -7.654 | 113 ms/step (8.82 it/s) | elapsed 4.7 min | ETA this epoch 2.9 min
  step 2600/4061 | loss -7.445 | 114 ms/step (8.80 it/s) | elapsed 4.8 min | ETA this epoch 2.8 min
  step 2650/4061 | loss -7.578 | 114 ms/step (8.76 it/s) | elapsed 4.9 min | ETA this epoch 2.7 min
  step 2700/4061 | loss -5.753 | 114 ms/step (8.76 it/s) | elapsed 5.0 min | ETA this epoch 2.6 min
  step 2750/4061 | loss -8.915 | 113 ms/step (8.82 it/s) | elapsed 5.1 min | ETA this epoch 2.5 min
  step 2800/4061 | loss -7.359 | 113 ms/step (8.83 it/s) | elapsed 5.2 min | ETA this epoch 2.4 min
  step 2850/4061 | loss -8.682 | 113 ms/step (8.82 it/s) | elapsed 5.3 min | ETA this epoch 2.3 min
  step 2900/4061 | loss -7.151 | 114 ms/step (8.78 it/s) | elapsed 5.4 min | ETA this epoch 2.2 min
  step 2950/4061 | loss -6.203 | 114 ms/step (8.75 it/s) | elapsed 5.5 min | ETA this epoch 2.1 min
  step 3000/4061 | loss -7.600 | 114 ms/step (8.80 it/s) | elapsed 5.6 min | ETA this epoch 2.0 min
  step 3050/4061 | loss -6.697 | 114 ms/step (8.77 it/s) | elapsed 5.7 min | ETA this epoch 1.9 min
  step 3100/4061 | loss -6.551 | 114 ms/step (8.79 it/s) | elapsed 5.8 min | ETA this epoch 1.8 min
  step 3150/4061 | loss -7.322 | 114 ms/step (8.79 it/s) | elapsed 5.9 min | ETA this epoch 1.7 min
  step 3200/4061 | loss -6.582 | 113 ms/step (8.84 it/s) | elapsed 6.0 min | ETA this epoch 1.6 min
  step 3250/4061 | loss -5.893 | 114 ms/step (8.77 it/s) | elapsed 6.1 min | ETA this epoch 1.5 min
  step 3300/4061 | loss -7.213 | 114 ms/step (8.78 it/s) | elapsed 6.1 min | ETA this epoch 1.4 min
  step 3350/4061 | loss -7.858 | 114 ms/step (8.76 it/s) | elapsed 6.2 min | ETA this epoch 1.4 min
  step 3400/4061 | loss -8.819 | 114 ms/step (8.76 it/s) | elapsed 6.3 min | ETA this epoch 1.3 min
  step 3450/4061 | loss -7.381 | 112 ms/step (8.91 it/s) | elapsed 6.4 min | ETA this epoch 1.1 min
  step 3500/4061 | loss -5.727 | 114 ms/step (8.75 it/s) | elapsed 6.5 min | ETA this epoch 1.1 min
  step 3550/4061 | loss -7.340 | 113 ms/step (8.83 it/s) | elapsed 6.6 min | ETA this epoch 1.0 min
  step 3600/4061 | loss -8.216 | 113 ms/step (8.81 it/s) | elapsed 6.7 min | ETA this epoch 0.9 min
  step 3650/4061 | loss -7.529 | 114 ms/step (8.77 it/s) | elapsed 6.8 min | ETA this epoch 0.8 min
  step 3700/4061 | loss -7.314 | 114 ms/step (8.81 it/s) | elapsed 6.9 min | ETA this epoch 0.7 min
  step 3750/4061 | loss -5.360 | 114 ms/step (8.78 it/s) | elapsed 7.0 min | ETA this epoch 0.6 min
  step 3800/4061 | loss -9.178 | 114 ms/step (8.76 it/s) | elapsed 7.1 min | ETA this epoch 0.5 min
  step 3850/4061 | loss -7.674 | 114 ms/step (8.78 it/s) | elapsed 7.2 min | ETA this epoch 0.4 min
  step 3900/4061 | loss -7.173 | 113 ms/step (8.81 it/s) | elapsed 7.3 min | ETA this epoch 0.3 min
  step 3950/4061 | loss -9.153 | 114 ms/step (8.75 it/s) | elapsed 7.4 min | ETA this epoch 0.2 min
  step 4000/4061 | loss -6.142 | 114 ms/step (8.74 it/s) | elapsed 7.5 min | ETA this epoch 0.1 min
  step 4050/4061 | loss -7.315 | 113 ms/step (8.86 it/s) | elapsed 7.6 min | ETA this epoch 0.0 min
Epoch 23/50 | Train -7.265 | Val L1 0.0019 | Val SI-SDR 17.90 dB | Time 7.9 min
EarlyStopping counter: 4/7
  step 50/4061 | loss -6.629 | 113 ms/step (8.88 it/s) | elapsed 0.1 min | ETA this epoch 7.5 min
  step 100/4061 | loss -7.107 | 114 ms/step (8.79 it/s) | elapsed 0.2 min | ETA this epoch 7.5 min
  step 150/4061 | loss -7.287 | 114 ms/step (8.78 it/s) | elapsed 0.3 min | ETA this epoch 7.4 min
  step 200/4061 | loss -6.942 | 114 ms/step (8.79 it/s) | elapsed 0.4 min | ETA this epoch 7.3 min
  step 250/4061 | loss -7.916 | 114 ms/step (8.77 it/s) | elapsed 0.5 min | ETA this epoch 7.2 min
  step 300/4061 | loss -8.064 | 114 ms/step (8.75 it/s) | elapsed 0.6 min | ETA this epoch 7.2 min
  step 350/4061 | loss -7.633 | 113 ms/step (8.81 it/s) | elapsed 0.7 min | ETA this epoch 7.0 min
  step 400/4061 | loss -8.529 | 116 ms/step (8.65 it/s) | elapsed 0.8 min | ETA this epoch 7.1 min
  step 450/4061 | loss -6.546 | 114 ms/step (8.78 it/s) | elapsed 0.9 min | ETA this epoch 6.9 min
  step 500/4061 | loss -6.063 | 114 ms/step (8.77 it/s) | elapsed 0.9 min | ETA this epoch 6.8 min
  step 550/4061 | loss -6.386 | 113 ms/step (8.82 it/s) | elapsed 1.0 min | ETA this epoch 6.6 min
  step 600/4061 | loss -6.680 | 116 ms/step (8.62 it/s) | elapsed 1.1 min | ETA this epoch 6.7 min
  step 650/4061 | loss -6.878 | 117 ms/step (8.57 it/s) | elapsed 1.2 min | ETA this epoch 6.6 min
  step 700/4061 | loss -6.543 | 114 ms/step (8.75 it/s) | elapsed 1.3 min | ETA this epoch 6.4 min
  step 750/4061 | loss -8.006 | 113 ms/step (8.82 it/s) | elapsed 1.4 min | ETA this epoch 6.3 min
  step 800/4061 | loss -7.113 | 113 ms/step (8.84 it/s) | elapsed 1.5 min | ETA this epoch 6.1 min
  step 850/4061 | loss -7.590 | 114 ms/step (8.79 it/s) | elapsed 1.6 min | ETA this epoch 6.1 min
  step 900/4061 | loss -7.213 | 104 ms/step (9.59 it/s) | elapsed 1.7 min | ETA this epoch 5.5 min
  step 950/4061 | loss -6.682 | 90 ms/step (11.08 it/s) | elapsed 1.8 min | ETA this epoch 4.7 min
  step 1000/4061 | loss -8.652 | 95 ms/step (10.51 it/s) | elapsed 1.9 min | ETA this epoch 4.9 min
  step 1050/4061 | loss -7.566 | 98 ms/step (10.18 it/s) | elapsed 1.9 min | ETA this epoch 4.9 min
  step 1100/4061 | loss -7.822 | 112 ms/step (8.94 it/s) | elapsed 2.0 min | ETA this epoch 5.5 min
  step 1150/4061 | loss -6.314 | 114 ms/step (8.79 it/s) | elapsed 2.1 min | ETA this epoch 5.5 min
  step 1200/4061 | loss -7.584 | 114 ms/step (8.76 it/s) | elapsed 2.2 min | ETA this epoch 5.4 min
  step 1250/4061 | loss -7.113 | 114 ms/step (8.76 it/s) | elapsed 2.3 min | ETA this epoch 5.3 min
  step 1300/4061 | loss -8.159 | 114 ms/step (8.80 it/s) | elapsed 2.4 min | ETA this epoch 5.2 min
  step 1350/4061 | loss -8.512 | 114 ms/step (8.76 it/s) | elapsed 2.5 min | ETA this epoch 5.2 min
  step 1400/4061 | loss -5.900 | 114 ms/step (8.78 it/s) | elapsed 2.6 min | ETA this epoch 5.1 min
  step 1450/4061 | loss -5.753 | 101 ms/step (9.92 it/s) | elapsed 2.7 min | ETA this epoch 4.4 min
  step 1500/4061 | loss -6.675 | 97 ms/step (10.32 it/s) | elapsed 2.8 min | ETA this epoch 4.1 min
  step 1550/4061 | loss -7.202 | 97 ms/step (10.26 it/s) | elapsed 2.8 min | ETA this epoch 4.1 min
  step 1600/4061 | loss -7.576 | 102 ms/step (9.81 it/s) | elapsed 2.9 min | ETA this epoch 4.2 min
  step 1650/4061 | loss -7.459 | 113 ms/step (8.86 it/s) | elapsed 3.0 min | ETA this epoch 4.5 min
  step 1700/4061 | loss -8.217 | 114 ms/step (8.75 it/s) | elapsed 3.1 min | ETA this epoch 4.5 min
  step 1750/4061 | loss -7.305 | 113 ms/step (8.84 it/s) | elapsed 3.2 min | ETA this epoch 4.4 min
  step 1800/4061 | loss -7.657 | 114 ms/step (8.76 it/s) | elapsed 3.3 min | ETA this epoch 4.3 min
  step 1850/4061 | loss -6.269 | 113 ms/step (8.84 it/s) | elapsed 3.4 min | ETA this epoch 4.2 min
  step 1900/4061 | loss -7.026 | 113 ms/step (8.83 it/s) | elapsed 3.5 min | ETA this epoch 4.1 min
  step 1950/4061 | loss -8.854 | 114 ms/step (8.80 it/s) | elapsed 3.6 min | ETA this epoch 4.0 min
  step 2000/4061 | loss -7.373 | 114 ms/step (8.81 it/s) | elapsed 3.7 min | ETA this epoch 3.9 min
  step 2050/4061 | loss -7.110 | 114 ms/step (8.79 it/s) | elapsed 3.8 min | ETA this epoch 3.8 min
  step 2100/4061 | loss -6.052 | 114 ms/step (8.78 it/s) | elapsed 3.9 min | ETA this epoch 3.7 min
  step 2150/4061 | loss -7.042 | 114 ms/step (8.74 it/s) | elapsed 4.0 min | ETA this epoch 3.6 min
  step 2200/4061 | loss -7.594 | 113 ms/step (8.81 it/s) | elapsed 4.1 min | ETA this epoch 3.5 min
  step 2250/4061 | loss -8.666 | 114 ms/step (8.78 it/s) | elapsed 4.2 min | ETA this epoch 3.4 min
  step 2300/4061 | loss -7.927 | 114 ms/step (8.79 it/s) | elapsed 4.3 min | ETA this epoch 3.3 min
  step 2350/4061 | loss -10.366 | 114 ms/step (8.77 it/s) | elapsed 4.4 min | ETA this epoch 3.3 min
  step 2400/4061 | loss -6.845 | 114 ms/step (8.77 it/s) | elapsed 4.5 min | ETA this epoch 3.2 min
  step 2450/4061 | loss -6.668 | 114 ms/step (8.78 it/s) | elapsed 4.5 min | ETA this epoch 3.1 min
  step 2500/4061 | loss -8.060 | 114 ms/step (8.76 it/s) | elapsed 4.6 min | ETA this epoch 3.0 min
  step 2550/4061 | loss -7.175 | 114 ms/step (8.78 it/s) | elapsed 4.7 min | ETA this epoch 2.9 min
  step 2600/4061 | loss -6.300 | 114 ms/step (8.78 it/s) | elapsed 4.8 min | ETA this epoch 2.8 min
  step 2650/4061 | loss -7.534 | 114 ms/step (8.81 it/s) | elapsed 4.9 min | ETA this epoch 2.7 min
  step 2700/4061 | loss -5.837 | 114 ms/step (8.78 it/s) | elapsed 5.0 min | ETA this epoch 2.6 min
  step 2750/4061 | loss -6.696 | 114 ms/step (8.80 it/s) | elapsed 5.1 min | ETA this epoch 2.5 min
  step 2800/4061 | loss -6.611 | 115 ms/step (8.72 it/s) | elapsed 5.2 min | ETA this epoch 2.4 min
  step 2850/4061 | loss -7.149 | 114 ms/step (8.81 it/s) | elapsed 5.3 min | ETA this epoch 2.3 min
  step 2900/4061 | loss -7.313 | 114 ms/step (8.78 it/s) | elapsed 5.4 min | ETA this epoch 2.2 min
  step 2950/4061 | loss -5.119 | 113 ms/step (8.84 it/s) | elapsed 5.5 min | ETA this epoch 2.1 min
  step 3000/4061 | loss -7.706 | 115 ms/step (8.68 it/s) | elapsed 5.6 min | ETA this epoch 2.0 min
  step 3050/4061 | loss -7.582 | 114 ms/step (8.75 it/s) | elapsed 5.7 min | ETA this epoch 1.9 min
  step 3100/4061 | loss -4.887 | 114 ms/step (8.78 it/s) | elapsed 5.8 min | ETA this epoch 1.8 min
  step 3150/4061 | loss -7.082 | 113 ms/step (8.82 it/s) | elapsed 5.9 min | ETA this epoch 1.7 min
  step 3200/4061 | loss -6.682 | 116 ms/step (8.63 it/s) | elapsed 6.0 min | ETA this epoch 1.7 min
  step 3250/4061 | loss -5.370 | 113 ms/step (8.84 it/s) | elapsed 6.1 min | ETA this epoch 1.5 min
  step 3300/4061 | loss -8.618 | 114 ms/step (8.77 it/s) | elapsed 6.2 min | ETA this epoch 1.4 min
  step 3350/4061 | loss -7.422 | 114 ms/step (8.76 it/s) | elapsed 6.3 min | ETA this epoch 1.4 min
  step 3400/4061 | loss -8.820 | 114 ms/step (8.78 it/s) | elapsed 6.4 min | ETA this epoch 1.3 min
  step 3450/4061 | loss -6.202 | 114 ms/step (8.74 it/s) | elapsed 6.4 min | ETA this epoch 1.2 min
  step 3500/4061 | loss -6.745 | 113 ms/step (8.83 it/s) | elapsed 6.5 min | ETA this epoch 1.1 min
  step 3550/4061 | loss -8.242 | 114 ms/step (8.76 it/s) | elapsed 6.6 min | ETA this epoch 1.0 min
  step 3600/4061 | loss -7.222 | 114 ms/step (8.76 it/s) | elapsed 6.7 min | ETA this epoch 0.9 min
  step 3650/4061 | loss -8.038 | 113 ms/step (8.82 it/s) | elapsed 6.8 min | ETA this epoch 0.8 min
  step 3700/4061 | loss -8.304 | 116 ms/step (8.59 it/s) | elapsed 6.9 min | ETA this epoch 0.7 min
  step 3750/4061 | loss -7.824 | 113 ms/step (8.84 it/s) | elapsed 7.0 min | ETA this epoch 0.6 min
  step 3800/4061 | loss -8.790 | 114 ms/step (8.76 it/s) | elapsed 7.1 min | ETA this epoch 0.5 min
  step 3850/4061 | loss -5.533 | 114 ms/step (8.77 it/s) | elapsed 7.2 min | ETA this epoch 0.4 min
  step 3900/4061 | loss -7.205 | 116 ms/step (8.61 it/s) | elapsed 7.3 min | ETA this epoch 0.3 min
  step 3950/4061 | loss -8.732 | 114 ms/step (8.80 it/s) | elapsed 7.4 min | ETA this epoch 0.2 min
  step 4000/4061 | loss -7.016 | 114 ms/step (8.79 it/s) | elapsed 7.5 min | ETA this epoch 0.1 min
  step 4050/4061 | loss -6.932 | 113 ms/step (8.82 it/s) | elapsed 7.6 min | ETA this epoch 0.0 min
Epoch 24/50 | Train -7.279 | Val L1 0.0019 | Val SI-SDR 17.94 dB | Time 8.0 min
EarlyStopping counter: 5/7
  step 50/4061 | loss -7.404 | 115 ms/step (8.72 it/s) | elapsed 0.1 min | ETA this epoch 7.7 min
  step 100/4061 | loss -7.939 | 115 ms/step (8.73 it/s) | elapsed 0.2 min | ETA this epoch 7.6 min
  step 150/4061 | loss -9.274 | 113 ms/step (8.81 it/s) | elapsed 0.3 min | ETA this epoch 7.4 min
  step 200/4061 | loss -8.257 | 115 ms/step (8.72 it/s) | elapsed 0.4 min | ETA this epoch 7.4 min
  step 250/4061 | loss -10.056 | 115 ms/step (8.67 it/s) | elapsed 0.5 min | ETA this epoch 7.3 min
  step 300/4061 | loss -7.199 | 115 ms/step (8.67 it/s) | elapsed 0.6 min | ETA this epoch 7.2 min
  step 350/4061 | loss -6.942 | 114 ms/step (8.74 it/s) | elapsed 0.7 min | ETA this epoch 7.1 min
  step 400/4061 | loss -7.049 | 113 ms/step (8.81 it/s) | elapsed 0.8 min | ETA this epoch 6.9 min
  step 450/4061 | loss -7.110 | 114 ms/step (8.79 it/s) | elapsed 0.9 min | ETA this epoch 6.8 min
  step 500/4061 | loss -7.925 | 113 ms/step (8.89 it/s) | elapsed 1.0 min | ETA this epoch 6.7 min
  step 550/4061 | loss -7.837 | 115 ms/step (8.73 it/s) | elapsed 1.0 min | ETA this epoch 6.7 min
  step 600/4061 | loss -7.756 | 114 ms/step (8.76 it/s) | elapsed 1.1 min | ETA this epoch 6.6 min
  step 650/4061 | loss -6.873 | 116 ms/step (8.62 it/s) | elapsed 1.2 min | ETA this epoch 6.6 min
  step 700/4061 | loss -7.721 | 107 ms/step (9.37 it/s) | elapsed 1.3 min | ETA this epoch 6.0 min
  step 750/4061 | loss -7.033 | 92 ms/step (10.90 it/s) | elapsed 1.4 min | ETA this epoch 5.1 min
  step 800/4061 | loss -10.268 | 93 ms/step (10.80 it/s) | elapsed 1.5 min | ETA this epoch 5.0 min
  step 850/4061 | loss -6.309 | 95 ms/step (10.55 it/s) | elapsed 1.6 min | ETA this epoch 5.1 min
  step 900/4061 | loss -6.878 | 90 ms/step (11.16 it/s) | elapsed 1.6 min | ETA this epoch 4.7 min
  step 950/4061 | loss -7.955 | 97 ms/step (10.27 it/s) | elapsed 1.7 min | ETA this epoch 5.0 min
  step 1000/4061 | loss -6.950 | 95 ms/step (10.53 it/s) | elapsed 1.8 min | ETA this epoch 4.8 min
  step 1050/4061 | loss -7.816 | 107 ms/step (9.37 it/s) | elapsed 1.9 min | ETA this epoch 5.4 min
  step 1100/4061 | loss -5.783 | 112 ms/step (8.91 it/s) | elapsed 2.0 min | ETA this epoch 5.5 min
  step 1150/4061 | loss -7.015 | 115 ms/step (8.70 it/s) | elapsed 2.1 min | ETA this epoch 5.6 min
  step 1200/4061 | loss -7.127 | 115 ms/step (8.68 it/s) | elapsed 2.2 min | ETA this epoch 5.5 min
  step 1250/4061 | loss -7.062 | 117 ms/step (8.54 it/s) | elapsed 2.3 min | ETA this epoch 5.5 min
  step 1300/4061 | loss -7.162 | 112 ms/step (8.90 it/s) | elapsed 2.4 min | ETA this epoch 5.2 min
  step 1350/4061 | loss -5.956 | 110 ms/step (9.11 it/s) | elapsed 2.5 min | ETA this epoch 5.0 min
  step 1400/4061 | loss -7.480 | 96 ms/step (10.46 it/s) | elapsed 2.5 min | ETA this epoch 4.2 min
  step 1450/4061 | loss -7.979 | 91 ms/step (11.03 it/s) | elapsed 2.6 min | ETA this epoch 3.9 min
  step 1500/4061 | loss -5.968 | 96 ms/step (10.43 it/s) | elapsed 2.7 min | ETA this epoch 4.1 min
  step 1550/4061 | loss -7.936 | 107 ms/step (9.35 it/s) | elapsed 2.8 min | ETA this epoch 4.5 min
  step 1600/4061 | loss -6.478 | 102 ms/step (9.81 it/s) | elapsed 2.9 min | ETA this epoch 4.2 min
  step 1650/4061 | loss -5.657 | 98 ms/step (10.25 it/s) | elapsed 2.9 min | ETA this epoch 3.9 min
  step 1700/4061 | loss -7.020 | 95 ms/step (10.53 it/s) | elapsed 3.0 min | ETA this epoch 3.7 min
  step 1750/4061 | loss -6.512 | 115 ms/step (8.68 it/s) | elapsed 3.1 min | ETA this epoch 4.4 min
  step 1800/4061 | loss -5.937 | 114 ms/step (8.78 it/s) | elapsed 3.2 min | ETA this epoch 4.3 min
  step 1850/4061 | loss -10.358 | 115 ms/step (8.71 it/s) | elapsed 3.3 min | ETA this epoch 4.2 min
  step 1900/4061 | loss -8.052 | 115 ms/step (8.70 it/s) | elapsed 3.4 min | ETA this epoch 4.1 min
  step 1950/4061 | loss -6.848 | 115 ms/step (8.69 it/s) | elapsed 3.5 min | ETA this epoch 4.1 min
  step 2000/4061 | loss -5.115 | 112 ms/step (8.93 it/s) | elapsed 3.6 min | ETA this epoch 3.8 min
  step 2050/4061 | loss -7.445 | 117 ms/step (8.52 it/s) | elapsed 3.7 min | ETA this epoch 3.9 min
  step 2100/4061 | loss -7.422 | 115 ms/step (8.72 it/s) | elapsed 3.8 min | ETA this epoch 3.7 min
  step 2150/4061 | loss -8.005 | 115 ms/step (8.70 it/s) | elapsed 3.9 min | ETA this epoch 3.7 min
  step 2200/4061 | loss -7.201 | 113 ms/step (8.84 it/s) | elapsed 4.0 min | ETA this epoch 3.5 min
  step 2250/4061 | loss -7.270 | 115 ms/step (8.72 it/s) | elapsed 4.1 min | ETA this epoch 3.5 min
  step 2300/4061 | loss -6.388 | 114 ms/step (8.79 it/s) | elapsed 4.2 min | ETA this epoch 3.3 min
  step 2350/4061 | loss -7.270 | 113 ms/step (8.87 it/s) | elapsed 4.3 min | ETA this epoch 3.2 min
  step 2400/4061 | loss -7.462 | 115 ms/step (8.73 it/s) | elapsed 4.4 min | ETA this epoch 3.2 min
  step 2450/4061 | loss -6.049 | 113 ms/step (8.84 it/s) | elapsed 4.5 min | ETA this epoch 3.0 min
  step 2500/4061 | loss -6.923 | 113 ms/step (8.87 it/s) | elapsed 4.5 min | ETA this epoch 2.9 min
  step 2550/4061 | loss -6.343 | 114 ms/step (8.76 it/s) | elapsed 4.6 min | ETA this epoch 2.9 min
  step 2600/4061 | loss -6.886 | 114 ms/step (8.74 it/s) | elapsed 4.7 min | ETA this epoch 2.8 min
  step 2650/4061 | loss -6.007 | 114 ms/step (8.74 it/s) | elapsed 4.8 min | ETA this epoch 2.7 min
  step 2700/4061 | loss -5.607 | 117 ms/step (8.53 it/s) | elapsed 4.9 min | ETA this epoch 2.7 min
  step 2750/4061 | loss -6.200 | 113 ms/step (8.87 it/s) | elapsed 5.0 min | ETA this epoch 2.5 min
  step 2800/4061 | loss -6.897 | 114 ms/step (8.77 it/s) | elapsed 5.1 min | ETA this epoch 2.4 min
  step 2850/4061 | loss -6.017 | 115 ms/step (8.67 it/s) | elapsed 5.2 min | ETA this epoch 2.3 min
  step 2900/4061 | loss -7.327 | 115 ms/step (8.69 it/s) | elapsed 5.3 min | ETA this epoch 2.2 min
  step 2950/4061 | loss -8.095 | 114 ms/step (8.74 it/s) | elapsed 5.4 min | ETA this epoch 2.1 min
  step 3000/4061 | loss -7.050 | 114 ms/step (8.79 it/s) | elapsed 5.5 min | ETA this epoch 2.0 min
  step 3050/4061 | loss -6.787 | 112 ms/step (8.90 it/s) | elapsed 5.6 min | ETA this epoch 1.9 min
  step 3100/4061 | loss -7.339 | 113 ms/step (8.82 it/s) | elapsed 5.7 min | ETA this epoch 1.8 min
  step 3150/4061 | loss -8.122 | 115 ms/step (8.73 it/s) | elapsed 5.8 min | ETA this epoch 1.7 min
  step 3200/4061 | loss -7.146 | 116 ms/step (8.66 it/s) | elapsed 5.9 min | ETA this epoch 1.7 min
  step 3250/4061 | loss -7.846 | 115 ms/step (8.71 it/s) | elapsed 6.0 min | ETA this epoch 1.6 min
  step 3300/4061 | loss -7.796 | 114 ms/step (8.79 it/s) | elapsed 6.1 min | ETA this epoch 1.4 min
  step 3350/4061 | loss -6.194 | 114 ms/step (8.79 it/s) | elapsed 6.2 min | ETA this epoch 1.3 min
  step 3400/4061 | loss -7.021 | 114 ms/step (8.76 it/s) | elapsed 6.3 min | ETA this epoch 1.3 min
  step 3450/4061 | loss -8.361 | 114 ms/step (8.77 it/s) | elapsed 6.4 min | ETA this epoch 1.2 min
  step 3500/4061 | loss -7.287 | 114 ms/step (8.77 it/s) | elapsed 6.5 min | ETA this epoch 1.1 min
  step 3550/4061 | loss -7.575 | 114 ms/step (8.75 it/s) | elapsed 6.5 min | ETA this epoch 1.0 min
  step 3600/4061 | loss -6.876 | 113 ms/step (8.85 it/s) | elapsed 6.6 min | ETA this epoch 0.9 min
  step 3650/4061 | loss -6.631 | 116 ms/step (8.65 it/s) | elapsed 6.7 min | ETA this epoch 0.8 min
  step 3700/4061 | loss -7.881 | 114 ms/step (8.80 it/s) | elapsed 6.8 min | ETA this epoch 0.7 min
  step 3750/4061 | loss -8.685 | 115 ms/step (8.73 it/s) | elapsed 6.9 min | ETA this epoch 0.6 min
  step 3800/4061 | loss -6.400 | 113 ms/step (8.82 it/s) | elapsed 7.0 min | ETA this epoch 0.5 min
  step 3850/4061 | loss -6.088 | 114 ms/step (8.79 it/s) | elapsed 7.1 min | ETA this epoch 0.4 min
  step 3900/4061 | loss -8.419 | 114 ms/step (8.81 it/s) | elapsed 7.2 min | ETA this epoch 0.3 min
  step 3950/4061 | loss -8.117 | 115 ms/step (8.68 it/s) | elapsed 7.3 min | ETA this epoch 0.2 min
  step 4000/4061 | loss -6.835 | 115 ms/step (8.70 it/s) | elapsed 7.4 min | ETA this epoch 0.1 min
  step 4050/4061 | loss -6.235 | 114 ms/step (8.77 it/s) | elapsed 7.5 min | ETA this epoch 0.0 min
Epoch 25/50 | Train -7.277 | Val L1 0.0019 | Val SI-SDR 17.99 dB | Time 7.8 min
Saved best model (SI-SDR 17.99 dB) -> /home/bubai-maji/speech_enhancement/script/propose_ablation1/checkpoint_propose_ab1/best_NGDM_SE.pt
  step 50/4061 | loss -7.140 | 114 ms/step (8.74 it/s) | elapsed 0.1 min | ETA this epoch 7.6 min
  step 100/4061 | loss -7.074 | 114 ms/step (8.79 it/s) | elapsed 0.2 min | ETA this epoch 7.5 min
  step 150/4061 | loss -8.915 | 114 ms/step (8.80 it/s) | elapsed 0.3 min | ETA this epoch 7.4 min
  step 200/4061 | loss -7.718 | 114 ms/step (8.76 it/s) | elapsed 0.4 min | ETA this epoch 7.3 min
  step 250/4061 | loss -6.871 | 114 ms/step (8.76 it/s) | elapsed 0.5 min | ETA this epoch 7.3 min
  step 300/4061 | loss -8.581 | 113 ms/step (8.83 it/s) | elapsed 0.6 min | ETA this epoch 7.1 min
  step 350/4061 | loss -5.097 | 113 ms/step (8.85 it/s) | elapsed 0.7 min | ETA this epoch 7.0 min
  step 400/4061 | loss -8.425 | 113 ms/step (8.89 it/s) | elapsed 0.8 min | ETA this epoch 6.9 min
  step 450/4061 | loss -7.726 | 115 ms/step (8.73 it/s) | elapsed 0.9 min | ETA this epoch 6.9 min
  step 500/4061 | loss -6.767 | 114 ms/step (8.79 it/s) | elapsed 0.9 min | ETA this epoch 6.8 min
  step 550/4061 | loss -6.429 | 113 ms/step (8.87 it/s) | elapsed 1.0 min | ETA this epoch 6.6 min
  step 600/4061 | loss -8.130 | 114 ms/step (8.80 it/s) | elapsed 1.1 min | ETA this epoch 6.6 min
  step 650/4061 | loss -6.490 | 113 ms/step (8.84 it/s) | elapsed 1.2 min | ETA this epoch 6.4 min
  step 700/4061 | loss -6.639 | 114 ms/step (8.79 it/s) | elapsed 1.3 min | ETA this epoch 6.4 min
  step 750/4061 | loss -6.129 | 113 ms/step (8.84 it/s) | elapsed 1.4 min | ETA this epoch 6.2 min
  step 800/4061 | loss -6.044 | 95 ms/step (10.56 it/s) | elapsed 1.5 min | ETA this epoch 5.1 min
  step 850/4061 | loss -7.532 | 95 ms/step (10.53 it/s) | elapsed 1.6 min | ETA this epoch 5.1 min
  step 900/4061 | loss -5.231 | 94 ms/step (10.62 it/s) | elapsed 1.7 min | ETA this epoch 5.0 min
  step 950/4061 | loss -6.164 | 89 ms/step (11.27 it/s) | elapsed 1.7 min | ETA this epoch 4.6 min
  step 1000/4061 | loss -8.026 | 96 ms/step (10.47 it/s) | elapsed 1.8 min | ETA this epoch 4.9 min
  step 1050/4061 | loss -6.175 | 114 ms/step (8.75 it/s) | elapsed 1.9 min | ETA this epoch 5.7 min
  step 1100/4061 | loss -5.361 | 115 ms/step (8.71 it/s) | elapsed 2.0 min | ETA this epoch 5.7 min
  step 1150/4061 | loss -8.433 | 115 ms/step (8.71 it/s) | elapsed 2.1 min | ETA this epoch 5.6 min
  step 1200/4061 | loss -6.762 | 115 ms/step (8.73 it/s) | elapsed 2.2 min | ETA this epoch 5.5 min
  step 1250/4061 | loss -7.402 | 112 ms/step (8.89 it/s) | elapsed 2.3 min | ETA this epoch 5.3 min
  step 1300/4061 | loss -6.797 | 113 ms/step (8.88 it/s) | elapsed 2.4 min | ETA this epoch 5.2 min
  step 1350/4061 | loss -6.591 | 115 ms/step (8.67 it/s) | elapsed 2.5 min | ETA this epoch 5.2 min
  step 1400/4061 | loss -6.121 | 115 ms/step (8.68 it/s) | elapsed 2.6 min | ETA this epoch 5.1 min
  step 1450/4061 | loss -7.346 | 114 ms/step (8.80 it/s) | elapsed 2.7 min | ETA this epoch 4.9 min
  step 1500/4061 | loss -7.144 | 112 ms/step (8.92 it/s) | elapsed 2.8 min | ETA this epoch 4.8 min
  step 1550/4061 | loss -7.982 | 111 ms/step (8.97 it/s) | elapsed 2.9 min | ETA this epoch 4.7 min
  step 1600/4061 | loss -7.412 | 86 ms/step (11.68 it/s) | elapsed 2.9 min | ETA this epoch 3.5 min
  step 1650/4061 | loss -8.582 | 93 ms/step (10.70 it/s) | elapsed 3.0 min | ETA this epoch 3.8 min
  step 1700/4061 | loss -8.266 | 88 ms/step (11.37 it/s) | elapsed 3.1 min | ETA this epoch 3.5 min
  step 1750/4061 | loss -7.667 | 88 ms/step (11.38 it/s) | elapsed 3.1 min | ETA this epoch 3.4 min
  step 1800/4061 | loss -8.412 | 88 ms/step (11.31 it/s) | elapsed 3.2 min | ETA this epoch 3.3 min
  step 1850/4061 | loss -6.767 | 96 ms/step (10.42 it/s) | elapsed 3.3 min | ETA this epoch 3.5 min
  step 1900/4061 | loss -6.923 | 113 ms/step (8.86 it/s) | elapsed 3.4 min | ETA this epoch 4.1 min
  step 1950/4061 | loss -6.969 | 114 ms/step (8.78 it/s) | elapsed 3.5 min | ETA this epoch 4.0 min
  step 2000/4061 | loss -7.620 | 113 ms/step (8.82 it/s) | elapsed 3.6 min | ETA this epoch 3.9 min
  step 2050/4061 | loss -7.261 | 115 ms/step (8.73 it/s) | elapsed 3.7 min | ETA this epoch 3.8 min
  step 2100/4061 | loss -6.023 | 116 ms/step (8.63 it/s) | elapsed 3.8 min | ETA this epoch 3.8 min
  step 2150/4061 | loss -6.946 | 114 ms/step (8.76 it/s) | elapsed 3.9 min | ETA this epoch 3.6 min
  step 2200/4061 | loss -7.982 | 113 ms/step (8.87 it/s) | elapsed 4.0 min | ETA this epoch 3.5 min
  step 2250/4061 | loss -7.255 | 115 ms/step (8.71 it/s) | elapsed 4.1 min | ETA this epoch 3.5 min
  step 2300/4061 | loss -8.425 | 113 ms/step (8.82 it/s) | elapsed 4.2 min | ETA this epoch 3.3 min
  step 2350/4061 | loss -7.344 | 116 ms/step (8.59 it/s) | elapsed 4.3 min | ETA this epoch 3.3 min
  step 2400/4061 | loss -7.825 | 114 ms/step (8.77 it/s) | elapsed 4.3 min | ETA this epoch 3.2 min
  step 2450/4061 | loss -6.744 | 112 ms/step (8.94 it/s) | elapsed 4.4 min | ETA this epoch 3.0 min
  step 2500/4061 | loss -6.740 | 113 ms/step (8.82 it/s) | elapsed 4.5 min | ETA this epoch 3.0 min
  step 2550/4061 | loss -6.474 | 115 ms/step (8.71 it/s) | elapsed 4.6 min | ETA this epoch 2.9 min
  step 2600/4061 | loss -8.561 | 114 ms/step (8.78 it/s) | elapsed 4.7 min | ETA this epoch 2.8 min
  step 2650/4061 | loss -6.847 | 113 ms/step (8.85 it/s) | elapsed 4.8 min | ETA this epoch 2.7 min
  step 2700/4061 | loss -7.652 | 114 ms/step (8.81 it/s) | elapsed 4.9 min | ETA this epoch 2.6 min
  step 2750/4061 | loss -6.708 | 112 ms/step (8.91 it/s) | elapsed 5.0 min | ETA this epoch 2.5 min
  step 2800/4061 | loss -8.043 | 115 ms/step (8.69 it/s) | elapsed 5.1 min | ETA this epoch 2.4 min
  step 2850/4061 | loss -8.326 | 116 ms/step (8.65 it/s) | elapsed 5.2 min | ETA this epoch 2.3 min
  step 2900/4061 | loss -9.083 | 113 ms/step (8.84 it/s) | elapsed 5.3 min | ETA this epoch 2.2 min
  step 2950/4061 | loss -6.655 | 114 ms/step (8.74 it/s) | elapsed 5.4 min | ETA this epoch 2.1 min
  step 3000/4061 | loss -6.286 | 114 ms/step (8.77 it/s) | elapsed 5.5 min | ETA this epoch 2.0 min
  step 3050/4061 | loss -8.508 | 114 ms/step (8.79 it/s) | elapsed 5.6 min | ETA this epoch 1.9 min
  step 3100/4061 | loss -6.050 | 116 ms/step (8.63 it/s) | elapsed 5.7 min | ETA this epoch 1.9 min
  step 3150/4061 | loss -7.974 | 114 ms/step (8.79 it/s) | elapsed 5.8 min | ETA this epoch 1.7 min
  step 3200/4061 | loss -8.252 | 114 ms/step (8.80 it/s) | elapsed 5.9 min | ETA this epoch 1.6 min
  step 3250/4061 | loss -8.131 | 115 ms/step (8.73 it/s) | elapsed 6.0 min | ETA this epoch 1.5 min
  step 3300/4061 | loss -6.710 | 114 ms/step (8.80 it/s) | elapsed 6.1 min | ETA this epoch 1.4 min
  step 3350/4061 | loss -9.620 | 115 ms/step (8.72 it/s) | elapsed 6.2 min | ETA this epoch 1.4 min
  step 3400/4061 | loss -8.228 | 114 ms/step (8.79 it/s) | elapsed 6.2 min | ETA this epoch 1.3 min
  step 3450/4061 | loss -6.618 | 119 ms/step (8.41 it/s) | elapsed 6.3 min | ETA this epoch 1.2 min
  step 3500/4061 | loss -6.811 | 114 ms/step (8.79 it/s) | elapsed 6.4 min | ETA this epoch 1.1 min
  step 3550/4061 | loss -7.404 | 114 ms/step (8.77 it/s) | elapsed 6.5 min | ETA this epoch 1.0 min
  step 3600/4061 | loss -6.875 | 113 ms/step (8.87 it/s) | elapsed 6.6 min | ETA this epoch 0.9 min
  step 3650/4061 | loss -7.413 | 116 ms/step (8.64 it/s) | elapsed 6.7 min | ETA this epoch 0.8 min
  step 3700/4061 | loss -6.423 | 118 ms/step (8.51 it/s) | elapsed 6.8 min | ETA this epoch 0.7 min
  step 3750/4061 | loss -6.537 | 114 ms/step (8.79 it/s) | elapsed 6.9 min | ETA this epoch 0.6 min
  step 3800/4061 | loss -7.914 | 116 ms/step (8.66 it/s) | elapsed 7.0 min | ETA this epoch 0.5 min
  step 3850/4061 | loss -6.847 | 114 ms/step (8.78 it/s) | elapsed 7.1 min | ETA this epoch 0.4 min
  step 3900/4061 | loss -5.160 | 114 ms/step (8.80 it/s) | elapsed 7.2 min | ETA this epoch 0.3 min
  step 3950/4061 | loss -6.933 | 114 ms/step (8.80 it/s) | elapsed 7.3 min | ETA this epoch 0.2 min
  step 4000/4061 | loss -8.739 | 115 ms/step (8.71 it/s) | elapsed 7.4 min | ETA this epoch 0.1 min
  step 4050/4061 | loss -8.481 | 114 ms/step (8.75 it/s) | elapsed 7.5 min | ETA this epoch 0.0 min
Epoch 26/50 | Train -7.314 | Val L1 0.0019 | Val SI-SDR 18.13 dB | Time 7.9 min
Saved best model (SI-SDR 18.13 dB) -> /home/bubai-maji/speech_enhancement/script/propose_ablation1/checkpoint_propose_ab1/best_NGDM_SE.pt
  step 50/4061 | loss -5.192 | 114 ms/step (8.77 it/s) | elapsed 0.1 min | ETA this epoch 7.6 min
  step 100/4061 | loss -5.417 | 114 ms/step (8.74 it/s) | elapsed 0.2 min | ETA this epoch 7.6 min
  step 150/4061 | loss -7.134 | 113 ms/step (8.86 it/s) | elapsed 0.3 min | ETA this epoch 7.4 min
  step 200/4061 | loss -7.177 | 115 ms/step (8.71 it/s) | elapsed 0.4 min | ETA this epoch 7.4 min
  step 250/4061 | loss -9.528 | 114 ms/step (8.74 it/s) | elapsed 0.5 min | ETA this epoch 7.3 min
  step 300/4061 | loss -6.505 | 114 ms/step (8.75 it/s) | elapsed 0.6 min | ETA this epoch 7.2 min
  step 350/4061 | loss -9.287 | 115 ms/step (8.68 it/s) | elapsed 0.7 min | ETA this epoch 7.1 min
  step 400/4061 | loss -8.196 | 116 ms/step (8.65 it/s) | elapsed 0.8 min | ETA this epoch 7.1 min
  step 450/4061 | loss -7.743 | 115 ms/step (8.71 it/s) | elapsed 0.9 min | ETA this epoch 6.9 min
  step 500/4061 | loss -8.265 | 116 ms/step (8.62 it/s) | elapsed 1.0 min | ETA this epoch 6.9 min
  step 550/4061 | loss -9.136 | 116 ms/step (8.63 it/s) | elapsed 1.1 min | ETA this epoch 6.8 min
  step 600/4061 | loss -7.492 | 115 ms/step (8.72 it/s) | elapsed 1.1 min | ETA this epoch 6.6 min
  step 650/4061 | loss -5.412 | 94 ms/step (10.65 it/s) | elapsed 1.2 min | ETA this epoch 5.3 min
  step 700/4061 | loss -5.075 | 92 ms/step (10.81 it/s) | elapsed 1.3 min | ETA this epoch 5.2 min
  step 750/4061 | loss -8.085 | 100 ms/step (10.05 it/s) | elapsed 1.4 min | ETA this epoch 5.5 min
  step 800/4061 | loss -8.498 | 91 ms/step (11.00 it/s) | elapsed 1.5 min | ETA this epoch 4.9 min
  step 850/4061 | loss -7.828 | 100 ms/step (10.01 it/s) | elapsed 1.5 min | ETA this epoch 5.3 min
  step 900/4061 | loss -8.118 | 102 ms/step (9.79 it/s) | elapsed 1.6 min | ETA this epoch 5.4 min
  step 950/4061 | loss -7.516 | 105 ms/step (9.49 it/s) | elapsed 1.7 min | ETA this epoch 5.5 min
  step 1000/4061 | loss -6.738 | 115 ms/step (8.71 it/s) | elapsed 1.8 min | ETA this epoch 5.9 min
  step 1050/4061 | loss -5.990 | 114 ms/step (8.78 it/s) | elapsed 1.9 min | ETA this epoch 5.7 min
  step 1100/4061 | loss -8.806 | 115 ms/step (8.71 it/s) | elapsed 2.0 min | ETA this epoch 5.7 min
  step 1150/4061 | loss -7.106 | 118 ms/step (8.49 it/s) | elapsed 2.1 min | ETA this epoch 5.7 min
  step 1200/4061 | loss -7.933 | 118 ms/step (8.48 it/s) | elapsed 2.2 min | ETA this epoch 5.6 min
  step 1250/4061 | loss -7.370 | 115 ms/step (8.71 it/s) | elapsed 2.3 min | ETA this epoch 5.4 min
  step 1300/4061 | loss -7.985 | 116 ms/step (8.62 it/s) | elapsed 2.4 min | ETA this epoch 5.3 min
  step 1350/4061 | loss -6.694 | 115 ms/step (8.73 it/s) | elapsed 2.5 min | ETA this epoch 5.2 min
  step 1400/4061 | loss -8.239 | 112 ms/step (8.90 it/s) | elapsed 2.6 min | ETA this epoch 5.0 min
  step 1450/4061 | loss -5.164 | 117 ms/step (8.55 it/s) | elapsed 2.7 min | ETA this epoch 5.1 min
  step 1500/4061 | loss -6.627 | 113 ms/step (8.81 it/s) | elapsed 2.8 min | ETA this epoch 4.8 min
  step 1550/4061 | loss -6.519 | 113 ms/step (8.86 it/s) | elapsed 2.9 min | ETA this epoch 4.7 min
  step 1600/4061 | loss -6.289 | 106 ms/step (9.40 it/s) | elapsed 3.0 min | ETA this epoch 4.4 min
  step 1650/4061 | loss -7.496 | 93 ms/step (10.75 it/s) | elapsed 3.0 min | ETA this epoch 3.7 min
  step 1700/4061 | loss -7.663 | 95 ms/step (10.55 it/s) | elapsed 3.1 min | ETA this epoch 3.7 min
  step 1750/4061 | loss -9.092 | 95 ms/step (10.56 it/s) | elapsed 3.2 min | ETA this epoch 3.6 min
  step 1800/4061 | loss -6.762 | 96 ms/step (10.38 it/s) | elapsed 3.3 min | ETA this epoch 3.6 min
  step 1850/4061 | loss -7.139 | 93 ms/step (10.72 it/s) | elapsed 3.4 min | ETA this epoch 3.4 min
  step 1900/4061 | loss -7.891 | 91 ms/step (11.05 it/s) | elapsed 3.4 min | ETA this epoch 3.3 min
  step 1950/4061 | loss -7.537 | 92 ms/step (10.89 it/s) | elapsed 3.5 min | ETA this epoch 3.2 min
  step 2000/4061 | loss -7.687 | 115 ms/step (8.72 it/s) | elapsed 3.6 min | ETA this epoch 3.9 min
  step 2050/4061 | loss -6.892 | 115 ms/step (8.73 it/s) | elapsed 3.7 min | ETA this epoch 3.8 min
  step 2100/4061 | loss -7.244 | 113 ms/step (8.86 it/s) | elapsed 3.8 min | ETA this epoch 3.7 min
  step 2150/4061 | loss -7.668 | 113 ms/step (8.82 it/s) | elapsed 3.9 min | ETA this epoch 3.6 min
  step 2200/4061 | loss -5.922 | 111 ms/step (8.97 it/s) | elapsed 4.0 min | ETA this epoch 3.5 min
  step 2250/4061 | loss -6.814 | 117 ms/step (8.53 it/s) | elapsed 4.1 min | ETA this epoch 3.5 min
  step 2300/4061 | loss -6.194 | 113 ms/step (8.84 it/s) | elapsed 4.2 min | ETA this epoch 3.3 min
  step 2350/4061 | loss -6.857 | 114 ms/step (8.77 it/s) | elapsed 4.3 min | ETA this epoch 3.3 min
  step 2400/4061 | loss -8.038 | 116 ms/step (8.59 it/s) | elapsed 4.4 min | ETA this epoch 3.2 min
  step 2450/4061 | loss -9.752 | 115 ms/step (8.72 it/s) | elapsed 4.5 min | ETA this epoch 3.1 min
  step 2500/4061 | loss -8.628 | 112 ms/step (8.90 it/s) | elapsed 4.5 min | ETA this epoch 2.9 min
  step 2550/4061 | loss -6.610 | 115 ms/step (8.71 it/s) | elapsed 4.6 min | ETA this epoch 2.9 min
  step 2600/4061 | loss -7.529 | 111 ms/step (9.02 it/s) | elapsed 4.7 min | ETA this epoch 2.7 min
  step 2650/4061 | loss -8.734 | 117 ms/step (8.56 it/s) | elapsed 4.8 min | ETA this epoch 2.7 min
  step 2700/4061 | loss -8.178 | 114 ms/step (8.78 it/s) | elapsed 4.9 min | ETA this epoch 2.6 min
  step 2750/4061 | loss -7.067 | 114 ms/step (8.80 it/s) | elapsed 5.0 min | ETA this epoch 2.5 min
  step 2800/4061 | loss -7.112 | 113 ms/step (8.82 it/s) | elapsed 5.1 min | ETA this epoch 2.4 min
  step 2850/4061 | loss -6.950 | 111 ms/step (8.99 it/s) | elapsed 5.2 min | ETA this epoch 2.2 min
  step 2900/4061 | loss -7.816 | 112 ms/step (8.91 it/s) | elapsed 5.3 min | ETA this epoch 2.2 min
  step 2950/4061 | loss -7.182 | 117 ms/step (8.53 it/s) | elapsed 5.4 min | ETA this epoch 2.2 min
  step 3000/4061 | loss -6.372 | 115 ms/step (8.71 it/s) | elapsed 5.5 min | ETA this epoch 2.0 min
  step 3050/4061 | loss -7.102 | 119 ms/step (8.40 it/s) | elapsed 5.6 min | ETA this epoch 2.0 min
  step 3100/4061 | loss -6.548 | 113 ms/step (8.83 it/s) | elapsed 5.7 min | ETA this epoch 1.8 min
  step 3150/4061 | loss -6.874 | 115 ms/step (8.69 it/s) | elapsed 5.8 min | ETA this epoch 1.7 min
  step 3200/4061 | loss -6.140 | 115 ms/step (8.69 it/s) | elapsed 5.9 min | ETA this epoch 1.7 min
  step 3250/4061 | loss -7.601 | 113 ms/step (8.83 it/s) | elapsed 6.0 min | ETA this epoch 1.5 min
  step 3300/4061 | loss -7.700 | 115 ms/step (8.71 it/s) | elapsed 6.1 min | ETA this epoch 1.5 min
  step 3350/4061 | loss -8.446 | 115 ms/step (8.73 it/s) | elapsed 6.2 min | ETA this epoch 1.4 min
  step 3400/4061 | loss -8.164 | 115 ms/step (8.72 it/s) | elapsed 6.3 min | ETA this epoch 1.3 min
  step 3450/4061 | loss -8.341 | 114 ms/step (8.78 it/s) | elapsed 6.4 min | ETA this epoch 1.2 min
  step 3500/4061 | loss -6.865 | 113 ms/step (8.82 it/s) | elapsed 6.5 min | ETA this epoch 1.1 min
  step 3550/4061 | loss -7.237 | 117 ms/step (8.57 it/s) | elapsed 6.5 min | ETA this epoch 1.0 min
  step 3600/4061 | loss -7.141 | 115 ms/step (8.69 it/s) | elapsed 6.6 min | ETA this epoch 0.9 min
  step 3650/4061 | loss -6.418 | 112 ms/step (8.93 it/s) | elapsed 6.7 min | ETA this epoch 0.8 min
  step 3700/4061 | loss -8.591 | 117 ms/step (8.53 it/s) | elapsed 6.8 min | ETA this epoch 0.7 min
  step 3750/4061 | loss -6.297 | 113 ms/step (8.83 it/s) | elapsed 6.9 min | ETA this epoch 0.6 min
  step 3800/4061 | loss -7.561 | 116 ms/step (8.65 it/s) | elapsed 7.0 min | ETA this epoch 0.5 min
  step 3850/4061 | loss -6.774 | 114 ms/step (8.78 it/s) | elapsed 7.1 min | ETA this epoch 0.4 min
  step 3900/4061 | loss -7.091 | 117 ms/step (8.56 it/s) | elapsed 7.2 min | ETA this epoch 0.3 min
  step 3950/4061 | loss -7.433 | 115 ms/step (8.68 it/s) | elapsed 7.3 min | ETA this epoch 0.2 min
  step 4000/4061 | loss -5.921 | 115 ms/step (8.68 it/s) | elapsed 7.4 min | ETA this epoch 0.1 min
  step 4050/4061 | loss -6.675 | 114 ms/step (8.79 it/s) | elapsed 7.5 min | ETA this epoch 0.0 min
Epoch 27/50 | Train -7.296 | Val L1 0.0019 | Val SI-SDR 18.14 dB | Time 7.9 min
EarlyStopping counter: 1/7
  step 50/4061 | loss -6.505 | 114 ms/step (8.77 it/s) | elapsed 0.1 min | ETA this epoch 7.6 min
  step 100/4061 | loss -6.657 | 118 ms/step (8.48 it/s) | elapsed 0.2 min | ETA this epoch 7.8 min
  step 150/4061 | loss -7.331 | 113 ms/step (8.86 it/s) | elapsed 0.3 min | ETA this epoch 7.4 min
  step 200/4061 | loss -8.923 | 113 ms/step (8.82 it/s) | elapsed 0.4 min | ETA this epoch 7.3 min
  step 250/4061 | loss -7.194 | 117 ms/step (8.56 it/s) | elapsed 0.5 min | ETA this epoch 7.4 min
  step 300/4061 | loss -8.581 | 116 ms/step (8.60 it/s) | elapsed 0.6 min | ETA this epoch 7.3 min
  step 350/4061 | loss -9.419 | 114 ms/step (8.77 it/s) | elapsed 0.7 min | ETA this epoch 7.1 min
  step 400/4061 | loss -8.244 | 113 ms/step (8.85 it/s) | elapsed 0.8 min | ETA this epoch 6.9 min
  step 450/4061 | loss -8.139 | 109 ms/step (9.15 it/s) | elapsed 0.9 min | ETA this epoch 6.6 min
  step 500/4061 | loss -7.085 | 93 ms/step (10.72 it/s) | elapsed 0.9 min | ETA this epoch 5.5 min
  step 550/4061 | loss -7.041 | 97 ms/step (10.36 it/s) | elapsed 1.0 min | ETA this epoch 5.6 min
  step 600/4061 | loss -6.773 | 98 ms/step (10.23 it/s) | elapsed 1.1 min | ETA this epoch 5.6 min
  step 650/4061 | loss -6.878 | 96 ms/step (10.40 it/s) | elapsed 1.2 min | ETA this epoch 5.5 min
  step 700/4061 | loss -8.239 | 94 ms/step (10.60 it/s) | elapsed 1.3 min | ETA this epoch 5.3 min
  step 750/4061 | loss -7.238 | 113 ms/step (8.84 it/s) | elapsed 1.3 min | ETA this epoch 6.2 min
  step 800/4061 | loss -6.103 | 116 ms/step (8.60 it/s) | elapsed 1.4 min | ETA this epoch 6.3 min
  step 850/4061 | loss -8.360 | 114 ms/step (8.79 it/s) | elapsed 1.5 min | ETA this epoch 6.1 min
  step 900/4061 | loss -6.233 | 115 ms/step (8.72 it/s) | elapsed 1.6 min | ETA this epoch 6.0 min
  step 950/4061 | loss -9.539 | 114 ms/step (8.76 it/s) | elapsed 1.7 min | ETA this epoch 5.9 min
  step 1000/4061 | loss -5.380 | 114 ms/step (8.74 it/s) | elapsed 1.8 min | ETA this epoch 5.8 min
  step 1050/4061 | loss -7.116 | 114 ms/step (8.79 it/s) | elapsed 1.9 min | ETA this epoch 5.7 min
  step 1100/4061 | loss -6.514 | 113 ms/step (8.81 it/s) | elapsed 2.0 min | ETA this epoch 5.6 min
  step 1150/4061 | loss -7.085 | 113 ms/step (8.84 it/s) | elapsed 2.1 min | ETA this epoch 5.5 min
  step 1200/4061 | loss -7.326 | 114 ms/step (8.75 it/s) | elapsed 2.2 min | ETA this epoch 5.4 min
  step 1250/4061 | loss -7.349 | 114 ms/step (8.77 it/s) | elapsed 2.3 min | ETA this epoch 5.3 min
  step 1300/4061 | loss -6.710 | 118 ms/step (8.49 it/s) | elapsed 2.4 min | ETA this epoch 5.4 min
  step 1350/4061 | loss -8.734 | 112 ms/step (8.91 it/s) | elapsed 2.5 min | ETA this epoch 5.1 min
  step 1400/4061 | loss -7.524 | 114 ms/step (8.77 it/s) | elapsed 2.6 min | ETA this epoch 5.1 min
  step 1450/4061 | loss -8.408 | 115 ms/step (8.72 it/s) | elapsed 2.7 min | ETA this epoch 5.0 min
  step 1500/4061 | loss -6.748 | 114 ms/step (8.76 it/s) | elapsed 2.8 min | ETA this epoch 4.9 min
  step 1550/4061 | loss -7.147 | 114 ms/step (8.77 it/s) | elapsed 2.9 min | ETA this epoch 4.8 min
  step 1600/4061 | loss -8.063 | 112 ms/step (8.90 it/s) | elapsed 3.0 min | ETA this epoch 4.6 min
  step 1650/4061 | loss -8.130 | 114 ms/step (8.78 it/s) | elapsed 3.1 min | ETA this epoch 4.6 min
  step 1700/4061 | loss -6.177 | 108 ms/step (9.26 it/s) | elapsed 3.2 min | ETA this epoch 4.3 min
  step 1750/4061 | loss -5.845 | 98 ms/step (10.19 it/s) | elapsed 3.2 min | ETA this epoch 3.8 min
  step 1800/4061 | loss -6.280 | 87 ms/step (11.55 it/s) | elapsed 3.3 min | ETA this epoch 3.3 min
  step 1850/4061 | loss -7.802 | 96 ms/step (10.45 it/s) | elapsed 3.4 min | ETA this epoch 3.5 min
  step 1900/4061 | loss -8.038 | 93 ms/step (10.76 it/s) | elapsed 3.5 min | ETA this epoch 3.3 min
  step 1950/4061 | loss -7.177 | 101 ms/step (9.93 it/s) | elapsed 3.5 min | ETA this epoch 3.5 min
  step 2000/4061 | loss -6.429 | 114 ms/step (8.80 it/s) | elapsed 3.6 min | ETA this epoch 3.9 min
  step 2050/4061 | loss -5.155 | 113 ms/step (8.88 it/s) | elapsed 3.7 min | ETA this epoch 3.8 min
  step 2100/4061 | loss -7.381 | 114 ms/step (8.78 it/s) | elapsed 3.8 min | ETA this epoch 3.7 min
  step 2150/4061 | loss -8.326 | 114 ms/step (8.79 it/s) | elapsed 3.9 min | ETA this epoch 3.6 min
  step 2200/4061 | loss -6.409 | 113 ms/step (8.81 it/s) | elapsed 4.0 min | ETA this epoch 3.5 min
  step 2250/4061 | loss -7.859 | 113 ms/step (8.86 it/s) | elapsed 4.1 min | ETA this epoch 3.4 min
  step 2300/4061 | loss -6.801 | 114 ms/step (8.75 it/s) | elapsed 4.2 min | ETA this epoch 3.4 min
  step 2350/4061 | loss -6.962 | 113 ms/step (8.83 it/s) | elapsed 4.3 min | ETA this epoch 3.2 min
  step 2400/4061 | loss -7.061 | 112 ms/step (8.91 it/s) | elapsed 4.4 min | ETA this epoch 3.1 min
  step 2450/4061 | loss -9.493 | 113 ms/step (8.83 it/s) | elapsed 4.5 min | ETA this epoch 3.0 min
  step 2500/4061 | loss -6.887 | 112 ms/step (8.93 it/s) | elapsed 4.6 min | ETA this epoch 2.9 min
  step 2550/4061 | loss -7.447 | 113 ms/step (8.82 it/s) | elapsed 4.7 min | ETA this epoch 2.9 min
  step 2600/4061 | loss -8.000 | 113 ms/step (8.82 it/s) | elapsed 4.8 min | ETA this epoch 2.8 min
  step 2650/4061 | loss -6.658 | 116 ms/step (8.61 it/s) | elapsed 4.9 min | ETA this epoch 2.7 min
  step 2700/4061 | loss -7.998 | 114 ms/step (8.79 it/s) | elapsed 5.0 min | ETA this epoch 2.6 min
  step 2750/4061 | loss -7.242 | 114 ms/step (8.74 it/s) | elapsed 5.1 min | ETA this epoch 2.5 min
  step 2800/4061 | loss -7.564 | 113 ms/step (8.82 it/s) | elapsed 5.2 min | ETA this epoch 2.4 min
  step 2850/4061 | loss -7.848 | 115 ms/step (8.71 it/s) | elapsed 5.3 min | ETA this epoch 2.3 min
  step 2900/4061 | loss -7.958 | 113 ms/step (8.82 it/s) | elapsed 5.3 min | ETA this epoch 2.2 min
  step 2950/4061 | loss -6.479 | 113 ms/step (8.87 it/s) | elapsed 5.4 min | ETA this epoch 2.1 min
  step 3000/4061 | loss -7.229 | 114 ms/step (8.76 it/s) | elapsed 5.5 min | ETA this epoch 2.0 min
  step 3050/4061 | loss -6.047 | 114 ms/step (8.76 it/s) | elapsed 5.6 min | ETA this epoch 1.9 min
  step 3100/4061 | loss -6.840 | 117 ms/step (8.55 it/s) | elapsed 5.7 min | ETA this epoch 1.9 min
  step 3150/4061 | loss -7.829 | 113 ms/step (8.84 it/s) | elapsed 5.8 min | ETA this epoch 1.7 min
  step 3200/4061 | loss -8.181 | 114 ms/step (8.76 it/s) | elapsed 5.9 min | ETA this epoch 1.6 min
  step 3250/4061 | loss -7.498 | 114 ms/step (8.81 it/s) | elapsed 6.0 min | ETA this epoch 1.5 min
  step 3300/4061 | loss -7.720 | 115 ms/step (8.71 it/s) | elapsed 6.1 min | ETA this epoch 1.5 min
  step 3350/4061 | loss -6.825 | 115 ms/step (8.68 it/s) | elapsed 6.2 min | ETA this epoch 1.4 min
  step 3400/4061 | loss -7.978 | 114 ms/step (8.79 it/s) | elapsed 6.3 min | ETA this epoch 1.3 min
  step 3450/4061 | loss -7.827 | 113 ms/step (8.89 it/s) | elapsed 6.4 min | ETA this epoch 1.1 min
  step 3500/4061 | loss -6.220 | 114 ms/step (8.78 it/s) | elapsed 6.5 min | ETA this epoch 1.1 min
  step 3550/4061 | loss -5.408 | 114 ms/step (8.80 it/s) | elapsed 6.6 min | ETA this epoch 1.0 min
  step 3600/4061 | loss -8.403 | 117 ms/step (8.58 it/s) | elapsed 6.7 min | ETA this epoch 0.9 min
  step 3650/4061 | loss -9.606 | 114 ms/step (8.77 it/s) | elapsed 6.8 min | ETA this epoch 0.8 min
  step 3700/4061 | loss -4.987 | 114 ms/step (8.76 it/s) | elapsed 6.9 min | ETA this epoch 0.7 min
  step 3750/4061 | loss -7.134 | 113 ms/step (8.84 it/s) | elapsed 7.0 min | ETA this epoch 0.6 min
  step 3800/4061 | loss -7.978 | 115 ms/step (8.69 it/s) | elapsed 7.1 min | ETA this epoch 0.5 min
  step 3850/4061 | loss -7.062 | 113 ms/step (8.85 it/s) | elapsed 7.2 min | ETA this epoch 0.4 min
  step 3900/4061 | loss -8.444 | 115 ms/step (8.69 it/s) | elapsed 7.2 min | ETA this epoch 0.3 min
  step 3950/4061 | loss -7.474 | 115 ms/step (8.73 it/s) | elapsed 7.3 min | ETA this epoch 0.2 min
  step 4000/4061 | loss -6.278 | 113 ms/step (8.88 it/s) | elapsed 7.4 min | ETA this epoch 0.1 min
  step 4050/4061 | loss -8.052 | 114 ms/step (8.74 it/s) | elapsed 7.5 min | ETA this epoch 0.0 min
Epoch 28/50 | Train -7.338 | Val L1 0.0019 | Val SI-SDR 18.08 dB | Time 7.9 min
EarlyStopping counter: 2/7
  step 50/4061 | loss -8.249 | 114 ms/step (8.75 it/s) | elapsed 0.1 min | ETA this epoch 7.6 min
  step 100/4061 | loss -8.040 | 114 ms/step (8.79 it/s) | elapsed 0.2 min | ETA this epoch 7.5 min
  step 150/4061 | loss -6.206 | 114 ms/step (8.76 it/s) | elapsed 0.3 min | ETA this epoch 7.4 min
  step 200/4061 | loss -7.378 | 114 ms/step (8.81 it/s) | elapsed 0.4 min | ETA this epoch 7.3 min
  step 250/4061 | loss -6.936 | 115 ms/step (8.69 it/s) | elapsed 0.5 min | ETA this epoch 7.3 min
  step 300/4061 | loss -6.976 | 113 ms/step (8.82 it/s) | elapsed 0.6 min | ETA this epoch 7.1 min
  step 350/4061 | loss -5.527 | 95 ms/step (10.55 it/s) | elapsed 0.6 min | ETA this epoch 5.9 min
  step 400/4061 | loss -6.796 | 100 ms/step (9.97 it/s) | elapsed 0.7 min | ETA this epoch 6.1 min
  step 450/4061 | loss -6.917 | 100 ms/step (10.03 it/s) | elapsed 0.8 min | ETA this epoch 6.0 min
  step 500/4061 | loss -6.824 | 99 ms/step (10.09 it/s) | elapsed 0.9 min | ETA this epoch 5.9 min
  step 550/4061 | loss -6.675 | 114 ms/step (8.81 it/s) | elapsed 1.0 min | ETA this epoch 6.6 min
  step 600/4061 | loss -4.451 | 114 ms/step (8.74 it/s) | elapsed 1.1 min | ETA this epoch 6.6 min
  step 650/4061 | loss -8.107 | 113 ms/step (8.81 it/s) | elapsed 1.2 min | ETA this epoch 6.5 min
  step 700/4061 | loss -6.260 | 113 ms/step (8.86 it/s) | elapsed 1.3 min | ETA this epoch 6.3 min
  step 750/4061 | loss -6.971 | 113 ms/step (8.82 it/s) | elapsed 1.4 min | ETA this epoch 6.3 min
  step 800/4061 | loss -6.974 | 113 ms/step (8.82 it/s) | elapsed 1.5 min | ETA this epoch 6.2 min
  step 850/4061 | loss -6.850 | 114 ms/step (8.79 it/s) | elapsed 1.6 min | ETA this epoch 6.1 min
  step 900/4061 | loss -7.761 | 114 ms/step (8.77 it/s) | elapsed 1.7 min | ETA this epoch 6.0 min
  step 950/4061 | loss -5.642 | 115 ms/step (8.66 it/s) | elapsed 1.8 min | ETA this epoch 6.0 min
  step 1000/4061 | loss -5.345 | 114 ms/step (8.74 it/s) | elapsed 1.8 min | ETA this epoch 5.8 min
  step 1050/4061 | loss -6.902 | 113 ms/step (8.84 it/s) | elapsed 1.9 min | ETA this epoch 5.7 min
  step 1100/4061 | loss -5.103 | 114 ms/step (8.75 it/s) | elapsed 2.0 min | ETA this epoch 5.6 min
  step 1150/4061 | loss -6.747 | 115 ms/step (8.67 it/s) | elapsed 2.1 min | ETA this epoch 5.6 min
  step 1200/4061 | loss -6.527 | 114 ms/step (8.79 it/s) | elapsed 2.2 min | ETA this epoch 5.4 min
  step 1250/4061 | loss -7.590 | 114 ms/step (8.74 it/s) | elapsed 2.3 min | ETA this epoch 5.4 min
  step 1300/4061 | loss -8.736 | 115 ms/step (8.66 it/s) | elapsed 2.4 min | ETA this epoch 5.3 min
  step 1350/4061 | loss -7.763 | 115 ms/step (8.72 it/s) | elapsed 2.5 min | ETA this epoch 5.2 min
  step 1400/4061 | loss -8.983 | 113 ms/step (8.89 it/s) | elapsed 2.6 min | ETA this epoch 5.0 min
  step 1450/4061 | loss -5.806 | 114 ms/step (8.74 it/s) | elapsed 2.7 min | ETA this epoch 5.0 min
  step 1500/4061 | loss -7.840 | 117 ms/step (8.57 it/s) | elapsed 2.8 min | ETA this epoch 5.0 min
  step 1550/4061 | loss -6.483 | 115 ms/step (8.69 it/s) | elapsed 2.9 min | ETA this epoch 4.8 min
  step 1600/4061 | loss -7.733 | 114 ms/step (8.75 it/s) | elapsed 3.0 min | ETA this epoch 4.7 min
  step 1650/4061 | loss -7.675 | 115 ms/step (8.70 it/s) | elapsed 3.1 min | ETA this epoch 4.6 min
  step 1700/4061 | loss -7.249 | 116 ms/step (8.58 it/s) | elapsed 3.2 min | ETA this epoch 4.6 min
  step 1750/4061 | loss -6.874 | 96 ms/step (10.44 it/s) | elapsed 3.3 min | ETA this epoch 3.7 min
  step 1800/4061 | loss -6.943 | 94 ms/step (10.64 it/s) | elapsed 3.3 min | ETA this epoch 3.5 min
  step 1850/4061 | loss -7.786 | 90 ms/step (11.12 it/s) | elapsed 3.4 min | ETA this epoch 3.3 min
  step 1900/4061 | loss -5.289 | 93 ms/step (10.73 it/s) | elapsed 3.5 min | ETA this epoch 3.4 min
  step 1950/4061 | loss -8.202 | 93 ms/step (10.77 it/s) | elapsed 3.6 min | ETA this epoch 3.3 min
  step 2000/4061 | loss -7.882 | 114 ms/step (8.80 it/s) | elapsed 3.7 min | ETA this epoch 3.9 min
  step 2050/4061 | loss -9.184 | 112 ms/step (8.95 it/s) | elapsed 3.8 min | ETA this epoch 3.7 min
  step 2100/4061 | loss -7.466 | 113 ms/step (8.84 it/s) | elapsed 3.9 min | ETA this epoch 3.7 min
  step 2150/4061 | loss -7.783 | 113 ms/step (8.85 it/s) | elapsed 3.9 min | ETA this epoch 3.6 min
  step 2200/4061 | loss -6.160 | 117 ms/step (8.58 it/s) | elapsed 4.0 min | ETA this epoch 3.6 min
  step 2250/4061 | loss -6.502 | 113 ms/step (8.86 it/s) | elapsed 4.1 min | ETA this epoch 3.4 min
  step 2300/4061 | loss -6.647 | 113 ms/step (8.86 it/s) | elapsed 4.2 min | ETA this epoch 3.3 min
  step 2350/4061 | loss -5.991 | 115 ms/step (8.72 it/s) | elapsed 4.3 min | ETA this epoch 3.3 min
  step 2400/4061 | loss -6.725 | 113 ms/step (8.86 it/s) | elapsed 4.4 min | ETA this epoch 3.1 min
  step 2450/4061 | loss -6.626 | 113 ms/step (8.87 it/s) | elapsed 4.5 min | ETA this epoch 3.0 min
  step 2500/4061 | loss -7.657 | 114 ms/step (8.74 it/s) | elapsed 4.6 min | ETA this epoch 3.0 min
  step 2550/4061 | loss -6.002 | 113 ms/step (8.82 it/s) | elapsed 4.7 min | ETA this epoch 2.9 min
  step 2600/4061 | loss -7.323 | 113 ms/step (8.82 it/s) | elapsed 4.8 min | ETA this epoch 2.8 min
  step 2650/4061 | loss -6.515 | 115 ms/step (8.72 it/s) | elapsed 4.9 min | ETA this epoch 2.7 min
  step 2700/4061 | loss -5.715 | 114 ms/step (8.78 it/s) | elapsed 5.0 min | ETA this epoch 2.6 min
  step 2750/4061 | loss -6.780 | 120 ms/step (8.30 it/s) | elapsed 5.1 min | ETA this epoch 2.6 min
  step 2800/4061 | loss -8.002 | 114 ms/step (8.75 it/s) | elapsed 5.2 min | ETA this epoch 2.4 min
  step 2850/4061 | loss -7.411 | 117 ms/step (8.58 it/s) | elapsed 5.3 min | ETA this epoch 2.4 min
  step 2900/4061 | loss -6.893 | 113 ms/step (8.82 it/s) | elapsed 5.4 min | ETA this epoch 2.2 min
  step 2950/4061 | loss -8.835 | 115 ms/step (8.68 it/s) | elapsed 5.5 min | ETA this epoch 2.1 min
  step 3000/4061 | loss -9.279 | 114 ms/step (8.78 it/s) | elapsed 5.6 min | ETA this epoch 2.0 min
  step 3050/4061 | loss -7.986 | 113 ms/step (8.82 it/s) | elapsed 5.7 min | ETA this epoch 1.9 min
  step 3100/4061 | loss -7.746 | 116 ms/step (8.64 it/s) | elapsed 5.8 min | ETA this epoch 1.9 min
  step 3150/4061 | loss -7.969 | 114 ms/step (8.75 it/s) | elapsed 5.9 min | ETA this epoch 1.7 min
  step 3200/4061 | loss -6.907 | 114 ms/step (8.79 it/s) | elapsed 6.0 min | ETA this epoch 1.6 min
  step 3250/4061 | loss -7.660 | 116 ms/step (8.61 it/s) | elapsed 6.0 min | ETA this epoch 1.6 min
  step 3300/4061 | loss -6.289 | 113 ms/step (8.86 it/s) | elapsed 6.1 min | ETA this epoch 1.4 min
  step 3350/4061 | loss -8.139 | 117 ms/step (8.55 it/s) | elapsed 6.2 min | ETA this epoch 1.4 min
  step 3400/4061 | loss -7.895 | 114 ms/step (8.75 it/s) | elapsed 6.3 min | ETA this epoch 1.3 min
  step 3450/4061 | loss -7.578 | 115 ms/step (8.68 it/s) | elapsed 6.4 min | ETA this epoch 1.2 min
  step 3500/4061 | loss -7.625 | 113 ms/step (8.89 it/s) | elapsed 6.5 min | ETA this epoch 1.1 min
  step 3550/4061 | loss -9.929 | 114 ms/step (8.75 it/s) | elapsed 6.6 min | ETA this epoch 1.0 min
  step 3600/4061 | loss -6.099 | 114 ms/step (8.74 it/s) | elapsed 6.7 min | ETA this epoch 0.9 min
  step 3650/4061 | loss -9.047 | 111 ms/step (9.00 it/s) | elapsed 6.8 min | ETA this epoch 0.8 min
  step 3700/4061 | loss -8.359 | 114 ms/step (8.78 it/s) | elapsed 6.9 min | ETA this epoch 0.7 min
  step 3750/4061 | loss -7.392 | 113 ms/step (8.87 it/s) | elapsed 7.0 min | ETA this epoch 0.6 min
  step 3800/4061 | loss -7.967 | 114 ms/step (8.77 it/s) | elapsed 7.1 min | ETA this epoch 0.5 min
  step 3850/4061 | loss -7.531 | 112 ms/step (8.94 it/s) | elapsed 7.2 min | ETA this epoch 0.4 min
  step 3900/4061 | loss -7.305 | 113 ms/step (8.82 it/s) | elapsed 7.3 min | ETA this epoch 0.3 min
  step 3950/4061 | loss -6.483 | 114 ms/step (8.77 it/s) | elapsed 7.4 min | ETA this epoch 0.2 min
  step 4000/4061 | loss -6.341 | 113 ms/step (8.85 it/s) | elapsed 7.5 min | ETA this epoch 0.1 min
  step 4050/4061 | loss -6.646 | 113 ms/step (8.86 it/s) | elapsed 7.6 min | ETA this epoch 0.0 min
Epoch 29/50 | Train -7.320 | Val L1 0.0019 | Val SI-SDR 18.09 dB | Time 8.0 min
EarlyStopping counter: 3/7
  step 50/4061 | loss -8.862 | 115 ms/step (8.67 it/s) | elapsed 0.1 min | ETA this epoch 7.7 min
  step 100/4061 | loss -7.104 | 99 ms/step (10.07 it/s) | elapsed 0.2 min | ETA this epoch 6.6 min
  step 150/4061 | loss -6.569 | 91 ms/step (10.98 it/s) | elapsed 0.3 min | ETA this epoch 5.9 min
  step 200/4061 | loss -6.508 | 95 ms/step (10.51 it/s) | elapsed 0.3 min | ETA this epoch 6.1 min
  step 250/4061 | loss -6.551 | 97 ms/step (10.35 it/s) | elapsed 0.4 min | ETA this epoch 6.1 min
  step 300/4061 | loss -7.408 | 92 ms/step (10.90 it/s) | elapsed 0.5 min | ETA this epoch 5.8 min
  step 350/4061 | loss -7.457 | 103 ms/step (9.72 it/s) | elapsed 0.6 min | ETA this epoch 6.4 min
  step 400/4061 | loss -8.263 | 116 ms/step (8.63 it/s) | elapsed 0.7 min | ETA this epoch 7.1 min
  step 450/4061 | loss -7.551 | 112 ms/step (8.92 it/s) | elapsed 0.8 min | ETA this epoch 6.7 min
  step 500/4061 | loss -6.920 | 113 ms/step (8.84 it/s) | elapsed 0.9 min | ETA this epoch 6.7 min
  step 550/4061 | loss -7.088 | 116 ms/step (8.60 it/s) | elapsed 1.0 min | ETA this epoch 6.8 min
  step 600/4061 | loss -10.941 | 114 ms/step (8.78 it/s) | elapsed 1.1 min | ETA this epoch 6.6 min
  step 650/4061 | loss -6.532 | 114 ms/step (8.75 it/s) | elapsed 1.1 min | ETA this epoch 6.5 min
  step 700/4061 | loss -7.662 | 116 ms/step (8.62 it/s) | elapsed 1.2 min | ETA this epoch 6.5 min
  step 750/4061 | loss -7.675 | 113 ms/step (8.84 it/s) | elapsed 1.3 min | ETA this epoch 6.2 min
  step 800/4061 | loss -8.025 | 117 ms/step (8.57 it/s) | elapsed 1.4 min | ETA this epoch 6.3 min
  step 850/4061 | loss -6.769 | 112 ms/step (8.96 it/s) | elapsed 1.5 min | ETA this epoch 6.0 min
  step 900/4061 | loss -8.126 | 115 ms/step (8.71 it/s) | elapsed 1.6 min | ETA this epoch 6.0 min
  step 950/4061 | loss -6.758 | 113 ms/step (8.85 it/s) | elapsed 1.7 min | ETA this epoch 5.9 min
  step 1000/4061 | loss -7.734 | 114 ms/step (8.81 it/s) | elapsed 1.8 min | ETA this epoch 5.8 min
  step 1050/4061 | loss -8.169 | 114 ms/step (8.80 it/s) | elapsed 1.9 min | ETA this epoch 5.7 min
  step 1100/4061 | loss -7.799 | 113 ms/step (8.83 it/s) | elapsed 2.0 min | ETA this epoch 5.6 min
  step 1150/4061 | loss -8.085 | 115 ms/step (8.73 it/s) | elapsed 2.1 min | ETA this epoch 5.6 min
  step 1200/4061 | loss -7.696 | 113 ms/step (8.83 it/s) | elapsed 2.2 min | ETA this epoch 5.4 min
  step 1250/4061 | loss -7.945 | 116 ms/step (8.61 it/s) | elapsed 2.3 min | ETA this epoch 5.4 min
  step 1300/4061 | loss -6.127 | 114 ms/step (8.79 it/s) | elapsed 2.4 min | ETA this epoch 5.2 min
  step 1350/4061 | loss -5.872 | 113 ms/step (8.85 it/s) | elapsed 2.5 min | ETA this epoch 5.1 min
  step 1400/4061 | loss -6.579 | 114 ms/step (8.74 it/s) | elapsed 2.6 min | ETA this epoch 5.1 min
  step 1450/4061 | loss -7.813 | 115 ms/step (8.68 it/s) | elapsed 2.7 min | ETA this epoch 5.0 min
  step 1500/4061 | loss -5.331 | 115 ms/step (8.73 it/s) | elapsed 2.8 min | ETA this epoch 4.9 min
  step 1550/4061 | loss -6.172 | 111 ms/step (8.97 it/s) | elapsed 2.9 min | ETA this epoch 4.7 min
  step 1600/4061 | loss -7.233 | 116 ms/step (8.65 it/s) | elapsed 3.0 min | ETA this epoch 4.7 min
  step 1650/4061 | loss -6.808 | 108 ms/step (9.28 it/s) | elapsed 3.0 min | ETA this epoch 4.3 min
  step 1700/4061 | loss -8.032 | 90 ms/step (11.05 it/s) | elapsed 3.1 min | ETA this epoch 3.6 min
  step 1750/4061 | loss -6.466 | 89 ms/step (11.24 it/s) | elapsed 3.2 min | ETA this epoch 3.4 min
  step 1800/4061 | loss -9.255 | 91 ms/step (11.01 it/s) | elapsed 3.3 min | ETA this epoch 3.4 min
  step 1850/4061 | loss -6.510 | 92 ms/step (10.87 it/s) | elapsed 3.3 min | ETA this epoch 3.4 min
  step 1900/4061 | loss -7.215 | 90 ms/step (11.15 it/s) | elapsed 3.4 min | ETA this epoch 3.2 min
  step 1950/4061 | loss -7.863 | 108 ms/step (9.22 it/s) | elapsed 3.5 min | ETA this epoch 3.8 min
  step 2000/4061 | loss -7.286 | 113 ms/step (8.83 it/s) | elapsed 3.6 min | ETA this epoch 3.9 min
  step 2050/4061 | loss -7.632 | 113 ms/step (8.84 it/s) | elapsed 3.7 min | ETA this epoch 3.8 min
  step 2100/4061 | loss -6.671 | 112 ms/step (8.94 it/s) | elapsed 3.8 min | ETA this epoch 3.7 min
  step 2150/4061 | loss -7.851 | 113 ms/step (8.84 it/s) | elapsed 3.9 min | ETA this epoch 3.6 min
  step 2200/4061 | loss -5.645 | 112 ms/step (8.90 it/s) | elapsed 4.0 min | ETA this epoch 3.5 min
  step 2250/4061 | loss -8.659 | 114 ms/step (8.76 it/s) | elapsed 4.1 min | ETA this epoch 3.4 min
  step 2300/4061 | loss -7.388 | 113 ms/step (8.84 it/s) | elapsed 4.2 min | ETA this epoch 3.3 min
  step 2350/4061 | loss -7.091 | 113 ms/step (8.82 it/s) | elapsed 4.3 min | ETA this epoch 3.2 min
  step 2400/4061 | loss -5.917 | 114 ms/step (8.76 it/s) | elapsed 4.4 min | ETA this epoch 3.2 min
  step 2450/4061 | loss -7.394 | 115 ms/step (8.69 it/s) | elapsed 4.5 min | ETA this epoch 3.1 min
  step 2500/4061 | loss -7.062 | 114 ms/step (8.74 it/s) | elapsed 4.6 min | ETA this epoch 3.0 min
  step 2550/4061 | loss -7.430 | 115 ms/step (8.72 it/s) | elapsed 4.6 min | ETA this epoch 2.9 min
  step 2600/4061 | loss -7.608 | 115 ms/step (8.73 it/s) | elapsed 4.7 min | ETA this epoch 2.8 min
  step 2650/4061 | loss -6.073 | 115 ms/step (8.71 it/s) | elapsed 4.8 min | ETA this epoch 2.7 min
  step 2700/4061 | loss -9.076 | 113 ms/step (8.81 it/s) | elapsed 4.9 min | ETA this epoch 2.6 min
  step 2750/4061 | loss -6.873 | 114 ms/step (8.77 it/s) | elapsed 5.0 min | ETA this epoch 2.5 min
  step 2800/4061 | loss -6.769 | 113 ms/step (8.85 it/s) | elapsed 5.1 min | ETA this epoch 2.4 min
  step 2850/4061 | loss -6.912 | 114 ms/step (8.76 it/s) | elapsed 5.2 min | ETA this epoch 2.3 min
  step 2900/4061 | loss -6.717 | 110 ms/step (9.13 it/s) | elapsed 5.3 min | ETA this epoch 2.1 min
  step 2950/4061 | loss -9.383 | 113 ms/step (8.83 it/s) | elapsed 5.4 min | ETA this epoch 2.1 min
  step 3000/4061 | loss -8.662 | 112 ms/step (8.96 it/s) | elapsed 5.5 min | ETA this epoch 2.0 min
  step 3050/4061 | loss -7.181 | 117 ms/step (8.55 it/s) | elapsed 5.6 min | ETA this epoch 2.0 min
  step 3100/4061 | loss -7.805 | 113 ms/step (8.82 it/s) | elapsed 5.7 min | ETA this epoch 1.8 min
  step 3150/4061 | loss -7.956 | 113 ms/step (8.84 it/s) | elapsed 5.8 min | ETA this epoch 1.7 min
  step 3200/4061 | loss -7.325 | 114 ms/step (8.80 it/s) | elapsed 5.9 min | ETA this epoch 1.6 min
  step 3250/4061 | loss -7.584 | 115 ms/step (8.69 it/s) | elapsed 6.0 min | ETA this epoch 1.6 min
  step 3300/4061 | loss -8.345 | 113 ms/step (8.83 it/s) | elapsed 6.1 min | ETA this epoch 1.4 min
  step 3350/4061 | loss -7.429 | 114 ms/step (8.79 it/s) | elapsed 6.2 min | ETA this epoch 1.3 min
  step 3400/4061 | loss -8.946 | 112 ms/step (8.89 it/s) | elapsed 6.3 min | ETA this epoch 1.2 min
  step 3450/4061 | loss -7.252 | 114 ms/step (8.79 it/s) | elapsed 6.3 min | ETA this epoch 1.2 min
  step 3500/4061 | loss -9.764 | 113 ms/step (8.82 it/s) | elapsed 6.4 min | ETA this epoch 1.1 min
  step 3550/4061 | loss -7.139 | 114 ms/step (8.80 it/s) | elapsed 6.5 min | ETA this epoch 1.0 min
  step 3600/4061 | loss -6.501 | 113 ms/step (8.88 it/s) | elapsed 6.6 min | ETA this epoch 0.9 min
  step 3650/4061 | loss -7.847 | 113 ms/step (8.83 it/s) | elapsed 6.7 min | ETA this epoch 0.8 min
  step 3700/4061 | loss -6.764 | 114 ms/step (8.76 it/s) | elapsed 6.8 min | ETA this epoch 0.7 min
  step 3750/4061 | loss -7.113 | 116 ms/step (8.64 it/s) | elapsed 6.9 min | ETA this epoch 0.6 min
  step 3800/4061 | loss -6.234 | 115 ms/step (8.72 it/s) | elapsed 7.0 min | ETA this epoch 0.5 min
  step 3850/4061 | loss -7.379 | 115 ms/step (8.67 it/s) | elapsed 7.1 min | ETA this epoch 0.4 min
  step 3900/4061 | loss -6.572 | 114 ms/step (8.80 it/s) | elapsed 7.2 min | ETA this epoch 0.3 min
  step 3950/4061 | loss -7.357 | 113 ms/step (8.84 it/s) | elapsed 7.3 min | ETA this epoch 0.2 min
  step 4000/4061 | loss -8.507 | 114 ms/step (8.77 it/s) | elapsed 7.4 min | ETA this epoch 0.1 min
  step 4050/4061 | loss -6.361 | 114 ms/step (8.74 it/s) | elapsed 7.5 min | ETA this epoch 0.0 min
Epoch 30/50 | Train -7.339 | Val L1 0.0019 | Val SI-SDR 18.17 dB | Time 8.0 min
Saved best model (SI-SDR 18.17 dB) -> /home/bubai-maji/speech_enhancement/script/propose_ablation1/checkpoint_propose_ab1/best_NGDM_SE.pt
  step 50/4061 | loss -9.383 | 88 ms/step (11.39 it/s) | elapsed 0.1 min | ETA this epoch 5.9 min
  step 100/4061 | loss -6.414 | 92 ms/step (10.90 it/s) | elapsed 0.1 min | ETA this epoch 6.1 min
  step 150/4061 | loss -8.209 | 91 ms/step (11.03 it/s) | elapsed 0.2 min | ETA this epoch 5.9 min
  step 200/4061 | loss -6.425 | 91 ms/step (11.04 it/s) | elapsed 0.3 min | ETA this epoch 5.8 min
  step 250/4061 | loss -7.991 | 102 ms/step (9.79 it/s) | elapsed 0.4 min | ETA this epoch 6.5 min
  step 300/4061 | loss -7.091 | 114 ms/step (8.77 it/s) | elapsed 0.5 min | ETA this epoch 7.1 min
  step 350/4061 | loss -8.698 | 115 ms/step (8.71 it/s) | elapsed 0.6 min | ETA this epoch 7.1 min
  step 400/4061 | loss -5.281 | 114 ms/step (8.77 it/s) | elapsed 0.7 min | ETA this epoch 7.0 min
  step 450/4061 | loss -8.522 | 113 ms/step (8.86 it/s) | elapsed 0.8 min | ETA this epoch 6.8 min
  step 500/4061 | loss -5.768 | 115 ms/step (8.69 it/s) | elapsed 0.9 min | ETA this epoch 6.8 min
  step 550/4061 | loss -6.435 | 114 ms/step (8.75 it/s) | elapsed 1.0 min | ETA this epoch 6.7 min
  step 600/4061 | loss -8.004 | 114 ms/step (8.76 it/s) | elapsed 1.1 min | ETA this epoch 6.6 min
  step 650/4061 | loss -8.379 | 114 ms/step (8.77 it/s) | elapsed 1.1 min | ETA this epoch 6.5 min
  step 700/4061 | loss -6.194 | 113 ms/step (8.87 it/s) | elapsed 1.2 min | ETA this epoch 6.3 min
  step 750/4061 | loss -7.048 | 113 ms/step (8.82 it/s) | elapsed 1.3 min | ETA this epoch 6.3 min
  step 800/4061 | loss -7.946 | 114 ms/step (8.78 it/s) | elapsed 1.4 min | ETA this epoch 6.2 min
  step 850/4061 | loss -7.977 | 114 ms/step (8.78 it/s) | elapsed 1.5 min | ETA this epoch 6.1 min
  step 900/4061 | loss -7.684 | 114 ms/step (8.78 it/s) | elapsed 1.6 min | ETA this epoch 6.0 min
  step 950/4061 | loss -7.192 | 113 ms/step (8.82 it/s) | elapsed 1.7 min | ETA this epoch 5.9 min
  step 1000/4061 | loss -5.792 | 114 ms/step (8.81 it/s) | elapsed 1.8 min | ETA this epoch 5.8 min
  step 1050/4061 | loss -8.841 | 113 ms/step (8.85 it/s) | elapsed 1.9 min | ETA this epoch 5.7 min
  step 1100/4061 | loss -6.578 | 114 ms/step (8.78 it/s) | elapsed 2.0 min | ETA this epoch 5.6 min
  step 1150/4061 | loss -6.546 | 113 ms/step (8.86 it/s) | elapsed 2.1 min | ETA this epoch 5.5 min
  step 1200/4061 | loss -6.503 | 114 ms/step (8.77 it/s) | elapsed 2.2 min | ETA this epoch 5.4 min
  step 1250/4061 | loss -6.344 | 113 ms/step (8.81 it/s) | elapsed 2.3 min | ETA this epoch 5.3 min
  step 1300/4061 | loss -5.765 | 113 ms/step (8.83 it/s) | elapsed 2.4 min | ETA this epoch 5.2 min
  step 1350/4061 | loss -6.625 | 114 ms/step (8.79 it/s) | elapsed 2.5 min | ETA this epoch 5.1 min
  step 1400/4061 | loss -7.727 | 113 ms/step (8.82 it/s) | elapsed 2.6 min | ETA this epoch 5.0 min
  step 1450/4061 | loss -8.149 | 114 ms/step (8.77 it/s) | elapsed 2.7 min | ETA this epoch 5.0 min
  step 1500/4061 | loss -7.370 | 116 ms/step (8.62 it/s) | elapsed 2.8 min | ETA this epoch 5.0 min
  step 1550/4061 | loss -8.772 | 114 ms/step (8.81 it/s) | elapsed 2.9 min | ETA this epoch 4.8 min
  step 1600/4061 | loss -5.967 | 106 ms/step (9.39 it/s) | elapsed 2.9 min | ETA this epoch 4.4 min
  step 1650/4061 | loss -7.176 | 98 ms/step (10.18 it/s) | elapsed 3.0 min | ETA this epoch 3.9 min
  step 1700/4061 | loss -7.827 | 94 ms/step (10.62 it/s) | elapsed 3.1 min | ETA this epoch 3.7 min
  step 1750/4061 | loss -6.920 | 108 ms/step (9.26 it/s) | elapsed 3.2 min | ETA this epoch 4.2 min
  step 1800/4061 | loss -9.352 | 113 ms/step (8.84 it/s) | elapsed 3.3 min | ETA this epoch 4.3 min
  step 1850/4061 | loss -6.821 | 114 ms/step (8.77 it/s) | elapsed 3.4 min | ETA this epoch 4.2 min
  step 1900/4061 | loss -7.554 | 114 ms/step (8.77 it/s) | elapsed 3.5 min | ETA this epoch 4.1 min
  step 1950/4061 | loss -7.125 | 114 ms/step (8.74 it/s) | elapsed 3.6 min | ETA this epoch 4.0 min
  step 2000/4061 | loss -8.354 | 113 ms/step (8.85 it/s) | elapsed 3.7 min | ETA this epoch 3.9 min
  step 2050/4061 | loss -6.445 | 114 ms/step (8.77 it/s) | elapsed 3.8 min | ETA this epoch 3.8 min
  step 2100/4061 | loss -6.901 | 114 ms/step (8.81 it/s) | elapsed 3.9 min | ETA this epoch 3.7 min
  step 2150/4061 | loss -6.303 | 114 ms/step (8.79 it/s) | elapsed 3.9 min | ETA this epoch 3.6 min
  step 2200/4061 | loss -7.300 | 113 ms/step (8.84 it/s) | elapsed 4.0 min | ETA this epoch 3.5 min
  step 2250/4061 | loss -8.122 | 114 ms/step (8.80 it/s) | elapsed 4.1 min | ETA this epoch 3.4 min
  step 2300/4061 | loss -9.229 | 114 ms/step (8.78 it/s) | elapsed 4.2 min | ETA this epoch 3.3 min
  step 2350/4061 | loss -6.239 | 113 ms/step (8.83 it/s) | elapsed 4.3 min | ETA this epoch 3.2 min
  step 2400/4061 | loss -6.533 | 114 ms/step (8.78 it/s) | elapsed 4.4 min | ETA this epoch 3.2 min
  step 2450/4061 | loss -7.336 | 114 ms/step (8.79 it/s) | elapsed 4.5 min | ETA this epoch 3.1 min
  step 2500/4061 | loss -6.322 | 114 ms/step (8.76 it/s) | elapsed 4.6 min | ETA this epoch 3.0 min
  step 2550/4061 | loss -5.830 | 113 ms/step (8.86 it/s) | elapsed 4.7 min | ETA this epoch 2.8 min
  step 2600/4061 | loss -5.743 | 113 ms/step (8.81 it/s) | elapsed 4.8 min | ETA this epoch 2.8 min
  step 2650/4061 | loss -7.845 | 114 ms/step (8.76 it/s) | elapsed 4.9 min | ETA this epoch 2.7 min
  step 2700/4061 | loss -8.079 | 114 ms/step (8.79 it/s) | elapsed 5.0 min | ETA this epoch 2.6 min
  step 2750/4061 | loss -5.683 | 114 ms/step (8.78 it/s) | elapsed 5.1 min | ETA this epoch 2.5 min
  step 2800/4061 | loss -6.835 | 114 ms/step (8.81 it/s) | elapsed 5.2 min | ETA this epoch 2.4 min
  step 2850/4061 | loss -5.336 | 113 ms/step (8.82 it/s) | elapsed 5.3 min | ETA this epoch 2.3 min
  step 2900/4061 | loss -5.077 | 113 ms/step (8.82 it/s) | elapsed 5.4 min | ETA this epoch 2.2 min
  step 2950/4061 | loss -6.941 | 113 ms/step (8.82 it/s) | elapsed 5.5 min | ETA this epoch 2.1 min
  step 3000/4061 | loss -8.194 | 114 ms/step (8.77 it/s) | elapsed 5.6 min | ETA this epoch 2.0 min
  step 3050/4061 | loss -7.441 | 113 ms/step (8.84 it/s) | elapsed 5.7 min | ETA this epoch 1.9 min
  step 3100/4061 | loss -8.359 | 114 ms/step (8.75 it/s) | elapsed 5.7 min | ETA this epoch 1.8 min
  step 3150/4061 | loss -6.628 | 114 ms/step (8.79 it/s) | elapsed 5.8 min | ETA this epoch 1.7 min
  step 3200/4061 | loss -9.491 | 114 ms/step (8.78 it/s) | elapsed 5.9 min | ETA this epoch 1.6 min
  step 3250/4061 | loss -6.025 | 113 ms/step (8.84 it/s) | elapsed 6.0 min | ETA this epoch 1.5 min
  step 3300/4061 | loss -7.253 | 114 ms/step (8.78 it/s) | elapsed 6.1 min | ETA this epoch 1.4 min
  step 3350/4061 | loss -7.519 | 114 ms/step (8.78 it/s) | elapsed 6.2 min | ETA this epoch 1.3 min
  step 3400/4061 | loss -6.397 | 114 ms/step (8.73 it/s) | elapsed 6.3 min | ETA this epoch 1.3 min
  step 3450/4061 | loss -6.645 | 113 ms/step (8.83 it/s) | elapsed 6.4 min | ETA this epoch 1.2 min
  step 3500/4061 | loss -10.580 | 114 ms/step (8.78 it/s) | elapsed 6.5 min | ETA this epoch 1.1 min
  step 3550/4061 | loss -6.989 | 114 ms/step (8.79 it/s) | elapsed 6.6 min | ETA this epoch 1.0 min
  step 3600/4061 | loss -7.584 | 114 ms/step (8.81 it/s) | elapsed 6.7 min | ETA this epoch 0.9 min
  step 3650/4061 | loss -7.661 | 113 ms/step (8.82 it/s) | elapsed 6.8 min | ETA this epoch 0.8 min
  step 3700/4061 | loss -6.956 | 114 ms/step (8.75 it/s) | elapsed 6.9 min | ETA this epoch 0.7 min
  step 3750/4061 | loss -7.275 | 113 ms/step (8.81 it/s) | elapsed 7.0 min | ETA this epoch 0.6 min
  step 3800/4061 | loss -7.557 | 114 ms/step (8.74 it/s) | elapsed 7.1 min | ETA this epoch 0.5 min
  step 3850/4061 | loss -7.434 | 114 ms/step (8.80 it/s) | elapsed 7.2 min | ETA this epoch 0.4 min
  step 3900/4061 | loss -7.053 | 114 ms/step (8.78 it/s) | elapsed 7.3 min | ETA this epoch 0.3 min
  step 3950/4061 | loss -8.137 | 114 ms/step (8.80 it/s) | elapsed 7.4 min | ETA this epoch 0.2 min
  step 4000/4061 | loss -8.637 | 113 ms/step (8.82 it/s) | elapsed 7.5 min | ETA this epoch 0.1 min
  step 4050/4061 | loss -7.776 | 114 ms/step (8.81 it/s) | elapsed 7.5 min | ETA this epoch 0.0 min
Epoch 31/50 | Train -7.365 | Val L1 0.0019 | Val SI-SDR 18.14 dB | Time 7.8 min
EarlyStopping counter: 1/7
  step 50/4061 | loss -7.314 | 98 ms/step (10.21 it/s) | elapsed 0.1 min | ETA this epoch 6.5 min
  step 100/4061 | loss -6.699 | 107 ms/step (9.39 it/s) | elapsed 0.2 min | ETA this epoch 7.0 min
  step 150/4061 | loss -6.648 | 114 ms/step (8.75 it/s) | elapsed 0.3 min | ETA this epoch 7.4 min
  step 200/4061 | loss -6.642 | 113 ms/step (8.82 it/s) | elapsed 0.4 min | ETA this epoch 7.3 min
  step 250/4061 | loss -8.656 | 114 ms/step (8.80 it/s) | elapsed 0.5 min | ETA this epoch 7.2 min
  step 300/4061 | loss -7.900 | 114 ms/step (8.78 it/s) | elapsed 0.5 min | ETA this epoch 7.1 min
  step 350/4061 | loss -8.043 | 114 ms/step (8.80 it/s) | elapsed 0.6 min | ETA this epoch 7.0 min
  step 400/4061 | loss -6.568 | 114 ms/step (8.79 it/s) | elapsed 0.7 min | ETA this epoch 6.9 min
  step 450/4061 | loss -6.604 | 114 ms/step (8.78 it/s) | elapsed 0.8 min | ETA this epoch 6.9 min
  step 500/4061 | loss -6.108 | 114 ms/step (8.80 it/s) | elapsed 0.9 min | ETA this epoch 6.7 min
  step 550/4061 | loss -4.796 | 114 ms/step (8.79 it/s) | elapsed 1.0 min | ETA this epoch 6.7 min
  step 600/4061 | loss -7.643 | 114 ms/step (8.78 it/s) | elapsed 1.1 min | ETA this epoch 6.6 min
  step 650/4061 | loss -6.171 | 114 ms/step (8.78 it/s) | elapsed 1.2 min | ETA this epoch 6.5 min
  step 700/4061 | loss -7.028 | 114 ms/step (8.80 it/s) | elapsed 1.3 min | ETA this epoch 6.4 min
  step 750/4061 | loss -6.439 | 114 ms/step (8.79 it/s) | elapsed 1.4 min | ETA this epoch 6.3 min
  step 800/4061 | loss -7.310 | 115 ms/step (8.66 it/s) | elapsed 1.5 min | ETA this epoch 6.3 min
  step 850/4061 | loss -8.214 | 113 ms/step (8.82 it/s) | elapsed 1.6 min | ETA this epoch 6.1 min
  step 900/4061 | loss -7.051 | 113 ms/step (8.81 it/s) | elapsed 1.7 min | ETA this epoch 6.0 min
  step 950/4061 | loss -7.385 | 114 ms/step (8.78 it/s) | elapsed 1.8 min | ETA this epoch 5.9 min
  step 1000/4061 | loss -8.062 | 113 ms/step (8.81 it/s) | elapsed 1.9 min | ETA this epoch 5.8 min
  step 1050/4061 | loss -7.075 | 114 ms/step (8.79 it/s) | elapsed 2.0 min | ETA this epoch 5.7 min
  step 1100/4061 | loss -8.211 | 114 ms/step (8.74 it/s) | elapsed 2.1 min | ETA this epoch 5.6 min
  step 1150/4061 | loss -7.431 | 113 ms/step (8.84 it/s) | elapsed 2.2 min | ETA this epoch 5.5 min
  step 1200/4061 | loss -7.794 | 114 ms/step (8.80 it/s) | elapsed 2.3 min | ETA this epoch 5.4 min
  step 1250/4061 | loss -6.313 | 114 ms/step (8.81 it/s) | elapsed 2.4 min | ETA this epoch 5.3 min
  step 1300/4061 | loss -6.157 | 114 ms/step (8.78 it/s) | elapsed 2.4 min | ETA this epoch 5.2 min
  step 1350/4061 | loss -7.143 | 114 ms/step (8.77 it/s) | elapsed 2.5 min | ETA this epoch 5.2 min
  step 1400/4061 | loss -7.632 | 114 ms/step (8.79 it/s) | elapsed 2.6 min | ETA this epoch 5.0 min
  step 1450/4061 | loss -8.015 | 113 ms/step (8.82 it/s) | elapsed 2.7 min | ETA this epoch 4.9 min
  step 1500/4061 | loss -7.442 | 114 ms/step (8.75 it/s) | elapsed 2.8 min | ETA this epoch 4.9 min
  step 1550/4061 | loss -6.742 | 106 ms/step (9.44 it/s) | elapsed 2.9 min | ETA this epoch 4.4 min
  step 1600/4061 | loss -6.258 | 97 ms/step (10.29 it/s) | elapsed 3.0 min | ETA this epoch 4.0 min
  step 1650/4061 | loss -6.698 | 100 ms/step (10.04 it/s) | elapsed 3.1 min | ETA this epoch 4.0 min
  step 1700/4061 | loss -7.188 | 106 ms/step (9.42 it/s) | elapsed 3.2 min | ETA this epoch 4.2 min
  step 1750/4061 | loss -7.528 | 114 ms/step (8.77 it/s) | elapsed 3.3 min | ETA this epoch 4.4 min
  step 1800/4061 | loss -6.131 | 116 ms/step (8.61 it/s) | elapsed 3.4 min | ETA this epoch 4.4 min
  step 1850/4061 | loss -5.981 | 113 ms/step (8.83 it/s) | elapsed 3.5 min | ETA this epoch 4.2 min
  step 1900/4061 | loss -6.760 | 114 ms/step (8.78 it/s) | elapsed 3.5 min | ETA this epoch 4.1 min
  step 1950/4061 | loss -7.491 | 113 ms/step (8.83 it/s) | elapsed 3.6 min | ETA this epoch 4.0 min
  step 2000/4061 | loss -6.891 | 114 ms/step (8.80 it/s) | elapsed 3.7 min | ETA this epoch 3.9 min
  step 2050/4061 | loss -8.709 | 114 ms/step (8.79 it/s) | elapsed 3.8 min | ETA this epoch 3.8 min
  step 2100/4061 | loss -6.620 | 114 ms/step (8.81 it/s) | elapsed 3.9 min | ETA this epoch 3.7 min
  step 2150/4061 | loss -6.117 | 114 ms/step (8.80 it/s) | elapsed 4.0 min | ETA this epoch 3.6 min
  step 2200/4061 | loss -6.208 | 114 ms/step (8.75 it/s) | elapsed 4.1 min | ETA this epoch 3.5 min
  step 2250/4061 | loss -8.146 | 114 ms/step (8.76 it/s) | elapsed 4.2 min | ETA this epoch 3.4 min
  step 2300/4061 | loss -7.137 | 112 ms/step (8.91 it/s) | elapsed 4.3 min | ETA this epoch 3.3 min
  step 2350/4061 | loss -8.326 | 113 ms/step (8.81 it/s) | elapsed 4.4 min | ETA this epoch 3.2 min
  step 2400/4061 | loss -7.597 | 113 ms/step (8.87 it/s) | elapsed 4.5 min | ETA this epoch 3.1 min
  step 2450/4061 | loss -7.086 | 114 ms/step (8.80 it/s) | elapsed 4.6 min | ETA this epoch 3.1 min
  step 2500/4061 | loss -6.631 | 114 ms/step (8.78 it/s) | elapsed 4.7 min | ETA this epoch 3.0 min
  step 2550/4061 | loss -7.867 | 111 ms/step (8.97 it/s) | elapsed 4.8 min | ETA this epoch 2.8 min
  step 2600/4061 | loss -7.224 | 113 ms/step (8.83 it/s) | elapsed 4.9 min | ETA this epoch 2.8 min
  step 2650/4061 | loss -5.295 | 114 ms/step (8.80 it/s) | elapsed 5.0 min | ETA this epoch 2.7 min
  step 2700/4061 | loss -7.949 | 114 ms/step (8.79 it/s) | elapsed 5.1 min | ETA this epoch 2.6 min
  step 2750/4061 | loss -9.568 | 113 ms/step (8.84 it/s) | elapsed 5.2 min | ETA this epoch 2.5 min
  step 2800/4061 | loss -7.579 | 113 ms/step (8.84 it/s) | elapsed 5.2 min | ETA this epoch 2.4 min
  step 2850/4061 | loss -6.461 | 113 ms/step (8.81 it/s) | elapsed 5.3 min | ETA this epoch 2.3 min
  step 2900/4061 | loss -6.641 | 114 ms/step (8.78 it/s) | elapsed 5.4 min | ETA this epoch 2.2 min
  step 2950/4061 | loss -6.631 | 113 ms/step (8.82 it/s) | elapsed 5.5 min | ETA this epoch 2.1 min
  step 3000/4061 | loss -10.984 | 114 ms/step (8.77 it/s) | elapsed 5.6 min | ETA this epoch 2.0 min
  step 3050/4061 | loss -7.958 | 113 ms/step (8.83 it/s) | elapsed 5.7 min | ETA this epoch 1.9 min
  step 3100/4061 | loss -3.946 | 113 ms/step (8.87 it/s) | elapsed 5.8 min | ETA this epoch 1.8 min
  step 3150/4061 | loss -6.915 | 114 ms/step (8.74 it/s) | elapsed 5.9 min | ETA this epoch 1.7 min
  step 3200/4061 | loss -8.715 | 114 ms/step (8.80 it/s) | elapsed 6.0 min | ETA this epoch 1.6 min
  step 3250/4061 | loss -8.266 | 114 ms/step (8.79 it/s) | elapsed 6.1 min | ETA this epoch 1.5 min
  step 3300/4061 | loss -6.611 | 114 ms/step (8.79 it/s) | elapsed 6.2 min | ETA this epoch 1.4 min
  step 3350/4061 | loss -7.862 | 114 ms/step (8.77 it/s) | elapsed 6.3 min | ETA this epoch 1.4 min
  step 3400/4061 | loss -8.673 | 114 ms/step (8.76 it/s) | elapsed 6.4 min | ETA this epoch 1.3 min
  step 3450/4061 | loss -7.972 | 113 ms/step (8.82 it/s) | elapsed 6.5 min | ETA this epoch 1.2 min
  step 3500/4061 | loss -8.559 | 113 ms/step (8.81 it/s) | elapsed 6.6 min | ETA this epoch 1.1 min
  step 3550/4061 | loss -7.119 | 115 ms/step (8.69 it/s) | elapsed 6.7 min | ETA this epoch 1.0 min
  step 3600/4061 | loss -7.503 | 114 ms/step (8.74 it/s) | elapsed 6.8 min | ETA this epoch 0.9 min
  step 3650/4061 | loss -7.684 | 114 ms/step (8.81 it/s) | elapsed 6.9 min | ETA this epoch 0.8 min
  step 3700/4061 | loss -6.721 | 113 ms/step (8.83 it/s) | elapsed 7.0 min | ETA this epoch 0.7 min
  step 3750/4061 | loss -7.592 | 113 ms/step (8.83 it/s) | elapsed 7.0 min | ETA this epoch 0.6 min
  step 3800/4061 | loss -6.084 | 114 ms/step (8.77 it/s) | elapsed 7.1 min | ETA this epoch 0.5 min
  step 3850/4061 | loss -5.820 | 114 ms/step (8.79 it/s) | elapsed 7.2 min | ETA this epoch 0.4 min
  step 3900/4061 | loss -7.191 | 113 ms/step (8.85 it/s) | elapsed 7.3 min | ETA this epoch 0.3 min
  step 3950/4061 | loss -7.826 | 113 ms/step (8.83 it/s) | elapsed 7.4 min | ETA this epoch 0.2 min
  step 4000/4061 | loss -9.307 | 111 ms/step (9.02 it/s) | elapsed 7.5 min | ETA this epoch 0.1 min
  step 4050/4061 | loss -5.584 | 97 ms/step (10.28 it/s) | elapsed 7.6 min | ETA this epoch 0.0 min
Epoch 32/50 | Train -7.351 | Val L1 0.0019 | Val SI-SDR 18.21 dB | Time 7.9 min
Saved best model (SI-SDR 18.21 dB) -> /home/bubai-maji/speech_enhancement/script/propose_ablation1/checkpoint_propose_ab1/best_NGDM_SE.pt
  step 50/4061 | loss -7.951 | 114 ms/step (8.78 it/s) | elapsed 0.1 min | ETA this epoch 7.6 min
  step 100/4061 | loss -6.303 | 114 ms/step (8.77 it/s) | elapsed 0.2 min | ETA this epoch 7.5 min
  step 150/4061 | loss -7.514 | 114 ms/step (8.79 it/s) | elapsed 0.3 min | ETA this epoch 7.4 min
  step 200/4061 | loss -7.233 | 113 ms/step (8.84 it/s) | elapsed 0.4 min | ETA this epoch 7.3 min
  step 250/4061 | loss -7.531 | 114 ms/step (8.78 it/s) | elapsed 0.5 min | ETA this epoch 7.2 min
  step 300/4061 | loss -7.296 | 114 ms/step (8.78 it/s) | elapsed 0.6 min | ETA this epoch 7.1 min
  step 350/4061 | loss -8.113 | 113 ms/step (8.85 it/s) | elapsed 0.7 min | ETA this epoch 7.0 min
  step 400/4061 | loss -7.613 | 114 ms/step (8.75 it/s) | elapsed 0.8 min | ETA this epoch 7.0 min
  step 450/4061 | loss -7.106 | 113 ms/step (8.83 it/s) | elapsed 0.9 min | ETA this epoch 6.8 min
  step 500/4061 | loss -7.037 | 114 ms/step (8.80 it/s) | elapsed 0.9 min | ETA this epoch 6.7 min
  step 550/4061 | loss -7.608 | 114 ms/step (8.79 it/s) | elapsed 1.0 min | ETA this epoch 6.7 min
  step 600/4061 | loss -6.906 | 114 ms/step (8.80 it/s) | elapsed 1.1 min | ETA this epoch 6.6 min
  step 650/4061 | loss -6.975 | 114 ms/step (8.78 it/s) | elapsed 1.2 min | ETA this epoch 6.5 min
  step 700/4061 | loss -9.740 | 114 ms/step (8.77 it/s) | elapsed 1.3 min | ETA this epoch 6.4 min
  step 750/4061 | loss -5.841 | 113 ms/step (8.86 it/s) | elapsed 1.4 min | ETA this epoch 6.2 min
  step 800/4061 | loss -7.439 | 114 ms/step (8.79 it/s) | elapsed 1.5 min | ETA this epoch 6.2 min
  step 850/4061 | loss -6.263 | 114 ms/step (8.78 it/s) | elapsed 1.6 min | ETA this epoch 6.1 min
  step 900/4061 | loss -7.458 | 112 ms/step (8.90 it/s) | elapsed 1.7 min | ETA this epoch 5.9 min
  step 950/4061 | loss -7.152 | 114 ms/step (8.78 it/s) | elapsed 1.8 min | ETA this epoch 5.9 min
  step 1000/4061 | loss -5.561 | 113 ms/step (8.82 it/s) | elapsed 1.9 min | ETA this epoch 5.8 min
  step 1050/4061 | loss -7.339 | 113 ms/step (8.81 it/s) | elapsed 2.0 min | ETA this epoch 5.7 min
  step 1100/4061 | loss -6.873 | 114 ms/step (8.79 it/s) | elapsed 2.1 min | ETA this epoch 5.6 min
  step 1150/4061 | loss -7.535 | 114 ms/step (8.78 it/s) | elapsed 2.2 min | ETA this epoch 5.5 min
  step 1200/4061 | loss -7.511 | 114 ms/step (8.78 it/s) | elapsed 2.3 min | ETA this epoch 5.4 min
  step 1250/4061 | loss -8.166 | 114 ms/step (8.80 it/s) | elapsed 2.4 min | ETA this epoch 5.3 min
  step 1300/4061 | loss -8.440 | 114 ms/step (8.77 it/s) | elapsed 2.5 min | ETA this epoch 5.2 min
  step 1350/4061 | loss -6.274 | 114 ms/step (8.76 it/s) | elapsed 2.6 min | ETA this epoch 5.2 min
  step 1400/4061 | loss -7.546 | 113 ms/step (8.84 it/s) | elapsed 2.7 min | ETA this epoch 5.0 min
  step 1450/4061 | loss -8.830 | 114 ms/step (8.77 it/s) | elapsed 2.7 min | ETA this epoch 5.0 min
  step 1500/4061 | loss -7.674 | 101 ms/step (9.90 it/s) | elapsed 2.8 min | ETA this epoch 4.3 min
  step 1550/4061 | loss -6.496 | 99 ms/step (10.11 it/s) | elapsed 2.9 min | ETA this epoch 4.1 min
  step 1600/4061 | loss -7.175 | 103 ms/step (9.71 it/s) | elapsed 3.0 min | ETA this epoch 4.2 min
  step 1650/4061 | loss -7.263 | 112 ms/step (8.96 it/s) | elapsed 3.1 min | ETA this epoch 4.5 min
  step 1700/4061 | loss -6.378 | 113 ms/step (8.83 it/s) | elapsed 3.2 min | ETA this epoch 4.5 min
  step 1750/4061 | loss -8.388 | 113 ms/step (8.86 it/s) | elapsed 3.3 min | ETA this epoch 4.3 min
  step 1800/4061 | loss -7.961 | 114 ms/step (8.75 it/s) | elapsed 3.4 min | ETA this epoch 4.3 min
  step 1850/4061 | loss -9.592 | 114 ms/step (8.81 it/s) | elapsed 3.5 min | ETA this epoch 4.2 min
  step 1900/4061 | loss -7.743 | 114 ms/step (8.79 it/s) | elapsed 3.6 min | ETA this epoch 4.1 min
  step 1950/4061 | loss -6.753 | 115 ms/step (8.72 it/s) | elapsed 3.7 min | ETA this epoch 4.0 min
  step 2000/4061 | loss -5.877 | 112 ms/step (8.93 it/s) | elapsed 3.8 min | ETA this epoch 3.8 min
  step 2050/4061 | loss -7.078 | 114 ms/step (8.81 it/s) | elapsed 3.8 min | ETA this epoch 3.8 min
  step 2100/4061 | loss -9.575 | 115 ms/step (8.69 it/s) | elapsed 3.9 min | ETA this epoch 3.8 min
  step 2150/4061 | loss -6.315 | 113 ms/step (8.85 it/s) | elapsed 4.0 min | ETA this epoch 3.6 min
  step 2200/4061 | loss -8.356 | 114 ms/step (8.77 it/s) | elapsed 4.1 min | ETA this epoch 3.5 min
  step 2250/4061 | loss -7.771 | 113 ms/step (8.83 it/s) | elapsed 4.2 min | ETA this epoch 3.4 min
  step 2300/4061 | loss -6.784 | 114 ms/step (8.81 it/s) | elapsed 4.3 min | ETA this epoch 3.3 min
  step 2350/4061 | loss -8.438 | 114 ms/step (8.80 it/s) | elapsed 4.4 min | ETA this epoch 3.2 min
  step 2400/4061 | loss -7.140 | 113 ms/step (8.82 it/s) | elapsed 4.5 min | ETA this epoch 3.1 min
  step 2450/4061 | loss -7.445 | 114 ms/step (8.80 it/s) | elapsed 4.6 min | ETA this epoch 3.0 min
  step 2500/4061 | loss -7.610 | 114 ms/step (8.78 it/s) | elapsed 4.7 min | ETA this epoch 3.0 min
  step 2550/4061 | loss -6.496 | 114 ms/step (8.79 it/s) | elapsed 4.8 min | ETA this epoch 2.9 min
  step 2600/4061 | loss -6.416 | 114 ms/step (8.78 it/s) | elapsed 4.9 min | ETA this epoch 2.8 min
  step 2650/4061 | loss -8.590 | 113 ms/step (8.82 it/s) | elapsed 5.0 min | ETA this epoch 2.7 min
  step 2700/4061 | loss -7.478 | 113 ms/step (8.81 it/s) | elapsed 5.1 min | ETA this epoch 2.6 min
  step 2750/4061 | loss -7.012 | 114 ms/step (8.80 it/s) | elapsed 5.2 min | ETA this epoch 2.5 min
  step 2800/4061 | loss -5.812 | 114 ms/step (8.78 it/s) | elapsed 5.3 min | ETA this epoch 2.4 min
  step 2850/4061 | loss -7.415 | 113 ms/step (8.81 it/s) | elapsed 5.4 min | ETA this epoch 2.3 min
  step 2900/4061 | loss -6.634 | 114 ms/step (8.80 it/s) | elapsed 5.5 min | ETA this epoch 2.2 min
  step 2950/4061 | loss -6.685 | 113 ms/step (8.84 it/s) | elapsed 5.6 min | ETA this epoch 2.1 min
  step 3000/4061 | loss -7.711 | 114 ms/step (8.78 it/s) | elapsed 5.6 min | ETA this epoch 2.0 min
  step 3050/4061 | loss -6.737 | 114 ms/step (8.79 it/s) | elapsed 5.7 min | ETA this epoch 1.9 min
  step 3100/4061 | loss -7.495 | 114 ms/step (8.80 it/s) | elapsed 5.8 min | ETA this epoch 1.8 min
  step 3150/4061 | loss -8.638 | 113 ms/step (8.82 it/s) | elapsed 5.9 min | ETA this epoch 1.7 min
  step 3200/4061 | loss -7.546 | 114 ms/step (8.79 it/s) | elapsed 6.0 min | ETA this epoch 1.6 min
  step 3250/4061 | loss -5.826 | 114 ms/step (8.77 it/s) | elapsed 6.1 min | ETA this epoch 1.5 min
  step 3300/4061 | loss -6.468 | 113 ms/step (8.83 it/s) | elapsed 6.2 min | ETA this epoch 1.4 min
  step 3350/4061 | loss -6.590 | 113 ms/step (8.82 it/s) | elapsed 6.3 min | ETA this epoch 1.3 min
  step 3400/4061 | loss -6.900 | 114 ms/step (8.76 it/s) | elapsed 6.4 min | ETA this epoch 1.3 min
  step 3450/4061 | loss -9.447 | 114 ms/step (8.79 it/s) | elapsed 6.5 min | ETA this epoch 1.2 min
  step 3500/4061 | loss -6.155 | 113 ms/step (8.83 it/s) | elapsed 6.6 min | ETA this epoch 1.1 min
  step 3550/4061 | loss -6.605 | 114 ms/step (8.79 it/s) | elapsed 6.7 min | ETA this epoch 1.0 min
  step 3600/4061 | loss -8.362 | 113 ms/step (8.83 it/s) | elapsed 6.8 min | ETA this epoch 0.9 min
  step 3650/4061 | loss -7.359 | 113 ms/step (8.82 it/s) | elapsed 6.9 min | ETA this epoch 0.8 min
  step 3700/4061 | loss -7.196 | 113 ms/step (8.86 it/s) | elapsed 7.0 min | ETA this epoch 0.7 min
  step 3750/4061 | loss -7.047 | 114 ms/step (8.78 it/s) | elapsed 7.1 min | ETA this epoch 0.6 min
  step 3800/4061 | loss -5.837 | 114 ms/step (8.79 it/s) | elapsed 7.2 min | ETA this epoch 0.5 min
  step 3850/4061 | loss -6.791 | 114 ms/step (8.80 it/s) | elapsed 7.3 min | ETA this epoch 0.4 min
  step 3900/4061 | loss -7.482 | 96 ms/step (10.46 it/s) | elapsed 7.3 min | ETA this epoch 0.3 min
  step 3950/4061 | loss -8.174 | 100 ms/step (10.03 it/s) | elapsed 7.4 min | ETA this epoch 0.2 min
  step 4000/4061 | loss -6.476 | 104 ms/step (9.63 it/s) | elapsed 7.5 min | ETA this epoch 0.1 min
  step 4050/4061 | loss -8.102 | 112 ms/step (8.91 it/s) | elapsed 7.6 min | ETA this epoch 0.0 min
Epoch 33/50 | Train -7.368 | Val L1 0.0018 | Val SI-SDR 18.26 dB | Time 7.9 min
Saved best model (SI-SDR 18.26 dB) -> /home/bubai-maji/speech_enhancement/script/propose_ablation1/checkpoint_propose_ab1/best_NGDM_SE.pt
  step 50/4061 | loss -6.875 | 113 ms/step (8.81 it/s) | elapsed 0.1 min | ETA this epoch 7.6 min
  step 100/4061 | loss -6.746 | 114 ms/step (8.78 it/s) | elapsed 0.2 min | ETA this epoch 7.5 min
  step 150/4061 | loss -7.528 | 114 ms/step (8.76 it/s) | elapsed 0.3 min | ETA this epoch 7.4 min
  step 200/4061 | loss -7.753 | 114 ms/step (8.77 it/s) | elapsed 0.4 min | ETA this epoch 7.3 min
  step 250/4061 | loss -7.561 | 114 ms/step (8.81 it/s) | elapsed 0.5 min | ETA this epoch 7.2 min
  step 300/4061 | loss -6.766 | 114 ms/step (8.79 it/s) | elapsed 0.6 min | ETA this epoch 7.1 min
  step 350/4061 | loss -7.878 | 114 ms/step (8.79 it/s) | elapsed 0.7 min | ETA this epoch 7.0 min
  step 400/4061 | loss -7.731 | 114 ms/step (8.78 it/s) | elapsed 0.8 min | ETA this epoch 7.0 min
  step 450/4061 | loss -7.317 | 114 ms/step (8.77 it/s) | elapsed 0.9 min | ETA this epoch 6.9 min
  step 500/4061 | loss -8.674 | 115 ms/step (8.73 it/s) | elapsed 0.9 min | ETA this epoch 6.8 min
  step 550/4061 | loss -6.315 | 114 ms/step (8.80 it/s) | elapsed 1.0 min | ETA this epoch 6.7 min
  step 600/4061 | loss -6.208 | 114 ms/step (8.79 it/s) | elapsed 1.1 min | ETA this epoch 6.6 min
  step 650/4061 | loss -7.054 | 114 ms/step (8.80 it/s) | elapsed 1.2 min | ETA this epoch 6.5 min
  step 700/4061 | loss -7.548 | 114 ms/step (8.78 it/s) | elapsed 1.3 min | ETA this epoch 6.4 min
  step 750/4061 | loss -8.209 | 114 ms/step (8.79 it/s) | elapsed 1.4 min | ETA this epoch 6.3 min
  step 800/4061 | loss -7.039 | 114 ms/step (8.78 it/s) | elapsed 1.5 min | ETA this epoch 6.2 min
  step 850/4061 | loss -7.215 | 113 ms/step (8.82 it/s) | elapsed 1.6 min | ETA this epoch 6.1 min
  step 900/4061 | loss -7.781 | 112 ms/step (8.91 it/s) | elapsed 1.7 min | ETA this epoch 5.9 min
  step 950/4061 | loss -7.339 | 114 ms/step (8.74 it/s) | elapsed 1.8 min | ETA this epoch 5.9 min
  step 1000/4061 | loss -7.992 | 113 ms/step (8.86 it/s) | elapsed 1.9 min | ETA this epoch 5.8 min
  step 1050/4061 | loss -7.773 | 114 ms/step (8.79 it/s) | elapsed 2.0 min | ETA this epoch 5.7 min
  step 1100/4061 | loss -9.052 | 114 ms/step (8.74 it/s) | elapsed 2.1 min | ETA this epoch 5.6 min
  step 1150/4061 | loss -7.231 | 113 ms/step (8.82 it/s) | elapsed 2.2 min | ETA this epoch 5.5 min
  step 1200/4061 | loss -7.271 | 114 ms/step (8.80 it/s) | elapsed 2.3 min | ETA this epoch 5.4 min
  step 1250/4061 | loss -6.573 | 113 ms/step (8.83 it/s) | elapsed 2.4 min | ETA this epoch 5.3 min
  step 1300/4061 | loss -7.146 | 114 ms/step (8.77 it/s) | elapsed 2.5 min | ETA this epoch 5.2 min
  step 1350/4061 | loss -7.146 | 113 ms/step (8.81 it/s) | elapsed 2.6 min | ETA this epoch 5.1 min
  step 1400/4061 | loss -6.354 | 116 ms/step (8.65 it/s) | elapsed 2.7 min | ETA this epoch 5.1 min
  step 1450/4061 | loss -6.563 | 114 ms/step (8.74 it/s) | elapsed 2.8 min | ETA this epoch 5.0 min
  step 1500/4061 | loss -5.864 | 101 ms/step (9.89 it/s) | elapsed 2.8 min | ETA this epoch 4.3 min
  step 1550/4061 | loss -7.479 | 99 ms/step (10.11 it/s) | elapsed 2.9 min | ETA this epoch 4.1 min
  step 1600/4061 | loss -7.653 | 102 ms/step (9.81 it/s) | elapsed 3.0 min | ETA this epoch 4.2 min
  step 1650/4061 | loss -9.354 | 114 ms/step (8.74 it/s) | elapsed 3.1 min | ETA this epoch 4.6 min
  step 1700/4061 | loss -8.051 | 114 ms/step (8.74 it/s) | elapsed 3.2 min | ETA this epoch 4.5 min
  step 1750/4061 | loss -7.281 | 113 ms/step (8.84 it/s) | elapsed 3.3 min | ETA this epoch 4.4 min
  step 1800/4061 | loss -7.395 | 114 ms/step (8.81 it/s) | elapsed 3.4 min | ETA this epoch 4.3 min
  step 1850/4061 | loss -7.200 | 113 ms/step (8.83 it/s) | elapsed 3.5 min | ETA this epoch 4.2 min
  step 1900/4061 | loss -6.931 | 114 ms/step (8.77 it/s) | elapsed 3.6 min | ETA this epoch 4.1 min
  step 1950/4061 | loss -7.704 | 114 ms/step (8.80 it/s) | elapsed 3.7 min | ETA this epoch 4.0 min
  step 2000/4061 | loss -5.784 | 112 ms/step (8.92 it/s) | elapsed 3.8 min | ETA this epoch 3.9 min
  step 2050/4061 | loss -7.205 | 114 ms/step (8.77 it/s) | elapsed 3.9 min | ETA this epoch 3.8 min
  step 2100/4061 | loss -5.987 | 114 ms/step (8.78 it/s) | elapsed 3.9 min | ETA this epoch 3.7 min
  step 2150/4061 | loss -6.700 | 113 ms/step (8.87 it/s) | elapsed 4.0 min | ETA this epoch 3.6 min
  step 2200/4061 | loss -8.297 | 113 ms/step (8.84 it/s) | elapsed 4.1 min | ETA this epoch 3.5 min
  step 2250/4061 | loss -7.939 | 114 ms/step (8.77 it/s) | elapsed 4.2 min | ETA this epoch 3.4 min
  step 2300/4061 | loss -7.699 | 113 ms/step (8.85 it/s) | elapsed 4.3 min | ETA this epoch 3.3 min
  step 2350/4061 | loss -8.531 | 114 ms/step (8.79 it/s) | elapsed 4.4 min | ETA this epoch 3.2 min
  step 2400/4061 | loss -7.520 | 114 ms/step (8.81 it/s) | elapsed 4.5 min | ETA this epoch 3.1 min
  step 2450/4061 | loss -8.383 | 113 ms/step (8.82 it/s) | elapsed 4.6 min | ETA this epoch 3.0 min
  step 2500/4061 | loss -8.207 | 114 ms/step (8.79 it/s) | elapsed 4.7 min | ETA this epoch 3.0 min
  step 2550/4061 | loss -7.186 | 113 ms/step (8.87 it/s) | elapsed 4.8 min | ETA this epoch 2.8 min
  step 2600/4061 | loss -8.157 | 114 ms/step (8.80 it/s) | elapsed 4.9 min | ETA this epoch 2.8 min
  step 2650/4061 | loss -7.274 | 115 ms/step (8.69 it/s) | elapsed 5.0 min | ETA this epoch 2.7 min
  step 2700/4061 | loss -8.075 | 113 ms/step (8.83 it/s) | elapsed 5.1 min | ETA this epoch 2.6 min
  step 2750/4061 | loss -8.472 | 113 ms/step (8.82 it/s) | elapsed 5.2 min | ETA this epoch 2.5 min
  step 2800/4061 | loss -7.355 | 114 ms/step (8.77 it/s) | elapsed 5.3 min | ETA this epoch 2.4 min
  step 2850/4061 | loss -9.555 | 113 ms/step (8.82 it/s) | elapsed 5.4 min | ETA this epoch 2.3 min
  step 2900/4061 | loss -7.598 | 114 ms/step (8.75 it/s) | elapsed 5.5 min | ETA this epoch 2.2 min
  step 2950/4061 | loss -7.386 | 113 ms/step (8.81 it/s) | elapsed 5.6 min | ETA this epoch 2.1 min
  step 3000/4061 | loss -8.093 | 114 ms/step (8.77 it/s) | elapsed 5.7 min | ETA this epoch 2.0 min
  step 3050/4061 | loss -7.276 | 114 ms/step (8.79 it/s) | elapsed 5.7 min | ETA this epoch 1.9 min
  step 3100/4061 | loss -6.752 | 113 ms/step (8.85 it/s) | elapsed 5.8 min | ETA this epoch 1.8 min
  step 3150/4061 | loss -7.802 | 114 ms/step (8.76 it/s) | elapsed 5.9 min | ETA this epoch 1.7 min
  step 3200/4061 | loss -5.608 | 114 ms/step (8.75 it/s) | elapsed 6.0 min | ETA this epoch 1.6 min
  step 3250/4061 | loss -8.377 | 113 ms/step (8.84 it/s) | elapsed 6.1 min | ETA this epoch 1.5 min
  step 3300/4061 | loss -6.861 | 114 ms/step (8.80 it/s) | elapsed 6.2 min | ETA this epoch 1.4 min
  step 3350/4061 | loss -7.396 | 113 ms/step (8.87 it/s) | elapsed 6.3 min | ETA this epoch 1.3 min
  step 3400/4061 | loss -7.775 | 116 ms/step (8.60 it/s) | elapsed 6.4 min | ETA this epoch 1.3 min
  step 3450/4061 | loss -6.238 | 114 ms/step (8.77 it/s) | elapsed 6.5 min | ETA this epoch 1.2 min
  step 3500/4061 | loss -8.045 | 114 ms/step (8.80 it/s) | elapsed 6.6 min | ETA this epoch 1.1 min
  step 3550/4061 | loss -9.205 | 115 ms/step (8.73 it/s) | elapsed 6.7 min | ETA this epoch 1.0 min
  step 3600/4061 | loss -7.144 | 114 ms/step (8.79 it/s) | elapsed 6.8 min | ETA this epoch 0.9 min
  step 3650/4061 | loss -7.783 | 114 ms/step (8.74 it/s) | elapsed 6.9 min | ETA this epoch 0.8 min
  step 3700/4061 | loss -7.245 | 106 ms/step (9.41 it/s) | elapsed 7.0 min | ETA this epoch 0.6 min
  step 3750/4061 | loss -7.451 | 97 ms/step (10.28 it/s) | elapsed 7.1 min | ETA this epoch 0.5 min
  step 3800/4061 | loss -7.591 | 95 ms/step (10.55 it/s) | elapsed 7.1 min | ETA this epoch 0.4 min
  step 3850/4061 | loss -7.506 | 105 ms/step (9.55 it/s) | elapsed 7.2 min | ETA this epoch 0.4 min
  step 3900/4061 | loss -7.556 | 113 ms/step (8.89 it/s) | elapsed 7.3 min | ETA this epoch 0.3 min
  step 3950/4061 | loss -7.595 | 113 ms/step (8.81 it/s) | elapsed 7.4 min | ETA this epoch 0.2 min
  step 4000/4061 | loss -8.193 | 114 ms/step (8.78 it/s) | elapsed 7.5 min | ETA this epoch 0.1 min
  step 4050/4061 | loss -6.557 | 114 ms/step (8.80 it/s) | elapsed 7.6 min | ETA this epoch 0.0 min
Epoch 34/50 | Train -7.386 | Val L1 0.0019 | Val SI-SDR 18.07 dB | Time 7.9 min
EarlyStopping counter: 1/7
  step 50/4061 | loss -6.375 | 114 ms/step (8.76 it/s) | elapsed 0.1 min | ETA this epoch 7.6 min
  step 100/4061 | loss -5.718 | 114 ms/step (8.80 it/s) | elapsed 0.2 min | ETA this epoch 7.5 min
  step 150/4061 | loss -9.576 | 114 ms/step (8.80 it/s) | elapsed 0.3 min | ETA this epoch 7.4 min
  step 200/4061 | loss -7.810 | 114 ms/step (8.77 it/s) | elapsed 0.4 min | ETA this epoch 7.3 min
  step 250/4061 | loss -7.817 | 114 ms/step (8.81 it/s) | elapsed 0.5 min | ETA this epoch 7.2 min
  step 300/4061 | loss -6.703 | 114 ms/step (8.79 it/s) | elapsed 0.6 min | ETA this epoch 7.1 min
  step 350/4061 | loss -6.264 | 114 ms/step (8.77 it/s) | elapsed 0.7 min | ETA this epoch 7.1 min
  step 400/4061 | loss -7.167 | 113 ms/step (8.83 it/s) | elapsed 0.8 min | ETA this epoch 6.9 min
  step 450/4061 | loss -8.124 | 114 ms/step (8.76 it/s) | elapsed 0.9 min | ETA this epoch 6.9 min
  step 500/4061 | loss -7.233 | 117 ms/step (8.55 it/s) | elapsed 1.0 min | ETA this epoch 6.9 min
  step 550/4061 | loss -7.379 | 114 ms/step (8.80 it/s) | elapsed 1.0 min | ETA this epoch 6.7 min
  step 600/4061 | loss -7.381 | 113 ms/step (8.85 it/s) | elapsed 1.1 min | ETA this epoch 6.5 min
  step 650/4061 | loss -6.883 | 113 ms/step (8.87 it/s) | elapsed 1.2 min | ETA this epoch 6.4 min
  step 700/4061 | loss -8.114 | 113 ms/step (8.82 it/s) | elapsed 1.3 min | ETA this epoch 6.4 min
  step 750/4061 | loss -7.325 | 113 ms/step (8.85 it/s) | elapsed 1.4 min | ETA this epoch 6.2 min
  step 800/4061 | loss -7.459 | 113 ms/step (8.83 it/s) | elapsed 1.5 min | ETA this epoch 6.2 min
  step 850/4061 | loss -6.652 | 114 ms/step (8.81 it/s) | elapsed 1.6 min | ETA this epoch 6.1 min
  step 900/4061 | loss -7.136 | 114 ms/step (8.80 it/s) | elapsed 1.7 min | ETA this epoch 6.0 min
  step 950/4061 | loss -8.529 | 116 ms/step (8.64 it/s) | elapsed 1.8 min | ETA this epoch 6.0 min
  step 1000/4061 | loss -7.387 | 114 ms/step (8.78 it/s) | elapsed 1.9 min | ETA this epoch 5.8 min
  step 1050/4061 | loss -7.663 | 113 ms/step (8.88 it/s) | elapsed 2.0 min | ETA this epoch 5.7 min
  step 1100/4061 | loss -5.972 | 119 ms/step (8.44 it/s) | elapsed 2.1 min | ETA this epoch 5.8 min
  step 1150/4061 | loss -8.763 | 114 ms/step (8.81 it/s) | elapsed 2.2 min | ETA this epoch 5.5 min
  step 1200/4061 | loss -7.506 | 114 ms/step (8.79 it/s) | elapsed 2.3 min | ETA this epoch 5.4 min
  step 1250/4061 | loss -7.634 | 114 ms/step (8.78 it/s) | elapsed 2.4 min | ETA this epoch 5.3 min
  step 1300/4061 | loss -7.818 | 114 ms/step (8.79 it/s) | elapsed 2.5 min | ETA this epoch 5.2 min
  step 1350/4061 | loss -6.925 | 115 ms/step (8.73 it/s) | elapsed 2.6 min | ETA this epoch 5.2 min
  step 1400/4061 | loss -8.031 | 114 ms/step (8.76 it/s) | elapsed 2.7 min | ETA this epoch 5.1 min
  step 1450/4061 | loss -8.738 | 110 ms/step (9.11 it/s) | elapsed 2.8 min | ETA this epoch 4.8 min
  step 1500/4061 | loss -8.062 | 100 ms/step (10.03 it/s) | elapsed 2.8 min | ETA this epoch 4.3 min
  step 1550/4061 | loss -6.853 | 100 ms/step (10.04 it/s) | elapsed 2.9 min | ETA this epoch 4.2 min
  step 1600/4061 | loss -6.156 | 111 ms/step (9.04 it/s) | elapsed 3.0 min | ETA this epoch 4.5 min
  step 1650/4061 | loss -7.173 | 114 ms/step (8.79 it/s) | elapsed 3.1 min | ETA this epoch 4.6 min
  step 1700/4061 | loss -8.006 | 114 ms/step (8.78 it/s) | elapsed 3.2 min | ETA this epoch 4.5 min
  step 1750/4061 | loss -7.836 | 114 ms/step (8.78 it/s) | elapsed 3.3 min | ETA this epoch 4.4 min
  step 1800/4061 | loss -8.039 | 114 ms/step (8.78 it/s) | elapsed 3.4 min | ETA this epoch 4.3 min
  step 1850/4061 | loss -6.674 | 113 ms/step (8.81 it/s) | elapsed 3.5 min | ETA this epoch 4.2 min
  step 1900/4061 | loss -7.214 | 114 ms/step (8.77 it/s) | elapsed 3.6 min | ETA this epoch 4.1 min
  step 1950/4061 | loss -5.656 | 114 ms/step (8.78 it/s) | elapsed 3.7 min | ETA this epoch 4.0 min
  step 2000/4061 | loss -7.767 | 113 ms/step (8.85 it/s) | elapsed 3.8 min | ETA this epoch 3.9 min
  step 2050/4061 | loss -7.372 | 114 ms/step (8.78 it/s) | elapsed 3.9 min | ETA this epoch 3.8 min
  step 2100/4061 | loss -7.925 | 114 ms/step (8.80 it/s) | elapsed 4.0 min | ETA this epoch 3.7 min
  step 2150/4061 | loss -6.518 | 114 ms/step (8.76 it/s) | elapsed 4.1 min | ETA this epoch 3.6 min
  step 2200/4061 | loss -6.185 | 114 ms/step (8.75 it/s) | elapsed 4.1 min | ETA this epoch 3.5 min
  step 2250/4061 | loss -5.888 | 114 ms/step (8.75 it/s) | elapsed 4.2 min | ETA this epoch 3.4 min
  step 2300/4061 | loss -7.064 | 114 ms/step (8.79 it/s) | elapsed 4.3 min | ETA this epoch 3.3 min
  step 2350/4061 | loss -7.837 | 114 ms/step (8.79 it/s) | elapsed 4.4 min | ETA this epoch 3.2 min
  step 2400/4061 | loss -9.007 | 113 ms/step (8.84 it/s) | elapsed 4.5 min | ETA this epoch 3.1 min
  step 2450/4061 | loss -6.144 | 113 ms/step (8.82 it/s) | elapsed 4.6 min | ETA this epoch 3.0 min
  step 2500/4061 | loss -8.926 | 114 ms/step (8.77 it/s) | elapsed 4.7 min | ETA this epoch 3.0 min
  step 2550/4061 | loss -7.803 | 113 ms/step (8.82 it/s) | elapsed 4.8 min | ETA this epoch 2.9 min
  step 2600/4061 | loss -8.553 | 114 ms/step (8.79 it/s) | elapsed 4.9 min | ETA this epoch 2.8 min
  step 2650/4061 | loss -6.617 | 114 ms/step (8.77 it/s) | elapsed 5.0 min | ETA this epoch 2.7 min
  step 2700/4061 | loss -6.220 | 113 ms/step (8.82 it/s) | elapsed 5.1 min | ETA this epoch 2.6 min
  step 2750/4061 | loss -6.989 | 114 ms/step (8.77 it/s) | elapsed 5.2 min | ETA this epoch 2.5 min
  step 2800/4061 | loss -6.097 | 114 ms/step (8.80 it/s) | elapsed 5.3 min | ETA this epoch 2.4 min
  step 2850/4061 | loss -6.093 | 114 ms/step (8.75 it/s) | elapsed 5.4 min | ETA this epoch 2.3 min
  step 2900/4061 | loss -7.419 | 114 ms/step (8.78 it/s) | elapsed 5.5 min | ETA this epoch 2.2 min
  step 2950/4061 | loss -8.966 | 113 ms/step (8.87 it/s) | elapsed 5.6 min | ETA this epoch 2.1 min
  step 3000/4061 | loss -11.412 | 117 ms/step (8.57 it/s) | elapsed 5.7 min | ETA this epoch 2.1 min
  step 3050/4061 | loss -7.107 | 114 ms/step (8.79 it/s) | elapsed 5.8 min | ETA this epoch 1.9 min
  step 3100/4061 | loss -7.492 | 113 ms/step (8.86 it/s) | elapsed 5.9 min | ETA this epoch 1.8 min
  step 3150/4061 | loss -8.068 | 115 ms/step (8.73 it/s) | elapsed 6.0 min | ETA this epoch 1.7 min
  step 3200/4061 | loss -8.931 | 114 ms/step (8.80 it/s) | elapsed 6.0 min | ETA this epoch 1.6 min
  step 3250/4061 | loss -6.757 | 114 ms/step (8.77 it/s) | elapsed 6.1 min | ETA this epoch 1.5 min
  step 3300/4061 | loss -8.997 | 114 ms/step (8.78 it/s) | elapsed 6.2 min | ETA this epoch 1.4 min
  step 3350/4061 | loss -6.573 | 113 ms/step (8.83 it/s) | elapsed 6.3 min | ETA this epoch 1.3 min
  step 3400/4061 | loss -5.332 | 113 ms/step (8.81 it/s) | elapsed 6.4 min | ETA this epoch 1.2 min
  step 3450/4061 | loss -6.999 | 113 ms/step (8.86 it/s) | elapsed 6.5 min | ETA this epoch 1.1 min
  step 3500/4061 | loss -8.561 | 113 ms/step (8.83 it/s) | elapsed 6.6 min | ETA this epoch 1.1 min
  step 3550/4061 | loss -7.504 | 106 ms/step (9.40 it/s) | elapsed 6.7 min | ETA this epoch 0.9 min
  step 3600/4061 | loss -7.739 | 98 ms/step (10.19 it/s) | elapsed 6.8 min | ETA this epoch 0.8 min
  step 3650/4061 | loss -8.818 | 96 ms/step (10.37 it/s) | elapsed 6.9 min | ETA this epoch 0.7 min
  step 3700/4061 | loss -9.374 | 100 ms/step (9.99 it/s) | elapsed 6.9 min | ETA this epoch 0.6 min
  step 3750/4061 | loss -7.857 | 114 ms/step (8.78 it/s) | elapsed 7.0 min | ETA this epoch 0.6 min
  step 3800/4061 | loss -6.352 | 113 ms/step (8.82 it/s) | elapsed 7.1 min | ETA this epoch 0.5 min
  step 3850/4061 | loss -7.510 | 114 ms/step (8.79 it/s) | elapsed 7.2 min | ETA this epoch 0.4 min
  step 3900/4061 | loss -7.053 | 113 ms/step (8.82 it/s) | elapsed 7.3 min | ETA this epoch 0.3 min
  step 3950/4061 | loss -5.722 | 114 ms/step (8.78 it/s) | elapsed 7.4 min | ETA this epoch 0.2 min
  step 4000/4061 | loss -6.597 | 114 ms/step (8.78 it/s) | elapsed 7.5 min | ETA this epoch 0.1 min
  step 4050/4061 | loss -6.521 | 114 ms/step (8.81 it/s) | elapsed 7.6 min | ETA this epoch 0.0 min
Epoch 35/50 | Train -7.380 | Val L1 0.0018 | Val SI-SDR 18.26 dB | Time 7.9 min
EarlyStopping counter: 2/7
  step 50/4061 | loss -8.777 | 113 ms/step (8.83 it/s) | elapsed 0.1 min | ETA this epoch 7.6 min
  step 100/4061 | loss -7.302 | 114 ms/step (8.79 it/s) | elapsed 0.2 min | ETA this epoch 7.5 min
  step 150/4061 | loss -7.306 | 114 ms/step (8.78 it/s) | elapsed 0.3 min | ETA this epoch 7.4 min
  step 200/4061 | loss -9.738 | 114 ms/step (8.81 it/s) | elapsed 0.4 min | ETA this epoch 7.3 min
  step 250/4061 | loss -7.168 | 114 ms/step (8.77 it/s) | elapsed 0.5 min | ETA this epoch 7.2 min
  step 300/4061 | loss -7.086 | 114 ms/step (8.79 it/s) | elapsed 0.6 min | ETA this epoch 7.1 min
  step 350/4061 | loss -8.649 | 114 ms/step (8.79 it/s) | elapsed 0.7 min | ETA this epoch 7.0 min
  step 400/4061 | loss -6.339 | 114 ms/step (8.77 it/s) | elapsed 0.8 min | ETA this epoch 7.0 min
  step 450/4061 | loss -6.961 | 112 ms/step (8.89 it/s) | elapsed 0.9 min | ETA this epoch 6.8 min
  step 500/4061 | loss -7.701 | 112 ms/step (8.90 it/s) | elapsed 0.9 min | ETA this epoch 6.7 min
  step 550/4061 | loss -7.314 | 114 ms/step (8.78 it/s) | elapsed 1.0 min | ETA this epoch 6.7 min
  step 600/4061 | loss -7.288 | 114 ms/step (8.80 it/s) | elapsed 1.1 min | ETA this epoch 6.6 min
  step 650/4061 | loss -6.560 | 114 ms/step (8.79 it/s) | elapsed 1.2 min | ETA this epoch 6.5 min
  step 700/4061 | loss -7.033 | 115 ms/step (8.73 it/s) | elapsed 1.3 min | ETA this epoch 6.4 min
  step 750/4061 | loss -7.698 | 113 ms/step (8.89 it/s) | elapsed 1.4 min | ETA this epoch 6.2 min
  step 800/4061 | loss -8.703 | 113 ms/step (8.81 it/s) | elapsed 1.5 min | ETA this epoch 6.2 min
  step 850/4061 | loss -6.637 | 115 ms/step (8.67 it/s) | elapsed 1.6 min | ETA this epoch 6.2 min
  step 900/4061 | loss -7.331 | 113 ms/step (8.82 it/s) | elapsed 1.7 min | ETA this epoch 6.0 min
  step 950/4061 | loss -8.985 | 114 ms/step (8.79 it/s) | elapsed 1.8 min | ETA this epoch 5.9 min
  step 1000/4061 | loss -8.306 | 113 ms/step (8.82 it/s) | elapsed 1.9 min | ETA this epoch 5.8 min
  step 1050/4061 | loss -6.228 | 114 ms/step (8.75 it/s) | elapsed 2.0 min | ETA this epoch 5.7 min
  step 1100/4061 | loss -6.140 | 114 ms/step (8.77 it/s) | elapsed 2.1 min | ETA this epoch 5.6 min
  step 1150/4061 | loss -6.990 | 114 ms/step (8.80 it/s) | elapsed 2.2 min | ETA this epoch 5.5 min
  step 1200/4061 | loss -7.315 | 114 ms/step (8.81 it/s) | elapsed 2.3 min | ETA this epoch 5.4 min
  step 1250/4061 | loss -7.021 | 113 ms/step (8.82 it/s) | elapsed 2.4 min | ETA this epoch 5.3 min
  step 1300/4061 | loss -6.816 | 113 ms/step (8.84 it/s) | elapsed 2.5 min | ETA this epoch 5.2 min
  step 1350/4061 | loss -6.718 | 114 ms/step (8.81 it/s) | elapsed 2.6 min | ETA this epoch 5.1 min
  step 1400/4061 | loss -6.924 | 114 ms/step (8.81 it/s) | elapsed 2.7 min | ETA this epoch 5.0 min
  step 1450/4061 | loss -5.959 | 96 ms/step (10.47 it/s) | elapsed 2.7 min | ETA this epoch 4.2 min
  step 1500/4061 | loss -7.072 | 99 ms/step (10.08 it/s) | elapsed 2.8 min | ETA this epoch 4.2 min
  step 1550/4061 | loss -6.073 | 102 ms/step (9.85 it/s) | elapsed 2.9 min | ETA this epoch 4.2 min
  step 1600/4061 | loss -5.790 | 114 ms/step (8.74 it/s) | elapsed 3.0 min | ETA this epoch 4.7 min
  step 1650/4061 | loss -7.927 | 112 ms/step (8.92 it/s) | elapsed 3.1 min | ETA this epoch 4.5 min
  step 1700/4061 | loss -6.928 | 114 ms/step (8.79 it/s) | elapsed 3.2 min | ETA this epoch 4.5 min
  step 1750/4061 | loss -8.899 | 115 ms/step (8.73 it/s) | elapsed 3.3 min | ETA this epoch 4.4 min
  step 1800/4061 | loss -7.051 | 114 ms/step (8.80 it/s) | elapsed 3.4 min | ETA this epoch 4.3 min
  step 1850/4061 | loss -6.584 | 114 ms/step (8.77 it/s) | elapsed 3.5 min | ETA this epoch 4.2 min
  step 1900/4061 | loss -7.188 | 113 ms/step (8.83 it/s) | elapsed 3.6 min | ETA this epoch 4.1 min
  step 1950/4061 | loss -8.320 | 121 ms/step (8.29 it/s) | elapsed 3.7 min | ETA this epoch 4.2 min
  step 2000/4061 | loss -6.331 | 114 ms/step (8.80 it/s) | elapsed 3.8 min | ETA this epoch 3.9 min
  step 2050/4061 | loss -7.674 | 113 ms/step (8.84 it/s) | elapsed 3.9 min | ETA this epoch 3.8 min
  step 2100/4061 | loss -7.098 | 114 ms/step (8.79 it/s) | elapsed 3.9 min | ETA this epoch 3.7 min
  step 2150/4061 | loss -7.215 | 114 ms/step (8.78 it/s) | elapsed 4.0 min | ETA this epoch 3.6 min
  step 2200/4061 | loss -7.732 | 114 ms/step (8.80 it/s) | elapsed 4.1 min | ETA this epoch 3.5 min
  step 2250/4061 | loss -8.744 | 113 ms/step (8.83 it/s) | elapsed 4.2 min | ETA this epoch 3.4 min
  step 2300/4061 | loss -6.814 | 114 ms/step (8.79 it/s) | elapsed 4.3 min | ETA this epoch 3.3 min
  step 2350/4061 | loss -7.059 | 114 ms/step (8.75 it/s) | elapsed 4.4 min | ETA this epoch 3.3 min
  step 2400/4061 | loss -8.908 | 114 ms/step (8.81 it/s) | elapsed 4.5 min | ETA this epoch 3.1 min
  step 2450/4061 | loss -7.375 | 114 ms/step (8.75 it/s) | elapsed 4.6 min | ETA this epoch 3.1 min
  step 2500/4061 | loss -7.569 | 113 ms/step (8.85 it/s) | elapsed 4.7 min | ETA this epoch 2.9 min
  step 2550/4061 | loss -7.104 | 114 ms/step (8.75 it/s) | elapsed 4.8 min | ETA this epoch 2.9 min
  step 2600/4061 | loss -7.026 | 115 ms/step (8.69 it/s) | elapsed 4.9 min | ETA this epoch 2.8 min
  step 2650/4061 | loss -8.248 | 113 ms/step (8.86 it/s) | elapsed 5.0 min | ETA this epoch 2.7 min
  step 2700/4061 | loss -6.200 | 113 ms/step (8.82 it/s) | elapsed 5.1 min | ETA this epoch 2.6 min
  step 2750/4061 | loss -7.701 | 114 ms/step (8.76 it/s) | elapsed 5.2 min | ETA this epoch 2.5 min
  step 2800/4061 | loss -7.874 | 113 ms/step (8.82 it/s) | elapsed 5.3 min | ETA this epoch 2.4 min
  step 2850/4061 | loss -6.677 | 116 ms/step (8.63 it/s) | elapsed 5.4 min | ETA this epoch 2.3 min
  step 2900/4061 | loss -7.309 | 116 ms/step (8.64 it/s) | elapsed 5.5 min | ETA this epoch 2.2 min
  step 2950/4061 | loss -6.909 | 114 ms/step (8.80 it/s) | elapsed 5.6 min | ETA this epoch 2.1 min
  step 3000/4061 | loss -8.664 | 114 ms/step (8.76 it/s) | elapsed 5.7 min | ETA this epoch 2.0 min
  step 3050/4061 | loss -7.718 | 115 ms/step (8.68 it/s) | elapsed 5.8 min | ETA this epoch 1.9 min
  step 3100/4061 | loss -7.827 | 114 ms/step (8.77 it/s) | elapsed 5.8 min | ETA this epoch 1.8 min
  step 3150/4061 | loss -6.123 | 114 ms/step (8.79 it/s) | elapsed 5.9 min | ETA this epoch 1.7 min
  step 3200/4061 | loss -6.337 | 115 ms/step (8.69 it/s) | elapsed 6.0 min | ETA this epoch 1.7 min
  step 3250/4061 | loss -7.244 | 113 ms/step (8.85 it/s) | elapsed 6.1 min | ETA this epoch 1.5 min
  step 3300/4061 | loss -6.330 | 114 ms/step (8.76 it/s) | elapsed 6.2 min | ETA this epoch 1.4 min
  step 3350/4061 | loss -7.660 | 113 ms/step (8.85 it/s) | elapsed 6.3 min | ETA this epoch 1.3 min
  step 3400/4061 | loss -7.430 | 107 ms/step (9.35 it/s) | elapsed 6.4 min | ETA this epoch 1.2 min
  step 3450/4061 | loss -8.046 | 101 ms/step (9.94 it/s) | elapsed 6.5 min | ETA this epoch 1.0 min
  step 3500/4061 | loss -5.593 | 93 ms/step (10.70 it/s) | elapsed 6.6 min | ETA this epoch 0.9 min
  step 3550/4061 | loss -7.632 | 92 ms/step (10.89 it/s) | elapsed 6.6 min | ETA this epoch 0.8 min
  step 3600/4061 | loss -7.276 | 98 ms/step (10.19 it/s) | elapsed 6.7 min | ETA this epoch 0.8 min
  step 3650/4061 | loss -6.593 | 113 ms/step (8.89 it/s) | elapsed 6.8 min | ETA this epoch 0.8 min
  step 3700/4061 | loss -6.685 | 114 ms/step (8.78 it/s) | elapsed 6.9 min | ETA this epoch 0.7 min
  step 3750/4061 | loss -5.530 | 114 ms/step (8.81 it/s) | elapsed 7.0 min | ETA this epoch 0.6 min
  step 3800/4061 | loss -7.966 | 114 ms/step (8.79 it/s) | elapsed 7.1 min | ETA this epoch 0.5 min
  step 3850/4061 | loss -7.654 | 115 ms/step (8.67 it/s) | elapsed 7.2 min | ETA this epoch 0.4 min
  step 3900/4061 | loss -7.779 | 113 ms/step (8.81 it/s) | elapsed 7.3 min | ETA this epoch 0.3 min
  step 3950/4061 | loss -7.261 | 114 ms/step (8.77 it/s) | elapsed 7.4 min | ETA this epoch 0.2 min
  step 4000/4061 | loss -6.401 | 113 ms/step (8.86 it/s) | elapsed 7.5 min | ETA this epoch 0.1 min
  step 4050/4061 | loss -6.297 | 114 ms/step (8.80 it/s) | elapsed 7.6 min | ETA this epoch 0.0 min
Epoch 36/50 | Train -7.406 | Val L1 0.0018 | Val SI-SDR 18.32 dB | Time 7.9 min
Saved best model (SI-SDR 18.32 dB) -> /home/bubai-maji/speech_enhancement/script/propose_ablation1/checkpoint_propose_ab1/best_NGDM_SE.pt
  step 50/4061 | loss -8.571 | 114 ms/step (8.79 it/s) | elapsed 0.1 min | ETA this epoch 7.6 min
  step 100/4061 | loss -8.608 | 114 ms/step (8.74 it/s) | elapsed 0.2 min | ETA this epoch 7.6 min
  step 150/4061 | loss -7.792 | 113 ms/step (8.82 it/s) | elapsed 0.3 min | ETA this epoch 7.4 min
  step 200/4061 | loss -7.901 | 113 ms/step (8.83 it/s) | elapsed 0.4 min | ETA this epoch 7.3 min
  step 250/4061 | loss -8.549 | 114 ms/step (8.81 it/s) | elapsed 0.5 min | ETA this epoch 7.2 min
  step 300/4061 | loss -7.663 | 114 ms/step (8.78 it/s) | elapsed 0.6 min | ETA this epoch 7.1 min
  step 350/4061 | loss -6.411 | 114 ms/step (8.78 it/s) | elapsed 0.7 min | ETA this epoch 7.0 min
  step 400/4061 | loss -7.906 | 113 ms/step (8.83 it/s) | elapsed 0.8 min | ETA this epoch 6.9 min
  step 450/4061 | loss -9.276 | 113 ms/step (8.87 it/s) | elapsed 0.9 min | ETA this epoch 6.8 min
  step 500/4061 | loss -6.563 | 114 ms/step (8.79 it/s) | elapsed 0.9 min | ETA this epoch 6.7 min
  step 550/4061 | loss -6.648 | 115 ms/step (8.71 it/s) | elapsed 1.0 min | ETA this epoch 6.7 min
  step 600/4061 | loss -7.123 | 113 ms/step (8.84 it/s) | elapsed 1.1 min | ETA this epoch 6.5 min
  step 650/4061 | loss -8.411 | 113 ms/step (8.87 it/s) | elapsed 1.2 min | ETA this epoch 6.4 min
  step 700/4061 | loss -9.044 | 114 ms/step (8.75 it/s) | elapsed 1.3 min | ETA this epoch 6.4 min
  step 750/4061 | loss -6.744 | 114 ms/step (8.77 it/s) | elapsed 1.4 min | ETA this epoch 6.3 min
  step 800/4061 | loss -7.504 | 117 ms/step (8.54 it/s) | elapsed 1.5 min | ETA this epoch 6.4 min
  step 850/4061 | loss -7.743 | 112 ms/step (8.93 it/s) | elapsed 1.6 min | ETA this epoch 6.0 min
  step 900/4061 | loss -7.761 | 114 ms/step (8.80 it/s) | elapsed 1.7 min | ETA this epoch 6.0 min
  step 950/4061 | loss -5.802 | 113 ms/step (8.81 it/s) | elapsed 1.8 min | ETA this epoch 5.9 min
  step 1000/4061 | loss -6.552 | 114 ms/step (8.75 it/s) | elapsed 1.9 min | ETA this epoch 5.8 min
  step 1050/4061 | loss -7.964 | 115 ms/step (8.66 it/s) | elapsed 2.0 min | ETA this epoch 5.8 min
  step 1100/4061 | loss -7.645 | 115 ms/step (8.68 it/s) | elapsed 2.1 min | ETA this epoch 5.7 min
  step 1150/4061 | loss -8.781 | 114 ms/step (8.75 it/s) | elapsed 2.2 min | ETA this epoch 5.5 min
  step 1200/4061 | loss -7.827 | 116 ms/step (8.65 it/s) | elapsed 2.3 min | ETA this epoch 5.5 min
  step 1250/4061 | loss -6.564 | 113 ms/step (8.81 it/s) | elapsed 2.4 min | ETA this epoch 5.3 min
  step 1300/4061 | loss -8.379 | 113 ms/step (8.87 it/s) | elapsed 2.5 min | ETA this epoch 5.2 min
  step 1350/4061 | loss -7.973 | 96 ms/step (10.43 it/s) | elapsed 2.5 min | ETA this epoch 4.3 min
  step 1400/4061 | loss -7.869 | 98 ms/step (10.24 it/s) | elapsed 2.6 min | ETA this epoch 4.3 min
  step 1450/4061 | loss -5.931 | 97 ms/step (10.30 it/s) | elapsed 2.7 min | ETA this epoch 4.2 min
  step 1500/4061 | loss -7.770 | 104 ms/step (9.61 it/s) | elapsed 2.8 min | ETA this epoch 4.4 min
  step 1550/4061 | loss -8.601 | 113 ms/step (8.84 it/s) | elapsed 2.9 min | ETA this epoch 4.7 min
  step 1600/4061 | loss -6.699 | 113 ms/step (8.83 it/s) | elapsed 3.0 min | ETA this epoch 4.6 min
  step 1650/4061 | loss -9.083 | 113 ms/step (8.85 it/s) | elapsed 3.1 min | ETA this epoch 4.5 min
  step 1700/4061 | loss -7.998 | 113 ms/step (8.85 it/s) | elapsed 3.2 min | ETA this epoch 4.4 min
  step 1750/4061 | loss -6.152 | 114 ms/step (8.78 it/s) | elapsed 3.3 min | ETA this epoch 4.4 min
  step 1800/4061 | loss -5.845 | 113 ms/step (8.84 it/s) | elapsed 3.4 min | ETA this epoch 4.3 min
  step 1850/4061 | loss -7.262 | 114 ms/step (8.77 it/s) | elapsed 3.5 min | ETA this epoch 4.2 min
  step 1900/4061 | loss -8.931 | 114 ms/step (8.76 it/s) | elapsed 3.6 min | ETA this epoch 4.1 min
  step 1950/4061 | loss -7.508 | 116 ms/step (8.59 it/s) | elapsed 3.7 min | ETA this epoch 4.1 min
  step 2000/4061 | loss -6.981 | 113 ms/step (8.86 it/s) | elapsed 3.7 min | ETA this epoch 3.9 min
  step 2050/4061 | loss -9.504 | 115 ms/step (8.71 it/s) | elapsed 3.8 min | ETA this epoch 3.8 min
  step 2100/4061 | loss -7.719 | 113 ms/step (8.82 it/s) | elapsed 3.9 min | ETA this epoch 3.7 min
  step 2150/4061 | loss -5.385 | 113 ms/step (8.83 it/s) | elapsed 4.0 min | ETA this epoch 3.6 min
  step 2200/4061 | loss -7.723 | 114 ms/step (8.77 it/s) | elapsed 4.1 min | ETA this epoch 3.5 min
  step 2250/4061 | loss -7.243 | 113 ms/step (8.83 it/s) | elapsed 4.2 min | ETA this epoch 3.4 min
  step 2300/4061 | loss -8.547 | 115 ms/step (8.69 it/s) | elapsed 4.3 min | ETA this epoch 3.4 min
  step 2350/4061 | loss -7.220 | 113 ms/step (8.87 it/s) | elapsed 4.4 min | ETA this epoch 3.2 min
  step 2400/4061 | loss -8.389 | 114 ms/step (8.75 it/s) | elapsed 4.5 min | ETA this epoch 3.2 min
  step 2450/4061 | loss -5.740 | 112 ms/step (8.90 it/s) | elapsed 4.6 min | ETA this epoch 3.0 min
  step 2500/4061 | loss -5.440 | 112 ms/step (8.91 it/s) | elapsed 4.7 min | ETA this epoch 2.9 min
  step 2550/4061 | loss -6.838 | 113 ms/step (8.86 it/s) | elapsed 4.8 min | ETA this epoch 2.8 min
  step 2600/4061 | loss -9.147 | 113 ms/step (8.82 it/s) | elapsed 4.9 min | ETA this epoch 2.8 min
  step 2650/4061 | loss -6.559 | 112 ms/step (8.94 it/s) | elapsed 5.0 min | ETA this epoch 2.6 min
  step 2700/4061 | loss -8.445 | 113 ms/step (8.86 it/s) | elapsed 5.1 min | ETA this epoch 2.6 min
  step 2750/4061 | loss -6.896 | 113 ms/step (8.88 it/s) | elapsed 5.2 min | ETA this epoch 2.5 min
  step 2800/4061 | loss -7.678 | 114 ms/step (8.80 it/s) | elapsed 5.3 min | ETA this epoch 2.4 min
  step 2850/4061 | loss -7.915 | 113 ms/step (8.84 it/s) | elapsed 5.3 min | ETA this epoch 2.3 min
  step 2900/4061 | loss -7.912 | 114 ms/step (8.75 it/s) | elapsed 5.4 min | ETA this epoch 2.2 min
  step 2950/4061 | loss -8.903 | 115 ms/step (8.73 it/s) | elapsed 5.5 min | ETA this epoch 2.1 min
  step 3000/4061 | loss -6.202 | 112 ms/step (8.95 it/s) | elapsed 5.6 min | ETA this epoch 2.0 min
  step 3050/4061 | loss -8.022 | 113 ms/step (8.81 it/s) | elapsed 5.7 min | ETA this epoch 1.9 min
  step 3100/4061 | loss -8.119 | 114 ms/step (8.78 it/s) | elapsed 5.8 min | ETA this epoch 1.8 min
  step 3150/4061 | loss -7.754 | 113 ms/step (8.81 it/s) | elapsed 5.9 min | ETA this epoch 1.7 min
  step 3200/4061 | loss -7.944 | 113 ms/step (8.81 it/s) | elapsed 6.0 min | ETA this epoch 1.6 min
  step 3250/4061 | loss -7.060 | 105 ms/step (9.56 it/s) | elapsed 6.1 min | ETA this epoch 1.4 min
  step 3300/4061 | loss -9.102 | 97 ms/step (10.29 it/s) | elapsed 6.2 min | ETA this epoch 1.2 min
  step 3350/4061 | loss -6.704 | 96 ms/step (10.44 it/s) | elapsed 6.3 min | ETA this epoch 1.1 min
  step 3400/4061 | loss -5.381 | 100 ms/step (9.96 it/s) | elapsed 6.3 min | ETA this epoch 1.1 min
  step 3450/4061 | loss -7.032 | 114 ms/step (8.79 it/s) | elapsed 6.4 min | ETA this epoch 1.2 min
  step 3500/4061 | loss -8.117 | 114 ms/step (8.77 it/s) | elapsed 6.5 min | ETA this epoch 1.1 min
  step 3550/4061 | loss -6.844 | 113 ms/step (8.85 it/s) | elapsed 6.6 min | ETA this epoch 1.0 min
  step 3600/4061 | loss -7.626 | 113 ms/step (8.82 it/s) | elapsed 6.7 min | ETA this epoch 0.9 min
  step 3650/4061 | loss -6.407 | 115 ms/step (8.68 it/s) | elapsed 6.8 min | ETA this epoch 0.8 min
  step 3700/4061 | loss -7.198 | 117 ms/step (8.58 it/s) | elapsed 6.9 min | ETA this epoch 0.7 min
  step 3750/4061 | loss -6.149 | 117 ms/step (8.58 it/s) | elapsed 7.0 min | ETA this epoch 0.6 min
  step 3800/4061 | loss -6.048 | 113 ms/step (8.81 it/s) | elapsed 7.1 min | ETA this epoch 0.5 min
  step 3850/4061 | loss -6.835 | 112 ms/step (8.93 it/s) | elapsed 7.2 min | ETA this epoch 0.4 min
  step 3900/4061 | loss -8.174 | 113 ms/step (8.85 it/s) | elapsed 7.3 min | ETA this epoch 0.3 min
  step 3950/4061 | loss -8.284 | 113 ms/step (8.83 it/s) | elapsed 7.4 min | ETA this epoch 0.2 min
  step 4000/4061 | loss -7.130 | 113 ms/step (8.84 it/s) | elapsed 7.5 min | ETA this epoch 0.1 min
  step 4050/4061 | loss -6.325 | 113 ms/step (8.85 it/s) | elapsed 7.6 min | ETA this epoch 0.0 min
Epoch 37/50 | Train -7.401 | Val L1 0.0020 | Val SI-SDR 18.05 dB | Time 7.8 min
EarlyStopping counter: 1/7
  step 50/4061 | loss -6.660 | 113 ms/step (8.85 it/s) | elapsed 0.1 min | ETA this epoch 7.6 min
  step 100/4061 | loss -7.258 | 115 ms/step (8.73 it/s) | elapsed 0.2 min | ETA this epoch 7.6 min
  step 150/4061 | loss -6.626 | 113 ms/step (8.86 it/s) | elapsed 0.3 min | ETA this epoch 7.4 min
  step 200/4061 | loss -7.633 | 114 ms/step (8.81 it/s) | elapsed 0.4 min | ETA this epoch 7.3 min
  step 250/4061 | loss -6.632 | 114 ms/step (8.75 it/s) | elapsed 0.5 min | ETA this epoch 7.3 min
  step 300/4061 | loss -8.044 | 114 ms/step (8.76 it/s) | elapsed 0.6 min | ETA this epoch 7.2 min
  step 350/4061 | loss -7.526 | 113 ms/step (8.82 it/s) | elapsed 0.7 min | ETA this epoch 7.0 min
  step 400/4061 | loss -7.056 | 114 ms/step (8.76 it/s) | elapsed 0.8 min | ETA this epoch 7.0 min
  step 450/4061 | loss -7.554 | 113 ms/step (8.83 it/s) | elapsed 0.9 min | ETA this epoch 6.8 min
  step 500/4061 | loss -7.370 | 114 ms/step (8.79 it/s) | elapsed 0.9 min | ETA this epoch 6.8 min
  step 550/4061 | loss -7.234 | 113 ms/step (8.82 it/s) | elapsed 1.0 min | ETA this epoch 6.6 min
  step 600/4061 | loss -8.369 | 113 ms/step (8.86 it/s) | elapsed 1.1 min | ETA this epoch 6.5 min
  step 650/4061 | loss -7.885 | 114 ms/step (8.81 it/s) | elapsed 1.2 min | ETA this epoch 6.5 min
  step 700/4061 | loss -7.569 | 114 ms/step (8.80 it/s) | elapsed 1.3 min | ETA this epoch 6.4 min
  step 750/4061 | loss -7.682 | 114 ms/step (8.78 it/s) | elapsed 1.4 min | ETA this epoch 6.3 min
  step 800/4061 | loss -5.692 | 113 ms/step (8.84 it/s) | elapsed 1.5 min | ETA this epoch 6.2 min
  step 850/4061 | loss -6.911 | 113 ms/step (8.81 it/s) | elapsed 1.6 min | ETA this epoch 6.1 min
  step 900/4061 | loss -6.934 | 113 ms/step (8.84 it/s) | elapsed 1.7 min | ETA this epoch 6.0 min
  step 950/4061 | loss -8.393 | 114 ms/step (8.79 it/s) | elapsed 1.8 min | ETA this epoch 5.9 min
  step 1000/4061 | loss -8.833 | 114 ms/step (8.79 it/s) | elapsed 1.9 min | ETA this epoch 5.8 min
  step 1050/4061 | loss -7.675 | 113 ms/step (8.87 it/s) | elapsed 2.0 min | ETA this epoch 5.7 min
  step 1100/4061 | loss -7.631 | 113 ms/step (8.83 it/s) | elapsed 2.1 min | ETA this epoch 5.6 min
  step 1150/4061 | loss -5.746 | 114 ms/step (8.80 it/s) | elapsed 2.2 min | ETA this epoch 5.5 min
  step 1200/4061 | loss -8.094 | 114 ms/step (8.78 it/s) | elapsed 2.3 min | ETA this epoch 5.4 min
  step 1250/4061 | loss -7.465 | 114 ms/step (8.77 it/s) | elapsed 2.4 min | ETA this epoch 5.3 min
  step 1300/4061 | loss -5.705 | 113 ms/step (8.84 it/s) | elapsed 2.5 min | ETA this epoch 5.2 min
  step 1350/4061 | loss -6.779 | 108 ms/step (9.25 it/s) | elapsed 2.6 min | ETA this epoch 4.9 min
  step 1400/4061 | loss -7.338 | 98 ms/step (10.25 it/s) | elapsed 2.6 min | ETA this epoch 4.3 min
  step 1450/4061 | loss -7.636 | 101 ms/step (9.88 it/s) | elapsed 2.7 min | ETA this epoch 4.4 min
  step 1500/4061 | loss -6.827 | 112 ms/step (8.93 it/s) | elapsed 2.8 min | ETA this epoch 4.8 min
  step 1550/4061 | loss -7.401 | 113 ms/step (8.81 it/s) | elapsed 2.9 min | ETA this epoch 4.7 min
  step 1600/4061 | loss -8.546 | 113 ms/step (8.84 it/s) | elapsed 3.0 min | ETA this epoch 4.6 min
  step 1650/4061 | loss -4.802 | 114 ms/step (8.76 it/s) | elapsed 3.1 min | ETA this epoch 4.6 min
  step 1700/4061 | loss -7.583 | 114 ms/step (8.81 it/s) | elapsed 3.2 min | ETA this epoch 4.5 min
  step 1750/4061 | loss -6.637 | 113 ms/step (8.87 it/s) | elapsed 3.3 min | ETA this epoch 4.3 min
  step 1800/4061 | loss -6.345 | 114 ms/step (8.81 it/s) | elapsed 3.4 min | ETA this epoch 4.3 min
  step 1850/4061 | loss -7.443 | 114 ms/step (8.80 it/s) | elapsed 3.5 min | ETA this epoch 4.2 min
  step 1900/4061 | loss -6.646 | 113 ms/step (8.81 it/s) | elapsed 3.6 min | ETA this epoch 4.1 min
  step 1950/4061 | loss -7.504 | 113 ms/step (8.84 it/s) | elapsed 3.7 min | ETA this epoch 4.0 min
  step 2000/4061 | loss -7.253 | 114 ms/step (8.81 it/s) | elapsed 3.8 min | ETA this epoch 3.9 min
  step 2050/4061 | loss -7.821 | 114 ms/step (8.78 it/s) | elapsed 3.8 min | ETA this epoch 3.8 min
  step 2100/4061 | loss -6.865 | 114 ms/step (8.80 it/s) | elapsed 3.9 min | ETA this epoch 3.7 min
  step 2150/4061 | loss -8.427 | 113 ms/step (8.82 it/s) | elapsed 4.0 min | ETA this epoch 3.6 min
  step 2200/4061 | loss -6.432 | 114 ms/step (8.76 it/s) | elapsed 4.1 min | ETA this epoch 3.5 min
  step 2250/4061 | loss -6.912 | 115 ms/step (8.69 it/s) | elapsed 4.2 min | ETA this epoch 3.5 min
  step 2300/4061 | loss -8.151 | 114 ms/step (8.78 it/s) | elapsed 4.3 min | ETA this epoch 3.3 min
  step 2350/4061 | loss -6.111 | 114 ms/step (8.78 it/s) | elapsed 4.4 min | ETA this epoch 3.2 min
  step 2400/4061 | loss -6.904 | 114 ms/step (8.77 it/s) | elapsed 4.5 min | ETA this epoch 3.2 min
  step 2450/4061 | loss -7.653 | 113 ms/step (8.86 it/s) | elapsed 4.6 min | ETA this epoch 3.0 min
  step 2500/4061 | loss -7.186 | 114 ms/step (8.77 it/s) | elapsed 4.7 min | ETA this epoch 3.0 min
  step 2550/4061 | loss -8.147 | 114 ms/step (8.79 it/s) | elapsed 4.8 min | ETA this epoch 2.9 min
  step 2600/4061 | loss -7.761 | 113 ms/step (8.86 it/s) | elapsed 4.9 min | ETA this epoch 2.7 min
  step 2650/4061 | loss -6.876 | 114 ms/step (8.80 it/s) | elapsed 5.0 min | ETA this epoch 2.7 min
  step 2700/4061 | loss -5.727 | 114 ms/step (8.78 it/s) | elapsed 5.1 min | ETA this epoch 2.6 min
  step 2750/4061 | loss -6.882 | 113 ms/step (8.81 it/s) | elapsed 5.2 min | ETA this epoch 2.5 min
  step 2800/4061 | loss -7.520 | 113 ms/step (8.84 it/s) | elapsed 5.3 min | ETA this epoch 2.4 min
  step 2850/4061 | loss -7.369 | 114 ms/step (8.79 it/s) | elapsed 5.4 min | ETA this epoch 2.3 min
  step 2900/4061 | loss -6.524 | 114 ms/step (8.77 it/s) | elapsed 5.5 min | ETA this epoch 2.2 min
  step 2950/4061 | loss -7.786 | 113 ms/step (8.84 it/s) | elapsed 5.6 min | ETA this epoch 2.1 min
  step 3000/4061 | loss -8.202 | 113 ms/step (8.83 it/s) | elapsed 5.6 min | ETA this epoch 2.0 min
  step 3050/4061 | loss -7.004 | 114 ms/step (8.79 it/s) | elapsed 5.7 min | ETA this epoch 1.9 min
  step 3100/4061 | loss -7.832 | 106 ms/step (9.45 it/s) | elapsed 5.8 min | ETA this epoch 1.7 min
  step 3150/4061 | loss -8.306 | 96 ms/step (10.42 it/s) | elapsed 5.9 min | ETA this epoch 1.5 min
  step 3200/4061 | loss -7.582 | 101 ms/step (9.87 it/s) | elapsed 6.0 min | ETA this epoch 1.5 min
  step 3250/4061 | loss -7.737 | 109 ms/step (9.21 it/s) | elapsed 6.1 min | ETA this epoch 1.5 min
  step 3300/4061 | loss -8.460 | 114 ms/step (8.79 it/s) | elapsed 6.2 min | ETA this epoch 1.4 min
  step 3350/4061 | loss -7.781 | 114 ms/step (8.77 it/s) | elapsed 6.3 min | ETA this epoch 1.4 min
  step 3400/4061 | loss -7.867 | 114 ms/step (8.77 it/s) | elapsed 6.4 min | ETA this epoch 1.3 min
  step 3450/4061 | loss -5.854 | 113 ms/step (8.85 it/s) | elapsed 6.5 min | ETA this epoch 1.2 min
  step 3500/4061 | loss -7.243 | 114 ms/step (8.80 it/s) | elapsed 6.6 min | ETA this epoch 1.1 min
  step 3550/4061 | loss -7.058 | 114 ms/step (8.78 it/s) | elapsed 6.7 min | ETA this epoch 1.0 min
  step 3600/4061 | loss -7.389 | 113 ms/step (8.83 it/s) | elapsed 6.8 min | ETA this epoch 0.9 min
  step 3650/4061 | loss -7.817 | 113 ms/step (8.83 it/s) | elapsed 6.8 min | ETA this epoch 0.8 min
  step 3700/4061 | loss -8.307 | 114 ms/step (8.79 it/s) | elapsed 6.9 min | ETA this epoch 0.7 min
  step 3750/4061 | loss -7.611 | 113 ms/step (8.84 it/s) | elapsed 7.0 min | ETA this epoch 0.6 min
  step 3800/4061 | loss -6.510 | 113 ms/step (8.82 it/s) | elapsed 7.1 min | ETA this epoch 0.5 min
  step 3850/4061 | loss -8.575 | 113 ms/step (8.81 it/s) | elapsed 7.2 min | ETA this epoch 0.4 min
  step 3900/4061 | loss -7.948 | 113 ms/step (8.82 it/s) | elapsed 7.3 min | ETA this epoch 0.3 min
  step 3950/4061 | loss -10.349 | 114 ms/step (8.80 it/s) | elapsed 7.4 min | ETA this epoch 0.2 min
  step 4000/4061 | loss -7.666 | 114 ms/step (8.75 it/s) | elapsed 7.5 min | ETA this epoch 0.1 min
  step 4050/4061 | loss -7.598 | 114 ms/step (8.79 it/s) | elapsed 7.6 min | ETA this epoch 0.0 min
Epoch 38/50 | Train -7.412 | Val L1 0.0018 | Val SI-SDR 18.39 dB | Time 7.9 min
Saved best model (SI-SDR 18.39 dB) -> /home/bubai-maji/speech_enhancement/script/propose_ablation1/checkpoint_propose_ab1/best_NGDM_SE.pt
  step 50/4061 | loss -9.096 | 114 ms/step (8.75 it/s) | elapsed 0.1 min | ETA this epoch 7.6 min
  step 100/4061 | loss -7.436 | 114 ms/step (8.75 it/s) | elapsed 0.2 min | ETA this epoch 7.5 min
  step 150/4061 | loss -7.778 | 113 ms/step (8.84 it/s) | elapsed 0.3 min | ETA this epoch 7.4 min
  step 200/4061 | loss -7.091 | 114 ms/step (8.79 it/s) | elapsed 0.4 min | ETA this epoch 7.3 min
  step 250/4061 | loss -6.418 | 114 ms/step (8.81 it/s) | elapsed 0.5 min | ETA this epoch 7.2 min
  step 300/4061 | loss -7.237 | 114 ms/step (8.76 it/s) | elapsed 0.6 min | ETA this epoch 7.2 min
  step 350/4061 | loss -6.520 | 113 ms/step (8.82 it/s) | elapsed 0.7 min | ETA this epoch 7.0 min
  step 400/4061 | loss -8.230 | 113 ms/step (8.82 it/s) | elapsed 0.8 min | ETA this epoch 6.9 min
  step 450/4061 | loss -6.686 | 113 ms/step (8.81 it/s) | elapsed 0.9 min | ETA this epoch 6.8 min
  step 500/4061 | loss -7.497 | 113 ms/step (8.82 it/s) | elapsed 0.9 min | ETA this epoch 6.7 min
  step 550/4061 | loss -7.098 | 114 ms/step (8.77 it/s) | elapsed 1.0 min | ETA this epoch 6.7 min
  step 600/4061 | loss -5.486 | 113 ms/step (8.84 it/s) | elapsed 1.1 min | ETA this epoch 6.5 min
  step 650/4061 | loss -6.501 | 113 ms/step (8.83 it/s) | elapsed 1.2 min | ETA this epoch 6.4 min
  step 700/4061 | loss -6.438 | 114 ms/step (8.79 it/s) | elapsed 1.3 min | ETA this epoch 6.4 min
  step 750/4061 | loss -6.985 | 113 ms/step (8.81 it/s) | elapsed 1.4 min | ETA this epoch 6.3 min
  step 800/4061 | loss -8.996 | 114 ms/step (8.79 it/s) | elapsed 1.5 min | ETA this epoch 6.2 min
  step 850/4061 | loss -7.696 | 113 ms/step (8.81 it/s) | elapsed 1.6 min | ETA this epoch 6.1 min
  step 900/4061 | loss -7.237 | 114 ms/step (8.81 it/s) | elapsed 1.7 min | ETA this epoch 6.0 min
  step 950/4061 | loss -8.405 | 114 ms/step (8.81 it/s) | elapsed 1.8 min | ETA this epoch 5.9 min
  step 1000/4061 | loss -7.308 | 113 ms/step (8.82 it/s) | elapsed 1.9 min | ETA this epoch 5.8 min
  step 1050/4061 | loss -8.457 | 113 ms/step (8.83 it/s) | elapsed 2.0 min | ETA this epoch 5.7 min
  step 1100/4061 | loss -7.104 | 113 ms/step (8.82 it/s) | elapsed 2.1 min | ETA this epoch 5.6 min
  step 1150/4061 | loss -7.947 | 114 ms/step (8.79 it/s) | elapsed 2.2 min | ETA this epoch 5.5 min
  step 1200/4061 | loss -5.766 | 114 ms/step (8.78 it/s) | elapsed 2.3 min | ETA this epoch 5.4 min
  step 1250/4061 | loss -7.806 | 113 ms/step (8.86 it/s) | elapsed 2.4 min | ETA this epoch 5.3 min
  step 1300/4061 | loss -7.744 | 114 ms/step (8.80 it/s) | elapsed 2.5 min | ETA this epoch 5.2 min
  step 1350/4061 | loss -7.340 | 103 ms/step (9.71 it/s) | elapsed 2.5 min | ETA this epoch 4.7 min
  step 1400/4061 | loss -7.376 | 98 ms/step (10.17 it/s) | elapsed 2.6 min | ETA this epoch 4.4 min
  step 1450/4061 | loss -8.216 | 98 ms/step (10.19 it/s) | elapsed 2.7 min | ETA this epoch 4.3 min
  step 1500/4061 | loss -7.211 | 110 ms/step (9.13 it/s) | elapsed 2.8 min | ETA this epoch 4.7 min
  step 1550/4061 | loss -5.917 | 114 ms/step (8.79 it/s) | elapsed 2.9 min | ETA this epoch 4.8 min
  step 1600/4061 | loss -7.630 | 115 ms/step (8.70 it/s) | elapsed 3.0 min | ETA this epoch 4.7 min
  step 1650/4061 | loss -8.285 | 113 ms/step (8.81 it/s) | elapsed 3.1 min | ETA this epoch 4.6 min
  step 1700/4061 | loss -8.268 | 114 ms/step (8.79 it/s) | elapsed 3.2 min | ETA this epoch 4.5 min
  step 1750/4061 | loss -7.515 | 113 ms/step (8.82 it/s) | elapsed 3.3 min | ETA this epoch 4.4 min
  step 1800/4061 | loss -7.595 | 114 ms/step (8.78 it/s) | elapsed 3.4 min | ETA this epoch 4.3 min
  step 1850/4061 | loss -8.637 | 112 ms/step (8.90 it/s) | elapsed 3.5 min | ETA this epoch 4.1 min
  step 1900/4061 | loss -5.823 | 112 ms/step (8.90 it/s) | elapsed 3.6 min | ETA this epoch 4.0 min
  step 1950/4061 | loss -8.277 | 114 ms/step (8.79 it/s) | elapsed 3.7 min | ETA this epoch 4.0 min
  step 2000/4061 | loss -6.952 | 115 ms/step (8.68 it/s) | elapsed 3.7 min | ETA this epoch 4.0 min
  step 2050/4061 | loss -7.984 | 113 ms/step (8.83 it/s) | elapsed 3.8 min | ETA this epoch 3.8 min
  step 2100/4061 | loss -6.190 | 113 ms/step (8.82 it/s) | elapsed 3.9 min | ETA this epoch 3.7 min
  step 2150/4061 | loss -7.655 | 112 ms/step (8.95 it/s) | elapsed 4.0 min | ETA this epoch 3.6 min
  step 2200/4061 | loss -8.672 | 113 ms/step (8.83 it/s) | elapsed 4.1 min | ETA this epoch 3.5 min
  step 2250/4061 | loss -7.530 | 114 ms/step (8.79 it/s) | elapsed 4.2 min | ETA this epoch 3.4 min
  step 2300/4061 | loss -6.433 | 113 ms/step (8.85 it/s) | elapsed 4.3 min | ETA this epoch 3.3 min
  step 2350/4061 | loss -7.227 | 114 ms/step (8.79 it/s) | elapsed 4.4 min | ETA this epoch 3.2 min
  step 2400/4061 | loss -7.272 | 115 ms/step (8.72 it/s) | elapsed 4.5 min | ETA this epoch 3.2 min
  step 2450/4061 | loss -7.866 | 114 ms/step (8.79 it/s) | elapsed 4.6 min | ETA this epoch 3.1 min
  step 2500/4061 | loss -9.023 | 113 ms/step (8.83 it/s) | elapsed 4.7 min | ETA this epoch 2.9 min
  step 2550/4061 | loss -7.987 | 114 ms/step (8.80 it/s) | elapsed 4.8 min | ETA this epoch 2.9 min
  step 2600/4061 | loss -8.092 | 114 ms/step (8.80 it/s) | elapsed 4.9 min | ETA this epoch 2.8 min
  step 2650/4061 | loss -8.975 | 114 ms/step (8.78 it/s) | elapsed 5.0 min | ETA this epoch 2.7 min
  step 2700/4061 | loss -8.636 | 113 ms/step (8.82 it/s) | elapsed 5.1 min | ETA this epoch 2.6 min
  step 2750/4061 | loss -7.729 | 113 ms/step (8.83 it/s) | elapsed 5.2 min | ETA this epoch 2.5 min
  step 2800/4061 | loss -6.813 | 114 ms/step (8.81 it/s) | elapsed 5.3 min | ETA this epoch 2.4 min
  step 2850/4061 | loss -9.019 | 114 ms/step (8.79 it/s) | elapsed 5.4 min | ETA this epoch 2.3 min
  step 2900/4061 | loss -9.046 | 113 ms/step (8.85 it/s) | elapsed 5.5 min | ETA this epoch 2.2 min
  step 2950/4061 | loss -6.478 | 109 ms/step (9.18 it/s) | elapsed 5.5 min | ETA this epoch 2.0 min
  step 3000/4061 | loss -7.515 | 101 ms/step (9.86 it/s) | elapsed 5.6 min | ETA this epoch 1.8 min
  step 3050/4061 | loss -6.530 | 102 ms/step (9.81 it/s) | elapsed 5.7 min | ETA this epoch 1.7 min
  step 3100/4061 | loss -7.303 | 100 ms/step (9.99 it/s) | elapsed 5.8 min | ETA this epoch 1.6 min
  step 3150/4061 | loss -7.458 | 115 ms/step (8.73 it/s) | elapsed 5.9 min | ETA this epoch 1.7 min
  step 3200/4061 | loss -8.005 | 114 ms/step (8.80 it/s) | elapsed 6.0 min | ETA this epoch 1.6 min
  step 3250/4061 | loss -9.035 | 113 ms/step (8.84 it/s) | elapsed 6.1 min | ETA this epoch 1.5 min
  step 3300/4061 | loss -7.915 | 114 ms/step (8.78 it/s) | elapsed 6.2 min | ETA this epoch 1.4 min
  step 3350/4061 | loss -8.335 | 114 ms/step (8.81 it/s) | elapsed 6.3 min | ETA this epoch 1.3 min
  step 3400/4061 | loss -5.803 | 114 ms/step (8.80 it/s) | elapsed 6.4 min | ETA this epoch 1.3 min
  step 3450/4061 | loss -8.461 | 116 ms/step (8.62 it/s) | elapsed 6.5 min | ETA this epoch 1.2 min
  step 3500/4061 | loss -7.773 | 114 ms/step (8.79 it/s) | elapsed 6.6 min | ETA this epoch 1.1 min
  step 3550/4061 | loss -7.153 | 114 ms/step (8.78 it/s) | elapsed 6.6 min | ETA this epoch 1.0 min
  step 3600/4061 | loss -6.024 | 113 ms/step (8.86 it/s) | elapsed 6.7 min | ETA this epoch 0.9 min
  step 3650/4061 | loss -7.919 | 114 ms/step (8.80 it/s) | elapsed 6.8 min | ETA this epoch 0.8 min
  step 3700/4061 | loss -8.712 | 114 ms/step (8.81 it/s) | elapsed 6.9 min | ETA this epoch 0.7 min
  step 3750/4061 | loss -7.717 | 114 ms/step (8.80 it/s) | elapsed 7.0 min | ETA this epoch 0.6 min
  step 3800/4061 | loss -6.808 | 114 ms/step (8.80 it/s) | elapsed 7.1 min | ETA this epoch 0.5 min
  step 3850/4061 | loss -7.989 | 113 ms/step (8.88 it/s) | elapsed 7.2 min | ETA this epoch 0.4 min
  step 3900/4061 | loss -6.814 | 114 ms/step (8.78 it/s) | elapsed 7.3 min | ETA this epoch 0.3 min
  step 3950/4061 | loss -6.138 | 113 ms/step (8.83 it/s) | elapsed 7.4 min | ETA this epoch 0.2 min
  step 4000/4061 | loss -8.035 | 113 ms/step (8.83 it/s) | elapsed 7.5 min | ETA this epoch 0.1 min
  step 4050/4061 | loss -6.994 | 114 ms/step (8.76 it/s) | elapsed 7.6 min | ETA this epoch 0.0 min
Epoch 39/50 | Train -7.432 | Val L1 0.0019 | Val SI-SDR 18.23 dB | Time 7.9 min
EarlyStopping counter: 1/7
  step 50/4061 | loss -7.706 | 114 ms/step (8.78 it/s) | elapsed 0.1 min | ETA this epoch 7.6 min
  step 100/4061 | loss -7.590 | 114 ms/step (8.80 it/s) | elapsed 0.2 min | ETA this epoch 7.5 min
  step 150/4061 | loss -7.853 | 114 ms/step (8.80 it/s) | elapsed 0.3 min | ETA this epoch 7.4 min
  step 200/4061 | loss -9.264 | 113 ms/step (8.84 it/s) | elapsed 0.4 min | ETA this epoch 7.3 min
  step 250/4061 | loss -7.017 | 113 ms/step (8.84 it/s) | elapsed 0.5 min | ETA this epoch 7.2 min
  step 300/4061 | loss -7.518 | 113 ms/step (8.88 it/s) | elapsed 0.6 min | ETA this epoch 7.1 min
  step 350/4061 | loss -9.432 | 113 ms/step (8.82 it/s) | elapsed 0.7 min | ETA this epoch 7.0 min
  step 400/4061 | loss -7.685 | 113 ms/step (8.85 it/s) | elapsed 0.8 min | ETA this epoch 6.9 min
  step 450/4061 | loss -7.345 | 114 ms/step (8.78 it/s) | elapsed 0.9 min | ETA this epoch 6.9 min
  step 500/4061 | loss -6.932 | 113 ms/step (8.83 it/s) | elapsed 0.9 min | ETA this epoch 6.7 min
  step 550/4061 | loss -6.661 | 114 ms/step (8.79 it/s) | elapsed 1.0 min | ETA this epoch 6.7 min
  step 600/4061 | loss -9.312 | 113 ms/step (8.82 it/s) | elapsed 1.1 min | ETA this epoch 6.5 min
  step 650/4061 | loss -8.242 | 114 ms/step (8.76 it/s) | elapsed 1.2 min | ETA this epoch 6.5 min
  step 700/4061 | loss -7.894 | 113 ms/step (8.84 it/s) | elapsed 1.3 min | ETA this epoch 6.3 min
  step 750/4061 | loss -7.939 | 112 ms/step (8.90 it/s) | elapsed 1.4 min | ETA this epoch 6.2 min
  step 800/4061 | loss -5.857 | 113 ms/step (8.85 it/s) | elapsed 1.5 min | ETA this epoch 6.1 min
  step 850/4061 | loss -7.196 | 114 ms/step (8.76 it/s) | elapsed 1.6 min | ETA this epoch 6.1 min
  step 900/4061 | loss -9.191 | 113 ms/step (8.88 it/s) | elapsed 1.7 min | ETA this epoch 5.9 min
  step 950/4061 | loss -7.272 | 113 ms/step (8.81 it/s) | elapsed 1.8 min | ETA this epoch 5.9 min
  step 1000/4061 | loss -9.138 | 114 ms/step (8.77 it/s) | elapsed 1.9 min | ETA this epoch 5.8 min
  step 1050/4061 | loss -7.340 | 114 ms/step (8.78 it/s) | elapsed 2.0 min | ETA this epoch 5.7 min
  step 1100/4061 | loss -7.423 | 114 ms/step (8.80 it/s) | elapsed 2.1 min | ETA this epoch 5.6 min
  step 1150/4061 | loss -8.355 | 113 ms/step (8.84 it/s) | elapsed 2.2 min | ETA this epoch 5.5 min
  step 1200/4061 | loss -6.584 | 114 ms/step (8.80 it/s) | elapsed 2.3 min | ETA this epoch 5.4 min
  step 1250/4061 | loss -7.588 | 113 ms/step (8.82 it/s) | elapsed 2.4 min | ETA this epoch 5.3 min
  step 1300/4061 | loss -7.822 | 111 ms/step (9.03 it/s) | elapsed 2.5 min | ETA this epoch 5.1 min
  step 1350/4061 | loss -7.144 | 98 ms/step (10.20 it/s) | elapsed 2.5 min | ETA this epoch 4.4 min
  step 1400/4061 | loss -7.018 | 96 ms/step (10.43 it/s) | elapsed 2.6 min | ETA this epoch 4.3 min
  step 1450/4061 | loss -7.635 | 99 ms/step (10.07 it/s) | elapsed 2.7 min | ETA this epoch 4.3 min
  step 1500/4061 | loss -7.659 | 114 ms/step (8.81 it/s) | elapsed 2.8 min | ETA this epoch 4.8 min
  step 1550/4061 | loss -6.450 | 114 ms/step (8.79 it/s) | elapsed 2.9 min | ETA this epoch 4.8 min
  step 1600/4061 | loss -7.923 | 114 ms/step (8.78 it/s) | elapsed 3.0 min | ETA this epoch 4.7 min
  step 1650/4061 | loss -7.492 | 114 ms/step (8.79 it/s) | elapsed 3.1 min | ETA this epoch 4.6 min
  step 1700/4061 | loss -7.342 | 114 ms/step (8.80 it/s) | elapsed 3.2 min | ETA this epoch 4.5 min
  step 1750/4061 | loss -6.254 | 113 ms/step (8.87 it/s) | elapsed 3.3 min | ETA this epoch 4.3 min
  step 1800/4061 | loss -7.785 | 115 ms/step (8.72 it/s) | elapsed 3.4 min | ETA this epoch 4.3 min
  step 1850/4061 | loss -4.433 | 113 ms/step (8.82 it/s) | elapsed 3.5 min | ETA this epoch 4.2 min
  step 1900/4061 | loss -7.743 | 113 ms/step (8.82 it/s) | elapsed 3.6 min | ETA this epoch 4.1 min
  step 1950/4061 | loss -8.357 | 114 ms/step (8.75 it/s) | elapsed 3.6 min | ETA this epoch 4.0 min
  step 2000/4061 | loss -7.028 | 115 ms/step (8.71 it/s) | elapsed 3.7 min | ETA this epoch 3.9 min
  step 2050/4061 | loss -6.938 | 113 ms/step (8.85 it/s) | elapsed 3.8 min | ETA this epoch 3.8 min
  step 2100/4061 | loss -5.824 | 114 ms/step (8.79 it/s) | elapsed 3.9 min | ETA this epoch 3.7 min
  step 2150/4061 | loss -7.294 | 114 ms/step (8.78 it/s) | elapsed 4.0 min | ETA this epoch 3.6 min
  step 2200/4061 | loss -8.639 | 114 ms/step (8.79 it/s) | elapsed 4.1 min | ETA this epoch 3.5 min
  step 2250/4061 | loss -7.653 | 113 ms/step (8.86 it/s) | elapsed 4.2 min | ETA this epoch 3.4 min
  step 2300/4061 | loss -7.193 | 114 ms/step (8.78 it/s) | elapsed 4.3 min | ETA this epoch 3.3 min
  step 2350/4061 | loss -9.020 | 114 ms/step (8.77 it/s) | elapsed 4.4 min | ETA this epoch 3.3 min
  step 2400/4061 | loss -8.115 | 113 ms/step (8.86 it/s) | elapsed 4.5 min | ETA this epoch 3.1 min
  step 2450/4061 | loss -7.150 | 114 ms/step (8.81 it/s) | elapsed 4.6 min | ETA this epoch 3.0 min
  step 2500/4061 | loss -7.251 | 114 ms/step (8.79 it/s) | elapsed 4.7 min | ETA this epoch 3.0 min
  step 2550/4061 | loss -7.143 | 113 ms/step (8.83 it/s) | elapsed 4.8 min | ETA this epoch 2.9 min
  step 2600/4061 | loss -6.240 | 113 ms/step (8.83 it/s) | elapsed 4.9 min | ETA this epoch 2.8 min
  step 2650/4061 | loss -7.726 | 114 ms/step (8.81 it/s) | elapsed 5.0 min | ETA this epoch 2.7 min
  step 2700/4061 | loss -8.546 | 113 ms/step (8.84 it/s) | elapsed 5.1 min | ETA this epoch 2.6 min
  step 2750/4061 | loss -7.133 | 113 ms/step (8.83 it/s) | elapsed 5.2 min | ETA this epoch 2.5 min
  step 2800/4061 | loss -7.386 | 112 ms/step (8.92 it/s) | elapsed 5.3 min | ETA this epoch 2.4 min
  step 2850/4061 | loss -8.063 | 91 ms/step (10.94 it/s) | elapsed 5.3 min | ETA this epoch 1.8 min
  step 2900/4061 | loss -7.438 | 100 ms/step (9.99 it/s) | elapsed 5.4 min | ETA this epoch 1.9 min
  step 2950/4061 | loss -7.142 | 102 ms/step (9.78 it/s) | elapsed 5.5 min | ETA this epoch 1.9 min
  step 3000/4061 | loss -8.704 | 114 ms/step (8.74 it/s) | elapsed 5.6 min | ETA this epoch 2.0 min
  step 3050/4061 | loss -7.784 | 114 ms/step (8.79 it/s) | elapsed 5.7 min | ETA this epoch 1.9 min
  step 3100/4061 | loss -6.343 | 115 ms/step (8.72 it/s) | elapsed 5.8 min | ETA this epoch 1.8 min
  step 3150/4061 | loss -6.655 | 114 ms/step (8.77 it/s) | elapsed 5.9 min | ETA this epoch 1.7 min
  step 3200/4061 | loss -7.256 | 112 ms/step (8.95 it/s) | elapsed 6.0 min | ETA this epoch 1.6 min
  step 3250/4061 | loss -7.813 | 115 ms/step (8.71 it/s) | elapsed 6.1 min | ETA this epoch 1.6 min
  step 3300/4061 | loss -8.393 | 113 ms/step (8.81 it/s) | elapsed 6.2 min | ETA this epoch 1.4 min
  step 3350/4061 | loss -7.507 | 112 ms/step (8.90 it/s) | elapsed 6.3 min | ETA this epoch 1.3 min
  step 3400/4061 | loss -6.228 | 114 ms/step (8.79 it/s) | elapsed 6.4 min | ETA this epoch 1.3 min
  step 3450/4061 | loss -7.848 | 114 ms/step (8.80 it/s) | elapsed 6.4 min | ETA this epoch 1.2 min
  step 3500/4061 | loss -7.203 | 114 ms/step (8.80 it/s) | elapsed 6.5 min | ETA this epoch 1.1 min
  step 3550/4061 | loss -5.651 | 113 ms/step (8.85 it/s) | elapsed 6.6 min | ETA this epoch 1.0 min
  step 3600/4061 | loss -7.431 | 114 ms/step (8.80 it/s) | elapsed 6.7 min | ETA this epoch 0.9 min
  step 3650/4061 | loss -6.040 | 113 ms/step (8.82 it/s) | elapsed 6.8 min | ETA this epoch 0.8 min
  step 3700/4061 | loss -7.095 | 113 ms/step (8.82 it/s) | elapsed 6.9 min | ETA this epoch 0.7 min
  step 3750/4061 | loss -5.691 | 113 ms/step (8.83 it/s) | elapsed 7.0 min | ETA this epoch 0.6 min
  step 3800/4061 | loss -6.277 | 113 ms/step (8.83 it/s) | elapsed 7.1 min | ETA this epoch 0.5 min
  step 3850/4061 | loss -7.181 | 113 ms/step (8.83 it/s) | elapsed 7.2 min | ETA this epoch 0.4 min
  step 3900/4061 | loss -6.503 | 114 ms/step (8.80 it/s) | elapsed 7.3 min | ETA this epoch 0.3 min
  step 3950/4061 | loss -7.736 | 113 ms/step (8.81 it/s) | elapsed 7.4 min | ETA this epoch 0.2 min
  step 4000/4061 | loss -8.422 | 114 ms/step (8.80 it/s) | elapsed 7.5 min | ETA this epoch 0.1 min
  step 4050/4061 | loss -6.968 | 114 ms/step (8.79 it/s) | elapsed 7.6 min | ETA this epoch 0.0 min
Epoch 40/50 | Train -7.428 | Val L1 0.0018 | Val SI-SDR 18.30 dB | Time 7.8 min
EarlyStopping counter: 2/7
  step 50/4061 | loss -6.038 | 114 ms/step (8.76 it/s) | elapsed 0.1 min | ETA this epoch 7.6 min
  step 100/4061 | loss -7.072 | 114 ms/step (8.75 it/s) | elapsed 0.2 min | ETA this epoch 7.5 min
  step 150/4061 | loss -8.384 | 114 ms/step (8.77 it/s) | elapsed 0.3 min | ETA this epoch 7.4 min
  step 200/4061 | loss -6.011 | 114 ms/step (8.79 it/s) | elapsed 0.4 min | ETA this epoch 7.3 min
  step 250/4061 | loss -8.228 | 114 ms/step (8.79 it/s) | elapsed 0.5 min | ETA this epoch 7.2 min
  step 300/4061 | loss -8.038 | 114 ms/step (8.78 it/s) | elapsed 0.6 min | ETA this epoch 7.1 min
  step 350/4061 | loss -7.741 | 113 ms/step (8.87 it/s) | elapsed 0.7 min | ETA this epoch 7.0 min
  step 400/4061 | loss -6.832 | 114 ms/step (8.79 it/s) | elapsed 0.8 min | ETA this epoch 6.9 min
  step 450/4061 | loss -6.673 | 114 ms/step (8.79 it/s) | elapsed 0.9 min | ETA this epoch 6.8 min
  step 500/4061 | loss -6.698 | 113 ms/step (8.83 it/s) | elapsed 0.9 min | ETA this epoch 6.7 min
  step 550/4061 | loss -7.420 | 113 ms/step (8.83 it/s) | elapsed 1.0 min | ETA this epoch 6.6 min
  step 600/4061 | loss -9.236 | 114 ms/step (8.77 it/s) | elapsed 1.1 min | ETA this epoch 6.6 min
  step 650/4061 | loss -7.726 | 113 ms/step (8.87 it/s) | elapsed 1.2 min | ETA this epoch 6.4 min
  step 700/4061 | loss -6.826 | 113 ms/step (8.81 it/s) | elapsed 1.3 min | ETA this epoch 6.4 min
  step 750/4061 | loss -8.335 | 114 ms/step (8.79 it/s) | elapsed 1.4 min | ETA this epoch 6.3 min
  step 800/4061 | loss -5.481 | 114 ms/step (8.80 it/s) | elapsed 1.5 min | ETA this epoch 6.2 min
  step 850/4061 | loss -6.892 | 113 ms/step (8.86 it/s) | elapsed 1.6 min | ETA this epoch 6.0 min
  step 900/4061 | loss -7.705 | 114 ms/step (8.81 it/s) | elapsed 1.7 min | ETA this epoch 6.0 min
  step 950/4061 | loss -7.643 | 114 ms/step (8.80 it/s) | elapsed 1.8 min | ETA this epoch 5.9 min
  step 1000/4061 | loss -6.009 | 114 ms/step (8.75 it/s) | elapsed 1.9 min | ETA this epoch 5.8 min
  step 1050/4061 | loss -7.874 | 114 ms/step (8.79 it/s) | elapsed 2.0 min | ETA this epoch 5.7 min
  step 1100/4061 | loss -7.702 | 113 ms/step (8.82 it/s) | elapsed 2.1 min | ETA this epoch 5.6 min
  step 1150/4061 | loss -7.428 | 114 ms/step (8.81 it/s) | elapsed 2.2 min | ETA this epoch 5.5 min
  step 1200/4061 | loss -6.989 | 114 ms/step (8.79 it/s) | elapsed 2.3 min | ETA this epoch 5.4 min
  step 1250/4061 | loss -6.603 | 115 ms/step (8.67 it/s) | elapsed 2.4 min | ETA this epoch 5.4 min
  step 1300/4061 | loss -7.182 | 111 ms/step (9.05 it/s) | elapsed 2.5 min | ETA this epoch 5.1 min
  step 1350/4061 | loss -6.806 | 100 ms/step (10.03 it/s) | elapsed 2.5 min | ETA this epoch 4.5 min
  step 1400/4061 | loss -7.772 | 98 ms/step (10.19 it/s) | elapsed 2.6 min | ETA this epoch 4.4 min
  step 1450/4061 | loss -7.113 | 102 ms/step (9.81 it/s) | elapsed 2.7 min | ETA this epoch 4.4 min
  step 1500/4061 | loss -7.760 | 114 ms/step (8.78 it/s) | elapsed 2.8 min | ETA this epoch 4.9 min
  step 1550/4061 | loss -6.825 | 115 ms/step (8.72 it/s) | elapsed 2.9 min | ETA this epoch 4.8 min
  step 1600/4061 | loss -5.573 | 113 ms/step (8.82 it/s) | elapsed 3.0 min | ETA this epoch 4.6 min
  step 1650/4061 | loss -7.578 | 113 ms/step (8.82 it/s) | elapsed 3.1 min | ETA this epoch 4.6 min
  step 1700/4061 | loss -8.186 | 113 ms/step (8.83 it/s) | elapsed 3.2 min | ETA this epoch 4.5 min
  step 1750/4061 | loss -6.217 | 113 ms/step (8.82 it/s) | elapsed 3.3 min | ETA this epoch 4.4 min
  step 1800/4061 | loss -7.379 | 114 ms/step (8.77 it/s) | elapsed 3.4 min | ETA this epoch 4.3 min
  step 1850/4061 | loss -7.986 | 114 ms/step (8.78 it/s) | elapsed 3.5 min | ETA this epoch 4.2 min
  step 1900/4061 | loss -8.643 | 113 ms/step (8.86 it/s) | elapsed 3.6 min | ETA this epoch 4.1 min
  step 1950/4061 | loss -7.429 | 113 ms/step (8.87 it/s) | elapsed 3.7 min | ETA this epoch 4.0 min
  step 2000/4061 | loss -7.772 | 114 ms/step (8.78 it/s) | elapsed 3.8 min | ETA this epoch 3.9 min
  step 2050/4061 | loss -6.431 | 113 ms/step (8.82 it/s) | elapsed 3.8 min | ETA this epoch 3.8 min
  step 2100/4061 | loss -8.452 | 113 ms/step (8.81 it/s) | elapsed 3.9 min | ETA this epoch 3.7 min
  step 2150/4061 | loss -8.313 | 113 ms/step (8.81 it/s) | elapsed 4.0 min | ETA this epoch 3.6 min
  step 2200/4061 | loss -7.604 | 114 ms/step (8.79 it/s) | elapsed 4.1 min | ETA this epoch 3.5 min
  step 2250/4061 | loss -6.293 | 114 ms/step (8.80 it/s) | elapsed 4.2 min | ETA this epoch 3.4 min
  step 2300/4061 | loss -7.155 | 114 ms/step (8.78 it/s) | elapsed 4.3 min | ETA this epoch 3.3 min
  step 2350/4061 | loss -7.587 | 115 ms/step (8.71 it/s) | elapsed 4.4 min | ETA this epoch 3.3 min
  step 2400/4061 | loss -7.239 | 113 ms/step (8.82 it/s) | elapsed 4.5 min | ETA this epoch 3.1 min
  step 2450/4061 | loss -7.169 | 114 ms/step (8.81 it/s) | elapsed 4.6 min | ETA this epoch 3.0 min
  step 2500/4061 | loss -5.652 | 114 ms/step (8.79 it/s) | elapsed 4.7 min | ETA this epoch 3.0 min
  step 2550/4061 | loss -8.413 | 113 ms/step (8.84 it/s) | elapsed 4.8 min | ETA this epoch 2.8 min
  step 2600/4061 | loss -7.535 | 114 ms/step (8.78 it/s) | elapsed 4.9 min | ETA this epoch 2.8 min
  step 2650/4061 | loss -8.552 | 109 ms/step (9.21 it/s) | elapsed 5.0 min | ETA this epoch 2.6 min
  step 2700/4061 | loss -6.535 | 101 ms/step (9.89 it/s) | elapsed 5.1 min | ETA this epoch 2.3 min
  step 2750/4061 | loss -7.353 | 99 ms/step (10.13 it/s) | elapsed 5.1 min | ETA this epoch 2.2 min
  step 2800/4061 | loss -8.038 | 99 ms/step (10.06 it/s) | elapsed 5.2 min | ETA this epoch 2.1 min
  step 2850/4061 | loss -6.263 | 112 ms/step (8.92 it/s) | elapsed 5.3 min | ETA this epoch 2.3 min
  step 2900/4061 | loss -5.777 | 114 ms/step (8.76 it/s) | elapsed 5.4 min | ETA this epoch 2.2 min
  step 2950/4061 | loss -6.960 | 113 ms/step (8.83 it/s) | elapsed 5.5 min | ETA this epoch 2.1 min
  step 3000/4061 | loss -7.817 | 114 ms/step (8.78 it/s) | elapsed 5.6 min | ETA this epoch 2.0 min
  step 3050/4061 | loss -7.317 | 113 ms/step (8.84 it/s) | elapsed 5.7 min | ETA this epoch 1.9 min
  step 3100/4061 | loss -8.514 | 115 ms/step (8.71 it/s) | elapsed 5.8 min | ETA this epoch 1.8 min
  step 3150/4061 | loss -6.357 | 114 ms/step (8.78 it/s) | elapsed 5.9 min | ETA this epoch 1.7 min
  step 3200/4061 | loss -9.991 | 114 ms/step (8.79 it/s) | elapsed 6.0 min | ETA this epoch 1.6 min
  step 3250/4061 | loss -5.702 | 114 ms/step (8.78 it/s) | elapsed 6.1 min | ETA this epoch 1.5 min
  step 3300/4061 | loss -8.243 | 114 ms/step (8.78 it/s) | elapsed 6.2 min | ETA this epoch 1.4 min
  step 3350/4061 | loss -6.343 | 113 ms/step (8.82 it/s) | elapsed 6.3 min | ETA this epoch 1.3 min
  step 3400/4061 | loss -8.625 | 113 ms/step (8.85 it/s) | elapsed 6.4 min | ETA this epoch 1.2 min
  step 3450/4061 | loss -8.376 | 114 ms/step (8.80 it/s) | elapsed 6.5 min | ETA this epoch 1.2 min
  step 3500/4061 | loss -6.774 | 113 ms/step (8.86 it/s) | elapsed 6.6 min | ETA this epoch 1.1 min
  step 3550/4061 | loss -6.716 | 113 ms/step (8.85 it/s) | elapsed 6.6 min | ETA this epoch 1.0 min
  step 3600/4061 | loss -8.149 | 114 ms/step (8.79 it/s) | elapsed 6.7 min | ETA this epoch 0.9 min
  step 3650/4061 | loss -5.632 | 113 ms/step (8.82 it/s) | elapsed 6.8 min | ETA this epoch 0.8 min
  step 3700/4061 | loss -5.645 | 113 ms/step (8.83 it/s) | elapsed 6.9 min | ETA this epoch 0.7 min
  step 3750/4061 | loss -7.352 | 113 ms/step (8.86 it/s) | elapsed 7.0 min | ETA this epoch 0.6 min
  step 3800/4061 | loss -7.095 | 113 ms/step (8.84 it/s) | elapsed 7.1 min | ETA this epoch 0.5 min
  step 3850/4061 | loss -7.265 | 114 ms/step (8.78 it/s) | elapsed 7.2 min | ETA this epoch 0.4 min
  step 3900/4061 | loss -7.350 | 113 ms/step (8.84 it/s) | elapsed 7.3 min | ETA this epoch 0.3 min
  step 3950/4061 | loss -8.670 | 114 ms/step (8.79 it/s) | elapsed 7.4 min | ETA this epoch 0.2 min
  step 4000/4061 | loss -7.074 | 113 ms/step (8.82 it/s) | elapsed 7.5 min | ETA this epoch 0.1 min
  step 4050/4061 | loss -6.334 | 114 ms/step (8.79 it/s) | elapsed 7.6 min | ETA this epoch 0.0 min
Epoch 41/50 | Train -7.444 | Val L1 0.0018 | Val SI-SDR 18.31 dB | Time 7.9 min
EarlyStopping counter: 3/7
  step 50/4061 | loss -8.740 | 114 ms/step (8.77 it/s) | elapsed 0.1 min | ETA this epoch 7.6 min
  step 100/4061 | loss -6.506 | 114 ms/step (8.77 it/s) | elapsed 0.2 min | ETA this epoch 7.5 min
  step 150/4061 | loss -8.643 | 114 ms/step (8.79 it/s) | elapsed 0.3 min | ETA this epoch 7.4 min
  step 200/4061 | loss -7.425 | 114 ms/step (8.80 it/s) | elapsed 0.4 min | ETA this epoch 7.3 min
  step 250/4061 | loss -9.080 | 113 ms/step (8.89 it/s) | elapsed 0.5 min | ETA this epoch 7.1 min
  step 300/4061 | loss -9.282 | 114 ms/step (8.79 it/s) | elapsed 0.6 min | ETA this epoch 7.1 min
  step 350/4061 | loss -7.595 | 112 ms/step (8.92 it/s) | elapsed 0.7 min | ETA this epoch 6.9 min
  step 400/4061 | loss -7.595 | 114 ms/step (8.79 it/s) | elapsed 0.8 min | ETA this epoch 6.9 min
  step 450/4061 | loss -6.302 | 114 ms/step (8.80 it/s) | elapsed 0.9 min | ETA this epoch 6.8 min
  step 500/4061 | loss -7.247 | 114 ms/step (8.80 it/s) | elapsed 0.9 min | ETA this epoch 6.7 min
  step 550/4061 | loss -7.750 | 114 ms/step (8.78 it/s) | elapsed 1.0 min | ETA this epoch 6.7 min
  step 600/4061 | loss -9.370 | 113 ms/step (8.84 it/s) | elapsed 1.1 min | ETA this epoch 6.5 min
  step 650/4061 | loss -7.593 | 114 ms/step (8.77 it/s) | elapsed 1.2 min | ETA this epoch 6.5 min
  step 700/4061 | loss -7.569 | 114 ms/step (8.81 it/s) | elapsed 1.3 min | ETA this epoch 6.4 min
  step 750/4061 | loss -6.585 | 111 ms/step (9.00 it/s) | elapsed 1.4 min | ETA this epoch 6.1 min
  step 800/4061 | loss -6.920 | 114 ms/step (8.80 it/s) | elapsed 1.5 min | ETA this epoch 6.2 min
  step 850/4061 | loss -6.074 | 113 ms/step (8.85 it/s) | elapsed 1.6 min | ETA this epoch 6.0 min
  step 900/4061 | loss -9.041 | 114 ms/step (8.75 it/s) | elapsed 1.7 min | ETA this epoch 6.0 min
  step 950/4061 | loss -8.069 | 114 ms/step (8.75 it/s) | elapsed 1.8 min | ETA this epoch 5.9 min
  step 1000/4061 | loss -7.735 | 114 ms/step (8.80 it/s) | elapsed 1.9 min | ETA this epoch 5.8 min
  step 1050/4061 | loss -7.328 | 114 ms/step (8.81 it/s) | elapsed 2.0 min | ETA this epoch 5.7 min
  step 1100/4061 | loss -7.162 | 113 ms/step (8.83 it/s) | elapsed 2.1 min | ETA this epoch 5.6 min
  step 1150/4061 | loss -6.758 | 112 ms/step (8.92 it/s) | elapsed 2.2 min | ETA this epoch 5.4 min
  step 1200/4061 | loss -10.543 | 114 ms/step (8.80 it/s) | elapsed 2.3 min | ETA this epoch 5.4 min
  step 1250/4061 | loss -7.518 | 114 ms/step (8.78 it/s) | elapsed 2.4 min | ETA this epoch 5.3 min
  step 1300/4061 | loss -7.365 | 98 ms/step (10.19 it/s) | elapsed 2.4 min | ETA this epoch 4.5 min
  step 1350/4061 | loss -5.697 | 100 ms/step (10.05 it/s) | elapsed 2.5 min | ETA this epoch 4.5 min
  step 1400/4061 | loss -7.501 | 103 ms/step (9.71 it/s) | elapsed 2.6 min | ETA this epoch 4.6 min
  step 1450/4061 | loss -6.312 | 114 ms/step (8.77 it/s) | elapsed 2.7 min | ETA this epoch 5.0 min
  step 1500/4061 | loss -7.544 | 113 ms/step (8.82 it/s) | elapsed 2.8 min | ETA this epoch 4.8 min
  step 1550/4061 | loss -6.462 | 114 ms/step (8.81 it/s) | elapsed 2.9 min | ETA this epoch 4.8 min
  step 1600/4061 | loss -7.190 | 113 ms/step (8.85 it/s) | elapsed 3.0 min | ETA this epoch 4.6 min
  step 1650/4061 | loss -7.626 | 113 ms/step (8.84 it/s) | elapsed 3.1 min | ETA this epoch 4.5 min
  step 1700/4061 | loss -6.457 | 114 ms/step (8.78 it/s) | elapsed 3.2 min | ETA this epoch 4.5 min
  step 1750/4061 | loss -6.832 | 114 ms/step (8.80 it/s) | elapsed 3.3 min | ETA this epoch 4.4 min
  step 1800/4061 | loss -7.126 | 113 ms/step (8.86 it/s) | elapsed 3.4 min | ETA this epoch 4.3 min
  step 1850/4061 | loss -6.461 | 113 ms/step (8.82 it/s) | elapsed 3.5 min | ETA this epoch 4.2 min
  step 1900/4061 | loss -9.294 | 114 ms/step (8.78 it/s) | elapsed 3.6 min | ETA this epoch 4.1 min
  step 1950/4061 | loss -6.494 | 114 ms/step (8.80 it/s) | elapsed 3.7 min | ETA this epoch 4.0 min
  step 2000/4061 | loss -7.391 | 113 ms/step (8.83 it/s) | elapsed 3.7 min | ETA this epoch 3.9 min
  step 2050/4061 | loss -7.075 | 114 ms/step (8.80 it/s) | elapsed 3.8 min | ETA this epoch 3.8 min
  step 2100/4061 | loss -8.789 | 113 ms/step (8.83 it/s) | elapsed 3.9 min | ETA this epoch 3.7 min
  step 2150/4061 | loss -7.389 | 113 ms/step (8.82 it/s) | elapsed 4.0 min | ETA this epoch 3.6 min
  step 2200/4061 | loss -8.396 | 113 ms/step (8.82 it/s) | elapsed 4.1 min | ETA this epoch 3.5 min
  step 2250/4061 | loss -6.529 | 114 ms/step (8.79 it/s) | elapsed 4.2 min | ETA this epoch 3.4 min
  step 2300/4061 | loss -9.042 | 114 ms/step (8.80 it/s) | elapsed 4.3 min | ETA this epoch 3.3 min
  step 2350/4061 | loss -8.768 | 113 ms/step (8.86 it/s) | elapsed 4.4 min | ETA this epoch 3.2 min
  step 2400/4061 | loss -7.308 | 113 ms/step (8.82 it/s) | elapsed 4.5 min | ETA this epoch 3.1 min
  step 2450/4061 | loss -6.634 | 114 ms/step (8.78 it/s) | elapsed 4.6 min | ETA this epoch 3.1 min
  step 2500/4061 | loss -6.461 | 113 ms/step (8.82 it/s) | elapsed 4.7 min | ETA this epoch 2.9 min
  step 2550/4061 | loss -6.123 | 98 ms/step (10.24 it/s) | elapsed 4.8 min | ETA this epoch 2.5 min
  step 2600/4061 | loss -7.034 | 106 ms/step (9.48 it/s) | elapsed 4.9 min | ETA this epoch 2.6 min
  step 2650/4061 | loss -7.948 | 97 ms/step (10.26 it/s) | elapsed 4.9 min | ETA this epoch 2.3 min
  step 2700/4061 | loss -6.017 | 111 ms/step (9.02 it/s) | elapsed 5.0 min | ETA this epoch 2.5 min
  step 2750/4061 | loss -7.470 | 113 ms/step (8.83 it/s) | elapsed 5.1 min | ETA this epoch 2.5 min
  step 2800/4061 | loss -8.548 | 113 ms/step (8.84 it/s) | elapsed 5.2 min | ETA this epoch 2.4 min
  step 2850/4061 | loss -5.956 | 114 ms/step (8.78 it/s) | elapsed 5.3 min | ETA this epoch 2.3 min
  step 2900/4061 | loss -7.018 | 113 ms/step (8.88 it/s) | elapsed 5.4 min | ETA this epoch 2.2 min
  step 2950/4061 | loss -6.813 | 113 ms/step (8.84 it/s) | elapsed 5.5 min | ETA this epoch 2.1 min
  step 3000/4061 | loss -8.652 | 113 ms/step (8.82 it/s) | elapsed 5.6 min | ETA this epoch 2.0 min
  step 3050/4061 | loss -6.172 | 114 ms/step (8.79 it/s) | elapsed 5.7 min | ETA this epoch 1.9 min
  step 3100/4061 | loss -6.015 | 114 ms/step (8.80 it/s) | elapsed 5.8 min | ETA this epoch 1.8 min
  step 3150/4061 | loss -7.516 | 113 ms/step (8.86 it/s) | elapsed 5.9 min | ETA this epoch 1.7 min
  step 3200/4061 | loss -9.151 | 114 ms/step (8.78 it/s) | elapsed 6.0 min | ETA this epoch 1.6 min
  step 3250/4061 | loss -6.640 | 114 ms/step (8.81 it/s) | elapsed 6.1 min | ETA this epoch 1.5 min
  step 3300/4061 | loss -8.183 | 114 ms/step (8.80 it/s) | elapsed 6.2 min | ETA this epoch 1.4 min
  step 3350/4061 | loss -8.802 | 113 ms/step (8.84 it/s) | elapsed 6.3 min | ETA this epoch 1.3 min
  step 3400/4061 | loss -7.286 | 114 ms/step (8.77 it/s) | elapsed 6.4 min | ETA this epoch 1.3 min
  step 3450/4061 | loss -9.063 | 113 ms/step (8.86 it/s) | elapsed 6.5 min | ETA this epoch 1.1 min
  step 3500/4061 | loss -6.953 | 115 ms/step (8.72 it/s) | elapsed 6.5 min | ETA this epoch 1.1 min
  step 3550/4061 | loss -6.688 | 114 ms/step (8.77 it/s) | elapsed 6.6 min | ETA this epoch 1.0 min
  step 3600/4061 | loss -6.093 | 114 ms/step (8.75 it/s) | elapsed 6.7 min | ETA this epoch 0.9 min
  step 3650/4061 | loss -6.861 | 114 ms/step (8.80 it/s) | elapsed 6.8 min | ETA this epoch 0.8 min
  step 3700/4061 | loss -5.650 | 113 ms/step (8.85 it/s) | elapsed 6.9 min | ETA this epoch 0.7 min
  step 3750/4061 | loss -8.011 | 114 ms/step (8.81 it/s) | elapsed 7.0 min | ETA this epoch 0.6 min
  step 3800/4061 | loss -6.116 | 115 ms/step (8.73 it/s) | elapsed 7.1 min | ETA this epoch 0.5 min
  step 3850/4061 | loss -6.384 | 114 ms/step (8.78 it/s) | elapsed 7.2 min | ETA this epoch 0.4 min
  step 3900/4061 | loss -7.837 | 113 ms/step (8.84 it/s) | elapsed 7.3 min | ETA this epoch 0.3 min
  step 3950/4061 | loss -6.142 | 113 ms/step (8.83 it/s) | elapsed 7.4 min | ETA this epoch 0.2 min
  step 4000/4061 | loss -8.794 | 114 ms/step (8.78 it/s) | elapsed 7.5 min | ETA this epoch 0.1 min
  step 4050/4061 | loss -6.311 | 113 ms/step (8.82 it/s) | elapsed 7.6 min | ETA this epoch 0.0 min
Epoch 42/50 | Train -7.440 | Val L1 0.0018 | Val SI-SDR 18.32 dB | Time 7.9 min
EarlyStopping counter: 4/7
  step 50/4061 | loss -9.544 | 114 ms/step (8.75 it/s) | elapsed 0.1 min | ETA this epoch 7.6 min
  step 100/4061 | loss -7.053 | 113 ms/step (8.81 it/s) | elapsed 0.2 min | ETA this epoch 7.5 min
  step 150/4061 | loss -6.681 | 114 ms/step (8.80 it/s) | elapsed 0.3 min | ETA this epoch 7.4 min
  step 200/4061 | loss -7.327 | 113 ms/step (8.86 it/s) | elapsed 0.4 min | ETA this epoch 7.3 min
  step 250/4061 | loss -6.480 | 114 ms/step (8.81 it/s) | elapsed 0.5 min | ETA this epoch 7.2 min
  step 300/4061 | loss -8.490 | 114 ms/step (8.79 it/s) | elapsed 0.6 min | ETA this epoch 7.1 min
  step 350/4061 | loss -7.312 | 114 ms/step (8.79 it/s) | elapsed 0.7 min | ETA this epoch 7.0 min
  step 400/4061 | loss -7.211 | 113 ms/step (8.88 it/s) | elapsed 0.8 min | ETA this epoch 6.9 min
  step 450/4061 | loss -7.354 | 114 ms/step (8.79 it/s) | elapsed 0.9 min | ETA this epoch 6.8 min
  step 500/4061 | loss -6.201 | 113 ms/step (8.84 it/s) | elapsed 0.9 min | ETA this epoch 6.7 min
  step 550/4061 | loss -10.525 | 114 ms/step (8.78 it/s) | elapsed 1.0 min | ETA this epoch 6.7 min
  step 600/4061 | loss -7.994 | 113 ms/step (8.83 it/s) | elapsed 1.1 min | ETA this epoch 6.5 min
  step 650/4061 | loss -7.644 | 114 ms/step (8.80 it/s) | elapsed 1.2 min | ETA this epoch 6.5 min
  step 700/4061 | loss -7.702 | 114 ms/step (8.78 it/s) | elapsed 1.3 min | ETA this epoch 6.4 min
  step 750/4061 | loss -8.346 | 114 ms/step (8.79 it/s) | elapsed 1.4 min | ETA this epoch 6.3 min
  step 800/4061 | loss -8.060 | 113 ms/step (8.88 it/s) | elapsed 1.5 min | ETA this epoch 6.1 min
  step 850/4061 | loss -7.702 | 113 ms/step (8.88 it/s) | elapsed 1.6 min | ETA this epoch 6.0 min
  step 900/4061 | loss -7.935 | 114 ms/step (8.81 it/s) | elapsed 1.7 min | ETA this epoch 6.0 min
  step 950/4061 | loss -7.899 | 113 ms/step (8.84 it/s) | elapsed 1.8 min | ETA this epoch 5.9 min
  step 1000/4061 | loss -7.704 | 114 ms/step (8.81 it/s) | elapsed 1.9 min | ETA this epoch 5.8 min
  step 1050/4061 | loss -6.941 | 114 ms/step (8.81 it/s) | elapsed 2.0 min | ETA this epoch 5.7 min
  step 1100/4061 | loss -8.647 | 115 ms/step (8.70 it/s) | elapsed 2.1 min | ETA this epoch 5.7 min
  step 1150/4061 | loss -6.376 | 113 ms/step (8.88 it/s) | elapsed 2.2 min | ETA this epoch 5.5 min
  step 1200/4061 | loss -7.492 | 113 ms/step (8.82 it/s) | elapsed 2.3 min | ETA this epoch 5.4 min
  step 1250/4061 | loss -7.976 | 103 ms/step (9.70 it/s) | elapsed 2.4 min | ETA this epoch 4.8 min
  step 1300/4061 | loss -8.178 | 97 ms/step (10.34 it/s) | elapsed 2.4 min | ETA this epoch 4.5 min
  step 1350/4061 | loss -7.427 | 99 ms/step (10.08 it/s) | elapsed 2.5 min | ETA this epoch 4.5 min
  step 1400/4061 | loss -8.394 | 112 ms/step (8.90 it/s) | elapsed 2.6 min | ETA this epoch 5.0 min
  step 1450/4061 | loss -6.235 | 113 ms/step (8.81 it/s) | elapsed 2.7 min | ETA this epoch 4.9 min
  step 1500/4061 | loss -7.245 | 114 ms/step (8.79 it/s) | elapsed 2.8 min | ETA this epoch 4.9 min
  step 1550/4061 | loss -7.535 | 113 ms/step (8.84 it/s) | elapsed 2.9 min | ETA this epoch 4.7 min
  step 1600/4061 | loss -7.456 | 113 ms/step (8.86 it/s) | elapsed 3.0 min | ETA this epoch 4.6 min
  step 1650/4061 | loss -6.457 | 113 ms/step (8.81 it/s) | elapsed 3.1 min | ETA this epoch 4.6 min
  step 1700/4061 | loss -6.082 | 114 ms/step (8.79 it/s) | elapsed 3.2 min | ETA this epoch 4.5 min
  step 1750/4061 | loss -7.425 | 113 ms/step (8.83 it/s) | elapsed 3.3 min | ETA this epoch 4.4 min
  step 1800/4061 | loss -8.228 | 114 ms/step (8.78 it/s) | elapsed 3.4 min | ETA this epoch 4.3 min
  step 1850/4061 | loss -8.915 | 113 ms/step (8.84 it/s) | elapsed 3.5 min | ETA this epoch 4.2 min
  step 1900/4061 | loss -6.718 | 113 ms/step (8.84 it/s) | elapsed 3.6 min | ETA this epoch 4.1 min
  step 1950/4061 | loss -9.584 | 113 ms/step (8.86 it/s) | elapsed 3.7 min | ETA this epoch 4.0 min
  step 2000/4061 | loss -6.999 | 113 ms/step (8.87 it/s) | elapsed 3.7 min | ETA this epoch 3.9 min
  step 2050/4061 | loss -7.763 | 114 ms/step (8.80 it/s) | elapsed 3.8 min | ETA this epoch 3.8 min
  step 2100/4061 | loss -8.235 | 114 ms/step (8.78 it/s) | elapsed 3.9 min | ETA this epoch 3.7 min
  step 2150/4061 | loss -6.842 | 114 ms/step (8.81 it/s) | elapsed 4.0 min | ETA this epoch 3.6 min
  step 2200/4061 | loss -7.288 | 113 ms/step (8.82 it/s) | elapsed 4.1 min | ETA this epoch 3.5 min
  step 2250/4061 | loss -5.981 | 114 ms/step (8.79 it/s) | elapsed 4.2 min | ETA this epoch 3.4 min
  step 2300/4061 | loss -7.966 | 114 ms/step (8.80 it/s) | elapsed 4.3 min | ETA this epoch 3.3 min
  step 2350/4061 | loss -8.102 | 114 ms/step (8.78 it/s) | elapsed 4.4 min | ETA this epoch 3.2 min
  step 2400/4061 | loss -7.412 | 104 ms/step (9.59 it/s) | elapsed 4.5 min | ETA this epoch 2.9 min
  step 2450/4061 | loss -6.805 | 98 ms/step (10.19 it/s) | elapsed 4.6 min | ETA this epoch 2.6 min
  step 2500/4061 | loss -7.631 | 99 ms/step (10.13 it/s) | elapsed 4.7 min | ETA this epoch 2.6 min
  step 2550/4061 | loss -6.668 | 110 ms/step (9.09 it/s) | elapsed 4.8 min | ETA this epoch 2.8 min
  step 2600/4061 | loss -7.301 | 114 ms/step (8.79 it/s) | elapsed 4.8 min | ETA this epoch 2.8 min
  step 2650/4061 | loss -7.871 | 113 ms/step (8.82 it/s) | elapsed 4.9 min | ETA this epoch 2.7 min
  step 2700/4061 | loss -5.712 | 113 ms/step (8.82 it/s) | elapsed 5.0 min | ETA this epoch 2.6 min
  step 2750/4061 | loss -6.609 | 114 ms/step (8.75 it/s) | elapsed 5.1 min | ETA this epoch 2.5 min
  step 2800/4061 | loss -6.735 | 113 ms/step (8.84 it/s) | elapsed 5.2 min | ETA this epoch 2.4 min
  step 2850/4061 | loss -7.750 | 113 ms/step (8.85 it/s) | elapsed 5.3 min | ETA this epoch 2.3 min
  step 2900/4061 | loss -7.064 | 113 ms/step (8.83 it/s) | elapsed 5.4 min | ETA this epoch 2.2 min
  step 2950/4061 | loss -7.539 | 114 ms/step (8.79 it/s) | elapsed 5.5 min | ETA this epoch 2.1 min
  step 3000/4061 | loss -7.271 | 113 ms/step (8.83 it/s) | elapsed 5.6 min | ETA this epoch 2.0 min
  step 3050/4061 | loss -6.921 | 113 ms/step (8.83 it/s) | elapsed 5.7 min | ETA this epoch 1.9 min
  step 3100/4061 | loss -8.708 | 113 ms/step (8.83 it/s) | elapsed 5.8 min | ETA this epoch 1.8 min
  step 3150/4061 | loss -8.359 | 114 ms/step (8.80 it/s) | elapsed 5.9 min | ETA this epoch 1.7 min
  step 3200/4061 | loss -6.854 | 115 ms/step (8.68 it/s) | elapsed 6.0 min | ETA this epoch 1.7 min
  step 3250/4061 | loss -6.865 | 114 ms/step (8.81 it/s) | elapsed 6.1 min | ETA this epoch 1.5 min
  step 3300/4061 | loss -5.403 | 114 ms/step (8.80 it/s) | elapsed 6.2 min | ETA this epoch 1.4 min
  step 3350/4061 | loss -5.529 | 113 ms/step (8.83 it/s) | elapsed 6.3 min | ETA this epoch 1.3 min
  step 3400/4061 | loss -7.329 | 114 ms/step (8.80 it/s) | elapsed 6.4 min | ETA this epoch 1.3 min
  step 3450/4061 | loss -7.418 | 114 ms/step (8.78 it/s) | elapsed 6.5 min | ETA this epoch 1.2 min
  step 3500/4061 | loss -8.605 | 113 ms/step (8.83 it/s) | elapsed 6.5 min | ETA this epoch 1.1 min
  step 3550/4061 | loss -8.226 | 114 ms/step (8.79 it/s) | elapsed 6.6 min | ETA this epoch 1.0 min
  step 3600/4061 | loss -7.321 | 114 ms/step (8.80 it/s) | elapsed 6.7 min | ETA this epoch 0.9 min
  step 3650/4061 | loss -7.711 | 114 ms/step (8.81 it/s) | elapsed 6.8 min | ETA this epoch 0.8 min
  step 3700/4061 | loss -6.147 | 114 ms/step (8.77 it/s) | elapsed 6.9 min | ETA this epoch 0.7 min
  step 3750/4061 | loss -6.736 | 114 ms/step (8.78 it/s) | elapsed 7.0 min | ETA this epoch 0.6 min
  step 3800/4061 | loss -8.002 | 114 ms/step (8.78 it/s) | elapsed 7.1 min | ETA this epoch 0.5 min
  step 3850/4061 | loss -6.542 | 114 ms/step (8.79 it/s) | elapsed 7.2 min | ETA this epoch 0.4 min
  step 3900/4061 | loss -6.883 | 113 ms/step (8.82 it/s) | elapsed 7.3 min | ETA this epoch 0.3 min
  step 3950/4061 | loss -7.182 | 114 ms/step (8.80 it/s) | elapsed 7.4 min | ETA this epoch 0.2 min
  step 4000/4061 | loss -9.339 | 114 ms/step (8.81 it/s) | elapsed 7.5 min | ETA this epoch 0.1 min
  step 4050/4061 | loss -6.635 | 113 ms/step (8.82 it/s) | elapsed 7.6 min | ETA this epoch 0.0 min
Epoch 43/50 | Train -7.490 | Val L1 0.0018 | Val SI-SDR 18.39 dB | Time 7.9 min
EarlyStopping counter: 5/7
  step 50/4061 | loss -8.474 | 114 ms/step (8.76 it/s) | elapsed 0.1 min | ETA this epoch 7.6 min
  step 100/4061 | loss -6.891 | 114 ms/step (8.77 it/s) | elapsed 0.2 min | ETA this epoch 7.5 min
  step 150/4061 | loss -7.351 | 113 ms/step (8.82 it/s) | elapsed 0.3 min | ETA this epoch 7.4 min
  step 200/4061 | loss -7.509 | 114 ms/step (8.80 it/s) | elapsed 0.4 min | ETA this epoch 7.3 min
  step 250/4061 | loss -5.984 | 114 ms/step (8.78 it/s) | elapsed 0.5 min | ETA this epoch 7.2 min
  step 300/4061 | loss -7.332 | 114 ms/step (8.77 it/s) | elapsed 0.6 min | ETA this epoch 7.1 min
  step 350/4061 | loss -8.564 | 113 ms/step (8.83 it/s) | elapsed 0.7 min | ETA this epoch 7.0 min
  step 400/4061 | loss -6.123 | 113 ms/step (8.85 it/s) | elapsed 0.8 min | ETA this epoch 6.9 min
  step 450/4061 | loss -8.361 | 114 ms/step (8.78 it/s) | elapsed 0.9 min | ETA this epoch 6.9 min
  step 500/4061 | loss -7.080 | 114 ms/step (8.80 it/s) | elapsed 0.9 min | ETA this epoch 6.7 min
  step 550/4061 | loss -8.259 | 113 ms/step (8.87 it/s) | elapsed 1.0 min | ETA this epoch 6.6 min
  step 600/4061 | loss -6.771 | 112 ms/step (8.92 it/s) | elapsed 1.1 min | ETA this epoch 6.5 min
  step 650/4061 | loss -7.510 | 114 ms/step (8.79 it/s) | elapsed 1.2 min | ETA this epoch 6.5 min
  step 700/4061 | loss -7.632 | 114 ms/step (8.80 it/s) | elapsed 1.3 min | ETA this epoch 6.4 min
  step 750/4061 | loss -6.604 | 114 ms/step (8.81 it/s) | elapsed 1.4 min | ETA this epoch 6.3 min
  step 800/4061 | loss -8.934 | 114 ms/step (8.75 it/s) | elapsed 1.5 min | ETA this epoch 6.2 min
  step 850/4061 | loss -7.441 | 114 ms/step (8.78 it/s) | elapsed 1.6 min | ETA this epoch 6.1 min
  step 900/4061 | loss -7.236 | 114 ms/step (8.78 it/s) | elapsed 1.7 min | ETA this epoch 6.0 min
  step 950/4061 | loss -8.281 | 113 ms/step (8.82 it/s) | elapsed 1.8 min | ETA this epoch 5.9 min
  step 1000/4061 | loss -8.282 | 113 ms/step (8.82 it/s) | elapsed 1.9 min | ETA this epoch 5.8 min
  step 1050/4061 | loss -8.249 | 114 ms/step (8.80 it/s) | elapsed 2.0 min | ETA this epoch 5.7 min
  step 1100/4061 | loss -7.182 | 114 ms/step (8.80 it/s) | elapsed 2.1 min | ETA this epoch 5.6 min
  step 1150/4061 | loss -6.946 | 113 ms/step (8.84 it/s) | elapsed 2.2 min | ETA this epoch 5.5 min
  step 1200/4061 | loss -9.306 | 113 ms/step (8.85 it/s) | elapsed 2.3 min | ETA this epoch 5.4 min
  step 1250/4061 | loss -8.690 | 99 ms/step (10.10 it/s) | elapsed 2.4 min | ETA this epoch 4.6 min
  step 1300/4061 | loss -7.904 | 98 ms/step (10.21 it/s) | elapsed 2.4 min | ETA this epoch 4.5 min
  step 1350/4061 | loss -6.326 | 105 ms/step (9.49 it/s) | elapsed 2.5 min | ETA this epoch 4.8 min
  step 1400/4061 | loss -7.197 | 113 ms/step (8.82 it/s) | elapsed 2.6 min | ETA this epoch 5.0 min
  step 1450/4061 | loss -7.136 | 113 ms/step (8.82 it/s) | elapsed 2.7 min | ETA this epoch 4.9 min
  step 1500/4061 | loss -9.002 | 114 ms/step (8.79 it/s) | elapsed 2.8 min | ETA this epoch 4.9 min
  step 1550/4061 | loss -6.630 | 113 ms/step (8.83 it/s) | elapsed 2.9 min | ETA this epoch 4.7 min
  step 1600/4061 | loss -7.887 | 114 ms/step (8.80 it/s) | elapsed 3.0 min | ETA this epoch 4.7 min
  step 1650/4061 | loss -9.845 | 114 ms/step (8.79 it/s) | elapsed 3.1 min | ETA this epoch 4.6 min
  step 1700/4061 | loss -7.588 | 114 ms/step (8.78 it/s) | elapsed 3.2 min | ETA this epoch 4.5 min
  step 1750/4061 | loss -7.892 | 113 ms/step (8.89 it/s) | elapsed 3.3 min | ETA this epoch 4.3 min
  step 1800/4061 | loss -8.840 | 114 ms/step (8.75 it/s) | elapsed 3.4 min | ETA this epoch 4.3 min
  step 1850/4061 | loss -7.881 | 113 ms/step (8.84 it/s) | elapsed 3.5 min | ETA this epoch 4.2 min
  step 1900/4061 | loss -8.080 | 113 ms/step (8.86 it/s) | elapsed 3.6 min | ETA this epoch 4.1 min
  step 1950/4061 | loss -7.167 | 113 ms/step (8.85 it/s) | elapsed 3.7 min | ETA this epoch 4.0 min
  step 2000/4061 | loss -7.391 | 114 ms/step (8.78 it/s) | elapsed 3.8 min | ETA this epoch 3.9 min
  step 2050/4061 | loss -7.509 | 114 ms/step (8.79 it/s) | elapsed 3.8 min | ETA this epoch 3.8 min
  step 2100/4061 | loss -6.958 | 113 ms/step (8.83 it/s) | elapsed 3.9 min | ETA this epoch 3.7 min
  step 2150/4061 | loss -7.236 | 113 ms/step (8.83 it/s) | elapsed 4.0 min | ETA this epoch 3.6 min
  step 2200/4061 | loss -6.612 | 113 ms/step (8.81 it/s) | elapsed 4.1 min | ETA this epoch 3.5 min
  step 2250/4061 | loss -6.235 | 98 ms/step (10.23 it/s) | elapsed 4.2 min | ETA this epoch 3.0 min
  step 2300/4061 | loss -9.089 | 102 ms/step (9.85 it/s) | elapsed 4.3 min | ETA this epoch 3.0 min
  step 2350/4061 | loss -7.457 | 94 ms/step (10.64 it/s) | elapsed 4.4 min | ETA this epoch 2.7 min
  step 2400/4061 | loss -6.813 | 112 ms/step (8.91 it/s) | elapsed 4.5 min | ETA this epoch 3.1 min
  step 2450/4061 | loss -6.136 | 114 ms/step (8.77 it/s) | elapsed 4.6 min | ETA this epoch 3.1 min
  step 2500/4061 | loss -7.360 | 114 ms/step (8.80 it/s) | elapsed 4.7 min | ETA this epoch 3.0 min
  step 2550/4061 | loss -6.492 | 114 ms/step (8.81 it/s) | elapsed 4.8 min | ETA this epoch 2.9 min
  step 2600/4061 | loss -6.058 | 114 ms/step (8.81 it/s) | elapsed 4.8 min | ETA this epoch 2.8 min
  step 2650/4061 | loss -9.913 | 114 ms/step (8.81 it/s) | elapsed 4.9 min | ETA this epoch 2.7 min
  step 2700/4061 | loss -9.175 | 114 ms/step (8.79 it/s) | elapsed 5.0 min | ETA this epoch 2.6 min
  step 2750/4061 | loss -6.320 | 114 ms/step (8.79 it/s) | elapsed 5.1 min | ETA this epoch 2.5 min
  step 2800/4061 | loss -6.510 | 113 ms/step (8.81 it/s) | elapsed 5.2 min | ETA this epoch 2.4 min
  step 2850/4061 | loss -6.801 | 113 ms/step (8.84 it/s) | elapsed 5.3 min | ETA this epoch 2.3 min
  step 2900/4061 | loss -7.034 | 113 ms/step (8.84 it/s) | elapsed 5.4 min | ETA this epoch 2.2 min
  step 2950/4061 | loss -7.305 | 114 ms/step (8.79 it/s) | elapsed 5.5 min | ETA this epoch 2.1 min
  step 3000/4061 | loss -7.816 | 114 ms/step (8.81 it/s) | elapsed 5.6 min | ETA this epoch 2.0 min
  step 3050/4061 | loss -9.099 | 114 ms/step (8.78 it/s) | elapsed 5.7 min | ETA this epoch 1.9 min
  step 3100/4061 | loss -7.953 | 114 ms/step (8.81 it/s) | elapsed 5.8 min | ETA this epoch 1.8 min
  step 3150/4061 | loss -8.236 | 113 ms/step (8.81 it/s) | elapsed 5.9 min | ETA this epoch 1.7 min
  step 3200/4061 | loss -7.181 | 113 ms/step (8.81 it/s) | elapsed 6.0 min | ETA this epoch 1.6 min
  step 3250/4061 | loss -6.079 | 114 ms/step (8.78 it/s) | elapsed 6.1 min | ETA this epoch 1.5 min
  step 3300/4061 | loss -6.632 | 113 ms/step (8.81 it/s) | elapsed 6.2 min | ETA this epoch 1.4 min
  step 3350/4061 | loss -6.884 | 114 ms/step (8.78 it/s) | elapsed 6.3 min | ETA this epoch 1.4 min
  step 3400/4061 | loss -7.445 | 114 ms/step (8.78 it/s) | elapsed 6.4 min | ETA this epoch 1.3 min
  step 3450/4061 | loss -5.403 | 114 ms/step (8.80 it/s) | elapsed 6.5 min | ETA this epoch 1.2 min
  step 3500/4061 | loss -6.649 | 113 ms/step (8.85 it/s) | elapsed 6.6 min | ETA this epoch 1.1 min
  step 3550/4061 | loss -8.103 | 113 ms/step (8.82 it/s) | elapsed 6.6 min | ETA this epoch 1.0 min
  step 3600/4061 | loss -7.702 | 114 ms/step (8.80 it/s) | elapsed 6.7 min | ETA this epoch 0.9 min
  step 3650/4061 | loss -7.208 | 113 ms/step (8.88 it/s) | elapsed 6.8 min | ETA this epoch 0.8 min
  step 3700/4061 | loss -8.234 | 114 ms/step (8.78 it/s) | elapsed 6.9 min | ETA this epoch 0.7 min
  step 3750/4061 | loss -6.846 | 113 ms/step (8.84 it/s) | elapsed 7.0 min | ETA this epoch 0.6 min
  step 3800/4061 | loss -6.298 | 114 ms/step (8.79 it/s) | elapsed 7.1 min | ETA this epoch 0.5 min
  step 3850/4061 | loss -8.844 | 114 ms/step (8.79 it/s) | elapsed 7.2 min | ETA this epoch 0.4 min
  step 3900/4061 | loss -7.288 | 113 ms/step (8.82 it/s) | elapsed 7.3 min | ETA this epoch 0.3 min
  step 3950/4061 | loss -7.273 | 114 ms/step (8.79 it/s) | elapsed 7.4 min | ETA this epoch 0.2 min
  step 4000/4061 | loss -7.333 | 114 ms/step (8.79 it/s) | elapsed 7.5 min | ETA this epoch 0.1 min
  step 4050/4061 | loss -9.630 | 113 ms/step (8.82 it/s) | elapsed 7.6 min | ETA this epoch 0.0 min
Epoch 44/50 | Train -7.512 | Val L1 0.0018 | Val SI-SDR 18.42 dB | Time 7.9 min
Saved best model (SI-SDR 18.42 dB) -> /home/bubai-maji/speech_enhancement/script/propose_ablation1/checkpoint_propose_ab1/best_NGDM_SE.pt
  step 50/4061 | loss -7.690 | 113 ms/step (8.82 it/s) | elapsed 0.1 min | ETA this epoch 7.6 min
  step 100/4061 | loss -7.280 | 114 ms/step (8.79 it/s) | elapsed 0.2 min | ETA this epoch 7.5 min
  step 150/4061 | loss -6.964 | 114 ms/step (8.81 it/s) | elapsed 0.3 min | ETA this epoch 7.4 min
  step 200/4061 | loss -6.896 | 113 ms/step (8.82 it/s) | elapsed 0.4 min | ETA this epoch 7.3 min
  step 250/4061 | loss -8.168 | 114 ms/step (8.80 it/s) | elapsed 0.5 min | ETA this epoch 7.2 min
  step 300/4061 | loss -6.988 | 114 ms/step (8.80 it/s) | elapsed 0.6 min | ETA this epoch 7.1 min
  step 350/4061 | loss -6.671 | 114 ms/step (8.81 it/s) | elapsed 0.7 min | ETA this epoch 7.0 min
  step 400/4061 | loss -7.819 | 113 ms/step (8.83 it/s) | elapsed 0.8 min | ETA this epoch 6.9 min
  step 450/4061 | loss -7.519 | 114 ms/step (8.79 it/s) | elapsed 0.9 min | ETA this epoch 6.8 min
  step 500/4061 | loss -7.493 | 113 ms/step (8.83 it/s) | elapsed 0.9 min | ETA this epoch 6.7 min
  step 550/4061 | loss -5.419 | 113 ms/step (8.84 it/s) | elapsed 1.0 min | ETA this epoch 6.6 min
  step 600/4061 | loss -6.598 | 114 ms/step (8.80 it/s) | elapsed 1.1 min | ETA this epoch 6.6 min
  step 650/4061 | loss -7.974 | 114 ms/step (8.78 it/s) | elapsed 1.2 min | ETA this epoch 6.5 min
  step 700/4061 | loss -8.419 | 113 ms/step (8.84 it/s) | elapsed 1.3 min | ETA this epoch 6.3 min
  step 750/4061 | loss -8.899 | 114 ms/step (8.78 it/s) | elapsed 1.4 min | ETA this epoch 6.3 min
  step 800/4061 | loss -7.702 | 113 ms/step (8.82 it/s) | elapsed 1.5 min | ETA this epoch 6.2 min
  step 850/4061 | loss -7.620 | 114 ms/step (8.80 it/s) | elapsed 1.6 min | ETA this epoch 6.1 min
  step 900/4061 | loss -6.701 | 114 ms/step (8.77 it/s) | elapsed 1.7 min | ETA this epoch 6.0 min
  step 950/4061 | loss -8.792 | 113 ms/step (8.83 it/s) | elapsed 1.8 min | ETA this epoch 5.9 min
  step 1000/4061 | loss -7.595 | 114 ms/step (8.79 it/s) | elapsed 1.9 min | ETA this epoch 5.8 min
  step 1050/4061 | loss -7.916 | 113 ms/step (8.82 it/s) | elapsed 2.0 min | ETA this epoch 5.7 min
  step 1100/4061 | loss -7.406 | 114 ms/step (8.79 it/s) | elapsed 2.1 min | ETA this epoch 5.6 min
  step 1150/4061 | loss -8.097 | 114 ms/step (8.79 it/s) | elapsed 2.2 min | ETA this epoch 5.5 min
  step 1200/4061 | loss -7.865 | 96 ms/step (10.44 it/s) | elapsed 2.3 min | ETA this epoch 4.6 min
  step 1250/4061 | loss -5.920 | 102 ms/step (9.77 it/s) | elapsed 2.3 min | ETA this epoch 4.8 min
  step 1300/4061 | loss -8.802 | 106 ms/step (9.39 it/s) | elapsed 2.4 min | ETA this epoch 4.9 min
  step 1350/4061 | loss -6.819 | 113 ms/step (8.88 it/s) | elapsed 2.5 min | ETA this epoch 5.1 min
  step 1400/4061 | loss -6.853 | 114 ms/step (8.76 it/s) | elapsed 2.6 min | ETA this epoch 5.1 min
  step 1450/4061 | loss -8.453 | 114 ms/step (8.80 it/s) | elapsed 2.7 min | ETA this epoch 4.9 min
  step 1500/4061 | loss -7.916 | 114 ms/step (8.80 it/s) | elapsed 2.8 min | ETA this epoch 4.9 min
  step 1550/4061 | loss -7.397 | 114 ms/step (8.76 it/s) | elapsed 2.9 min | ETA this epoch 4.8 min
  step 1600/4061 | loss -7.701 | 113 ms/step (8.86 it/s) | elapsed 3.0 min | ETA this epoch 4.6 min
  step 1650/4061 | loss -7.773 | 113 ms/step (8.81 it/s) | elapsed 3.1 min | ETA this epoch 4.6 min
  step 1700/4061 | loss -7.891 | 113 ms/step (8.86 it/s) | elapsed 3.2 min | ETA this epoch 4.4 min
  step 1750/4061 | loss -6.986 | 113 ms/step (8.85 it/s) | elapsed 3.3 min | ETA this epoch 4.4 min
  step 1800/4061 | loss -8.763 | 113 ms/step (8.83 it/s) | elapsed 3.4 min | ETA this epoch 4.3 min
  step 1850/4061 | loss -7.596 | 113 ms/step (8.83 it/s) | elapsed 3.5 min | ETA this epoch 4.2 min
  step 1900/4061 | loss -6.943 | 114 ms/step (8.81 it/s) | elapsed 3.6 min | ETA this epoch 4.1 min
  step 1950/4061 | loss -8.860 | 113 ms/step (8.84 it/s) | elapsed 3.7 min | ETA this epoch 4.0 min
  step 2000/4061 | loss -9.151 | 116 ms/step (8.65 it/s) | elapsed 3.8 min | ETA this epoch 4.0 min
  step 2050/4061 | loss -8.388 | 111 ms/step (9.04 it/s) | elapsed 3.8 min | ETA this epoch 3.7 min
  step 2100/4061 | loss -9.010 | 100 ms/step (10.05 it/s) | elapsed 3.9 min | ETA this epoch 3.3 min
  step 2150/4061 | loss -8.602 | 97 ms/step (10.33 it/s) | elapsed 4.0 min | ETA this epoch 3.1 min
  step 2200/4061 | loss -7.558 | 106 ms/step (9.41 it/s) | elapsed 4.1 min | ETA this epoch 3.3 min
  step 2250/4061 | loss -6.454 | 111 ms/step (9.00 it/s) | elapsed 4.2 min | ETA this epoch 3.4 min
  step 2300/4061 | loss -7.399 | 114 ms/step (8.79 it/s) | elapsed 4.3 min | ETA this epoch 3.3 min
  step 2350/4061 | loss -7.153 | 115 ms/step (8.72 it/s) | elapsed 4.4 min | ETA this epoch 3.3 min
  step 2400/4061 | loss -8.244 | 114 ms/step (8.81 it/s) | elapsed 4.5 min | ETA this epoch 3.1 min
  step 2450/4061 | loss -7.645 | 113 ms/step (8.81 it/s) | elapsed 4.6 min | ETA this epoch 3.0 min
  step 2500/4061 | loss -8.072 | 113 ms/step (8.82 it/s) | elapsed 4.7 min | ETA this epoch 3.0 min
  step 2550/4061 | loss -5.769 | 113 ms/step (8.81 it/s) | elapsed 4.8 min | ETA this epoch 2.9 min
  step 2600/4061 | loss -6.776 | 114 ms/step (8.77 it/s) | elapsed 4.9 min | ETA this epoch 2.8 min
  step 2650/4061 | loss -8.026 | 114 ms/step (8.81 it/s) | elapsed 4.9 min | ETA this epoch 2.7 min
  step 2700/4061 | loss -7.770 | 113 ms/step (8.82 it/s) | elapsed 5.0 min | ETA this epoch 2.6 min
  step 2750/4061 | loss -8.933 | 114 ms/step (8.79 it/s) | elapsed 5.1 min | ETA this epoch 2.5 min
  step 2800/4061 | loss -7.308 | 114 ms/step (8.80 it/s) | elapsed 5.2 min | ETA this epoch 2.4 min
  step 2850/4061 | loss -7.287 | 114 ms/step (8.78 it/s) | elapsed 5.3 min | ETA this epoch 2.3 min
  step 2900/4061 | loss -8.806 | 113 ms/step (8.81 it/s) | elapsed 5.4 min | ETA this epoch 2.2 min
  step 2950/4061 | loss -6.405 | 113 ms/step (8.83 it/s) | elapsed 5.5 min | ETA this epoch 2.1 min
  step 3000/4061 | loss -7.090 | 113 ms/step (8.81 it/s) | elapsed 5.6 min | ETA this epoch 2.0 min
  step 3050/4061 | loss -8.891 | 114 ms/step (8.80 it/s) | elapsed 5.7 min | ETA this epoch 1.9 min
  step 3100/4061 | loss -8.680 | 114 ms/step (8.74 it/s) | elapsed 5.8 min | ETA this epoch 1.8 min
  step 3150/4061 | loss -7.785 | 114 ms/step (8.81 it/s) | elapsed 5.9 min | ETA this epoch 1.7 min
  step 3200/4061 | loss -6.631 | 114 ms/step (8.80 it/s) | elapsed 6.0 min | ETA this epoch 1.6 min
  step 3250/4061 | loss -8.270 | 113 ms/step (8.82 it/s) | elapsed 6.1 min | ETA this epoch 1.5 min
  step 3300/4061 | loss -7.698 | 112 ms/step (8.94 it/s) | elapsed 6.2 min | ETA this epoch 1.4 min
  step 3350/4061 | loss -7.268 | 113 ms/step (8.86 it/s) | elapsed 6.3 min | ETA this epoch 1.3 min
  step 3400/4061 | loss -7.417 | 114 ms/step (8.79 it/s) | elapsed 6.4 min | ETA this epoch 1.3 min
  step 3450/4061 | loss -6.140 | 114 ms/step (8.80 it/s) | elapsed 6.5 min | ETA this epoch 1.2 min
  step 3500/4061 | loss -7.276 | 114 ms/step (8.80 it/s) | elapsed 6.6 min | ETA this epoch 1.1 min
  step 3550/4061 | loss -6.961 | 113 ms/step (8.81 it/s) | elapsed 6.7 min | ETA this epoch 1.0 min
  step 3600/4061 | loss -8.022 | 114 ms/step (8.78 it/s) | elapsed 6.7 min | ETA this epoch 0.9 min
  step 3650/4061 | loss -8.682 | 114 ms/step (8.79 it/s) | elapsed 6.8 min | ETA this epoch 0.8 min
  step 3700/4061 | loss -5.878 | 113 ms/step (8.82 it/s) | elapsed 6.9 min | ETA this epoch 0.7 min
  step 3750/4061 | loss -6.749 | 113 ms/step (8.81 it/s) | elapsed 7.0 min | ETA this epoch 0.6 min
  step 3800/4061 | loss -8.051 | 114 ms/step (8.79 it/s) | elapsed 7.1 min | ETA this epoch 0.5 min
  step 3850/4061 | loss -5.662 | 114 ms/step (8.75 it/s) | elapsed 7.2 min | ETA this epoch 0.4 min
  step 3900/4061 | loss -5.469 | 113 ms/step (8.87 it/s) | elapsed 7.3 min | ETA this epoch 0.3 min
  step 3950/4061 | loss -6.094 | 113 ms/step (8.83 it/s) | elapsed 7.4 min | ETA this epoch 0.2 min
  step 4000/4061 | loss -7.735 | 114 ms/step (8.80 it/s) | elapsed 7.5 min | ETA this epoch 0.1 min
  step 4050/4061 | loss -7.008 | 114 ms/step (8.80 it/s) | elapsed 7.6 min | ETA this epoch 0.0 min
Epoch 45/50 | Train -7.516 | Val L1 0.0018 | Val SI-SDR 18.41 dB | Time 7.9 min
EarlyStopping counter: 1/7
  step 50/4061 | loss -7.413 | 114 ms/step (8.76 it/s) | elapsed 0.1 min | ETA this epoch 7.6 min
  step 100/4061 | loss -7.863 | 114 ms/step (8.80 it/s) | elapsed 0.2 min | ETA this epoch 7.5 min
  step 150/4061 | loss -5.932 | 114 ms/step (8.81 it/s) | elapsed 0.3 min | ETA this epoch 7.4 min
  step 200/4061 | loss -7.769 | 114 ms/step (8.79 it/s) | elapsed 0.4 min | ETA this epoch 7.3 min
  step 250/4061 | loss -8.204 | 114 ms/step (8.79 it/s) | elapsed 0.5 min | ETA this epoch 7.2 min
  step 300/4061 | loss -6.745 | 114 ms/step (8.80 it/s) | elapsed 0.6 min | ETA this epoch 7.1 min
  step 350/4061 | loss -7.323 | 114 ms/step (8.80 it/s) | elapsed 0.7 min | ETA this epoch 7.0 min
  step 400/4061 | loss -8.941 | 114 ms/step (8.74 it/s) | elapsed 0.8 min | ETA this epoch 7.0 min
  step 450/4061 | loss -6.599 | 114 ms/step (8.77 it/s) | elapsed 0.9 min | ETA this epoch 6.9 min
  step 500/4061 | loss -8.344 | 114 ms/step (8.79 it/s) | elapsed 0.9 min | ETA this epoch 6.7 min
  step 550/4061 | loss -7.935 | 113 ms/step (8.83 it/s) | elapsed 1.0 min | ETA this epoch 6.6 min
  step 600/4061 | loss -9.095 | 113 ms/step (8.83 it/s) | elapsed 1.1 min | ETA this epoch 6.5 min
  step 650/4061 | loss -12.033 | 114 ms/step (8.81 it/s) | elapsed 1.2 min | ETA this epoch 6.5 min
  step 700/4061 | loss -7.558 | 114 ms/step (8.76 it/s) | elapsed 1.3 min | ETA this epoch 6.4 min
  step 750/4061 | loss -8.321 | 114 ms/step (8.81 it/s) | elapsed 1.4 min | ETA this epoch 6.3 min
  step 800/4061 | loss -8.966 | 114 ms/step (8.76 it/s) | elapsed 1.5 min | ETA this epoch 6.2 min
  step 850/4061 | loss -6.754 | 114 ms/step (8.80 it/s) | elapsed 1.6 min | ETA this epoch 6.1 min
  step 900/4061 | loss -8.981 | 114 ms/step (8.80 it/s) | elapsed 1.7 min | ETA this epoch 6.0 min
  step 950/4061 | loss -6.270 | 113 ms/step (8.82 it/s) | elapsed 1.8 min | ETA this epoch 5.9 min
  step 1000/4061 | loss -6.798 | 113 ms/step (8.85 it/s) | elapsed 1.9 min | ETA this epoch 5.8 min
  step 1050/4061 | loss -6.886 | 114 ms/step (8.81 it/s) | elapsed 2.0 min | ETA this epoch 5.7 min
  step 1100/4061 | loss -6.700 | 114 ms/step (8.78 it/s) | elapsed 2.1 min | ETA this epoch 5.6 min
  step 1150/4061 | loss -9.925 | 105 ms/step (9.49 it/s) | elapsed 2.2 min | ETA this epoch 5.1 min
  step 1200/4061 | loss -6.684 | 98 ms/step (10.16 it/s) | elapsed 2.3 min | ETA this epoch 4.7 min
  step 1250/4061 | loss -8.792 | 98 ms/step (10.16 it/s) | elapsed 2.3 min | ETA this epoch 4.6 min
  step 1300/4061 | loss -6.298 | 108 ms/step (9.27 it/s) | elapsed 2.4 min | ETA this epoch 5.0 min
  step 1350/4061 | loss -7.280 | 113 ms/step (8.81 it/s) | elapsed 2.5 min | ETA this epoch 5.1 min
  step 1400/4061 | loss -8.250 | 114 ms/step (8.79 it/s) | elapsed 2.6 min | ETA this epoch 5.0 min
  step 1450/4061 | loss -9.122 | 114 ms/step (8.79 it/s) | elapsed 2.7 min | ETA this epoch 5.0 min
  step 1500/4061 | loss -7.240 | 113 ms/step (8.83 it/s) | elapsed 2.8 min | ETA this epoch 4.8 min
  step 1550/4061 | loss -6.836 | 114 ms/step (8.79 it/s) | elapsed 2.9 min | ETA this epoch 4.8 min
  step 1600/4061 | loss -9.313 | 114 ms/step (8.79 it/s) | elapsed 3.0 min | ETA this epoch 4.7 min
  step 1650/4061 | loss -7.477 | 114 ms/step (8.75 it/s) | elapsed 3.1 min | ETA this epoch 4.6 min
  step 1700/4061 | loss -8.148 | 114 ms/step (8.81 it/s) | elapsed 3.2 min | ETA this epoch 4.5 min
  step 1750/4061 | loss -7.325 | 113 ms/step (8.82 it/s) | elapsed 3.3 min | ETA this epoch 4.4 min
  step 1800/4061 | loss -7.664 | 113 ms/step (8.83 it/s) | elapsed 3.4 min | ETA this epoch 4.3 min
  step 1850/4061 | loss -7.305 | 114 ms/step (8.76 it/s) | elapsed 3.5 min | ETA this epoch 4.2 min
  step 1900/4061 | loss -7.345 | 105 ms/step (9.48 it/s) | elapsed 3.6 min | ETA this epoch 3.8 min
  step 1950/4061 | loss -6.984 | 98 ms/step (10.23 it/s) | elapsed 3.6 min | ETA this epoch 3.4 min
  step 2000/4061 | loss -9.130 | 101 ms/step (9.88 it/s) | elapsed 3.7 min | ETA this epoch 3.5 min
  step 2050/4061 | loss -9.899 | 112 ms/step (8.90 it/s) | elapsed 3.8 min | ETA this epoch 3.8 min
  step 2100/4061 | loss -7.808 | 114 ms/step (8.80 it/s) | elapsed 3.9 min | ETA this epoch 3.7 min
  step 2150/4061 | loss -8.099 | 114 ms/step (8.78 it/s) | elapsed 4.0 min | ETA this epoch 3.6 min
  step 2200/4061 | loss -8.276 | 114 ms/step (8.80 it/s) | elapsed 4.1 min | ETA this epoch 3.5 min
  step 2250/4061 | loss -7.213 | 114 ms/step (8.79 it/s) | elapsed 4.2 min | ETA this epoch 3.4 min
  step 2300/4061 | loss -7.953 | 113 ms/step (8.81 it/s) | elapsed 4.3 min | ETA this epoch 3.3 min
  step 2350/4061 | loss -7.410 | 113 ms/step (8.86 it/s) | elapsed 4.4 min | ETA this epoch 3.2 min
  step 2400/4061 | loss -6.750 | 114 ms/step (8.79 it/s) | elapsed 4.5 min | ETA this epoch 3.1 min
  step 2450/4061 | loss -7.035 | 113 ms/step (8.83 it/s) | elapsed 4.6 min | ETA this epoch 3.0 min
  step 2500/4061 | loss -7.381 | 113 ms/step (8.81 it/s) | elapsed 4.7 min | ETA this epoch 3.0 min
  step 2550/4061 | loss -7.596 | 114 ms/step (8.76 it/s) | elapsed 4.8 min | ETA this epoch 2.9 min
  step 2600/4061 | loss -7.748 | 114 ms/step (8.77 it/s) | elapsed 4.9 min | ETA this epoch 2.8 min
  step 2650/4061 | loss -8.710 | 113 ms/step (8.87 it/s) | elapsed 5.0 min | ETA this epoch 2.7 min
  step 2700/4061 | loss -7.441 | 114 ms/step (8.80 it/s) | elapsed 5.0 min | ETA this epoch 2.6 min
  step 2750/4061 | loss -7.505 | 113 ms/step (8.82 it/s) | elapsed 5.1 min | ETA this epoch 2.5 min
  step 2800/4061 | loss -6.133 | 114 ms/step (8.81 it/s) | elapsed 5.2 min | ETA this epoch 2.4 min
  step 2850/4061 | loss -6.454 | 114 ms/step (8.80 it/s) | elapsed 5.3 min | ETA this epoch 2.3 min
  step 2900/4061 | loss -8.027 | 114 ms/step (8.76 it/s) | elapsed 5.4 min | ETA this epoch 2.2 min
  step 2950/4061 | loss -8.072 | 113 ms/step (8.85 it/s) | elapsed 5.5 min | ETA this epoch 2.1 min
  step 3000/4061 | loss -10.086 | 114 ms/step (8.77 it/s) | elapsed 5.6 min | ETA this epoch 2.0 min
  step 3050/4061 | loss -9.452 | 114 ms/step (8.80 it/s) | elapsed 5.7 min | ETA this epoch 1.9 min
  step 3100/4061 | loss -7.370 | 113 ms/step (8.81 it/s) | elapsed 5.8 min | ETA this epoch 1.8 min
  step 3150/4061 | loss -7.023 | 114 ms/step (8.77 it/s) | elapsed 5.9 min | ETA this epoch 1.7 min
  step 3200/4061 | loss -7.248 | 113 ms/step (8.82 it/s) | elapsed 6.0 min | ETA this epoch 1.6 min
  step 3250/4061 | loss -7.872 | 114 ms/step (8.78 it/s) | elapsed 6.1 min | ETA this epoch 1.5 min
  step 3300/4061 | loss -7.080 | 114 ms/step (8.78 it/s) | elapsed 6.2 min | ETA this epoch 1.4 min
  step 3350/4061 | loss -7.270 | 114 ms/step (8.81 it/s) | elapsed 6.3 min | ETA this epoch 1.3 min
  step 3400/4061 | loss -7.420 | 114 ms/step (8.78 it/s) | elapsed 6.4 min | ETA this epoch 1.3 min
  step 3450/4061 | loss -7.670 | 115 ms/step (8.70 it/s) | elapsed 6.5 min | ETA this epoch 1.2 min
  step 3500/4061 | loss -8.809 | 114 ms/step (8.81 it/s) | elapsed 6.6 min | ETA this epoch 1.1 min
  step 3550/4061 | loss -6.693 | 116 ms/step (8.64 it/s) | elapsed 6.7 min | ETA this epoch 1.0 min
  step 3600/4061 | loss -8.328 | 113 ms/step (8.86 it/s) | elapsed 6.8 min | ETA this epoch 0.9 min
  step 3650/4061 | loss -7.632 | 113 ms/step (8.86 it/s) | elapsed 6.8 min | ETA this epoch 0.8 min
  step 3700/4061 | loss -8.980 | 114 ms/step (8.79 it/s) | elapsed 6.9 min | ETA this epoch 0.7 min
  step 3750/4061 | loss -8.711 | 114 ms/step (8.76 it/s) | elapsed 7.0 min | ETA this epoch 0.6 min
  step 3800/4061 | loss -6.714 | 114 ms/step (8.76 it/s) | elapsed 7.1 min | ETA this epoch 0.5 min
  step 3850/4061 | loss -7.954 | 113 ms/step (8.83 it/s) | elapsed 7.2 min | ETA this epoch 0.4 min
  step 3900/4061 | loss -8.514 | 114 ms/step (8.78 it/s) | elapsed 7.3 min | ETA this epoch 0.3 min
  step 3950/4061 | loss -7.399 | 114 ms/step (8.78 it/s) | elapsed 7.4 min | ETA this epoch 0.2 min
  step 4000/4061 | loss -8.237 | 113 ms/step (8.84 it/s) | elapsed 7.5 min | ETA this epoch 0.1 min
  step 4050/4061 | loss -7.441 | 114 ms/step (8.78 it/s) | elapsed 7.6 min | ETA this epoch 0.0 min
Epoch 46/50 | Train -7.516 | Val L1 0.0018 | Val SI-SDR 18.46 dB | Time 7.9 min
Saved best model (SI-SDR 18.46 dB) -> /home/bubai-maji/speech_enhancement/script/propose_ablation1/checkpoint_propose_ab1/best_NGDM_SE.pt
  step 50/4061 | loss -7.904 | 114 ms/step (8.80 it/s) | elapsed 0.1 min | ETA this epoch 7.6 min
  step 100/4061 | loss -7.306 | 114 ms/step (8.79 it/s) | elapsed 0.2 min | ETA this epoch 7.5 min
  step 150/4061 | loss -7.287 | 113 ms/step (8.85 it/s) | elapsed 0.3 min | ETA this epoch 7.4 min
  step 200/4061 | loss -8.302 | 114 ms/step (8.80 it/s) | elapsed 0.4 min | ETA this epoch 7.3 min
  step 250/4061 | loss -6.779 | 116 ms/step (8.65 it/s) | elapsed 0.5 min | ETA this epoch 7.3 min
  step 300/4061 | loss -5.899 | 114 ms/step (8.79 it/s) | elapsed 0.6 min | ETA this epoch 7.1 min
  step 350/4061 | loss -7.742 | 112 ms/step (8.89 it/s) | elapsed 0.7 min | ETA this epoch 7.0 min
  step 400/4061 | loss -7.616 | 113 ms/step (8.88 it/s) | elapsed 0.8 min | ETA this epoch 6.9 min
  step 450/4061 | loss -8.264 | 113 ms/step (8.83 it/s) | elapsed 0.9 min | ETA this epoch 6.8 min
  step 500/4061 | loss -6.941 | 114 ms/step (8.79 it/s) | elapsed 0.9 min | ETA this epoch 6.8 min
  step 550/4061 | loss -7.666 | 113 ms/step (8.84 it/s) | elapsed 1.0 min | ETA this epoch 6.6 min
  step 600/4061 | loss -6.441 | 114 ms/step (8.77 it/s) | elapsed 1.1 min | ETA this epoch 6.6 min
  step 650/4061 | loss -8.452 | 113 ms/step (8.82 it/s) | elapsed 1.2 min | ETA this epoch 6.4 min
  step 700/4061 | loss -7.538 | 111 ms/step (9.02 it/s) | elapsed 1.3 min | ETA this epoch 6.2 min
  step 750/4061 | loss -9.448 | 113 ms/step (8.85 it/s) | elapsed 1.4 min | ETA this epoch 6.2 min
  step 800/4061 | loss -6.670 | 113 ms/step (8.82 it/s) | elapsed 1.5 min | ETA this epoch 6.2 min
  step 850/4061 | loss -7.268 | 114 ms/step (8.77 it/s) | elapsed 1.6 min | ETA this epoch 6.1 min
  step 900/4061 | loss -7.680 | 113 ms/step (8.82 it/s) | elapsed 1.7 min | ETA this epoch 6.0 min
  step 950/4061 | loss -7.122 | 113 ms/step (8.81 it/s) | elapsed 1.8 min | ETA this epoch 5.9 min
  step 1000/4061 | loss -7.950 | 114 ms/step (8.79 it/s) | elapsed 1.9 min | ETA this epoch 5.8 min
  step 1050/4061 | loss -7.568 | 114 ms/step (8.80 it/s) | elapsed 2.0 min | ETA this epoch 5.7 min
  step 1100/4061 | loss -7.191 | 108 ms/step (9.25 it/s) | elapsed 2.1 min | ETA this epoch 5.3 min
  step 1150/4061 | loss -8.314 | 101 ms/step (9.86 it/s) | elapsed 2.2 min | ETA this epoch 4.9 min
  step 1200/4061 | loss -7.817 | 98 ms/step (10.19 it/s) | elapsed 2.2 min | ETA this epoch 4.7 min
  step 1250/4061 | loss -7.902 | 97 ms/step (10.32 it/s) | elapsed 2.3 min | ETA this epoch 4.5 min
  step 1300/4061 | loss -8.035 | 114 ms/step (8.78 it/s) | elapsed 2.4 min | ETA this epoch 5.2 min
  step 1350/4061 | loss -6.587 | 113 ms/step (8.83 it/s) | elapsed 2.5 min | ETA this epoch 5.1 min
  step 1400/4061 | loss -6.198 | 113 ms/step (8.83 it/s) | elapsed 2.6 min | ETA this epoch 5.0 min
  step 1450/4061 | loss -7.164 | 114 ms/step (8.80 it/s) | elapsed 2.7 min | ETA this epoch 4.9 min
  step 1500/4061 | loss -7.297 | 113 ms/step (8.83 it/s) | elapsed 2.8 min | ETA this epoch 4.8 min
  step 1550/4061 | loss -8.442 | 114 ms/step (8.80 it/s) | elapsed 2.9 min | ETA this epoch 4.8 min
  step 1600/4061 | loss -7.064 | 114 ms/step (8.79 it/s) | elapsed 3.0 min | ETA this epoch 4.7 min
  step 1650/4061 | loss -7.149 | 113 ms/step (8.82 it/s) | elapsed 3.1 min | ETA this epoch 4.6 min
  step 1700/4061 | loss -6.560 | 109 ms/step (9.21 it/s) | elapsed 3.2 min | ETA this epoch 4.3 min
  step 1750/4061 | loss -7.000 | 96 ms/step (10.44 it/s) | elapsed 3.2 min | ETA this epoch 3.7 min
  step 1800/4061 | loss -8.747 | 98 ms/step (10.21 it/s) | elapsed 3.3 min | ETA this epoch 3.7 min
  step 1850/4061 | loss -6.167 | 110 ms/step (9.07 it/s) | elapsed 3.4 min | ETA this epoch 4.1 min
  step 1900/4061 | loss -7.376 | 114 ms/step (8.80 it/s) | elapsed 3.5 min | ETA this epoch 4.1 min
  step 1950/4061 | loss -8.359 | 113 ms/step (8.84 it/s) | elapsed 3.6 min | ETA this epoch 4.0 min
  step 2000/4061 | loss -6.748 | 113 ms/step (8.82 it/s) | elapsed 3.7 min | ETA this epoch 3.9 min
  step 2050/4061 | loss -7.165 | 114 ms/step (8.80 it/s) | elapsed 3.8 min | ETA this epoch 3.8 min
  step 2100/4061 | loss -9.176 | 114 ms/step (8.81 it/s) | elapsed 3.9 min | ETA this epoch 3.7 min
  step 2150/4061 | loss -8.047 | 113 ms/step (8.83 it/s) | elapsed 4.0 min | ETA this epoch 3.6 min
  step 2200/4061 | loss -7.918 | 114 ms/step (8.80 it/s) | elapsed 4.1 min | ETA this epoch 3.5 min
  step 2250/4061 | loss -9.327 | 113 ms/step (8.83 it/s) | elapsed 4.2 min | ETA this epoch 3.4 min
  step 2300/4061 | loss -6.565 | 114 ms/step (8.80 it/s) | elapsed 4.3 min | ETA this epoch 3.3 min
  step 2350/4061 | loss -6.908 | 114 ms/step (8.78 it/s) | elapsed 4.4 min | ETA this epoch 3.2 min
  step 2400/4061 | loss -7.873 | 114 ms/step (8.80 it/s) | elapsed 4.5 min | ETA this epoch 3.1 min
  step 2450/4061 | loss -8.051 | 113 ms/step (8.81 it/s) | elapsed 4.6 min | ETA this epoch 3.0 min
  step 2500/4061 | loss -7.804 | 116 ms/step (8.64 it/s) | elapsed 4.7 min | ETA this epoch 3.0 min
  step 2550/4061 | loss -7.631 | 114 ms/step (8.80 it/s) | elapsed 4.7 min | ETA this epoch 2.9 min
  step 2600/4061 | loss -9.078 | 114 ms/step (8.80 it/s) | elapsed 4.8 min | ETA this epoch 2.8 min
  step 2650/4061 | loss -7.525 | 114 ms/step (8.79 it/s) | elapsed 4.9 min | ETA this epoch 2.7 min
  step 2700/4061 | loss -6.295 | 114 ms/step (8.79 it/s) | elapsed 5.0 min | ETA this epoch 2.6 min
  step 2750/4061 | loss -5.674 | 114 ms/step (8.80 it/s) | elapsed 5.1 min | ETA this epoch 2.5 min
  step 2800/4061 | loss -10.959 | 114 ms/step (8.76 it/s) | elapsed 5.2 min | ETA this epoch 2.4 min
  step 2850/4061 | loss -7.436 | 114 ms/step (8.76 it/s) | elapsed 5.3 min | ETA this epoch 2.3 min
  step 2900/4061 | loss -6.969 | 113 ms/step (8.85 it/s) | elapsed 5.4 min | ETA this epoch 2.2 min
  step 2950/4061 | loss -7.021 | 113 ms/step (8.81 it/s) | elapsed 5.5 min | ETA this epoch 2.1 min
  step 3000/4061 | loss -8.522 | 113 ms/step (8.85 it/s) | elapsed 5.6 min | ETA this epoch 2.0 min
  step 3050/4061 | loss -7.816 | 114 ms/step (8.78 it/s) | elapsed 5.7 min | ETA this epoch 1.9 min
  step 3100/4061 | loss -7.202 | 113 ms/step (8.82 it/s) | elapsed 5.8 min | ETA this epoch 1.8 min
  step 3150/4061 | loss -7.959 | 114 ms/step (8.80 it/s) | elapsed 5.9 min | ETA this epoch 1.7 min
  step 3200/4061 | loss -6.833 | 114 ms/step (8.81 it/s) | elapsed 6.0 min | ETA this epoch 1.6 min
  step 3250/4061 | loss -7.016 | 114 ms/step (8.80 it/s) | elapsed 6.1 min | ETA this epoch 1.5 min
  step 3300/4061 | loss -7.355 | 114 ms/step (8.80 it/s) | elapsed 6.2 min | ETA this epoch 1.4 min
  step 3350/4061 | loss -6.172 | 112 ms/step (8.90 it/s) | elapsed 6.3 min | ETA this epoch 1.3 min
  step 3400/4061 | loss -7.324 | 113 ms/step (8.84 it/s) | elapsed 6.4 min | ETA this epoch 1.2 min
  step 3450/4061 | loss -7.157 | 114 ms/step (8.78 it/s) | elapsed 6.5 min | ETA this epoch 1.2 min
  step 3500/4061 | loss -7.549 | 114 ms/step (8.81 it/s) | elapsed 6.5 min | ETA this epoch 1.1 min
  step 3550/4061 | loss -7.129 | 114 ms/step (8.79 it/s) | elapsed 6.6 min | ETA this epoch 1.0 min
  step 3600/4061 | loss -6.436 | 115 ms/step (8.68 it/s) | elapsed 6.7 min | ETA this epoch 0.9 min
  step 3650/4061 | loss -7.679 | 114 ms/step (8.79 it/s) | elapsed 6.8 min | ETA this epoch 0.8 min
  step 3700/4061 | loss -8.485 | 114 ms/step (8.76 it/s) | elapsed 6.9 min | ETA this epoch 0.7 min
  step 3750/4061 | loss -7.377 | 114 ms/step (8.78 it/s) | elapsed 7.0 min | ETA this epoch 0.6 min
  step 3800/4061 | loss -6.578 | 114 ms/step (8.80 it/s) | elapsed 7.1 min | ETA this epoch 0.5 min
  step 3850/4061 | loss -6.849 | 114 ms/step (8.78 it/s) | elapsed 7.2 min | ETA this epoch 0.4 min
  step 3900/4061 | loss -6.570 | 113 ms/step (8.81 it/s) | elapsed 7.3 min | ETA this epoch 0.3 min
  step 3950/4061 | loss -7.243 | 114 ms/step (8.81 it/s) | elapsed 7.4 min | ETA this epoch 0.2 min
  step 4000/4061 | loss -9.467 | 113 ms/step (8.85 it/s) | elapsed 7.5 min | ETA this epoch 0.1 min
  step 4050/4061 | loss -7.721 | 112 ms/step (8.91 it/s) | elapsed 7.6 min | ETA this epoch 0.0 min
Epoch 47/50 | Train -7.522 | Val L1 0.0018 | Val SI-SDR 18.45 dB | Time 7.9 min
EarlyStopping counter: 1/7
  step 50/4061 | loss -7.023 | 114 ms/step (8.75 it/s) | elapsed 0.1 min | ETA this epoch 7.6 min
  step 100/4061 | loss -6.529 | 114 ms/step (8.79 it/s) | elapsed 0.2 min | ETA this epoch 7.5 min
  step 150/4061 | loss -6.680 | 113 ms/step (8.84 it/s) | elapsed 0.3 min | ETA this epoch 7.4 min
  step 200/4061 | loss -8.135 | 114 ms/step (8.76 it/s) | elapsed 0.4 min | ETA this epoch 7.3 min
  step 250/4061 | loss -6.864 | 114 ms/step (8.77 it/s) | elapsed 0.5 min | ETA this epoch 7.2 min
  step 300/4061 | loss -7.162 | 114 ms/step (8.76 it/s) | elapsed 0.6 min | ETA this epoch 7.2 min
  step 350/4061 | loss -6.692 | 113 ms/step (8.83 it/s) | elapsed 0.7 min | ETA this epoch 7.0 min
  step 400/4061 | loss -9.304 | 114 ms/step (8.76 it/s) | elapsed 0.8 min | ETA this epoch 7.0 min
  step 450/4061 | loss -8.001 | 113 ms/step (8.84 it/s) | elapsed 0.9 min | ETA this epoch 6.8 min
  step 500/4061 | loss -7.267 | 113 ms/step (8.81 it/s) | elapsed 0.9 min | ETA this epoch 6.7 min
  step 550/4061 | loss -10.044 | 113 ms/step (8.83 it/s) | elapsed 1.0 min | ETA this epoch 6.6 min
  step 600/4061 | loss -9.997 | 113 ms/step (8.85 it/s) | elapsed 1.1 min | ETA this epoch 6.5 min
  step 650/4061 | loss -7.701 | 113 ms/step (8.88 it/s) | elapsed 1.2 min | ETA this epoch 6.4 min
  step 700/4061 | loss -7.141 | 113 ms/step (8.81 it/s) | elapsed 1.3 min | ETA this epoch 6.4 min
  step 750/4061 | loss -6.468 | 114 ms/step (8.80 it/s) | elapsed 1.4 min | ETA this epoch 6.3 min
  step 800/4061 | loss -7.164 | 114 ms/step (8.80 it/s) | elapsed 1.5 min | ETA this epoch 6.2 min
  step 850/4061 | loss -7.520 | 113 ms/step (8.81 it/s) | elapsed 1.6 min | ETA this epoch 6.1 min
  step 900/4061 | loss -7.647 | 113 ms/step (8.81 it/s) | elapsed 1.7 min | ETA this epoch 6.0 min
  step 950/4061 | loss -6.441 | 114 ms/step (8.78 it/s) | elapsed 1.8 min | ETA this epoch 5.9 min
  step 1000/4061 | loss -7.100 | 114 ms/step (8.81 it/s) | elapsed 1.9 min | ETA this epoch 5.8 min
  step 1050/4061 | loss -7.793 | 114 ms/step (8.77 it/s) | elapsed 2.0 min | ETA this epoch 5.7 min
  step 1100/4061 | loss -7.666 | 104 ms/step (9.59 it/s) | elapsed 2.1 min | ETA this epoch 5.1 min
  step 1150/4061 | loss -8.920 | 98 ms/step (10.16 it/s) | elapsed 2.2 min | ETA this epoch 4.8 min
  step 1200/4061 | loss -6.064 | 97 ms/step (10.28 it/s) | elapsed 2.2 min | ETA this epoch 4.6 min
  step 1250/4061 | loss -10.546 | 112 ms/step (8.93 it/s) | elapsed 2.3 min | ETA this epoch 5.2 min
  step 1300/4061 | loss -6.718 | 115 ms/step (8.73 it/s) | elapsed 2.4 min | ETA this epoch 5.3 min
  step 1350/4061 | loss -7.639 | 114 ms/step (8.79 it/s) | elapsed 2.5 min | ETA this epoch 5.1 min
  step 1400/4061 | loss -7.738 | 114 ms/step (8.79 it/s) | elapsed 2.6 min | ETA this epoch 5.0 min
  step 1450/4061 | loss -7.352 | 114 ms/step (8.76 it/s) | elapsed 2.7 min | ETA this epoch 5.0 min
  step 1500/4061 | loss -8.161 | 108 ms/step (9.23 it/s) | elapsed 2.8 min | ETA this epoch 4.6 min
  step 1550/4061 | loss -7.215 | 103 ms/step (9.75 it/s) | elapsed 2.9 min | ETA this epoch 4.3 min
  step 1600/4061 | loss -7.432 | 99 ms/step (10.07 it/s) | elapsed 3.0 min | ETA this epoch 4.1 min
  step 1650/4061 | loss -7.406 | 109 ms/step (9.17 it/s) | elapsed 3.1 min | ETA this epoch 4.4 min
  step 1700/4061 | loss -7.650 | 114 ms/step (8.79 it/s) | elapsed 3.2 min | ETA this epoch 4.5 min
  step 1750/4061 | loss -7.540 | 114 ms/step (8.77 it/s) | elapsed 3.3 min | ETA this epoch 4.4 min
  step 1800/4061 | loss -8.373 | 113 ms/step (8.82 it/s) | elapsed 3.3 min | ETA this epoch 4.3 min
  step 1850/4061 | loss -6.739 | 113 ms/step (8.83 it/s) | elapsed 3.4 min | ETA this epoch 4.2 min
  step 1900/4061 | loss -7.855 | 114 ms/step (8.77 it/s) | elapsed 3.5 min | ETA this epoch 4.1 min
  step 1950/4061 | loss -6.631 | 114 ms/step (8.77 it/s) | elapsed 3.6 min | ETA this epoch 4.0 min
  step 2000/4061 | loss -8.726 | 113 ms/step (8.84 it/s) | elapsed 3.7 min | ETA this epoch 3.9 min
  step 2050/4061 | loss -6.247 | 114 ms/step (8.81 it/s) | elapsed 3.8 min | ETA this epoch 3.8 min
  step 2100/4061 | loss -9.052 | 114 ms/step (8.81 it/s) | elapsed 3.9 min | ETA this epoch 3.7 min
  step 2150/4061 | loss -7.696 | 114 ms/step (8.77 it/s) | elapsed 4.0 min | ETA this epoch 3.6 min
  step 2200/4061 | loss -8.423 | 115 ms/step (8.72 it/s) | elapsed 4.1 min | ETA this epoch 3.6 min
  step 2250/4061 | loss -5.768 | 116 ms/step (8.65 it/s) | elapsed 4.2 min | ETA this epoch 3.5 min
  step 2300/4061 | loss -7.412 | 113 ms/step (8.83 it/s) | elapsed 4.3 min | ETA this epoch 3.3 min
  step 2350/4061 | loss -7.793 | 114 ms/step (8.75 it/s) | elapsed 4.4 min | ETA this epoch 3.3 min
  step 2400/4061 | loss -7.620 | 114 ms/step (8.78 it/s) | elapsed 4.5 min | ETA this epoch 3.2 min
  step 2450/4061 | loss -9.801 | 113 ms/step (8.85 it/s) | elapsed 4.6 min | ETA this epoch 3.0 min
  step 2500/4061 | loss -7.671 | 114 ms/step (8.79 it/s) | elapsed 4.7 min | ETA this epoch 3.0 min
  step 2550/4061 | loss -7.648 | 113 ms/step (8.82 it/s) | elapsed 4.8 min | ETA this epoch 2.9 min
  step 2600/4061 | loss -6.744 | 114 ms/step (8.78 it/s) | elapsed 4.9 min | ETA this epoch 2.8 min
  step 2650/4061 | loss -6.079 | 114 ms/step (8.79 it/s) | elapsed 5.0 min | ETA this epoch 2.7 min
  step 2700/4061 | loss -6.417 | 113 ms/step (8.86 it/s) | elapsed 5.1 min | ETA this epoch 2.6 min
  step 2750/4061 | loss -8.311 | 113 ms/step (8.83 it/s) | elapsed 5.1 min | ETA this epoch 2.5 min
  step 2800/4061 | loss -7.969 | 113 ms/step (8.84 it/s) | elapsed 5.2 min | ETA this epoch 2.4 min
  step 2850/4061 | loss -7.347 | 114 ms/step (8.78 it/s) | elapsed 5.3 min | ETA this epoch 2.3 min
  step 2900/4061 | loss -7.466 | 113 ms/step (8.81 it/s) | elapsed 5.4 min | ETA this epoch 2.2 min
  step 2950/4061 | loss -7.820 | 113 ms/step (8.85 it/s) | elapsed 5.5 min | ETA this epoch 2.1 min
  step 3000/4061 | loss -7.013 | 113 ms/step (8.86 it/s) | elapsed 5.6 min | ETA this epoch 2.0 min
  step 3050/4061 | loss -7.814 | 113 ms/step (8.82 it/s) | elapsed 5.7 min | ETA this epoch 1.9 min
  step 3100/4061 | loss -8.199 | 113 ms/step (8.84 it/s) | elapsed 5.8 min | ETA this epoch 1.8 min
  step 3150/4061 | loss -7.095 | 113 ms/step (8.82 it/s) | elapsed 5.9 min | ETA this epoch 1.7 min
  step 3200/4061 | loss -7.173 | 114 ms/step (8.80 it/s) | elapsed 6.0 min | ETA this epoch 1.6 min
  step 3250/4061 | loss -5.833 | 113 ms/step (8.82 it/s) | elapsed 6.1 min | ETA this epoch 1.5 min
  step 3300/4061 | loss -8.256 | 115 ms/step (8.73 it/s) | elapsed 6.2 min | ETA this epoch 1.5 min
  step 3350/4061 | loss -6.690 | 113 ms/step (8.83 it/s) | elapsed 6.3 min | ETA this epoch 1.3 min
  step 3400/4061 | loss -7.721 | 113 ms/step (8.84 it/s) | elapsed 6.4 min | ETA this epoch 1.2 min
  step 3450/4061 | loss -6.848 | 114 ms/step (8.80 it/s) | elapsed 6.5 min | ETA this epoch 1.2 min
  step 3500/4061 | loss -7.502 | 114 ms/step (8.79 it/s) | elapsed 6.6 min | ETA this epoch 1.1 min
  step 3550/4061 | loss -6.802 | 114 ms/step (8.78 it/s) | elapsed 6.7 min | ETA this epoch 1.0 min
  step 3600/4061 | loss -5.893 | 113 ms/step (8.87 it/s) | elapsed 6.8 min | ETA this epoch 0.9 min
  step 3650/4061 | loss -7.804 | 114 ms/step (8.80 it/s) | elapsed 6.8 min | ETA this epoch 0.8 min
  step 3700/4061 | loss -6.440 | 113 ms/step (8.81 it/s) | elapsed 6.9 min | ETA this epoch 0.7 min
  step 3750/4061 | loss -7.971 | 115 ms/step (8.72 it/s) | elapsed 7.0 min | ETA this epoch 0.6 min
  step 3800/4061 | loss -7.868 | 114 ms/step (8.80 it/s) | elapsed 7.1 min | ETA this epoch 0.5 min
  step 3850/4061 | loss -5.865 | 113 ms/step (8.82 it/s) | elapsed 7.2 min | ETA this epoch 0.4 min
  step 3900/4061 | loss -8.121 | 114 ms/step (8.78 it/s) | elapsed 7.3 min | ETA this epoch 0.3 min
  step 3950/4061 | loss -7.555 | 113 ms/step (8.83 it/s) | elapsed 7.4 min | ETA this epoch 0.2 min
  step 4000/4061 | loss -5.910 | 114 ms/step (8.75 it/s) | elapsed 7.5 min | ETA this epoch 0.1 min
  step 4050/4061 | loss -8.925 | 113 ms/step (8.83 it/s) | elapsed 7.6 min | ETA this epoch 0.0 min
Epoch 48/50 | Train -7.526 | Val L1 0.0018 | Val SI-SDR 18.45 dB | Time 7.9 min
EarlyStopping counter: 2/7
  step 50/4061 | loss -7.159 | 115 ms/step (8.71 it/s) | elapsed 0.1 min | ETA this epoch 7.7 min
  step 100/4061 | loss -8.465 | 114 ms/step (8.79 it/s) | elapsed 0.2 min | ETA this epoch 7.5 min
  step 150/4061 | loss -8.576 | 114 ms/step (8.81 it/s) | elapsed 0.3 min | ETA this epoch 7.4 min
  step 200/4061 | loss -7.762 | 114 ms/step (8.80 it/s) | elapsed 0.4 min | ETA this epoch 7.3 min
  step 250/4061 | loss -7.865 | 114 ms/step (8.80 it/s) | elapsed 0.5 min | ETA this epoch 7.2 min
  step 300/4061 | loss -6.389 | 114 ms/step (8.78 it/s) | elapsed 0.6 min | ETA this epoch 7.1 min
  step 350/4061 | loss -7.957 | 113 ms/step (8.85 it/s) | elapsed 0.7 min | ETA this epoch 7.0 min
  step 400/4061 | loss -8.089 | 114 ms/step (8.78 it/s) | elapsed 0.8 min | ETA this epoch 6.9 min
  step 450/4061 | loss -7.189 | 114 ms/step (8.78 it/s) | elapsed 0.9 min | ETA this epoch 6.9 min
  step 500/4061 | loss -9.173 | 113 ms/step (8.85 it/s) | elapsed 0.9 min | ETA this epoch 6.7 min
  step 550/4061 | loss -8.387 | 114 ms/step (8.79 it/s) | elapsed 1.0 min | ETA this epoch 6.7 min
  step 600/4061 | loss -7.829 | 114 ms/step (8.77 it/s) | elapsed 1.1 min | ETA this epoch 6.6 min
  step 650/4061 | loss -6.860 | 114 ms/step (8.78 it/s) | elapsed 1.2 min | ETA this epoch 6.5 min
  step 700/4061 | loss -6.502 | 113 ms/step (8.85 it/s) | elapsed 1.3 min | ETA this epoch 6.3 min
  step 750/4061 | loss -7.587 | 113 ms/step (8.81 it/s) | elapsed 1.4 min | ETA this epoch 6.3 min
  step 800/4061 | loss -8.159 | 114 ms/step (8.79 it/s) | elapsed 1.5 min | ETA this epoch 6.2 min
  step 850/4061 | loss -7.318 | 114 ms/step (8.79 it/s) | elapsed 1.6 min | ETA this epoch 6.1 min
  step 900/4061 | loss -7.025 | 113 ms/step (8.82 it/s) | elapsed 1.7 min | ETA this epoch 6.0 min
  step 950/4061 | loss -8.477 | 114 ms/step (8.76 it/s) | elapsed 1.8 min | ETA this epoch 5.9 min
  step 1000/4061 | loss -9.134 | 113 ms/step (8.81 it/s) | elapsed 1.9 min | ETA this epoch 5.8 min
  step 1050/4061 | loss -7.541 | 103 ms/step (9.71 it/s) | elapsed 2.0 min | ETA this epoch 5.2 min
  step 1100/4061 | loss -8.499 | 103 ms/step (9.67 it/s) | elapsed 2.1 min | ETA this epoch 5.1 min
  step 1150/4061 | loss -9.090 | 96 ms/step (10.36 it/s) | elapsed 2.1 min | ETA this epoch 4.7 min
  step 1200/4061 | loss -7.850 | 96 ms/step (10.47 it/s) | elapsed 2.2 min | ETA this epoch 4.6 min
  step 1250/4061 | loss -6.706 | 106 ms/step (9.43 it/s) | elapsed 2.3 min | ETA this epoch 5.0 min
  step 1300/4061 | loss -7.979 | 103 ms/step (9.75 it/s) | elapsed 2.4 min | ETA this epoch 4.7 min
  step 1350/4061 | loss -7.137 | 103 ms/step (9.68 it/s) | elapsed 2.5 min | ETA this epoch 4.7 min
  step 1400/4061 | loss -9.419 | 96 ms/step (10.40 it/s) | elapsed 2.6 min | ETA this epoch 4.3 min
  step 1450/4061 | loss -6.286 | 96 ms/step (10.40 it/s) | elapsed 2.6 min | ETA this epoch 4.2 min
  step 1500/4061 | loss -6.473 | 83 ms/step (12.01 it/s) | elapsed 2.7 min | ETA this epoch 3.6 min
  step 1550/4061 | loss -7.875 | 78 ms/step (12.90 it/s) | elapsed 2.8 min | ETA this epoch 3.2 min
  step 1600/4061 | loss -6.879 | 77 ms/step (12.96 it/s) | elapsed 2.8 min | ETA this epoch 3.2 min
  step 1650/4061 | loss -6.176 | 78 ms/step (12.89 it/s) | elapsed 2.9 min | ETA this epoch 3.1 min
  step 1700/4061 | loss -7.105 | 77 ms/step (13.07 it/s) | elapsed 3.0 min | ETA this epoch 3.0 min
  step 1750/4061 | loss -6.974 | 78 ms/step (12.82 it/s) | elapsed 3.0 min | ETA this epoch 3.0 min
  step 1800/4061 | loss -6.648 | 77 ms/step (12.98 it/s) | elapsed 3.1 min | ETA this epoch 2.9 min
  step 1850/4061 | loss -6.143 | 78 ms/step (12.90 it/s) | elapsed 3.2 min | ETA this epoch 2.9 min
  step 1900/4061 | loss -6.691 | 77 ms/step (12.99 it/s) | elapsed 3.2 min | ETA this epoch 2.8 min
  step 1950/4061 | loss -6.278 | 77 ms/step (12.94 it/s) | elapsed 3.3 min | ETA this epoch 2.7 min
  step 2000/4061 | loss -7.893 | 77 ms/step (12.98 it/s) | elapsed 3.4 min | ETA this epoch 2.6 min
  step 2050/4061 | loss -8.040 | 77 ms/step (12.93 it/s) | elapsed 3.4 min | ETA this epoch 2.6 min
  step 2100/4061 | loss -7.556 | 77 ms/step (13.00 it/s) | elapsed 3.5 min | ETA this epoch 2.5 min
  step 2150/4061 | loss -7.285 | 77 ms/step (12.94 it/s) | elapsed 3.6 min | ETA this epoch 2.5 min
  step 2200/4061 | loss -6.602 | 77 ms/step (12.93 it/s) | elapsed 3.6 min | ETA this epoch 2.4 min
  step 2250/4061 | loss -7.430 | 77 ms/step (13.05 it/s) | elapsed 3.7 min | ETA this epoch 2.3 min
  step 2300/4061 | loss -7.406 | 77 ms/step (13.01 it/s) | elapsed 3.7 min | ETA this epoch 2.3 min
  step 2350/4061 | loss -5.391 | 78 ms/step (12.79 it/s) | elapsed 3.8 min | ETA this epoch 2.2 min
  step 2400/4061 | loss -6.901 | 78 ms/step (12.85 it/s) | elapsed 3.9 min | ETA this epoch 2.2 min
  step 2450/4061 | loss -7.400 | 78 ms/step (12.87 it/s) | elapsed 3.9 min | ETA this epoch 2.1 min
  step 2500/4061 | loss -7.489 | 77 ms/step (12.91 it/s) | elapsed 4.0 min | ETA this epoch 2.0 min
  step 2550/4061 | loss -7.789 | 77 ms/step (12.96 it/s) | elapsed 4.1 min | ETA this epoch 1.9 min
  step 2600/4061 | loss -7.723 | 76 ms/step (13.07 it/s) | elapsed 4.1 min | ETA this epoch 1.9 min
  step 2650/4061 | loss -5.812 | 76 ms/step (13.11 it/s) | elapsed 4.2 min | ETA this epoch 1.8 min
  step 2700/4061 | loss -7.869 | 77 ms/step (12.92 it/s) | elapsed 4.3 min | ETA this epoch 1.8 min
  step 2750/4061 | loss -6.929 | 78 ms/step (12.90 it/s) | elapsed 4.3 min | ETA this epoch 1.7 min
  step 2800/4061 | loss -7.619 | 76 ms/step (13.19 it/s) | elapsed 4.4 min | ETA this epoch 1.6 min
  step 2850/4061 | loss -7.616 | 78 ms/step (12.87 it/s) | elapsed 4.5 min | ETA this epoch 1.6 min
  step 2900/4061 | loss -9.591 | 76 ms/step (13.16 it/s) | elapsed 4.5 min | ETA this epoch 1.5 min
  step 2950/4061 | loss -6.279 | 77 ms/step (13.02 it/s) | elapsed 4.6 min | ETA this epoch 1.4 min
  step 3000/4061 | loss -8.224 | 78 ms/step (12.75 it/s) | elapsed 4.6 min | ETA this epoch 1.4 min
  step 3050/4061 | loss -6.888 | 77 ms/step (13.00 it/s) | elapsed 4.7 min | ETA this epoch 1.3 min
  step 3100/4061 | loss -7.659 | 77 ms/step (13.07 it/s) | elapsed 4.8 min | ETA this epoch 1.2 min
  step 3150/4061 | loss -6.529 | 76 ms/step (13.19 it/s) | elapsed 4.8 min | ETA this epoch 1.2 min
  step 3200/4061 | loss -7.694 | 77 ms/step (12.97 it/s) | elapsed 4.9 min | ETA this epoch 1.1 min
  step 3250/4061 | loss -7.074 | 76 ms/step (13.08 it/s) | elapsed 5.0 min | ETA this epoch 1.0 min
  step 3300/4061 | loss -8.420 | 78 ms/step (12.89 it/s) | elapsed 5.0 min | ETA this epoch 1.0 min
  step 3350/4061 | loss -8.927 | 77 ms/step (12.97 it/s) | elapsed 5.1 min | ETA this epoch 0.9 min
  step 3400/4061 | loss -7.409 | 77 ms/step (13.05 it/s) | elapsed 5.2 min | ETA this epoch 0.8 min
  step 3450/4061 | loss -8.029 | 78 ms/step (12.88 it/s) | elapsed 5.2 min | ETA this epoch 0.8 min
  step 3500/4061 | loss -7.173 | 77 ms/step (13.00 it/s) | elapsed 5.3 min | ETA this epoch 0.7 min
  step 3550/4061 | loss -7.337 | 77 ms/step (12.96 it/s) | elapsed 5.4 min | ETA this epoch 0.7 min
  step 3600/4061 | loss -9.343 | 77 ms/step (12.93 it/s) | elapsed 5.4 min | ETA this epoch 0.6 min
  step 3650/4061 | loss -5.654 | 77 ms/step (13.07 it/s) | elapsed 5.5 min | ETA this epoch 0.5 min
  step 3700/4061 | loss -7.969 | 78 ms/step (12.79 it/s) | elapsed 5.5 min | ETA this epoch 0.5 min
  step 3750/4061 | loss -7.492 | 76 ms/step (13.11 it/s) | elapsed 5.6 min | ETA this epoch 0.4 min
  step 3800/4061 | loss -6.609 | 76 ms/step (13.17 it/s) | elapsed 5.7 min | ETA this epoch 0.3 min
  step 3850/4061 | loss -8.076 | 76 ms/step (13.11 it/s) | elapsed 5.7 min | ETA this epoch 0.3 min
  step 3900/4061 | loss -7.882 | 78 ms/step (12.87 it/s) | elapsed 5.8 min | ETA this epoch 0.2 min
  step 3950/4061 | loss -6.874 | 79 ms/step (12.68 it/s) | elapsed 5.9 min | ETA this epoch 0.1 min
  step 4000/4061 | loss -9.315 | 79 ms/step (12.68 it/s) | elapsed 5.9 min | ETA this epoch 0.1 min
  step 4050/4061 | loss -9.109 | 78 ms/step (12.88 it/s) | elapsed 6.0 min | ETA this epoch 0.0 min
Epoch 49/50 | Train -7.528 | Val L1 0.0018 | Val SI-SDR 18.45 dB | Time 6.3 min
EarlyStopping counter: 3/7
  step 50/4061 | loss -7.361 | 77 ms/step (12.97 it/s) | elapsed 0.1 min | ETA this epoch 5.2 min
  step 100/4061 | loss -8.291 | 77 ms/step (13.01 it/s) | elapsed 0.1 min | ETA this epoch 5.1 min
  step 150/4061 | loss -8.001 | 76 ms/step (13.12 it/s) | elapsed 0.2 min | ETA this epoch 5.0 min
  step 200/4061 | loss -6.741 | 77 ms/step (12.96 it/s) | elapsed 0.3 min | ETA this epoch 5.0 min
  step 250/4061 | loss -7.675 | 78 ms/step (12.77 it/s) | elapsed 0.3 min | ETA this epoch 5.0 min
  step 300/4061 | loss -7.451 | 78 ms/step (12.86 it/s) | elapsed 0.4 min | ETA this epoch 4.9 min
  step 350/4061 | loss -7.184 | 77 ms/step (13.06 it/s) | elapsed 0.4 min | ETA this epoch 4.7 min
  step 400/4061 | loss -7.740 | 78 ms/step (12.79 it/s) | elapsed 0.5 min | ETA this epoch 4.8 min
  step 450/4061 | loss -8.235 | 77 ms/step (13.04 it/s) | elapsed 0.6 min | ETA this epoch 4.6 min
  step 500/4061 | loss -10.164 | 77 ms/step (12.96 it/s) | elapsed 0.6 min | ETA this epoch 4.6 min
  step 550/4061 | loss -7.023 | 77 ms/step (12.97 it/s) | elapsed 0.7 min | ETA this epoch 4.5 min
  step 600/4061 | loss -6.082 | 79 ms/step (12.69 it/s) | elapsed 0.8 min | ETA this epoch 4.5 min
  step 650/4061 | loss -7.263 | 76 ms/step (13.14 it/s) | elapsed 0.8 min | ETA this epoch 4.3 min
  step 700/4061 | loss -6.945 | 76 ms/step (13.09 it/s) | elapsed 0.9 min | ETA this epoch 4.3 min
  step 750/4061 | loss -8.795 | 78 ms/step (12.78 it/s) | elapsed 1.0 min | ETA this epoch 4.3 min
  step 800/4061 | loss -7.893 | 76 ms/step (13.13 it/s) | elapsed 1.0 min | ETA this epoch 4.1 min
  step 850/4061 | loss -6.329 | 77 ms/step (13.02 it/s) | elapsed 1.1 min | ETA this epoch 4.1 min
  step 900/4061 | loss -7.421 | 79 ms/step (12.65 it/s) | elapsed 1.2 min | ETA this epoch 4.2 min
  step 950/4061 | loss -7.227 | 75 ms/step (13.29 it/s) | elapsed 1.2 min | ETA this epoch 3.9 min
  step 1000/4061 | loss -7.724 | 61 ms/step (16.52 it/s) | elapsed 1.3 min | ETA this epoch 3.1 min
  step 1050/4061 | loss -7.899 | 60 ms/step (16.66 it/s) | elapsed 1.3 min | ETA this epoch 3.0 min
  step 1100/4061 | loss -8.914 | 61 ms/step (16.50 it/s) | elapsed 1.4 min | ETA this epoch 3.0 min
  step 1150/4061 | loss -6.372 | 62 ms/step (16.04 it/s) | elapsed 1.4 min | ETA this epoch 3.0 min
  step 1200/4061 | loss -7.294 | 65 ms/step (15.28 it/s) | elapsed 1.5 min | ETA this epoch 3.1 min
  step 1250/4061 | loss -6.954 | 73 ms/step (13.68 it/s) | elapsed 1.5 min | ETA this epoch 3.4 min
  step 1300/4061 | loss -6.794 | 78 ms/step (12.84 it/s) | elapsed 1.6 min | ETA this epoch 3.6 min
  step 1350/4061 | loss -7.436 | 78 ms/step (12.90 it/s) | elapsed 1.7 min | ETA this epoch 3.5 min
  step 1400/4061 | loss -7.823 | 76 ms/step (13.08 it/s) | elapsed 1.7 min | ETA this epoch 3.4 min
  step 1450/4061 | loss -6.638 | 76 ms/step (13.12 it/s) | elapsed 1.8 min | ETA this epoch 3.3 min
  step 1500/4061 | loss -8.333 | 77 ms/step (12.92 it/s) | elapsed 1.9 min | ETA this epoch 3.3 min
  step 1550/4061 | loss -8.253 | 77 ms/step (12.92 it/s) | elapsed 1.9 min | ETA this epoch 3.2 min
  step 1600/4061 | loss -7.069 | 77 ms/step (13.02 it/s) | elapsed 2.0 min | ETA this epoch 3.1 min
  step 1650/4061 | loss -6.092 | 77 ms/step (13.04 it/s) | elapsed 2.1 min | ETA this epoch 3.1 min
  step 1700/4061 | loss -6.534 | 76 ms/step (13.09 it/s) | elapsed 2.1 min | ETA this epoch 3.0 min
  step 1750/4061 | loss -7.739 | 78 ms/step (12.88 it/s) | elapsed 2.2 min | ETA this epoch 3.0 min
  step 1800/4061 | loss -7.444 | 78 ms/step (12.82 it/s) | elapsed 2.2 min | ETA this epoch 2.9 min
  step 1850/4061 | loss -8.263 | 77 ms/step (12.95 it/s) | elapsed 2.3 min | ETA this epoch 2.8 min
  step 1900/4061 | loss -7.507 | 79 ms/step (12.66 it/s) | elapsed 2.4 min | ETA this epoch 2.8 min
  step 1950/4061 | loss -6.839 | 77 ms/step (13.05 it/s) | elapsed 2.4 min | ETA this epoch 2.7 min
  step 2000/4061 | loss -8.752 | 77 ms/step (12.94 it/s) | elapsed 2.5 min | ETA this epoch 2.7 min
  step 2050/4061 | loss -7.099 | 77 ms/step (13.00 it/s) | elapsed 2.6 min | ETA this epoch 2.6 min
  step 2100/4061 | loss -6.069 | 77 ms/step (12.95 it/s) | elapsed 2.6 min | ETA this epoch 2.5 min
  step 2150/4061 | loss -10.560 | 78 ms/step (12.81 it/s) | elapsed 2.7 min | ETA this epoch 2.5 min
  step 2200/4061 | loss -8.142 | 78 ms/step (12.90 it/s) | elapsed 2.8 min | ETA this epoch 2.4 min
  step 2250/4061 | loss -5.828 | 77 ms/step (12.93 it/s) | elapsed 2.8 min | ETA this epoch 2.3 min
  step 2300/4061 | loss -7.689 | 79 ms/step (12.70 it/s) | elapsed 2.9 min | ETA this epoch 2.3 min
  step 2350/4061 | loss -6.903 | 77 ms/step (12.91 it/s) | elapsed 3.0 min | ETA this epoch 2.2 min
  step 2400/4061 | loss -8.568 | 78 ms/step (12.87 it/s) | elapsed 3.0 min | ETA this epoch 2.2 min
  step 2450/4061 | loss -7.377 | 79 ms/step (12.69 it/s) | elapsed 3.1 min | ETA this epoch 2.1 min
  step 2500/4061 | loss -6.781 | 77 ms/step (12.95 it/s) | elapsed 3.2 min | ETA this epoch 2.0 min
  step 2550/4061 | loss -6.546 | 77 ms/step (13.01 it/s) | elapsed 3.2 min | ETA this epoch 1.9 min
  step 2600/4061 | loss -7.367 | 76 ms/step (13.11 it/s) | elapsed 3.3 min | ETA this epoch 1.9 min
  step 2650/4061 | loss -6.264 | 77 ms/step (12.95 it/s) | elapsed 3.3 min | ETA this epoch 1.8 min
  step 2700/4061 | loss -7.344 | 78 ms/step (12.75 it/s) | elapsed 3.4 min | ETA this epoch 1.8 min
  step 2750/4061 | loss -6.969 | 76 ms/step (13.08 it/s) | elapsed 3.5 min | ETA this epoch 1.7 min
  step 2800/4061 | loss -8.137 | 77 ms/step (13.03 it/s) | elapsed 3.5 min | ETA this epoch 1.6 min
  step 2850/4061 | loss -7.833 | 78 ms/step (12.75 it/s) | elapsed 3.6 min | ETA this epoch 1.6 min
  step 2900/4061 | loss -7.449 | 77 ms/step (12.97 it/s) | elapsed 3.7 min | ETA this epoch 1.5 min
  step 2950/4061 | loss -8.059 | 80 ms/step (12.57 it/s) | elapsed 3.7 min | ETA this epoch 1.5 min
  step 3000/4061 | loss -7.929 | 78 ms/step (12.80 it/s) | elapsed 3.8 min | ETA this epoch 1.4 min
  step 3050/4061 | loss -8.673 | 76 ms/step (13.11 it/s) | elapsed 3.9 min | ETA this epoch 1.3 min
  step 3100/4061 | loss -9.354 | 77 ms/step (12.92 it/s) | elapsed 3.9 min | ETA this epoch 1.2 min
  step 3150/4061 | loss -6.744 | 76 ms/step (13.13 it/s) | elapsed 4.0 min | ETA this epoch 1.2 min
  step 3200/4061 | loss -6.883 | 76 ms/step (13.18 it/s) | elapsed 4.1 min | ETA this epoch 1.1 min
  step 3250/4061 | loss -6.555 | 78 ms/step (12.88 it/s) | elapsed 4.1 min | ETA this epoch 1.0 min
  step 3300/4061 | loss -7.098 | 77 ms/step (13.06 it/s) | elapsed 4.2 min | ETA this epoch 1.0 min
  step 3350/4061 | loss -7.834 | 77 ms/step (12.99 it/s) | elapsed 4.2 min | ETA this epoch 0.9 min
  step 3400/4061 | loss -7.478 | 78 ms/step (12.86 it/s) | elapsed 4.3 min | ETA this epoch 0.9 min
  step 3450/4061 | loss -7.020 | 79 ms/step (12.59 it/s) | elapsed 4.4 min | ETA this epoch 0.8 min
  step 3500/4061 | loss -6.722 | 75 ms/step (13.26 it/s) | elapsed 4.4 min | ETA this epoch 0.7 min
  step 3550/4061 | loss -8.897 | 75 ms/step (13.30 it/s) | elapsed 4.5 min | ETA this epoch 0.6 min
  step 3600/4061 | loss -6.352 | 77 ms/step (12.99 it/s) | elapsed 4.6 min | ETA this epoch 0.6 min
  step 3650/4061 | loss -7.006 | 78 ms/step (12.81 it/s) | elapsed 4.6 min | ETA this epoch 0.5 min
  step 3700/4061 | loss -7.227 | 77 ms/step (13.01 it/s) | elapsed 4.7 min | ETA this epoch 0.5 min
  step 3750/4061 | loss -6.364 | 78 ms/step (12.86 it/s) | elapsed 4.8 min | ETA this epoch 0.4 min
  step 3800/4061 | loss -7.660 | 77 ms/step (12.96 it/s) | elapsed 4.8 min | ETA this epoch 0.3 min
  step 3850/4061 | loss -6.759 | 78 ms/step (12.76 it/s) | elapsed 4.9 min | ETA this epoch 0.3 min
  step 3900/4061 | loss -8.760 | 78 ms/step (12.90 it/s) | elapsed 5.0 min | ETA this epoch 0.2 min
  step 3950/4061 | loss -8.535 | 77 ms/step (13.04 it/s) | elapsed 5.0 min | ETA this epoch 0.1 min
  step 4000/4061 | loss -7.150 | 78 ms/step (12.80 it/s) | elapsed 5.1 min | ETA this epoch 0.1 min
  step 4050/4061 | loss -8.122 | 77 ms/step (12.94 it/s) | elapsed 5.1 min | ETA this epoch 0.0 min
Epoch 50/50 | Train -7.532 | Val L1 0.0018 | Val SI-SDR 18.47 dB | Time 5.4 min
Saved best model (SI-SDR 18.47 dB) -> /home/bubai-maji/speech_enhancement/script/propose_ablation1/checkpoint_propose_ab1/best_NGDM_SE.pt

========== TRAINING COMPLETE ==========

Best validation SI-SDR: 18.47 dB
