GPU: NVIDIA RTX A6000

Loading datasets...

Loaded 32485 files from /home/bubai-maji/speech_enhancement/data/mixtures/musan/train
Chunk length: 2.5s (40000 samples)

Initializing model...
Model: NGDM_SE | Params: 1.378M

========== START TRAINING ==========

  step 50/4061 | loss -3.227 | 340 ms/step (2.94 it/s) | elapsed 0.3 min | ETA this epoch 22.7 min
  step 100/4061 | loss -2.847 | 113 ms/step (8.81 it/s) | elapsed 0.4 min | ETA this epoch 7.5 min
  step 150/4061 | loss -3.852 | 113 ms/step (8.83 it/s) | elapsed 0.5 min | ETA this epoch 7.4 min
  step 200/4061 | loss -4.889 | 114 ms/step (8.79 it/s) | elapsed 0.6 min | ETA this epoch 7.3 min
  step 250/4061 | loss -2.913 | 113 ms/step (8.84 it/s) | elapsed 0.7 min | ETA this epoch 7.2 min
  step 300/4061 | loss -5.761 | 114 ms/step (8.77 it/s) | elapsed 0.8 min | ETA this epoch 7.2 min
  step 350/4061 | loss -4.143 | 114 ms/step (8.79 it/s) | elapsed 0.9 min | ETA this epoch 7.0 min
  step 400/4061 | loss -4.150 | 114 ms/step (8.77 it/s) | elapsed 0.9 min | ETA this epoch 7.0 min
  step 450/4061 | loss -3.794 | 114 ms/step (8.80 it/s) | elapsed 1.0 min | ETA this epoch 6.8 min
  step 500/4061 | loss -3.702 | 113 ms/step (8.82 it/s) | elapsed 1.1 min | ETA this epoch 6.7 min
  step 550/4061 | loss -4.456 | 114 ms/step (8.79 it/s) | elapsed 1.2 min | ETA this epoch 6.7 min
  step 600/4061 | loss -3.804 | 113 ms/step (8.84 it/s) | elapsed 1.3 min | ETA this epoch 6.5 min
  step 650/4061 | loss -5.134 | 114 ms/step (8.79 it/s) | elapsed 1.4 min | ETA this epoch 6.5 min
  step 700/4061 | loss -4.554 | 113 ms/step (8.87 it/s) | elapsed 1.5 min | ETA this epoch 6.3 min
  step 750/4061 | loss -4.458 | 113 ms/step (8.81 it/s) | elapsed 1.6 min | ETA this epoch 6.3 min
  step 800/4061 | loss -5.344 | 114 ms/step (8.78 it/s) | elapsed 1.7 min | ETA this epoch 6.2 min
  step 850/4061 | loss -5.435 | 113 ms/step (8.82 it/s) | elapsed 1.8 min | ETA this epoch 6.1 min
  step 900/4061 | loss -6.205 | 113 ms/step (8.83 it/s) | elapsed 1.9 min | ETA this epoch 6.0 min
  step 950/4061 | loss -3.790 | 114 ms/step (8.81 it/s) | elapsed 2.0 min | ETA this epoch 5.9 min
  step 1000/4061 | loss -4.920 | 114 ms/step (8.78 it/s) | elapsed 2.1 min | ETA this epoch 5.8 min
  step 1050/4061 | loss -6.561 | 114 ms/step (8.78 it/s) | elapsed 2.2 min | ETA this epoch 5.7 min
  step 1100/4061 | loss -4.838 | 114 ms/step (8.79 it/s) | elapsed 2.3 min | ETA this epoch 5.6 min
  step 1150/4061 | loss -5.418 | 114 ms/step (8.77 it/s) | elapsed 2.4 min | ETA this epoch 5.5 min
  step 1200/4061 | loss -4.641 | 114 ms/step (8.80 it/s) | elapsed 2.5 min | ETA this epoch 5.4 min
  step 1250/4061 | loss -6.913 | 114 ms/step (8.76 it/s) | elapsed 2.6 min | ETA this epoch 5.3 min
  step 1300/4061 | loss -4.659 | 114 ms/step (8.80 it/s) | elapsed 2.7 min | ETA this epoch 5.2 min
  step 1350/4061 | loss -5.890 | 114 ms/step (8.80 it/s) | elapsed 2.7 min | ETA this epoch 5.1 min
  step 1400/4061 | loss -6.763 | 115 ms/step (8.72 it/s) | elapsed 2.8 min | ETA this epoch 5.1 min
  step 1450/4061 | loss -5.629 | 113 ms/step (8.86 it/s) | elapsed 2.9 min | ETA this epoch 4.9 min
  step 1500/4061 | loss -3.576 | 114 ms/step (8.73 it/s) | elapsed 3.0 min | ETA this epoch 4.9 min
  step 1550/4061 | loss -5.690 | 114 ms/step (8.80 it/s) | elapsed 3.1 min | ETA this epoch 4.8 min
  step 1600/4061 | loss -5.809 | 114 ms/step (8.79 it/s) | elapsed 3.2 min | ETA this epoch 4.7 min
  step 1650/4061 | loss -6.572 | 114 ms/step (8.80 it/s) | elapsed 3.3 min | ETA this epoch 4.6 min
  step 1700/4061 | loss -5.807 | 113 ms/step (8.82 it/s) | elapsed 3.4 min | ETA this epoch 4.5 min
  step 1750/4061 | loss -5.279 | 114 ms/step (8.76 it/s) | elapsed 3.5 min | ETA this epoch 4.4 min
  step 1800/4061 | loss -7.028 | 113 ms/step (8.82 it/s) | elapsed 3.6 min | ETA this epoch 4.3 min
  step 1850/4061 | loss -4.498 | 114 ms/step (8.78 it/s) | elapsed 3.7 min | ETA this epoch 4.2 min
  step 1900/4061 | loss -5.183 | 114 ms/step (8.80 it/s) | elapsed 3.8 min | ETA this epoch 4.1 min
  step 1950/4061 | loss -5.996 | 113 ms/step (8.82 it/s) | elapsed 3.9 min | ETA this epoch 4.0 min
  step 2000/4061 | loss -6.234 | 113 ms/step (8.82 it/s) | elapsed 4.0 min | ETA this epoch 3.9 min
  step 2050/4061 | loss -5.227 | 114 ms/step (8.81 it/s) | elapsed 4.1 min | ETA this epoch 3.8 min
  step 2100/4061 | loss -4.404 | 114 ms/step (8.81 it/s) | elapsed 4.2 min | ETA this epoch 3.7 min
  step 2150/4061 | loss -4.028 | 103 ms/step (9.74 it/s) | elapsed 4.3 min | ETA this epoch 3.3 min
  step 2200/4061 | loss -6.300 | 93 ms/step (10.75 it/s) | elapsed 4.3 min | ETA this epoch 2.9 min
  step 2250/4061 | loss -6.852 | 96 ms/step (10.40 it/s) | elapsed 4.4 min | ETA this epoch 2.9 min
  step 2300/4061 | loss -5.593 | 110 ms/step (9.05 it/s) | elapsed 4.5 min | ETA this epoch 3.2 min
  step 2350/4061 | loss -6.225 | 114 ms/step (8.77 it/s) | elapsed 4.6 min | ETA this epoch 3.3 min
  step 2400/4061 | loss -5.967 | 114 ms/step (8.80 it/s) | elapsed 4.7 min | ETA this epoch 3.1 min
  step 2450/4061 | loss -6.049 | 113 ms/step (8.83 it/s) | elapsed 4.8 min | ETA this epoch 3.0 min
  step 2500/4061 | loss -4.189 | 114 ms/step (8.80 it/s) | elapsed 4.9 min | ETA this epoch 3.0 min
  step 2550/4061 | loss -5.663 | 113 ms/step (8.82 it/s) | elapsed 5.0 min | ETA this epoch 2.9 min
  step 2600/4061 | loss -5.139 | 114 ms/step (8.80 it/s) | elapsed 5.1 min | ETA this epoch 2.8 min
  step 2650/4061 | loss -2.925 | 114 ms/step (8.79 it/s) | elapsed 5.2 min | ETA this epoch 2.7 min
  step 2700/4061 | loss -6.425 | 114 ms/step (8.77 it/s) | elapsed 5.3 min | ETA this epoch 2.6 min
  step 2750/4061 | loss -5.782 | 102 ms/step (9.84 it/s) | elapsed 5.3 min | ETA this epoch 2.2 min
  step 2800/4061 | loss -5.729 | 96 ms/step (10.43 it/s) | elapsed 5.4 min | ETA this epoch 2.0 min
  step 2850/4061 | loss -5.682 | 103 ms/step (9.69 it/s) | elapsed 5.5 min | ETA this epoch 2.1 min
  step 2900/4061 | loss -6.181 | 112 ms/step (8.93 it/s) | elapsed 5.6 min | ETA this epoch 2.2 min
  step 2950/4061 | loss -5.402 | 115 ms/step (8.68 it/s) | elapsed 5.7 min | ETA this epoch 2.1 min
  step 3000/4061 | loss -6.125 | 114 ms/step (8.78 it/s) | elapsed 5.8 min | ETA this epoch 2.0 min
  step 3050/4061 | loss -4.611 | 117 ms/step (8.56 it/s) | elapsed 5.9 min | ETA this epoch 2.0 min
  step 3100/4061 | loss -6.661 | 114 ms/step (8.75 it/s) | elapsed 6.0 min | ETA this epoch 1.8 min
  step 3150/4061 | loss -3.869 | 114 ms/step (8.80 it/s) | elapsed 6.1 min | ETA this epoch 1.7 min
  step 3200/4061 | loss -5.027 | 114 ms/step (8.79 it/s) | elapsed 6.2 min | ETA this epoch 1.6 min
  step 3250/4061 | loss -5.934 | 113 ms/step (8.88 it/s) | elapsed 6.3 min | ETA this epoch 1.5 min
  step 3300/4061 | loss -5.715 | 114 ms/step (8.77 it/s) | elapsed 6.4 min | ETA this epoch 1.4 min
  step 3350/4061 | loss -5.804 | 113 ms/step (8.84 it/s) | elapsed 6.5 min | ETA this epoch 1.3 min
  step 3400/4061 | loss -5.423 | 114 ms/step (8.79 it/s) | elapsed 6.6 min | ETA this epoch 1.3 min
  step 3450/4061 | loss -4.683 | 113 ms/step (8.82 it/s) | elapsed 6.6 min | ETA this epoch 1.2 min
  step 3500/4061 | loss -5.725 | 114 ms/step (8.80 it/s) | elapsed 6.7 min | ETA this epoch 1.1 min
  step 3550/4061 | loss -6.107 | 114 ms/step (8.77 it/s) | elapsed 6.8 min | ETA this epoch 1.0 min
  step 3600/4061 | loss -5.340 | 114 ms/step (8.80 it/s) | elapsed 6.9 min | ETA this epoch 0.9 min
  step 3650/4061 | loss -5.027 | 113 ms/step (8.84 it/s) | elapsed 7.0 min | ETA this epoch 0.8 min
  step 3700/4061 | loss -5.509 | 114 ms/step (8.75 it/s) | elapsed 7.1 min | ETA this epoch 0.7 min
  step 3750/4061 | loss -5.692 | 113 ms/step (8.82 it/s) | elapsed 7.2 min | ETA this epoch 0.6 min
  step 3800/4061 | loss -5.834 | 114 ms/step (8.77 it/s) | elapsed 7.3 min | ETA this epoch 0.5 min
  step 3850/4061 | loss -5.874 | 114 ms/step (8.79 it/s) | elapsed 7.4 min | ETA this epoch 0.4 min
  step 3900/4061 | loss -6.332 | 116 ms/step (8.65 it/s) | elapsed 7.5 min | ETA this epoch 0.3 min
  step 3950/4061 | loss -5.054 | 114 ms/step (8.80 it/s) | elapsed 7.6 min | ETA this epoch 0.2 min
  step 4000/4061 | loss -5.563 | 114 ms/step (8.79 it/s) | elapsed 7.7 min | ETA this epoch 0.1 min
  step 4050/4061 | loss -5.889 | 114 ms/step (8.80 it/s) | elapsed 7.8 min | ETA this epoch 0.0 min
Epoch 1/50 | Train -5.081 | Val L1 0.0036 | Val SI-SDR 14.77 dB | Time 8.2 min
Saved best model (SI-SDR 14.77 dB) -> /home/bubai-maji/speech_enhancement/script/propose_ablation3/checkpoint_propose_ab3/best_NGDM_SE.pt
  step 50/4061 | loss -6.036 | 124 ms/step (8.09 it/s) | elapsed 0.1 min | ETA this epoch 8.3 min
  step 100/4061 | loss -4.523 | 114 ms/step (8.80 it/s) | elapsed 0.2 min | ETA this epoch 7.5 min
  step 150/4061 | loss -5.454 | 114 ms/step (8.77 it/s) | elapsed 0.3 min | ETA this epoch 7.4 min
  step 200/4061 | loss -4.822 | 112 ms/step (8.91 it/s) | elapsed 0.4 min | ETA this epoch 7.2 min
  step 250/4061 | loss -4.980 | 113 ms/step (8.82 it/s) | elapsed 0.5 min | ETA this epoch 7.2 min
  step 300/4061 | loss -5.862 | 114 ms/step (8.80 it/s) | elapsed 0.6 min | ETA this epoch 7.1 min
  step 350/4061 | loss -6.480 | 114 ms/step (8.81 it/s) | elapsed 0.7 min | ETA this epoch 7.0 min
  step 400/4061 | loss -5.503 | 114 ms/step (8.77 it/s) | elapsed 0.8 min | ETA this epoch 7.0 min
  step 450/4061 | loss -5.668 | 115 ms/step (8.72 it/s) | elapsed 0.9 min | ETA this epoch 6.9 min
  step 500/4061 | loss -4.461 | 113 ms/step (8.86 it/s) | elapsed 1.0 min | ETA this epoch 6.7 min
  step 550/4061 | loss -5.299 | 115 ms/step (8.72 it/s) | elapsed 1.1 min | ETA this epoch 6.7 min
  step 600/4061 | loss -5.726 | 114 ms/step (8.75 it/s) | elapsed 1.1 min | ETA this epoch 6.6 min
  step 650/4061 | loss -6.376 | 114 ms/step (8.80 it/s) | elapsed 1.2 min | ETA this epoch 6.5 min
  step 700/4061 | loss -6.166 | 114 ms/step (8.78 it/s) | elapsed 1.3 min | ETA this epoch 6.4 min
  step 750/4061 | loss -5.206 | 114 ms/step (8.81 it/s) | elapsed 1.4 min | ETA this epoch 6.3 min
  step 800/4061 | loss -5.679 | 114 ms/step (8.77 it/s) | elapsed 1.5 min | ETA this epoch 6.2 min
  step 850/4061 | loss -6.190 | 114 ms/step (8.81 it/s) | elapsed 1.6 min | ETA this epoch 6.1 min
  step 900/4061 | loss -7.195 | 113 ms/step (8.82 it/s) | elapsed 1.7 min | ETA this epoch 6.0 min
  step 950/4061 | loss -6.824 | 114 ms/step (8.78 it/s) | elapsed 1.8 min | ETA this epoch 5.9 min
  step 1000/4061 | loss -5.042 | 114 ms/step (8.80 it/s) | elapsed 1.9 min | ETA this epoch 5.8 min
  step 1050/4061 | loss -4.812 | 114 ms/step (8.75 it/s) | elapsed 2.0 min | ETA this epoch 5.7 min
  step 1100/4061 | loss -6.122 | 113 ms/step (8.84 it/s) | elapsed 2.1 min | ETA this epoch 5.6 min
  step 1150/4061 | loss -4.411 | 114 ms/step (8.80 it/s) | elapsed 2.2 min | ETA this epoch 5.5 min
  step 1200/4061 | loss -5.778 | 114 ms/step (8.77 it/s) | elapsed 2.3 min | ETA this epoch 5.4 min
  step 1250/4061 | loss -6.233 | 114 ms/step (8.78 it/s) | elapsed 2.4 min | ETA this epoch 5.3 min
  step 1300/4061 | loss -5.701 | 114 ms/step (8.80 it/s) | elapsed 2.5 min | ETA this epoch 5.2 min
  step 1350/4061 | loss -6.617 | 114 ms/step (8.81 it/s) | elapsed 2.6 min | ETA this epoch 5.1 min
  step 1400/4061 | loss -5.249 | 113 ms/step (8.84 it/s) | elapsed 2.7 min | ETA this epoch 5.0 min
  step 1450/4061 | loss -6.860 | 114 ms/step (8.74 it/s) | elapsed 2.8 min | ETA this epoch 5.0 min
  step 1500/4061 | loss -5.816 | 114 ms/step (8.80 it/s) | elapsed 2.9 min | ETA this epoch 4.9 min
  step 1550/4061 | loss -5.792 | 113 ms/step (8.82 it/s) | elapsed 2.9 min | ETA this epoch 4.7 min
  step 1600/4061 | loss -7.147 | 113 ms/step (8.82 it/s) | elapsed 3.0 min | ETA this epoch 4.6 min
  step 1650/4061 | loss -6.719 | 114 ms/step (8.78 it/s) | elapsed 3.1 min | ETA this epoch 4.6 min
  step 1700/4061 | loss -5.593 | 114 ms/step (8.78 it/s) | elapsed 3.2 min | ETA this epoch 4.5 min
  step 1750/4061 | loss -6.094 | 113 ms/step (8.86 it/s) | elapsed 3.3 min | ETA this epoch 4.3 min
  step 1800/4061 | loss -5.759 | 113 ms/step (8.84 it/s) | elapsed 3.4 min | ETA this epoch 4.3 min
  step 1850/4061 | loss -6.250 | 110 ms/step (9.12 it/s) | elapsed 3.5 min | ETA this epoch 4.0 min
  step 1900/4061 | loss -6.894 | 100 ms/step (10.05 it/s) | elapsed 3.6 min | ETA this epoch 3.6 min
  step 1950/4061 | loss -6.116 | 95 ms/step (10.57 it/s) | elapsed 3.7 min | ETA this epoch 3.3 min
  step 2000/4061 | loss -6.394 | 106 ms/step (9.42 it/s) | elapsed 3.8 min | ETA this epoch 3.6 min
  step 2050/4061 | loss -5.803 | 114 ms/step (8.79 it/s) | elapsed 3.9 min | ETA this epoch 3.8 min
  step 2100/4061 | loss -4.124 | 114 ms/step (8.80 it/s) | elapsed 3.9 min | ETA this epoch 3.7 min
  step 2150/4061 | loss -5.438 | 114 ms/step (8.79 it/s) | elapsed 4.0 min | ETA this epoch 3.6 min
  step 2200/4061 | loss -6.732 | 111 ms/step (8.97 it/s) | elapsed 4.1 min | ETA this epoch 3.5 min
  step 2250/4061 | loss -6.690 | 113 ms/step (8.81 it/s) | elapsed 4.2 min | ETA this epoch 3.4 min
  step 2300/4061 | loss -7.644 | 114 ms/step (8.80 it/s) | elapsed 4.3 min | ETA this epoch 3.3 min
  step 2350/4061 | loss -6.589 | 114 ms/step (8.80 it/s) | elapsed 4.4 min | ETA this epoch 3.2 min
  step 2400/4061 | loss -6.724 | 114 ms/step (8.74 it/s) | elapsed 4.5 min | ETA this epoch 3.2 min
  step 2450/4061 | loss -5.507 | 114 ms/step (8.81 it/s) | elapsed 4.6 min | ETA this epoch 3.0 min
  step 2500/4061 | loss -6.606 | 114 ms/step (8.76 it/s) | elapsed 4.7 min | ETA this epoch 3.0 min
  step 2550/4061 | loss -7.471 | 114 ms/step (8.78 it/s) | elapsed 4.8 min | ETA this epoch 2.9 min
  step 2600/4061 | loss -7.257 | 110 ms/step (9.12 it/s) | elapsed 4.9 min | ETA this epoch 2.7 min
  step 2650/4061 | loss -5.455 | 96 ms/step (10.40 it/s) | elapsed 5.0 min | ETA this epoch 2.3 min
  step 2700/4061 | loss -4.631 | 98 ms/step (10.19 it/s) | elapsed 5.1 min | ETA this epoch 2.2 min
  step 2750/4061 | loss -5.484 | 110 ms/step (9.13 it/s) | elapsed 5.1 min | ETA this epoch 2.4 min
  step 2800/4061 | loss -6.727 | 113 ms/step (8.82 it/s) | elapsed 5.2 min | ETA this epoch 2.4 min
  step 2850/4061 | loss -6.363 | 114 ms/step (8.79 it/s) | elapsed 5.3 min | ETA this epoch 2.3 min
  step 2900/4061 | loss -6.281 | 114 ms/step (8.77 it/s) | elapsed 5.4 min | ETA this epoch 2.2 min
  step 2950/4061 | loss -6.034 | 114 ms/step (8.79 it/s) | elapsed 5.5 min | ETA this epoch 2.1 min
  step 3000/4061 | loss -6.977 | 114 ms/step (8.78 it/s) | elapsed 5.6 min | ETA this epoch 2.0 min
  step 3050/4061 | loss -6.396 | 113 ms/step (8.82 it/s) | elapsed 5.7 min | ETA this epoch 1.9 min
  step 3100/4061 | loss -6.201 | 114 ms/step (8.78 it/s) | elapsed 5.8 min | ETA this epoch 1.8 min
  step 3150/4061 | loss -4.734 | 114 ms/step (8.79 it/s) | elapsed 5.9 min | ETA this epoch 1.7 min
  step 3200/4061 | loss -6.126 | 114 ms/step (8.80 it/s) | elapsed 6.0 min | ETA this epoch 1.6 min
  step 3250/4061 | loss -5.976 | 114 ms/step (8.79 it/s) | elapsed 6.1 min | ETA this epoch 1.5 min
  step 3300/4061 | loss -6.196 | 114 ms/step (8.79 it/s) | elapsed 6.2 min | ETA this epoch 1.4 min
  step 3350/4061 | loss -5.098 | 113 ms/step (8.83 it/s) | elapsed 6.3 min | ETA this epoch 1.3 min
  step 3400/4061 | loss -5.135 | 114 ms/step (8.79 it/s) | elapsed 6.4 min | ETA this epoch 1.3 min
  step 3450/4061 | loss -7.758 | 114 ms/step (8.77 it/s) | elapsed 6.5 min | ETA this epoch 1.2 min
  step 3500/4061 | loss -4.820 | 114 ms/step (8.79 it/s) | elapsed 6.6 min | ETA this epoch 1.1 min
  step 3550/4061 | loss -7.483 | 113 ms/step (8.82 it/s) | elapsed 6.7 min | ETA this epoch 1.0 min
  step 3600/4061 | loss -5.878 | 113 ms/step (8.83 it/s) | elapsed 6.8 min | ETA this epoch 0.9 min
  step 3650/4061 | loss -7.408 | 114 ms/step (8.80 it/s) | elapsed 6.9 min | ETA this epoch 0.8 min
  step 3700/4061 | loss -6.443 | 114 ms/step (8.81 it/s) | elapsed 6.9 min | ETA this epoch 0.7 min
  step 3750/4061 | loss -6.200 | 114 ms/step (8.76 it/s) | elapsed 7.0 min | ETA this epoch 0.6 min
  step 3800/4061 | loss -4.249 | 114 ms/step (8.79 it/s) | elapsed 7.1 min | ETA this epoch 0.5 min
  step 3850/4061 | loss -5.333 | 114 ms/step (8.79 it/s) | elapsed 7.2 min | ETA this epoch 0.4 min
  step 3900/4061 | loss -6.692 | 114 ms/step (8.80 it/s) | elapsed 7.3 min | ETA this epoch 0.3 min
  step 3950/4061 | loss -5.705 | 114 ms/step (8.78 it/s) | elapsed 7.4 min | ETA this epoch 0.2 min
  step 4000/4061 | loss -5.882 | 114 ms/step (8.78 it/s) | elapsed 7.5 min | ETA this epoch 0.1 min
  step 4050/4061 | loss -5.482 | 114 ms/step (8.79 it/s) | elapsed 7.6 min | ETA this epoch 0.0 min
Epoch 2/50 | Train -5.839 | Val L1 0.0028 | Val SI-SDR 15.54 dB | Time 7.9 min
  [sanity check OK: val SI-SDR 15.54 dB]

Saved best model (SI-SDR 15.54 dB) -> /home/bubai-maji/speech_enhancement/script/propose_ablation3/checkpoint_propose_ab3/best_NGDM_SE.pt
  step 50/4061 | loss -6.664 | 114 ms/step (8.74 it/s) | elapsed 0.1 min | ETA this epoch 7.7 min
  step 100/4061 | loss -6.654 | 114 ms/step (8.80 it/s) | elapsed 0.2 min | ETA this epoch 7.5 min
  step 150/4061 | loss -6.208 | 113 ms/step (8.84 it/s) | elapsed 0.3 min | ETA this epoch 7.4 min
  step 200/4061 | loss -5.562 | 114 ms/step (8.78 it/s) | elapsed 0.4 min | ETA this epoch 7.3 min
  step 250/4061 | loss -5.475 | 114 ms/step (8.78 it/s) | elapsed 0.5 min | ETA this epoch 7.2 min
  step 300/4061 | loss -4.384 | 114 ms/step (8.79 it/s) | elapsed 0.6 min | ETA this epoch 7.1 min
  step 350/4061 | loss -8.267 | 113 ms/step (8.83 it/s) | elapsed 0.7 min | ETA this epoch 7.0 min
  step 400/4061 | loss -7.213 | 113 ms/step (8.81 it/s) | elapsed 0.8 min | ETA this epoch 6.9 min
  step 450/4061 | loss -6.381 | 114 ms/step (8.78 it/s) | elapsed 0.9 min | ETA this epoch 6.9 min
  step 500/4061 | loss -6.908 | 114 ms/step (8.77 it/s) | elapsed 0.9 min | ETA this epoch 6.8 min
  step 550/4061 | loss -7.273 | 114 ms/step (8.81 it/s) | elapsed 1.0 min | ETA this epoch 6.6 min
  step 600/4061 | loss -7.246 | 114 ms/step (8.80 it/s) | elapsed 1.1 min | ETA this epoch 6.6 min
  step 650/4061 | loss -4.680 | 116 ms/step (8.63 it/s) | elapsed 1.2 min | ETA this epoch 6.6 min
  step 700/4061 | loss -6.105 | 113 ms/step (8.83 it/s) | elapsed 1.3 min | ETA this epoch 6.3 min
  step 750/4061 | loss -6.667 | 114 ms/step (8.81 it/s) | elapsed 1.4 min | ETA this epoch 6.3 min
  step 800/4061 | loss -5.681 | 114 ms/step (8.76 it/s) | elapsed 1.5 min | ETA this epoch 6.2 min
  step 850/4061 | loss -6.137 | 114 ms/step (8.81 it/s) | elapsed 1.6 min | ETA this epoch 6.1 min
  step 900/4061 | loss -5.512 | 113 ms/step (8.82 it/s) | elapsed 1.7 min | ETA this epoch 6.0 min
  step 950/4061 | loss -5.374 | 113 ms/step (8.82 it/s) | elapsed 1.8 min | ETA this epoch 5.9 min
  step 1000/4061 | loss -5.528 | 114 ms/step (8.80 it/s) | elapsed 1.9 min | ETA this epoch 5.8 min
  step 1050/4061 | loss -6.114 | 118 ms/step (8.51 it/s) | elapsed 2.0 min | ETA this epoch 5.9 min
  step 1100/4061 | loss -6.861 | 114 ms/step (8.79 it/s) | elapsed 2.1 min | ETA this epoch 5.6 min
  step 1150/4061 | loss -6.961 | 114 ms/step (8.79 it/s) | elapsed 2.2 min | ETA this epoch 5.5 min
  step 1200/4061 | loss -4.866 | 114 ms/step (8.79 it/s) | elapsed 2.3 min | ETA this epoch 5.4 min
  step 1250/4061 | loss -6.436 | 114 ms/step (8.80 it/s) | elapsed 2.4 min | ETA this epoch 5.3 min
  step 1300/4061 | loss -7.122 | 114 ms/step (8.77 it/s) | elapsed 2.5 min | ETA this epoch 5.2 min
  step 1350/4061 | loss -6.374 | 113 ms/step (8.83 it/s) | elapsed 2.6 min | ETA this epoch 5.1 min
  step 1400/4061 | loss -5.994 | 114 ms/step (8.79 it/s) | elapsed 2.7 min | ETA this epoch 5.0 min
  step 1450/4061 | loss -5.033 | 113 ms/step (8.83 it/s) | elapsed 2.8 min | ETA this epoch 4.9 min
  step 1500/4061 | loss -5.637 | 114 ms/step (8.79 it/s) | elapsed 2.8 min | ETA this epoch 4.9 min
  step 1550/4061 | loss -7.749 | 114 ms/step (8.79 it/s) | elapsed 2.9 min | ETA this epoch 4.8 min
  step 1600/4061 | loss -5.698 | 114 ms/step (8.79 it/s) | elapsed 3.0 min | ETA this epoch 4.7 min
  step 1650/4061 | loss -5.851 | 114 ms/step (8.80 it/s) | elapsed 3.1 min | ETA this epoch 4.6 min
  step 1700/4061 | loss -5.480 | 109 ms/step (9.20 it/s) | elapsed 3.2 min | ETA this epoch 4.3 min
  step 1750/4061 | loss -6.108 | 99 ms/step (10.05 it/s) | elapsed 3.3 min | ETA this epoch 3.8 min
  step 1800/4061 | loss -5.775 | 98 ms/step (10.24 it/s) | elapsed 3.4 min | ETA this epoch 3.7 min
  step 1850/4061 | loss -6.111 | 108 ms/step (9.26 it/s) | elapsed 3.5 min | ETA this epoch 4.0 min
  step 1900/4061 | loss -7.188 | 114 ms/step (8.80 it/s) | elapsed 3.6 min | ETA this epoch 4.1 min
  step 1950/4061 | loss -5.219 | 113 ms/step (8.81 it/s) | elapsed 3.7 min | ETA this epoch 4.0 min
  step 2000/4061 | loss -5.337 | 114 ms/step (8.80 it/s) | elapsed 3.8 min | ETA this epoch 3.9 min
  step 2050/4061 | loss -4.978 | 114 ms/step (8.79 it/s) | elapsed 3.9 min | ETA this epoch 3.8 min
  step 2100/4061 | loss -5.551 | 114 ms/step (8.78 it/s) | elapsed 3.9 min | ETA this epoch 3.7 min
  step 2150/4061 | loss -6.766 | 113 ms/step (8.82 it/s) | elapsed 4.0 min | ETA this epoch 3.6 min
  step 2200/4061 | loss -6.461 | 113 ms/step (8.82 it/s) | elapsed 4.1 min | ETA this epoch 3.5 min
  step 2250/4061 | loss -4.012 | 113 ms/step (8.82 it/s) | elapsed 4.2 min | ETA this epoch 3.4 min
  step 2300/4061 | loss -6.282 | 114 ms/step (8.79 it/s) | elapsed 4.3 min | ETA this epoch 3.3 min
  step 2350/4061 | loss -7.116 | 114 ms/step (8.78 it/s) | elapsed 4.4 min | ETA this epoch 3.2 min
  step 2400/4061 | loss -4.950 | 113 ms/step (8.82 it/s) | elapsed 4.5 min | ETA this epoch 3.1 min
  step 2450/4061 | loss -6.448 | 114 ms/step (8.80 it/s) | elapsed 4.6 min | ETA this epoch 3.1 min
  step 2500/4061 | loss -6.276 | 114 ms/step (8.80 it/s) | elapsed 4.7 min | ETA this epoch 3.0 min
  step 2550/4061 | loss -5.475 | 113 ms/step (8.86 it/s) | elapsed 4.8 min | ETA this epoch 2.8 min
  step 2600/4061 | loss -5.571 | 105 ms/step (9.55 it/s) | elapsed 4.9 min | ETA this epoch 2.6 min
  step 2650/4061 | loss -5.384 | 97 ms/step (10.33 it/s) | elapsed 5.0 min | ETA this epoch 2.3 min
  step 2700/4061 | loss -6.377 | 98 ms/step (10.24 it/s) | elapsed 5.0 min | ETA this epoch 2.2 min
  step 2750/4061 | loss -5.893 | 109 ms/step (9.16 it/s) | elapsed 5.1 min | ETA this epoch 2.4 min
  step 2800/4061 | loss -7.080 | 113 ms/step (8.84 it/s) | elapsed 5.2 min | ETA this epoch 2.4 min
  step 2850/4061 | loss -6.119 | 113 ms/step (8.84 it/s) | elapsed 5.3 min | ETA this epoch 2.3 min
  step 2900/4061 | loss -5.335 | 113 ms/step (8.85 it/s) | elapsed 5.4 min | ETA this epoch 2.2 min
  step 2950/4061 | loss -6.962 | 114 ms/step (8.78 it/s) | elapsed 5.5 min | ETA this epoch 2.1 min
  step 3000/4061 | loss -6.463 | 113 ms/step (8.81 it/s) | elapsed 5.6 min | ETA this epoch 2.0 min
  step 3050/4061 | loss -6.071 | 113 ms/step (8.84 it/s) | elapsed 5.7 min | ETA this epoch 1.9 min
  step 3100/4061 | loss -5.784 | 114 ms/step (8.78 it/s) | elapsed 5.8 min | ETA this epoch 1.8 min
  step 3150/4061 | loss -4.711 | 114 ms/step (8.78 it/s) | elapsed 5.9 min | ETA this epoch 1.7 min
  step 3200/4061 | loss -7.772 | 114 ms/step (8.77 it/s) | elapsed 6.0 min | ETA this epoch 1.6 min
  step 3250/4061 | loss -6.389 | 114 ms/step (8.76 it/s) | elapsed 6.1 min | ETA this epoch 1.5 min
  step 3300/4061 | loss -6.471 | 113 ms/step (8.81 it/s) | elapsed 6.2 min | ETA this epoch 1.4 min
  step 3350/4061 | loss -5.939 | 114 ms/step (8.78 it/s) | elapsed 6.3 min | ETA this epoch 1.3 min
  step 3400/4061 | loss -6.801 | 114 ms/step (8.80 it/s) | elapsed 6.4 min | ETA this epoch 1.3 min
  step 3450/4061 | loss -7.088 | 114 ms/step (8.80 it/s) | elapsed 6.5 min | ETA this epoch 1.2 min
  step 3500/4061 | loss -5.878 | 114 ms/step (8.81 it/s) | elapsed 6.6 min | ETA this epoch 1.1 min
  step 3550/4061 | loss -6.084 | 114 ms/step (8.78 it/s) | elapsed 6.7 min | ETA this epoch 1.0 min
  step 3600/4061 | loss -6.689 | 114 ms/step (8.80 it/s) | elapsed 6.8 min | ETA this epoch 0.9 min
  step 3650/4061 | loss -7.050 | 113 ms/step (8.85 it/s) | elapsed 6.8 min | ETA this epoch 0.8 min
  step 3700/4061 | loss -8.235 | 114 ms/step (8.78 it/s) | elapsed 6.9 min | ETA this epoch 0.7 min
  step 3750/4061 | loss -6.135 | 113 ms/step (8.82 it/s) | elapsed 7.0 min | ETA this epoch 0.6 min
  step 3800/4061 | loss -6.778 | 114 ms/step (8.79 it/s) | elapsed 7.1 min | ETA this epoch 0.5 min
  step 3850/4061 | loss -5.715 | 113 ms/step (8.83 it/s) | elapsed 7.2 min | ETA this epoch 0.4 min
  step 3900/4061 | loss -6.000 | 114 ms/step (8.78 it/s) | elapsed 7.3 min | ETA this epoch 0.3 min
  step 3950/4061 | loss -6.407 | 114 ms/step (8.80 it/s) | elapsed 7.4 min | ETA this epoch 0.2 min
  step 4000/4061 | loss -6.395 | 113 ms/step (8.81 it/s) | elapsed 7.5 min | ETA this epoch 0.1 min
  step 4050/4061 | loss -6.542 | 114 ms/step (8.79 it/s) | elapsed 7.6 min | ETA this epoch 0.0 min
Epoch 3/50 | Train -6.177 | Val L1 0.0025 | Val SI-SDR 15.63 dB | Time 7.8 min
Saved best model (SI-SDR 15.63 dB) -> /home/bubai-maji/speech_enhancement/script/propose_ablation3/checkpoint_propose_ab3/best_NGDM_SE.pt
  step 50/4061 | loss -6.602 | 114 ms/step (8.77 it/s) | elapsed 0.1 min | ETA this epoch 7.6 min
  step 100/4061 | loss -4.640 | 114 ms/step (8.78 it/s) | elapsed 0.2 min | ETA this epoch 7.5 min
  step 150/4061 | loss -5.788 | 113 ms/step (8.84 it/s) | elapsed 0.3 min | ETA this epoch 7.4 min
  step 200/4061 | loss -6.080 | 114 ms/step (8.79 it/s) | elapsed 0.4 min | ETA this epoch 7.3 min
  step 250/4061 | loss -7.013 | 114 ms/step (8.80 it/s) | elapsed 0.5 min | ETA this epoch 7.2 min
  step 300/4061 | loss -6.295 | 114 ms/step (8.78 it/s) | elapsed 0.6 min | ETA this epoch 7.1 min
  step 350/4061 | loss -6.589 | 114 ms/step (8.79 it/s) | elapsed 0.7 min | ETA this epoch 7.0 min
  step 400/4061 | loss -6.187 | 114 ms/step (8.80 it/s) | elapsed 0.8 min | ETA this epoch 6.9 min
  step 450/4061 | loss -6.223 | 113 ms/step (8.84 it/s) | elapsed 0.9 min | ETA this epoch 6.8 min
  step 500/4061 | loss -7.693 | 114 ms/step (8.79 it/s) | elapsed 0.9 min | ETA this epoch 6.8 min
  step 550/4061 | loss -5.365 | 113 ms/step (8.81 it/s) | elapsed 1.0 min | ETA this epoch 6.6 min
  step 600/4061 | loss -7.001 | 114 ms/step (8.80 it/s) | elapsed 1.1 min | ETA this epoch 6.6 min
  step 650/4061 | loss -5.198 | 114 ms/step (8.80 it/s) | elapsed 1.2 min | ETA this epoch 6.5 min
  step 700/4061 | loss -7.017 | 113 ms/step (8.83 it/s) | elapsed 1.3 min | ETA this epoch 6.3 min
  step 750/4061 | loss -6.038 | 113 ms/step (8.82 it/s) | elapsed 1.4 min | ETA this epoch 6.3 min
  step 800/4061 | loss -8.630 | 114 ms/step (8.78 it/s) | elapsed 1.5 min | ETA this epoch 6.2 min
  step 850/4061 | loss -7.151 | 114 ms/step (8.80 it/s) | elapsed 1.6 min | ETA this epoch 6.1 min
  step 900/4061 | loss -8.368 | 113 ms/step (8.81 it/s) | elapsed 1.7 min | ETA this epoch 6.0 min
  step 950/4061 | loss -6.057 | 114 ms/step (8.79 it/s) | elapsed 1.8 min | ETA this epoch 5.9 min
  step 1000/4061 | loss -6.633 | 113 ms/step (8.81 it/s) | elapsed 1.9 min | ETA this epoch 5.8 min
  step 1050/4061 | loss -6.717 | 114 ms/step (8.80 it/s) | elapsed 2.0 min | ETA this epoch 5.7 min
  step 1100/4061 | loss -5.751 | 114 ms/step (8.81 it/s) | elapsed 2.1 min | ETA this epoch 5.6 min
  step 1150/4061 | loss -7.759 | 114 ms/step (8.80 it/s) | elapsed 2.2 min | ETA this epoch 5.5 min
  step 1200/4061 | loss -6.871 | 114 ms/step (8.80 it/s) | elapsed 2.3 min | ETA this epoch 5.4 min
  step 1250/4061 | loss -5.096 | 112 ms/step (8.91 it/s) | elapsed 2.4 min | ETA this epoch 5.3 min
  step 1300/4061 | loss -6.371 | 114 ms/step (8.79 it/s) | elapsed 2.5 min | ETA this epoch 5.2 min
  step 1350/4061 | loss -7.046 | 113 ms/step (8.81 it/s) | elapsed 2.6 min | ETA this epoch 5.1 min
  step 1400/4061 | loss -4.822 | 114 ms/step (8.78 it/s) | elapsed 2.7 min | ETA this epoch 5.1 min
  step 1450/4061 | loss -6.703 | 114 ms/step (8.76 it/s) | elapsed 2.7 min | ETA this epoch 5.0 min
  step 1500/4061 | loss -6.430 | 114 ms/step (8.81 it/s) | elapsed 2.8 min | ETA this epoch 4.8 min
  step 1550/4061 | loss -7.605 | 113 ms/step (8.86 it/s) | elapsed 2.9 min | ETA this epoch 4.7 min
  step 1600/4061 | loss -7.998 | 93 ms/step (10.74 it/s) | elapsed 3.0 min | ETA this epoch 3.8 min
  step 1650/4061 | loss -6.291 | 91 ms/step (11.04 it/s) | elapsed 3.1 min | ETA this epoch 3.6 min
  step 1700/4061 | loss -6.051 | 98 ms/step (10.21 it/s) | elapsed 3.2 min | ETA this epoch 3.9 min
  step 1750/4061 | loss -6.259 | 110 ms/step (9.07 it/s) | elapsed 3.3 min | ETA this epoch 4.2 min
  step 1800/4061 | loss -5.863 | 113 ms/step (8.84 it/s) | elapsed 3.4 min | ETA this epoch 4.3 min
  step 1850/4061 | loss -7.003 | 113 ms/step (8.86 it/s) | elapsed 3.4 min | ETA this epoch 4.2 min
  step 1900/4061 | loss -6.612 | 113 ms/step (8.83 it/s) | elapsed 3.5 min | ETA this epoch 4.1 min
  step 1950/4061 | loss -7.177 | 114 ms/step (8.80 it/s) | elapsed 3.6 min | ETA this epoch 4.0 min
  step 2000/4061 | loss -5.638 | 114 ms/step (8.79 it/s) | elapsed 3.7 min | ETA this epoch 3.9 min
  step 2050/4061 | loss -6.707 | 114 ms/step (8.76 it/s) | elapsed 3.8 min | ETA this epoch 3.8 min
  step 2100/4061 | loss -8.054 | 114 ms/step (8.76 it/s) | elapsed 3.9 min | ETA this epoch 3.7 min
  step 2150/4061 | loss -5.310 | 114 ms/step (8.77 it/s) | elapsed 4.0 min | ETA this epoch 3.6 min
  step 2200/4061 | loss -6.181 | 114 ms/step (8.79 it/s) | elapsed 4.1 min | ETA this epoch 3.5 min
  step 2250/4061 | loss -5.580 | 113 ms/step (8.84 it/s) | elapsed 4.2 min | ETA this epoch 3.4 min
  step 2300/4061 | loss -7.007 | 114 ms/step (8.76 it/s) | elapsed 4.3 min | ETA this epoch 3.4 min
  step 2350/4061 | loss -6.173 | 114 ms/step (8.79 it/s) | elapsed 4.4 min | ETA this epoch 3.2 min
  step 2400/4061 | loss -6.333 | 115 ms/step (8.70 it/s) | elapsed 4.5 min | ETA this epoch 3.2 min
  step 2450/4061 | loss -6.030 | 114 ms/step (8.77 it/s) | elapsed 4.6 min | ETA this epoch 3.1 min
  step 2500/4061 | loss -6.808 | 114 ms/step (8.81 it/s) | elapsed 4.7 min | ETA this epoch 3.0 min
  step 2550/4061 | loss -7.614 | 114 ms/step (8.75 it/s) | elapsed 4.8 min | ETA this epoch 2.9 min
  step 2600/4061 | loss -6.945 | 108 ms/step (9.23 it/s) | elapsed 4.9 min | ETA this epoch 2.6 min
  step 2650/4061 | loss -5.186 | 97 ms/step (10.26 it/s) | elapsed 4.9 min | ETA this epoch 2.3 min
  step 2700/4061 | loss -5.909 | 90 ms/step (11.14 it/s) | elapsed 5.0 min | ETA this epoch 2.0 min
  step 2750/4061 | loss -7.239 | 99 ms/step (10.12 it/s) | elapsed 5.1 min | ETA this epoch 2.2 min
  step 2800/4061 | loss -6.283 | 100 ms/step (10.05 it/s) | elapsed 5.2 min | ETA this epoch 2.1 min
  step 2850/4061 | loss -7.444 | 95 ms/step (10.49 it/s) | elapsed 5.3 min | ETA this epoch 1.9 min
  step 2900/4061 | loss -5.661 | 114 ms/step (8.74 it/s) | elapsed 5.4 min | ETA this epoch 2.2 min
  step 2950/4061 | loss -6.700 | 114 ms/step (8.78 it/s) | elapsed 5.5 min | ETA this epoch 2.1 min
  step 3000/4061 | loss -6.913 | 114 ms/step (8.77 it/s) | elapsed 5.6 min | ETA this epoch 2.0 min
  step 3050/4061 | loss -5.991 | 117 ms/step (8.51 it/s) | elapsed 5.7 min | ETA this epoch 2.0 min
  step 3100/4061 | loss -6.384 | 118 ms/step (8.46 it/s) | elapsed 5.8 min | ETA this epoch 1.9 min
  step 3150/4061 | loss -5.634 | 114 ms/step (8.75 it/s) | elapsed 5.8 min | ETA this epoch 1.7 min
  step 3200/4061 | loss -5.328 | 115 ms/step (8.73 it/s) | elapsed 5.9 min | ETA this epoch 1.6 min
  step 3250/4061 | loss -6.301 | 116 ms/step (8.63 it/s) | elapsed 6.0 min | ETA this epoch 1.6 min
  step 3300/4061 | loss -5.131 | 117 ms/step (8.58 it/s) | elapsed 6.1 min | ETA this epoch 1.5 min
  step 3350/4061 | loss -5.863 | 119 ms/step (8.42 it/s) | elapsed 6.2 min | ETA this epoch 1.4 min
  step 3400/4061 | loss -7.298 | 109 ms/step (9.14 it/s) | elapsed 6.3 min | ETA this epoch 1.2 min
  step 3450/4061 | loss -5.183 | 118 ms/step (8.50 it/s) | elapsed 6.4 min | ETA this epoch 1.2 min
  step 3500/4061 | loss -6.549 | 115 ms/step (8.73 it/s) | elapsed 6.5 min | ETA this epoch 1.1 min
  step 3550/4061 | loss -6.667 | 114 ms/step (8.74 it/s) | elapsed 6.6 min | ETA this epoch 1.0 min
  step 3600/4061 | loss -6.776 | 117 ms/step (8.58 it/s) | elapsed 6.7 min | ETA this epoch 0.9 min
  step 3650/4061 | loss -5.868 | 115 ms/step (8.73 it/s) | elapsed 6.8 min | ETA this epoch 0.8 min
  step 3700/4061 | loss -4.682 | 114 ms/step (8.80 it/s) | elapsed 6.9 min | ETA this epoch 0.7 min
  step 3750/4061 | loss -6.531 | 115 ms/step (8.67 it/s) | elapsed 7.0 min | ETA this epoch 0.6 min
  step 3800/4061 | loss -4.723 | 118 ms/step (8.47 it/s) | elapsed 7.1 min | ETA this epoch 0.5 min
  step 3850/4061 | loss -6.170 | 125 ms/step (8.00 it/s) | elapsed 7.2 min | ETA this epoch 0.4 min
  step 3900/4061 | loss -6.777 | 116 ms/step (8.60 it/s) | elapsed 7.3 min | ETA this epoch 0.3 min
  step 3950/4061 | loss -5.603 | 117 ms/step (8.54 it/s) | elapsed 7.4 min | ETA this epoch 0.2 min
  step 4000/4061 | loss -5.854 | 119 ms/step (8.38 it/s) | elapsed 7.5 min | ETA this epoch 0.1 min
  step 4050/4061 | loss -7.641 | 119 ms/step (8.38 it/s) | elapsed 7.6 min | ETA this epoch 0.0 min
Epoch 4/50 | Train -6.383 | Val L1 0.0022 | Val SI-SDR 16.39 dB | Time 8.4 min
Saved best model (SI-SDR 16.39 dB) -> /home/bubai-maji/speech_enhancement/script/propose_ablation3/checkpoint_propose_ab3/best_NGDM_SE.pt
  step 50/4061 | loss -7.995 | 119 ms/step (8.40 it/s) | elapsed 0.1 min | ETA this epoch 8.0 min
  step 100/4061 | loss -5.093 | 116 ms/step (8.61 it/s) | elapsed 0.2 min | ETA this epoch 7.7 min
  step 150/4061 | loss -5.088 | 122 ms/step (8.20 it/s) | elapsed 0.3 min | ETA this epoch 7.9 min
  step 200/4061 | loss -7.305 | 117 ms/step (8.54 it/s) | elapsed 0.4 min | ETA this epoch 7.5 min
  step 250/4061 | loss -5.878 | 114 ms/step (8.76 it/s) | elapsed 0.5 min | ETA this epoch 7.2 min
  step 300/4061 | loss -6.212 | 119 ms/step (8.43 it/s) | elapsed 0.6 min | ETA this epoch 7.4 min
  step 350/4061 | loss -7.983 | 116 ms/step (8.60 it/s) | elapsed 0.7 min | ETA this epoch 7.2 min
  step 400/4061 | loss -7.318 | 116 ms/step (8.59 it/s) | elapsed 0.8 min | ETA this epoch 7.1 min
  step 450/4061 | loss -7.110 | 116 ms/step (8.61 it/s) | elapsed 0.9 min | ETA this epoch 7.0 min
  step 500/4061 | loss -4.790 | 114 ms/step (8.77 it/s) | elapsed 1.0 min | ETA this epoch 6.8 min
  step 550/4061 | loss -5.047 | 117 ms/step (8.56 it/s) | elapsed 1.1 min | ETA this epoch 6.8 min
  step 600/4061 | loss -5.062 | 124 ms/step (8.09 it/s) | elapsed 1.2 min | ETA this epoch 7.1 min
  step 650/4061 | loss -6.294 | 118 ms/step (8.46 it/s) | elapsed 1.3 min | ETA this epoch 6.7 min
  step 700/4061 | loss -8.373 | 119 ms/step (8.38 it/s) | elapsed 1.4 min | ETA this epoch 6.7 min
  step 750/4061 | loss -5.179 | 121 ms/step (8.30 it/s) | elapsed 1.5 min | ETA this epoch 6.7 min
  step 800/4061 | loss -6.597 | 111 ms/step (8.97 it/s) | elapsed 1.6 min | ETA this epoch 6.1 min
  step 850/4061 | loss -6.699 | 116 ms/step (8.61 it/s) | elapsed 1.7 min | ETA this epoch 6.2 min
  step 900/4061 | loss -6.830 | 107 ms/step (9.33 it/s) | elapsed 1.8 min | ETA this epoch 5.6 min
  step 950/4061 | loss -7.207 | 114 ms/step (8.78 it/s) | elapsed 1.8 min | ETA this epoch 5.9 min
  step 1000/4061 | loss -5.273 | 95 ms/step (10.49 it/s) | elapsed 1.9 min | ETA this epoch 4.9 min
  step 1050/4061 | loss -6.269 | 115 ms/step (8.73 it/s) | elapsed 2.0 min | ETA this epoch 5.8 min
  step 1100/4061 | loss -6.430 | 100 ms/step (9.97 it/s) | elapsed 2.1 min | ETA this epoch 4.9 min
  step 1150/4061 | loss -6.562 | 117 ms/step (8.55 it/s) | elapsed 2.2 min | ETA this epoch 5.7 min
  step 1200/4061 | loss -5.562 | 114 ms/step (8.78 it/s) | elapsed 2.3 min | ETA this epoch 5.4 min
  step 1250/4061 | loss -8.100 | 121 ms/step (8.30 it/s) | elapsed 2.4 min | ETA this epoch 5.6 min
  step 1300/4061 | loss -5.644 | 119 ms/step (8.39 it/s) | elapsed 2.5 min | ETA this epoch 5.5 min
  step 1350/4061 | loss -5.572 | 118 ms/step (8.45 it/s) | elapsed 2.6 min | ETA this epoch 5.3 min
  step 1400/4061 | loss -7.669 | 119 ms/step (8.39 it/s) | elapsed 2.7 min | ETA this epoch 5.3 min
  step 1450/4061 | loss -5.712 | 120 ms/step (8.33 it/s) | elapsed 2.8 min | ETA this epoch 5.2 min
  step 1500/4061 | loss -8.755 | 115 ms/step (8.69 it/s) | elapsed 2.9 min | ETA this epoch 4.9 min
  step 1550/4061 | loss -5.468 | 120 ms/step (8.31 it/s) | elapsed 3.0 min | ETA this epoch 5.0 min
  step 1600/4061 | loss -7.662 | 121 ms/step (8.29 it/s) | elapsed 3.1 min | ETA this epoch 4.9 min
  step 1650/4061 | loss -5.653 | 117 ms/step (8.55 it/s) | elapsed 3.2 min | ETA this epoch 4.7 min
  step 1700/4061 | loss -6.335 | 114 ms/step (8.74 it/s) | elapsed 3.3 min | ETA this epoch 4.5 min
  step 1750/4061 | loss -6.665 | 116 ms/step (8.64 it/s) | elapsed 3.4 min | ETA this epoch 4.5 min
  step 1800/4061 | loss -5.155 | 116 ms/step (8.61 it/s) | elapsed 3.5 min | ETA this epoch 4.4 min
  step 1850/4061 | loss -5.078 | 121 ms/step (8.28 it/s) | elapsed 3.6 min | ETA this epoch 4.4 min
  step 1900/4061 | loss -7.463 | 119 ms/step (8.37 it/s) | elapsed 3.7 min | ETA this epoch 4.3 min
  step 1950/4061 | loss -7.609 | 114 ms/step (8.76 it/s) | elapsed 3.8 min | ETA this epoch 4.0 min
  step 2000/4061 | loss -7.520 | 117 ms/step (8.57 it/s) | elapsed 3.9 min | ETA this epoch 4.0 min
  step 2050/4061 | loss -6.689 | 118 ms/step (8.47 it/s) | elapsed 4.0 min | ETA this epoch 4.0 min
  step 2100/4061 | loss -6.687 | 114 ms/step (8.74 it/s) | elapsed 4.1 min | ETA this epoch 3.7 min
  step 2150/4061 | loss -8.399 | 116 ms/step (8.59 it/s) | elapsed 4.2 min | ETA this epoch 3.7 min
  step 2200/4061 | loss -5.615 | 121 ms/step (8.27 it/s) | elapsed 4.3 min | ETA this epoch 3.8 min
  step 2250/4061 | loss -6.309 | 118 ms/step (8.48 it/s) | elapsed 4.4 min | ETA this epoch 3.6 min
  step 2300/4061 | loss -7.566 | 115 ms/step (8.66 it/s) | elapsed 4.5 min | ETA this epoch 3.4 min
  step 2350/4061 | loss -5.073 | 119 ms/step (8.41 it/s) | elapsed 4.6 min | ETA this epoch 3.4 min
  step 2400/4061 | loss -6.604 | 121 ms/step (8.27 it/s) | elapsed 4.7 min | ETA this epoch 3.3 min
  step 2450/4061 | loss -7.440 | 114 ms/step (8.74 it/s) | elapsed 4.8 min | ETA this epoch 3.1 min
  step 2500/4061 | loss -7.122 | 111 ms/step (8.99 it/s) | elapsed 4.8 min | ETA this epoch 2.9 min
  step 2550/4061 | loss -5.523 | 100 ms/step (10.01 it/s) | elapsed 4.9 min | ETA this epoch 2.5 min
  step 2600/4061 | loss -6.440 | 109 ms/step (9.20 it/s) | elapsed 5.0 min | ETA this epoch 2.6 min
  step 2650/4061 | loss -6.200 | 110 ms/step (9.06 it/s) | elapsed 5.1 min | ETA this epoch 2.6 min
  step 2700/4061 | loss -6.589 | 105 ms/step (9.49 it/s) | elapsed 5.2 min | ETA this epoch 2.4 min
  step 2750/4061 | loss -7.467 | 112 ms/step (8.97 it/s) | elapsed 5.3 min | ETA this epoch 2.4 min
  step 2800/4061 | loss -6.755 | 106 ms/step (9.42 it/s) | elapsed 5.4 min | ETA this epoch 2.2 min
  step 2850/4061 | loss -5.390 | 119 ms/step (8.41 it/s) | elapsed 5.5 min | ETA this epoch 2.4 min
  step 2900/4061 | loss -8.268 | 103 ms/step (9.67 it/s) | elapsed 5.6 min | ETA this epoch 2.0 min
  step 2950/4061 | loss -6.386 | 110 ms/step (9.11 it/s) | elapsed 5.7 min | ETA this epoch 2.0 min
  step 3000/4061 | loss -6.479 | 119 ms/step (8.43 it/s) | elapsed 5.8 min | ETA this epoch 2.1 min
  step 3050/4061 | loss -7.423 | 116 ms/step (8.64 it/s) | elapsed 5.9 min | ETA this epoch 2.0 min
  step 3100/4061 | loss -6.096 | 120 ms/step (8.35 it/s) | elapsed 6.0 min | ETA this epoch 1.9 min
  step 3150/4061 | loss -6.371 | 118 ms/step (8.50 it/s) | elapsed 6.0 min | ETA this epoch 1.8 min
  step 3200/4061 | loss -6.828 | 116 ms/step (8.62 it/s) | elapsed 6.1 min | ETA this epoch 1.7 min
  step 3250/4061 | loss -7.404 | 119 ms/step (8.41 it/s) | elapsed 6.2 min | ETA this epoch 1.6 min
  step 3300/4061 | loss -6.901 | 116 ms/step (8.63 it/s) | elapsed 6.3 min | ETA this epoch 1.5 min
  step 3350/4061 | loss -5.475 | 119 ms/step (8.40 it/s) | elapsed 6.4 min | ETA this epoch 1.4 min
  step 3400/4061 | loss -7.110 | 119 ms/step (8.39 it/s) | elapsed 6.5 min | ETA this epoch 1.3 min
  step 3450/4061 | loss -6.221 | 125 ms/step (7.97 it/s) | elapsed 6.6 min | ETA this epoch 1.3 min
  step 3500/4061 | loss -5.566 | 120 ms/step (8.34 it/s) | elapsed 6.7 min | ETA this epoch 1.1 min
  step 3550/4061 | loss -5.704 | 118 ms/step (8.48 it/s) | elapsed 6.8 min | ETA this epoch 1.0 min
  step 3600/4061 | loss -6.804 | 113 ms/step (8.86 it/s) | elapsed 6.9 min | ETA this epoch 0.9 min
  step 3650/4061 | loss -6.060 | 114 ms/step (8.76 it/s) | elapsed 7.0 min | ETA this epoch 0.8 min
  step 3700/4061 | loss -7.265 | 119 ms/step (8.43 it/s) | elapsed 7.1 min | ETA this epoch 0.7 min
  step 3750/4061 | loss -7.593 | 111 ms/step (8.99 it/s) | elapsed 7.2 min | ETA this epoch 0.6 min
  step 3800/4061 | loss -10.554 | 120 ms/step (8.32 it/s) | elapsed 7.3 min | ETA this epoch 0.5 min
  step 3850/4061 | loss -5.942 | 118 ms/step (8.45 it/s) | elapsed 7.4 min | ETA this epoch 0.4 min
  step 3900/4061 | loss -5.408 | 118 ms/step (8.47 it/s) | elapsed 7.5 min | ETA this epoch 0.3 min
  step 3950/4061 | loss -7.577 | 120 ms/step (8.30 it/s) | elapsed 7.6 min | ETA this epoch 0.2 min
  step 4000/4061 | loss -8.017 | 116 ms/step (8.59 it/s) | elapsed 7.7 min | ETA this epoch 0.1 min
  step 4050/4061 | loss -5.021 | 117 ms/step (8.53 it/s) | elapsed 7.8 min | ETA this epoch 0.0 min
Epoch 5/50 | Train -6.464 | Val L1 0.0022 | Val SI-SDR 16.64 dB | Time 8.5 min
Saved best model (SI-SDR 16.64 dB) -> /home/bubai-maji/speech_enhancement/script/propose_ablation3/checkpoint_propose_ab3/best_NGDM_SE.pt
  step 50/4061 | loss -7.138 | 121 ms/step (8.26 it/s) | elapsed 0.1 min | ETA this epoch 8.1 min
  step 100/4061 | loss -6.422 | 89 ms/step (11.23 it/s) | elapsed 0.2 min | ETA this epoch 5.9 min
  step 150/4061 | loss -4.986 | 100 ms/step (10.01 it/s) | elapsed 0.3 min | ETA this epoch 6.5 min
  step 200/4061 | loss -6.090 | 90 ms/step (11.13 it/s) | elapsed 0.3 min | ETA this epoch 5.8 min
  step 250/4061 | loss -4.774 | 90 ms/step (11.07 it/s) | elapsed 0.4 min | ETA this epoch 5.7 min
  step 300/4061 | loss -7.864 | 93 ms/step (10.78 it/s) | elapsed 0.5 min | ETA this epoch 5.8 min
  step 350/4061 | loss -6.468 | 118 ms/step (8.49 it/s) | elapsed 0.6 min | ETA this epoch 7.3 min
  step 400/4061 | loss -6.783 | 84 ms/step (11.93 it/s) | elapsed 0.7 min | ETA this epoch 5.1 min
  step 450/4061 | loss -7.504 | 90 ms/step (11.08 it/s) | elapsed 0.7 min | ETA this epoch 5.4 min
  step 500/4061 | loss -5.731 | 116 ms/step (8.62 it/s) | elapsed 0.8 min | ETA this epoch 6.9 min
  step 550/4061 | loss -6.698 | 119 ms/step (8.39 it/s) | elapsed 0.9 min | ETA this epoch 7.0 min
  step 600/4061 | loss -6.149 | 116 ms/step (8.63 it/s) | elapsed 1.0 min | ETA this epoch 6.7 min
  step 650/4061 | loss -5.963 | 119 ms/step (8.37 it/s) | elapsed 1.1 min | ETA this epoch 6.8 min
  step 700/4061 | loss -7.031 | 114 ms/step (8.79 it/s) | elapsed 1.2 min | ETA this epoch 6.4 min
  step 750/4061 | loss -5.736 | 116 ms/step (8.59 it/s) | elapsed 1.3 min | ETA this epoch 6.4 min
  step 800/4061 | loss -6.606 | 115 ms/step (8.70 it/s) | elapsed 1.4 min | ETA this epoch 6.2 min
  step 850/4061 | loss -5.853 | 116 ms/step (8.61 it/s) | elapsed 1.5 min | ETA this epoch 6.2 min
  step 900/4061 | loss -7.320 | 117 ms/step (8.58 it/s) | elapsed 1.6 min | ETA this epoch 6.1 min
  step 950/4061 | loss -8.478 | 115 ms/step (8.69 it/s) | elapsed 1.7 min | ETA this epoch 6.0 min
  step 1000/4061 | loss -5.343 | 113 ms/step (8.88 it/s) | elapsed 1.8 min | ETA this epoch 5.7 min
  step 1050/4061 | loss -6.613 | 114 ms/step (8.76 it/s) | elapsed 1.9 min | ETA this epoch 5.7 min
  step 1100/4061 | loss -5.934 | 117 ms/step (8.58 it/s) | elapsed 2.0 min | ETA this epoch 5.8 min
  step 1150/4061 | loss -5.873 | 120 ms/step (8.32 it/s) | elapsed 2.1 min | ETA this epoch 5.8 min
  step 1200/4061 | loss -6.110 | 116 ms/step (8.59 it/s) | elapsed 2.2 min | ETA this epoch 5.6 min
  step 1250/4061 | loss -7.060 | 121 ms/step (8.23 it/s) | elapsed 2.3 min | ETA this epoch 5.7 min
  step 1300/4061 | loss -5.700 | 122 ms/step (8.18 it/s) | elapsed 2.4 min | ETA this epoch 5.6 min
  step 1350/4061 | loss -6.246 | 117 ms/step (8.56 it/s) | elapsed 2.5 min | ETA this epoch 5.3 min
  step 1400/4061 | loss -6.059 | 115 ms/step (8.67 it/s) | elapsed 2.6 min | ETA this epoch 5.1 min
  step 1450/4061 | loss -8.119 | 114 ms/step (8.77 it/s) | elapsed 2.7 min | ETA this epoch 5.0 min
  step 1500/4061 | loss -6.669 | 113 ms/step (8.84 it/s) | elapsed 2.8 min | ETA this epoch 4.8 min
  step 1550/4061 | loss -7.031 | 117 ms/step (8.53 it/s) | elapsed 2.9 min | ETA this epoch 4.9 min
  step 1600/4061 | loss -6.064 | 114 ms/step (8.78 it/s) | elapsed 3.0 min | ETA this epoch 4.7 min
  step 1650/4061 | loss -5.638 | 123 ms/step (8.11 it/s) | elapsed 3.1 min | ETA this epoch 5.0 min
  step 1700/4061 | loss -5.954 | 124 ms/step (8.07 it/s) | elapsed 3.2 min | ETA this epoch 4.9 min
  step 1750/4061 | loss -6.285 | 114 ms/step (8.74 it/s) | elapsed 3.3 min | ETA this epoch 4.4 min
  step 1800/4061 | loss -5.982 | 117 ms/step (8.57 it/s) | elapsed 3.4 min | ETA this epoch 4.4 min
  step 1850/4061 | loss -7.098 | 119 ms/step (8.38 it/s) | elapsed 3.5 min | ETA this epoch 4.4 min
  step 1900/4061 | loss -6.116 | 121 ms/step (8.27 it/s) | elapsed 3.6 min | ETA this epoch 4.4 min
  step 1950/4061 | loss -7.783 | 121 ms/step (8.29 it/s) | elapsed 3.7 min | ETA this epoch 4.2 min
  step 2000/4061 | loss -6.367 | 118 ms/step (8.48 it/s) | elapsed 3.8 min | ETA this epoch 4.0 min
  step 2050/4061 | loss -5.347 | 119 ms/step (8.38 it/s) | elapsed 3.9 min | ETA this epoch 4.0 min
  step 2100/4061 | loss -6.057 | 118 ms/step (8.46 it/s) | elapsed 4.0 min | ETA this epoch 3.9 min
  step 2150/4061 | loss -6.482 | 119 ms/step (8.38 it/s) | elapsed 4.1 min | ETA this epoch 3.8 min
  step 2200/4061 | loss -8.625 | 118 ms/step (8.47 it/s) | elapsed 4.2 min | ETA this epoch 3.7 min
  step 2250/4061 | loss -6.870 | 122 ms/step (8.18 it/s) | elapsed 4.3 min | ETA this epoch 3.7 min
  step 2300/4061 | loss -5.277 | 119 ms/step (8.41 it/s) | elapsed 4.4 min | ETA this epoch 3.5 min
  step 2350/4061 | loss -7.198 | 114 ms/step (8.74 it/s) | elapsed 4.4 min | ETA this epoch 3.3 min
  step 2400/4061 | loss -6.937 | 119 ms/step (8.38 it/s) | elapsed 4.5 min | ETA this epoch 3.3 min
  step 2450/4061 | loss -5.951 | 114 ms/step (8.76 it/s) | elapsed 4.6 min | ETA this epoch 3.1 min
  step 2500/4061 | loss -4.361 | 113 ms/step (8.86 it/s) | elapsed 4.7 min | ETA this epoch 2.9 min
  step 2550/4061 | loss -8.256 | 114 ms/step (8.77 it/s) | elapsed 4.8 min | ETA this epoch 2.9 min
  step 2600/4061 | loss -7.700 | 125 ms/step (7.99 it/s) | elapsed 4.9 min | ETA this epoch 3.0 min
  step 2650/4061 | loss -6.122 | 113 ms/step (8.84 it/s) | elapsed 5.0 min | ETA this epoch 2.7 min
  step 2700/4061 | loss -5.654 | 109 ms/step (9.14 it/s) | elapsed 5.1 min | ETA this epoch 2.5 min
  step 2750/4061 | loss -6.793 | 99 ms/step (10.08 it/s) | elapsed 5.2 min | ETA this epoch 2.2 min
  step 2800/4061 | loss -6.577 | 92 ms/step (10.89 it/s) | elapsed 5.3 min | ETA this epoch 1.9 min
  step 2850/4061 | loss -7.218 | 96 ms/step (10.39 it/s) | elapsed 5.4 min | ETA this epoch 1.9 min
  step 2900/4061 | loss -7.073 | 98 ms/step (10.19 it/s) | elapsed 5.4 min | ETA this epoch 1.9 min
  step 2950/4061 | loss -6.396 | 111 ms/step (9.04 it/s) | elapsed 5.5 min | ETA this epoch 2.0 min
  step 3000/4061 | loss -6.263 | 114 ms/step (8.75 it/s) | elapsed 5.6 min | ETA this epoch 2.0 min
  step 3050/4061 | loss -5.775 | 114 ms/step (8.81 it/s) | elapsed 5.7 min | ETA this epoch 1.9 min
  step 3100/4061 | loss -6.338 | 114 ms/step (8.77 it/s) | elapsed 5.8 min | ETA this epoch 1.8 min
  step 3150/4061 | loss -7.000 | 113 ms/step (8.82 it/s) | elapsed 5.9 min | ETA this epoch 1.7 min
  step 3200/4061 | loss -6.007 | 118 ms/step (8.48 it/s) | elapsed 6.0 min | ETA this epoch 1.7 min
  step 3250/4061 | loss -8.022 | 114 ms/step (8.79 it/s) | elapsed 6.1 min | ETA this epoch 1.5 min
  step 3300/4061 | loss -5.793 | 112 ms/step (8.89 it/s) | elapsed 6.2 min | ETA this epoch 1.4 min
  step 3350/4061 | loss -10.156 | 114 ms/step (8.80 it/s) | elapsed 6.3 min | ETA this epoch 1.3 min
  step 3400/4061 | loss -6.073 | 114 ms/step (8.80 it/s) | elapsed 6.4 min | ETA this epoch 1.3 min
  step 3450/4061 | loss -6.058 | 113 ms/step (8.81 it/s) | elapsed 6.5 min | ETA this epoch 1.2 min
  step 3500/4061 | loss -5.564 | 112 ms/step (8.93 it/s) | elapsed 6.6 min | ETA this epoch 1.0 min
  step 3550/4061 | loss -5.623 | 115 ms/step (8.73 it/s) | elapsed 6.7 min | ETA this epoch 1.0 min
  step 3600/4061 | loss -7.607 | 114 ms/step (8.77 it/s) | elapsed 6.8 min | ETA this epoch 0.9 min
  step 3650/4061 | loss -7.125 | 114 ms/step (8.78 it/s) | elapsed 6.9 min | ETA this epoch 0.8 min
  step 3700/4061 | loss -8.006 | 114 ms/step (8.77 it/s) | elapsed 7.0 min | ETA this epoch 0.7 min
  step 3750/4061 | loss -6.666 | 114 ms/step (8.76 it/s) | elapsed 7.1 min | ETA this epoch 0.6 min
  step 3800/4061 | loss -6.061 | 114 ms/step (8.79 it/s) | elapsed 7.2 min | ETA this epoch 0.5 min
  step 3850/4061 | loss -5.878 | 114 ms/step (8.76 it/s) | elapsed 7.2 min | ETA this epoch 0.4 min
  step 3900/4061 | loss -6.447 | 114 ms/step (8.79 it/s) | elapsed 7.3 min | ETA this epoch 0.3 min
  step 3950/4061 | loss -4.899 | 114 ms/step (8.80 it/s) | elapsed 7.4 min | ETA this epoch 0.2 min
  step 4000/4061 | loss -6.126 | 113 ms/step (8.84 it/s) | elapsed 7.5 min | ETA this epoch 0.1 min
  step 4050/4061 | loss -7.950 | 114 ms/step (8.81 it/s) | elapsed 7.6 min | ETA this epoch 0.0 min
Epoch 6/50 | Train -6.607 | Val L1 0.0022 | Val SI-SDR 16.66 dB | Time 8.5 min
Saved best model (SI-SDR 16.66 dB) -> /home/bubai-maji/speech_enhancement/script/propose_ablation3/checkpoint_propose_ab3/best_NGDM_SE.pt
  step 50/4061 | loss -6.860 | 119 ms/step (8.42 it/s) | elapsed 0.1 min | ETA this epoch 7.9 min
  step 100/4061 | loss -6.703 | 122 ms/step (8.18 it/s) | elapsed 0.2 min | ETA this epoch 8.1 min
  step 150/4061 | loss -9.699 | 123 ms/step (8.16 it/s) | elapsed 0.3 min | ETA this epoch 8.0 min
  step 200/4061 | loss -5.691 | 120 ms/step (8.36 it/s) | elapsed 0.4 min | ETA this epoch 7.7 min
  step 250/4061 | loss -7.508 | 120 ms/step (8.32 it/s) | elapsed 0.5 min | ETA this epoch 7.6 min
  step 300/4061 | loss -7.357 | 117 ms/step (8.58 it/s) | elapsed 0.6 min | ETA this epoch 7.3 min
  step 350/4061 | loss -5.959 | 118 ms/step (8.45 it/s) | elapsed 0.7 min | ETA this epoch 7.3 min
  step 400/4061 | loss -5.733 | 129 ms/step (7.77 it/s) | elapsed 0.8 min | ETA this epoch 7.9 min
  step 450/4061 | loss -6.804 | 129 ms/step (7.78 it/s) | elapsed 0.9 min | ETA this epoch 7.7 min
  step 500/4061 | loss -5.948 | 136 ms/step (7.33 it/s) | elapsed 1.0 min | ETA this epoch 8.1 min
  step 550/4061 | loss -5.288 | 129 ms/step (7.74 it/s) | elapsed 1.1 min | ETA this epoch 7.6 min
  step 600/4061 | loss -7.411 | 129 ms/step (7.75 it/s) | elapsed 1.2 min | ETA this epoch 7.4 min
  step 650/4061 | loss -5.023 | 135 ms/step (7.43 it/s) | elapsed 1.4 min | ETA this epoch 7.7 min
  step 700/4061 | loss -6.331 | 125 ms/step (8.02 it/s) | elapsed 1.5 min | ETA this epoch 7.0 min
  step 750/4061 | loss -6.835 | 125 ms/step (8.02 it/s) | elapsed 1.6 min | ETA this epoch 6.9 min
  step 800/4061 | loss -7.907 | 124 ms/step (8.07 it/s) | elapsed 1.7 min | ETA this epoch 6.7 min
  step 850/4061 | loss -7.624 | 135 ms/step (7.43 it/s) | elapsed 1.8 min | ETA this epoch 7.2 min
  step 900/4061 | loss -6.793 | 116 ms/step (8.64 it/s) | elapsed 1.9 min | ETA this epoch 6.1 min
  step 950/4061 | loss -6.121 | 134 ms/step (7.48 it/s) | elapsed 2.0 min | ETA this epoch 6.9 min
  step 1000/4061 | loss -6.692 | 153 ms/step (6.54 it/s) | elapsed 2.1 min | ETA this epoch 7.8 min
  step 1050/4061 | loss -6.339 | 158 ms/step (6.32 it/s) | elapsed 2.2 min | ETA this epoch 7.9 min
  step 1100/4061 | loss -7.478 | 137 ms/step (7.30 it/s) | elapsed 2.4 min | ETA this epoch 6.8 min
  step 1150/4061 | loss -7.216 | 134 ms/step (7.45 it/s) | elapsed 2.5 min | ETA this epoch 6.5 min
  step 1200/4061 | loss -6.416 | 125 ms/step (8.00 it/s) | elapsed 2.6 min | ETA this epoch 6.0 min
  step 1250/4061 | loss -5.111 | 162 ms/step (6.18 it/s) | elapsed 2.7 min | ETA this epoch 7.6 min
  step 1300/4061 | loss -6.920 | 139 ms/step (7.17 it/s) | elapsed 2.8 min | ETA this epoch 6.4 min
  step 1350/4061 | loss -5.846 | 146 ms/step (6.86 it/s) | elapsed 2.9 min | ETA this epoch 6.6 min
  step 1400/4061 | loss -7.847 | 140 ms/step (7.14 it/s) | elapsed 3.1 min | ETA this epoch 6.2 min
  step 1450/4061 | loss -7.139 | 128 ms/step (7.81 it/s) | elapsed 3.2 min | ETA this epoch 5.6 min
  step 1500/4061 | loss -6.633 | 121 ms/step (8.28 it/s) | elapsed 3.3 min | ETA this epoch 5.2 min
  step 1550/4061 | loss -6.552 | 140 ms/step (7.16 it/s) | elapsed 3.4 min | ETA this epoch 5.8 min
  step 1600/4061 | loss -6.259 | 140 ms/step (7.12 it/s) | elapsed 3.5 min | ETA this epoch 5.8 min
  step 1650/4061 | loss -8.057 | 134 ms/step (7.47 it/s) | elapsed 3.6 min | ETA this epoch 5.4 min
  step 1700/4061 | loss -6.377 | 118 ms/step (8.46 it/s) | elapsed 3.7 min | ETA this epoch 4.6 min
  step 1750/4061 | loss -5.258 | 109 ms/step (9.15 it/s) | elapsed 3.8 min | ETA this epoch 4.2 min
  step 1800/4061 | loss -7.108 | 111 ms/step (9.03 it/s) | elapsed 3.9 min | ETA this epoch 4.2 min
  step 1850/4061 | loss -6.549 | 110 ms/step (9.07 it/s) | elapsed 4.0 min | ETA this epoch 4.1 min
  step 1900/4061 | loss -6.377 | 109 ms/step (9.19 it/s) | elapsed 4.1 min | ETA this epoch 3.9 min
  step 1950/4061 | loss -6.494 | 114 ms/step (8.79 it/s) | elapsed 4.2 min | ETA this epoch 4.0 min
  step 2000/4061 | loss -5.938 | 113 ms/step (8.85 it/s) | elapsed 4.3 min | ETA this epoch 3.9 min
  step 2050/4061 | loss -5.859 | 111 ms/step (9.01 it/s) | elapsed 4.4 min | ETA this epoch 3.7 min
  step 2100/4061 | loss -6.859 | 113 ms/step (8.86 it/s) | elapsed 4.5 min | ETA this epoch 3.7 min
  step 2150/4061 | loss -7.708 | 109 ms/step (9.18 it/s) | elapsed 4.5 min | ETA this epoch 3.5 min
  step 2200/4061 | loss -6.695 | 115 ms/step (8.69 it/s) | elapsed 4.6 min | ETA this epoch 3.6 min
  step 2250/4061 | loss -6.660 | 113 ms/step (8.83 it/s) | elapsed 4.7 min | ETA this epoch 3.4 min
  step 2300/4061 | loss -7.176 | 109 ms/step (9.20 it/s) | elapsed 4.8 min | ETA this epoch 3.2 min
  step 2350/4061 | loss -6.309 | 113 ms/step (8.86 it/s) | elapsed 4.9 min | ETA this epoch 3.2 min
  step 2400/4061 | loss -7.171 | 114 ms/step (8.80 it/s) | elapsed 5.0 min | ETA this epoch 3.1 min
  step 2450/4061 | loss -5.127 | 114 ms/step (8.78 it/s) | elapsed 5.1 min | ETA this epoch 3.1 min
  step 2500/4061 | loss -7.601 | 100 ms/step (9.97 it/s) | elapsed 5.2 min | ETA this epoch 2.6 min
  step 2550/4061 | loss -7.081 | 95 ms/step (10.56 it/s) | elapsed 5.3 min | ETA this epoch 2.4 min
  step 2600/4061 | loss -6.625 | 92 ms/step (10.88 it/s) | elapsed 5.4 min | ETA this epoch 2.2 min
  step 2650/4061 | loss -6.076 | 93 ms/step (10.75 it/s) | elapsed 5.4 min | ETA this epoch 2.2 min
  step 2700/4061 | loss -7.588 | 105 ms/step (9.51 it/s) | elapsed 5.5 min | ETA this epoch 2.4 min
  step 2750/4061 | loss -5.755 | 114 ms/step (8.76 it/s) | elapsed 5.6 min | ETA this epoch 2.5 min
  step 2800/4061 | loss -5.451 | 113 ms/step (8.84 it/s) | elapsed 5.7 min | ETA this epoch 2.4 min
  step 2850/4061 | loss -7.823 | 114 ms/step (8.80 it/s) | elapsed 5.8 min | ETA this epoch 2.3 min
  step 2900/4061 | loss -4.738 | 113 ms/step (8.84 it/s) | elapsed 5.9 min | ETA this epoch 2.2 min
  step 2950/4061 | loss -7.426 | 112 ms/step (8.90 it/s) | elapsed 6.0 min | ETA this epoch 2.1 min
  step 3000/4061 | loss -6.753 | 113 ms/step (8.82 it/s) | elapsed 6.1 min | ETA this epoch 2.0 min
  step 3050/4061 | loss -6.594 | 114 ms/step (8.74 it/s) | elapsed 6.2 min | ETA this epoch 1.9 min
  step 3100/4061 | loss -7.307 | 115 ms/step (8.72 it/s) | elapsed 6.3 min | ETA this epoch 1.8 min
  step 3150/4061 | loss -7.296 | 114 ms/step (8.80 it/s) | elapsed 6.4 min | ETA this epoch 1.7 min
  step 3200/4061 | loss -5.038 | 113 ms/step (8.84 it/s) | elapsed 6.5 min | ETA this epoch 1.6 min
  step 3250/4061 | loss -7.046 | 114 ms/step (8.74 it/s) | elapsed 6.6 min | ETA this epoch 1.5 min
  step 3300/4061 | loss -7.155 | 113 ms/step (8.85 it/s) | elapsed 6.7 min | ETA this epoch 1.4 min
  step 3350/4061 | loss -5.557 | 115 ms/step (8.73 it/s) | elapsed 6.7 min | ETA this epoch 1.4 min
  step 3400/4061 | loss -5.336 | 114 ms/step (8.79 it/s) | elapsed 6.8 min | ETA this epoch 1.3 min
  step 3450/4061 | loss -7.383 | 114 ms/step (8.78 it/s) | elapsed 6.9 min | ETA this epoch 1.2 min
  step 3500/4061 | loss -7.130 | 113 ms/step (8.82 it/s) | elapsed 7.0 min | ETA this epoch 1.1 min
  step 3550/4061 | loss -5.453 | 113 ms/step (8.82 it/s) | elapsed 7.1 min | ETA this epoch 1.0 min
  step 3600/4061 | loss -6.616 | 114 ms/step (8.81 it/s) | elapsed 7.2 min | ETA this epoch 0.9 min
  step 3650/4061 | loss -4.977 | 117 ms/step (8.56 it/s) | elapsed 7.3 min | ETA this epoch 0.8 min
  step 3700/4061 | loss -6.582 | 114 ms/step (8.80 it/s) | elapsed 7.4 min | ETA this epoch 0.7 min
  step 3750/4061 | loss -5.102 | 113 ms/step (8.83 it/s) | elapsed 7.5 min | ETA this epoch 0.6 min
  step 3800/4061 | loss -4.858 | 114 ms/step (8.79 it/s) | elapsed 7.6 min | ETA this epoch 0.5 min
  step 3850/4061 | loss -6.292 | 105 ms/step (9.51 it/s) | elapsed 7.7 min | ETA this epoch 0.4 min
  step 3900/4061 | loss -6.372 | 96 ms/step (10.45 it/s) | elapsed 7.8 min | ETA this epoch 0.3 min
  step 3950/4061 | loss -7.565 | 92 ms/step (10.85 it/s) | elapsed 7.8 min | ETA this epoch 0.2 min
  step 4000/4061 | loss -6.280 | 94 ms/step (10.59 it/s) | elapsed 7.9 min | ETA this epoch 0.1 min
  step 4050/4061 | loss -6.003 | 110 ms/step (9.09 it/s) | elapsed 8.0 min | ETA this epoch 0.0 min
Epoch 7/50 | Train -6.653 | Val L1 0.0021 | Val SI-SDR 16.75 dB | Time 8.3 min
Saved best model (SI-SDR 16.75 dB) -> /home/bubai-maji/speech_enhancement/script/propose_ablation3/checkpoint_propose_ab3/best_NGDM_SE.pt
  step 50/4061 | loss -6.129 | 115 ms/step (8.71 it/s) | elapsed 0.1 min | ETA this epoch 7.7 min
  step 100/4061 | loss -7.499 | 113 ms/step (8.84 it/s) | elapsed 0.2 min | ETA this epoch 7.5 min
  step 150/4061 | loss -8.951 | 115 ms/step (8.73 it/s) | elapsed 0.3 min | ETA this epoch 7.5 min
  step 200/4061 | loss -6.842 | 113 ms/step (8.82 it/s) | elapsed 0.4 min | ETA this epoch 7.3 min
  step 250/4061 | loss -7.274 | 114 ms/step (8.76 it/s) | elapsed 0.5 min | ETA this epoch 7.2 min
  step 300/4061 | loss -6.282 | 113 ms/step (8.85 it/s) | elapsed 0.6 min | ETA this epoch 7.1 min
  step 350/4061 | loss -6.141 | 115 ms/step (8.70 it/s) | elapsed 0.7 min | ETA this epoch 7.1 min
  step 400/4061 | loss -6.655 | 113 ms/step (8.81 it/s) | elapsed 0.8 min | ETA this epoch 6.9 min
  step 450/4061 | loss -6.014 | 114 ms/step (8.80 it/s) | elapsed 0.9 min | ETA this epoch 6.8 min
  step 500/4061 | loss -6.320 | 113 ms/step (8.86 it/s) | elapsed 0.9 min | ETA this epoch 6.7 min
  step 550/4061 | loss -8.413 | 114 ms/step (8.80 it/s) | elapsed 1.0 min | ETA this epoch 6.7 min
  step 600/4061 | loss -6.183 | 114 ms/step (8.80 it/s) | elapsed 1.1 min | ETA this epoch 6.6 min
  step 650/4061 | loss -6.731 | 114 ms/step (8.80 it/s) | elapsed 1.2 min | ETA this epoch 6.5 min
  step 700/4061 | loss -5.952 | 114 ms/step (8.81 it/s) | elapsed 1.3 min | ETA this epoch 6.4 min
  step 750/4061 | loss -5.436 | 117 ms/step (8.53 it/s) | elapsed 1.4 min | ETA this epoch 6.5 min
  step 800/4061 | loss -5.973 | 114 ms/step (8.78 it/s) | elapsed 1.5 min | ETA this epoch 6.2 min
  step 850/4061 | loss -7.828 | 115 ms/step (8.72 it/s) | elapsed 1.6 min | ETA this epoch 6.1 min
  step 900/4061 | loss -6.582 | 113 ms/step (8.82 it/s) | elapsed 1.7 min | ETA this epoch 6.0 min
  step 950/4061 | loss -7.382 | 114 ms/step (8.77 it/s) | elapsed 1.8 min | ETA this epoch 5.9 min
  step 1000/4061 | loss -6.491 | 116 ms/step (8.62 it/s) | elapsed 1.9 min | ETA this epoch 5.9 min
  step 1050/4061 | loss -7.298 | 114 ms/step (8.74 it/s) | elapsed 2.0 min | ETA this epoch 5.7 min
  step 1100/4061 | loss -7.719 | 115 ms/step (8.73 it/s) | elapsed 2.1 min | ETA this epoch 5.7 min
  step 1150/4061 | loss -7.169 | 114 ms/step (8.80 it/s) | elapsed 2.2 min | ETA this epoch 5.5 min
  step 1200/4061 | loss -6.498 | 114 ms/step (8.79 it/s) | elapsed 2.3 min | ETA this epoch 5.4 min
  step 1250/4061 | loss -6.786 | 114 ms/step (8.79 it/s) | elapsed 2.4 min | ETA this epoch 5.3 min
  step 1300/4061 | loss -7.683 | 114 ms/step (8.81 it/s) | elapsed 2.5 min | ETA this epoch 5.2 min
  step 1350/4061 | loss -4.426 | 114 ms/step (8.78 it/s) | elapsed 2.6 min | ETA this epoch 5.1 min
  step 1400/4061 | loss -7.613 | 115 ms/step (8.69 it/s) | elapsed 2.7 min | ETA this epoch 5.1 min
  step 1450/4061 | loss -6.821 | 116 ms/step (8.65 it/s) | elapsed 2.8 min | ETA this epoch 5.0 min
  step 1500/4061 | loss -5.473 | 114 ms/step (8.75 it/s) | elapsed 2.9 min | ETA this epoch 4.9 min
  step 1550/4061 | loss -5.658 | 114 ms/step (8.78 it/s) | elapsed 2.9 min | ETA this epoch 4.8 min
  step 1600/4061 | loss -6.494 | 115 ms/step (8.72 it/s) | elapsed 3.0 min | ETA this epoch 4.7 min
  step 1650/4061 | loss -7.813 | 112 ms/step (8.92 it/s) | elapsed 3.1 min | ETA this epoch 4.5 min
  step 1700/4061 | loss -7.136 | 114 ms/step (8.74 it/s) | elapsed 3.2 min | ETA this epoch 4.5 min
  step 1750/4061 | loss -6.233 | 114 ms/step (8.80 it/s) | elapsed 3.3 min | ETA this epoch 4.4 min
  step 1800/4061 | loss -5.834 | 113 ms/step (8.84 it/s) | elapsed 3.4 min | ETA this epoch 4.3 min
  step 1850/4061 | loss -7.520 | 119 ms/step (8.42 it/s) | elapsed 3.5 min | ETA this epoch 4.4 min
  step 1900/4061 | loss -5.518 | 115 ms/step (8.67 it/s) | elapsed 3.6 min | ETA this epoch 4.2 min
  step 1950/4061 | loss -7.332 | 114 ms/step (8.78 it/s) | elapsed 3.7 min | ETA this epoch 4.0 min
  step 2000/4061 | loss -6.397 | 114 ms/step (8.80 it/s) | elapsed 3.8 min | ETA this epoch 3.9 min
  step 2050/4061 | loss -5.902 | 115 ms/step (8.70 it/s) | elapsed 3.9 min | ETA this epoch 3.9 min
  step 2100/4061 | loss -8.330 | 114 ms/step (8.77 it/s) | elapsed 4.0 min | ETA this epoch 3.7 min
  step 2150/4061 | loss -7.039 | 114 ms/step (8.77 it/s) | elapsed 4.1 min | ETA this epoch 3.6 min
  step 2200/4061 | loss -5.810 | 114 ms/step (8.79 it/s) | elapsed 4.2 min | ETA this epoch 3.5 min
  step 2250/4061 | loss -7.174 | 114 ms/step (8.75 it/s) | elapsed 4.3 min | ETA this epoch 3.5 min
  step 2300/4061 | loss -6.079 | 114 ms/step (8.80 it/s) | elapsed 4.4 min | ETA this epoch 3.3 min
  step 2350/4061 | loss -6.079 | 113 ms/step (8.81 it/s) | elapsed 4.5 min | ETA this epoch 3.2 min
  step 2400/4061 | loss -6.640 | 112 ms/step (8.92 it/s) | elapsed 4.6 min | ETA this epoch 3.1 min
  step 2450/4061 | loss -6.603 | 114 ms/step (8.77 it/s) | elapsed 4.7 min | ETA this epoch 3.1 min
  step 2500/4061 | loss -7.972 | 113 ms/step (8.87 it/s) | elapsed 4.8 min | ETA this epoch 2.9 min
  step 2550/4061 | loss -6.383 | 91 ms/step (10.93 it/s) | elapsed 4.8 min | ETA this epoch 2.3 min
  step 2600/4061 | loss -6.132 | 88 ms/step (11.40 it/s) | elapsed 4.9 min | ETA this epoch 2.1 min
  step 2650/4061 | loss -8.259 | 94 ms/step (10.69 it/s) | elapsed 5.0 min | ETA this epoch 2.2 min
  step 2700/4061 | loss -6.334 | 99 ms/step (10.12 it/s) | elapsed 5.1 min | ETA this epoch 2.2 min
  step 2750/4061 | loss -5.942 | 114 ms/step (8.81 it/s) | elapsed 5.2 min | ETA this epoch 2.5 min
  step 2800/4061 | loss -6.703 | 113 ms/step (8.84 it/s) | elapsed 5.3 min | ETA this epoch 2.4 min
  step 2850/4061 | loss -6.278 | 114 ms/step (8.78 it/s) | elapsed 5.3 min | ETA this epoch 2.3 min
  step 2900/4061 | loss -8.023 | 114 ms/step (8.77 it/s) | elapsed 5.4 min | ETA this epoch 2.2 min
  step 2950/4061 | loss -5.118 | 114 ms/step (8.79 it/s) | elapsed 5.5 min | ETA this epoch 2.1 min
  step 3000/4061 | loss -5.615 | 114 ms/step (8.74 it/s) | elapsed 5.6 min | ETA this epoch 2.0 min
  step 3050/4061 | loss -6.426 | 113 ms/step (8.85 it/s) | elapsed 5.7 min | ETA this epoch 1.9 min
  step 3100/4061 | loss -6.374 | 114 ms/step (8.74 it/s) | elapsed 5.8 min | ETA this epoch 1.8 min
  step 3150/4061 | loss -6.053 | 113 ms/step (8.81 it/s) | elapsed 5.9 min | ETA this epoch 1.7 min
  step 3200/4061 | loss -6.527 | 114 ms/step (8.80 it/s) | elapsed 6.0 min | ETA this epoch 1.6 min
  step 3250/4061 | loss -6.469 | 115 ms/step (8.72 it/s) | elapsed 6.1 min | ETA this epoch 1.6 min
  step 3300/4061 | loss -6.020 | 114 ms/step (8.76 it/s) | elapsed 6.2 min | ETA this epoch 1.4 min
  step 3350/4061 | loss -7.212 | 114 ms/step (8.79 it/s) | elapsed 6.3 min | ETA this epoch 1.3 min
  step 3400/4061 | loss -7.070 | 114 ms/step (8.80 it/s) | elapsed 6.4 min | ETA this epoch 1.3 min
  step 3450/4061 | loss -6.457 | 114 ms/step (8.78 it/s) | elapsed 6.5 min | ETA this epoch 1.2 min
  step 3500/4061 | loss -7.020 | 116 ms/step (8.66 it/s) | elapsed 6.6 min | ETA this epoch 1.1 min
  step 3550/4061 | loss -7.528 | 114 ms/step (8.76 it/s) | elapsed 6.7 min | ETA this epoch 1.0 min
  step 3600/4061 | loss -5.959 | 113 ms/step (8.88 it/s) | elapsed 6.8 min | ETA this epoch 0.9 min
  step 3650/4061 | loss -5.388 | 115 ms/step (8.70 it/s) | elapsed 6.9 min | ETA this epoch 0.8 min
  step 3700/4061 | loss -7.389 | 111 ms/step (9.00 it/s) | elapsed 7.0 min | ETA this epoch 0.7 min
  step 3750/4061 | loss -7.722 | 94 ms/step (10.59 it/s) | elapsed 7.0 min | ETA this epoch 0.5 min
  step 3800/4061 | loss -8.104 | 93 ms/step (10.70 it/s) | elapsed 7.1 min | ETA this epoch 0.4 min
  step 3850/4061 | loss -6.920 | 98 ms/step (10.20 it/s) | elapsed 7.2 min | ETA this epoch 0.3 min
  step 3900/4061 | loss -5.962 | 99 ms/step (10.15 it/s) | elapsed 7.3 min | ETA this epoch 0.3 min
  step 3950/4061 | loss -5.351 | 105 ms/step (9.50 it/s) | elapsed 7.4 min | ETA this epoch 0.2 min
  step 4000/4061 | loss -6.445 | 114 ms/step (8.77 it/s) | elapsed 7.5 min | ETA this epoch 0.1 min
  step 4050/4061 | loss -5.724 | 115 ms/step (8.66 it/s) | elapsed 7.6 min | ETA this epoch 0.0 min
Epoch 8/50 | Train -6.727 | Val L1 0.0021 | Val SI-SDR 16.83 dB | Time 7.9 min
Saved best model (SI-SDR 16.83 dB) -> /home/bubai-maji/speech_enhancement/script/propose_ablation3/checkpoint_propose_ab3/best_NGDM_SE.pt
  step 50/4061 | loss -6.741 | 115 ms/step (8.73 it/s) | elapsed 0.1 min | ETA this epoch 7.7 min
  step 100/4061 | loss -5.372 | 118 ms/step (8.44 it/s) | elapsed 0.2 min | ETA this epoch 7.8 min
  step 150/4061 | loss -8.231 | 114 ms/step (8.81 it/s) | elapsed 0.3 min | ETA this epoch 7.4 min
  step 200/4061 | loss -5.246 | 113 ms/step (8.83 it/s) | elapsed 0.4 min | ETA this epoch 7.3 min
  step 250/4061 | loss -6.853 | 116 ms/step (8.59 it/s) | elapsed 0.5 min | ETA this epoch 7.4 min
  step 300/4061 | loss -5.864 | 114 ms/step (8.80 it/s) | elapsed 0.6 min | ETA this epoch 7.1 min
  step 350/4061 | loss -5.930 | 114 ms/step (8.80 it/s) | elapsed 0.7 min | ETA this epoch 7.0 min
  step 400/4061 | loss -5.427 | 114 ms/step (8.77 it/s) | elapsed 0.8 min | ETA this epoch 7.0 min
  step 450/4061 | loss -8.249 | 112 ms/step (8.89 it/s) | elapsed 0.9 min | ETA this epoch 6.8 min
  step 500/4061 | loss -5.761 | 115 ms/step (8.67 it/s) | elapsed 1.0 min | ETA this epoch 6.8 min
  step 550/4061 | loss -8.387 | 115 ms/step (8.68 it/s) | elapsed 1.1 min | ETA this epoch 6.7 min
  step 600/4061 | loss -5.788 | 113 ms/step (8.82 it/s) | elapsed 1.1 min | ETA this epoch 6.5 min
  step 650/4061 | loss -6.938 | 114 ms/step (8.78 it/s) | elapsed 1.2 min | ETA this epoch 6.5 min
  step 700/4061 | loss -5.516 | 114 ms/step (8.81 it/s) | elapsed 1.3 min | ETA this epoch 6.4 min
  step 750/4061 | loss -6.945 | 114 ms/step (8.76 it/s) | elapsed 1.4 min | ETA this epoch 6.3 min
  step 800/4061 | loss -5.552 | 115 ms/step (8.72 it/s) | elapsed 1.5 min | ETA this epoch 6.2 min
  step 850/4061 | loss -7.799 | 115 ms/step (8.73 it/s) | elapsed 1.6 min | ETA this epoch 6.1 min
  step 900/4061 | loss -5.862 | 113 ms/step (8.87 it/s) | elapsed 1.7 min | ETA this epoch 5.9 min
  step 950/4061 | loss -7.627 | 114 ms/step (8.75 it/s) | elapsed 1.8 min | ETA this epoch 5.9 min
  step 1000/4061 | loss -6.538 | 114 ms/step (8.76 it/s) | elapsed 1.9 min | ETA this epoch 5.8 min
  step 1050/4061 | loss -6.497 | 114 ms/step (8.80 it/s) | elapsed 2.0 min | ETA this epoch 5.7 min
  step 1100/4061 | loss -5.872 | 114 ms/step (8.77 it/s) | elapsed 2.1 min | ETA this epoch 5.6 min
  step 1150/4061 | loss -7.048 | 114 ms/step (8.76 it/s) | elapsed 2.2 min | ETA this epoch 5.5 min
  step 1200/4061 | loss -5.327 | 115 ms/step (8.70 it/s) | elapsed 2.3 min | ETA this epoch 5.5 min
  step 1250/4061 | loss -6.607 | 114 ms/step (8.78 it/s) | elapsed 2.4 min | ETA this epoch 5.3 min
  step 1300/4061 | loss -7.252 | 114 ms/step (8.78 it/s) | elapsed 2.5 min | ETA this epoch 5.2 min
  step 1350/4061 | loss -7.598 | 113 ms/step (8.83 it/s) | elapsed 2.6 min | ETA this epoch 5.1 min
  step 1400/4061 | loss -7.690 | 114 ms/step (8.76 it/s) | elapsed 2.7 min | ETA this epoch 5.1 min
  step 1450/4061 | loss -7.553 | 114 ms/step (8.80 it/s) | elapsed 2.8 min | ETA this epoch 4.9 min
  step 1500/4061 | loss -7.420 | 114 ms/step (8.74 it/s) | elapsed 2.9 min | ETA this epoch 4.9 min
  step 1550/4061 | loss -6.639 | 113 ms/step (8.84 it/s) | elapsed 2.9 min | ETA this epoch 4.7 min
  step 1600/4061 | loss -6.927 | 113 ms/step (8.81 it/s) | elapsed 3.0 min | ETA this epoch 4.7 min
  step 1650/4061 | loss -5.869 | 114 ms/step (8.77 it/s) | elapsed 3.1 min | ETA this epoch 4.6 min
  step 1700/4061 | loss -7.822 | 114 ms/step (8.74 it/s) | elapsed 3.2 min | ETA this epoch 4.5 min
  step 1750/4061 | loss -6.062 | 114 ms/step (8.75 it/s) | elapsed 3.3 min | ETA this epoch 4.4 min
  step 1800/4061 | loss -6.146 | 113 ms/step (8.85 it/s) | elapsed 3.4 min | ETA this epoch 4.3 min
  step 1850/4061 | loss -7.475 | 113 ms/step (8.82 it/s) | elapsed 3.5 min | ETA this epoch 4.2 min
  step 1900/4061 | loss -8.470 | 113 ms/step (8.85 it/s) | elapsed 3.6 min | ETA this epoch 4.1 min
  step 1950/4061 | loss -7.925 | 114 ms/step (8.78 it/s) | elapsed 3.7 min | ETA this epoch 4.0 min
  step 2000/4061 | loss -6.557 | 114 ms/step (8.80 it/s) | elapsed 3.8 min | ETA this epoch 3.9 min
  step 2050/4061 | loss -9.634 | 114 ms/step (8.76 it/s) | elapsed 3.9 min | ETA this epoch 3.8 min
  step 2100/4061 | loss -6.019 | 114 ms/step (8.78 it/s) | elapsed 4.0 min | ETA this epoch 3.7 min
  step 2150/4061 | loss -6.977 | 113 ms/step (8.84 it/s) | elapsed 4.1 min | ETA this epoch 3.6 min
  step 2200/4061 | loss -6.726 | 114 ms/step (8.75 it/s) | elapsed 4.2 min | ETA this epoch 3.5 min
  step 2250/4061 | loss -5.229 | 114 ms/step (8.76 it/s) | elapsed 4.3 min | ETA this epoch 3.4 min
  step 2300/4061 | loss -5.971 | 114 ms/step (8.79 it/s) | elapsed 4.4 min | ETA this epoch 3.3 min
  step 2350/4061 | loss -6.201 | 114 ms/step (8.76 it/s) | elapsed 4.5 min | ETA this epoch 3.3 min
  step 2400/4061 | loss -8.112 | 114 ms/step (8.76 it/s) | elapsed 4.6 min | ETA this epoch 3.2 min
  step 2450/4061 | loss -4.641 | 113 ms/step (8.86 it/s) | elapsed 4.7 min | ETA this epoch 3.0 min
  step 2500/4061 | loss -7.607 | 103 ms/step (9.72 it/s) | elapsed 4.7 min | ETA this epoch 2.7 min
  step 2550/4061 | loss -7.588 | 96 ms/step (10.43 it/s) | elapsed 4.8 min | ETA this epoch 2.4 min
  step 2600/4061 | loss -5.492 | 93 ms/step (10.78 it/s) | elapsed 4.9 min | ETA this epoch 2.3 min
  step 2650/4061 | loss -6.636 | 98 ms/step (10.15 it/s) | elapsed 5.0 min | ETA this epoch 2.3 min
  step 2700/4061 | loss -6.539 | 117 ms/step (8.52 it/s) | elapsed 5.1 min | ETA this epoch 2.7 min
  step 2750/4061 | loss -4.783 | 114 ms/step (8.76 it/s) | elapsed 5.2 min | ETA this epoch 2.5 min
  step 2800/4061 | loss -6.612 | 113 ms/step (8.81 it/s) | elapsed 5.3 min | ETA this epoch 2.4 min
  step 2850/4061 | loss -6.152 | 114 ms/step (8.76 it/s) | elapsed 5.4 min | ETA this epoch 2.3 min
  step 2900/4061 | loss -6.798 | 114 ms/step (8.78 it/s) | elapsed 5.5 min | ETA this epoch 2.2 min
  step 2950/4061 | loss -5.395 | 114 ms/step (8.75 it/s) | elapsed 5.6 min | ETA this epoch 2.1 min
  step 3000/4061 | loss -5.118 | 114 ms/step (8.80 it/s) | elapsed 5.6 min | ETA this epoch 2.0 min
  step 3050/4061 | loss -5.448 | 113 ms/step (8.86 it/s) | elapsed 5.7 min | ETA this epoch 1.9 min
  step 3100/4061 | loss -5.868 | 114 ms/step (8.80 it/s) | elapsed 5.8 min | ETA this epoch 1.8 min
  step 3150/4061 | loss -7.167 | 114 ms/step (8.77 it/s) | elapsed 5.9 min | ETA this epoch 1.7 min
  step 3200/4061 | loss -6.335 | 114 ms/step (8.74 it/s) | elapsed 6.0 min | ETA this epoch 1.6 min
  step 3250/4061 | loss -6.439 | 113 ms/step (8.83 it/s) | elapsed 6.1 min | ETA this epoch 1.5 min
  step 3300/4061 | loss -5.540 | 115 ms/step (8.70 it/s) | elapsed 6.2 min | ETA this epoch 1.5 min
  step 3350/4061 | loss -6.289 | 114 ms/step (8.79 it/s) | elapsed 6.3 min | ETA this epoch 1.3 min
  step 3400/4061 | loss -6.306 | 114 ms/step (8.81 it/s) | elapsed 6.4 min | ETA this epoch 1.3 min
  step 3450/4061 | loss -5.865 | 113 ms/step (8.86 it/s) | elapsed 6.5 min | ETA this epoch 1.1 min
  step 3500/4061 | loss -7.544 | 114 ms/step (8.78 it/s) | elapsed 6.6 min | ETA this epoch 1.1 min
  step 3550/4061 | loss -7.604 | 100 ms/step (10.02 it/s) | elapsed 6.7 min | ETA this epoch 0.8 min
  step 3600/4061 | loss -7.446 | 92 ms/step (10.84 it/s) | elapsed 6.8 min | ETA this epoch 0.7 min
  step 3650/4061 | loss -5.749 | 99 ms/step (10.13 it/s) | elapsed 6.8 min | ETA this epoch 0.7 min
  step 3700/4061 | loss -8.170 | 98 ms/step (10.23 it/s) | elapsed 6.9 min | ETA this epoch 0.6 min
  step 3750/4061 | loss -6.341 | 114 ms/step (8.76 it/s) | elapsed 7.0 min | ETA this epoch 0.6 min
  step 3800/4061 | loss -7.237 | 114 ms/step (8.77 it/s) | elapsed 7.1 min | ETA this epoch 0.5 min
  step 3850/4061 | loss -6.198 | 114 ms/step (8.77 it/s) | elapsed 7.2 min | ETA this epoch 0.4 min
  step 3900/4061 | loss -6.271 | 113 ms/step (8.83 it/s) | elapsed 7.3 min | ETA this epoch 0.3 min
  step 3950/4061 | loss -6.642 | 114 ms/step (8.78 it/s) | elapsed 7.4 min | ETA this epoch 0.2 min
  step 4000/4061 | loss -6.699 | 113 ms/step (8.82 it/s) | elapsed 7.5 min | ETA this epoch 0.1 min
  step 4050/4061 | loss -7.260 | 115 ms/step (8.71 it/s) | elapsed 7.6 min | ETA this epoch 0.0 min
Epoch 9/50 | Train -6.779 | Val L1 0.0022 | Val SI-SDR 17.09 dB | Time 7.9 min
Saved best model (SI-SDR 17.09 dB) -> /home/bubai-maji/speech_enhancement/script/propose_ablation3/checkpoint_propose_ab3/best_NGDM_SE.pt
  step 50/4061 | loss -7.340 | 113 ms/step (8.82 it/s) | elapsed 0.1 min | ETA this epoch 7.6 min
  step 100/4061 | loss -7.252 | 113 ms/step (8.81 it/s) | elapsed 0.2 min | ETA this epoch 7.5 min
  step 150/4061 | loss -4.941 | 114 ms/step (8.81 it/s) | elapsed 0.3 min | ETA this epoch 7.4 min
  step 200/4061 | loss -6.381 | 114 ms/step (8.77 it/s) | elapsed 0.4 min | ETA this epoch 7.3 min
  step 250/4061 | loss -5.492 | 114 ms/step (8.79 it/s) | elapsed 0.5 min | ETA this epoch 7.2 min
  step 300/4061 | loss -8.858 | 113 ms/step (8.85 it/s) | elapsed 0.6 min | ETA this epoch 7.1 min
  step 350/4061 | loss -7.406 | 114 ms/step (8.76 it/s) | elapsed 0.7 min | ETA this epoch 7.1 min
  step 400/4061 | loss -6.953 | 115 ms/step (8.69 it/s) | elapsed 0.8 min | ETA this epoch 7.0 min
  step 450/4061 | loss -5.237 | 114 ms/step (8.78 it/s) | elapsed 0.9 min | ETA this epoch 6.9 min
  step 500/4061 | loss -6.035 | 114 ms/step (8.79 it/s) | elapsed 0.9 min | ETA this epoch 6.8 min
  step 550/4061 | loss -7.067 | 115 ms/step (8.72 it/s) | elapsed 1.0 min | ETA this epoch 6.7 min
  step 600/4061 | loss -4.713 | 114 ms/step (8.77 it/s) | elapsed 1.1 min | ETA this epoch 6.6 min
  step 650/4061 | loss -8.575 | 113 ms/step (8.82 it/s) | elapsed 1.2 min | ETA this epoch 6.4 min
  step 700/4061 | loss -7.133 | 113 ms/step (8.81 it/s) | elapsed 1.3 min | ETA this epoch 6.4 min
  step 750/4061 | loss -7.638 | 114 ms/step (8.80 it/s) | elapsed 1.4 min | ETA this epoch 6.3 min
  step 800/4061 | loss -7.632 | 114 ms/step (8.75 it/s) | elapsed 1.5 min | ETA this epoch 6.2 min
  step 850/4061 | loss -8.092 | 115 ms/step (8.73 it/s) | elapsed 1.6 min | ETA this epoch 6.1 min
  step 900/4061 | loss -6.279 | 114 ms/step (8.80 it/s) | elapsed 1.7 min | ETA this epoch 6.0 min
  step 950/4061 | loss -6.502 | 114 ms/step (8.77 it/s) | elapsed 1.8 min | ETA this epoch 5.9 min
  step 1000/4061 | loss -8.218 | 114 ms/step (8.76 it/s) | elapsed 1.9 min | ETA this epoch 5.8 min
  step 1050/4061 | loss -7.288 | 113 ms/step (8.84 it/s) | elapsed 2.0 min | ETA this epoch 5.7 min
  step 1100/4061 | loss -8.274 | 114 ms/step (8.77 it/s) | elapsed 2.1 min | ETA this epoch 5.6 min
  step 1150/4061 | loss -5.233 | 114 ms/step (8.77 it/s) | elapsed 2.2 min | ETA this epoch 5.5 min
  step 1200/4061 | loss -8.389 | 114 ms/step (8.76 it/s) | elapsed 2.3 min | ETA this epoch 5.4 min
  step 1250/4061 | loss -8.409 | 116 ms/step (8.65 it/s) | elapsed 2.4 min | ETA this epoch 5.4 min
  step 1300/4061 | loss -6.799 | 115 ms/step (8.71 it/s) | elapsed 2.5 min | ETA this epoch 5.3 min
  step 1350/4061 | loss -5.122 | 116 ms/step (8.64 it/s) | elapsed 2.6 min | ETA this epoch 5.2 min
  step 1400/4061 | loss -7.631 | 112 ms/step (8.91 it/s) | elapsed 2.7 min | ETA this epoch 5.0 min
  step 1450/4061 | loss -6.430 | 114 ms/step (8.79 it/s) | elapsed 2.8 min | ETA this epoch 5.0 min
  step 1500/4061 | loss -7.192 | 113 ms/step (8.83 it/s) | elapsed 2.8 min | ETA this epoch 4.8 min
  step 1550/4061 | loss -8.627 | 115 ms/step (8.71 it/s) | elapsed 2.9 min | ETA this epoch 4.8 min
  step 1600/4061 | loss -6.797 | 114 ms/step (8.79 it/s) | elapsed 3.0 min | ETA this epoch 4.7 min
  step 1650/4061 | loss -7.032 | 113 ms/step (8.84 it/s) | elapsed 3.1 min | ETA this epoch 4.5 min
  step 1700/4061 | loss -7.483 | 113 ms/step (8.85 it/s) | elapsed 3.2 min | ETA this epoch 4.4 min
  step 1750/4061 | loss -7.598 | 114 ms/step (8.74 it/s) | elapsed 3.3 min | ETA this epoch 4.4 min
  step 1800/4061 | loss -6.954 | 114 ms/step (8.75 it/s) | elapsed 3.4 min | ETA this epoch 4.3 min
  step 1850/4061 | loss -7.920 | 114 ms/step (8.78 it/s) | elapsed 3.5 min | ETA this epoch 4.2 min
  step 1900/4061 | loss -8.303 | 114 ms/step (8.77 it/s) | elapsed 3.6 min | ETA this epoch 4.1 min
  step 1950/4061 | loss -8.063 | 114 ms/step (8.77 it/s) | elapsed 3.7 min | ETA this epoch 4.0 min
  step 2000/4061 | loss -7.056 | 114 ms/step (8.78 it/s) | elapsed 3.8 min | ETA this epoch 3.9 min
  step 2050/4061 | loss -7.816 | 114 ms/step (8.80 it/s) | elapsed 3.9 min | ETA this epoch 3.8 min
  step 2100/4061 | loss -5.598 | 114 ms/step (8.81 it/s) | elapsed 4.0 min | ETA this epoch 3.7 min
  step 2150/4061 | loss -7.020 | 114 ms/step (8.80 it/s) | elapsed 4.1 min | ETA this epoch 3.6 min
  step 2200/4061 | loss -7.573 | 114 ms/step (8.78 it/s) | elapsed 4.2 min | ETA this epoch 3.5 min
  step 2250/4061 | loss -5.452 | 114 ms/step (8.77 it/s) | elapsed 4.3 min | ETA this epoch 3.4 min
  step 2300/4061 | loss -5.620 | 115 ms/step (8.69 it/s) | elapsed 4.4 min | ETA this epoch 3.4 min
  step 2350/4061 | loss -6.701 | 115 ms/step (8.67 it/s) | elapsed 4.5 min | ETA this epoch 3.3 min
  step 2400/4061 | loss -7.484 | 113 ms/step (8.82 it/s) | elapsed 4.6 min | ETA this epoch 3.1 min
  step 2450/4061 | loss -6.358 | 114 ms/step (8.78 it/s) | elapsed 4.7 min | ETA this epoch 3.1 min
  step 2500/4061 | loss -7.947 | 99 ms/step (10.06 it/s) | elapsed 4.7 min | ETA this epoch 2.6 min
  step 2550/4061 | loss -6.305 | 83 ms/step (12.09 it/s) | elapsed 4.8 min | ETA this epoch 2.1 min
  step 2600/4061 | loss -6.874 | 92 ms/step (10.92 it/s) | elapsed 4.9 min | ETA this epoch 2.2 min
  step 2650/4061 | loss -6.099 | 88 ms/step (11.32 it/s) | elapsed 5.0 min | ETA this epoch 2.1 min
  step 2700/4061 | loss -7.245 | 94 ms/step (10.62 it/s) | elapsed 5.0 min | ETA this epoch 2.1 min
  step 2750/4061 | loss -5.704 | 102 ms/step (9.83 it/s) | elapsed 5.1 min | ETA this epoch 2.2 min
  step 2800/4061 | loss -5.101 | 115 ms/step (8.69 it/s) | elapsed 5.2 min | ETA this epoch 2.4 min
  step 2850/4061 | loss -7.772 | 113 ms/step (8.83 it/s) | elapsed 5.3 min | ETA this epoch 2.3 min
  step 2900/4061 | loss -7.674 | 115 ms/step (8.71 it/s) | elapsed 5.4 min | ETA this epoch 2.2 min
  step 2950/4061 | loss -6.037 | 113 ms/step (8.82 it/s) | elapsed 5.5 min | ETA this epoch 2.1 min
  step 3000/4061 | loss -9.041 | 114 ms/step (8.78 it/s) | elapsed 5.6 min | ETA this epoch 2.0 min
  step 3050/4061 | loss -7.949 | 113 ms/step (8.85 it/s) | elapsed 5.7 min | ETA this epoch 1.9 min
  step 3100/4061 | loss -5.746 | 114 ms/step (8.80 it/s) | elapsed 5.8 min | ETA this epoch 1.8 min
  step 3150/4061 | loss -6.207 | 114 ms/step (8.77 it/s) | elapsed 5.9 min | ETA this epoch 1.7 min
  step 3200/4061 | loss -6.625 | 113 ms/step (8.83 it/s) | elapsed 6.0 min | ETA this epoch 1.6 min
  step 3250/4061 | loss -6.054 | 113 ms/step (8.85 it/s) | elapsed 6.1 min | ETA this epoch 1.5 min
  step 3300/4061 | loss -5.882 | 114 ms/step (8.76 it/s) | elapsed 6.2 min | ETA this epoch 1.4 min
  step 3350/4061 | loss -7.908 | 117 ms/step (8.57 it/s) | elapsed 6.3 min | ETA this epoch 1.4 min
  step 3400/4061 | loss -6.619 | 113 ms/step (8.88 it/s) | elapsed 6.4 min | ETA this epoch 1.2 min
  step 3450/4061 | loss -7.054 | 102 ms/step (9.76 it/s) | elapsed 6.4 min | ETA this epoch 1.0 min
  step 3500/4061 | loss -5.425 | 85 ms/step (11.76 it/s) | elapsed 6.5 min | ETA this epoch 0.8 min
  step 3550/4061 | loss -7.588 | 103 ms/step (9.74 it/s) | elapsed 6.6 min | ETA this epoch 0.9 min
  step 3600/4061 | loss -7.637 | 86 ms/step (11.66 it/s) | elapsed 6.7 min | ETA this epoch 0.7 min
  step 3650/4061 | loss -7.476 | 95 ms/step (10.53 it/s) | elapsed 6.7 min | ETA this epoch 0.7 min
  step 3700/4061 | loss -8.073 | 100 ms/step (9.98 it/s) | elapsed 6.8 min | ETA this epoch 0.6 min
  step 3750/4061 | loss -6.356 | 92 ms/step (10.87 it/s) | elapsed 6.9 min | ETA this epoch 0.5 min
  step 3800/4061 | loss -6.696 | 115 ms/step (8.67 it/s) | elapsed 7.0 min | ETA this epoch 0.5 min
  step 3850/4061 | loss -8.124 | 115 ms/step (8.69 it/s) | elapsed 7.1 min | ETA this epoch 0.4 min
  step 3900/4061 | loss -7.470 | 115 ms/step (8.70 it/s) | elapsed 7.2 min | ETA this epoch 0.3 min
  step 3950/4061 | loss -5.856 | 115 ms/step (8.67 it/s) | elapsed 7.3 min | ETA this epoch 0.2 min
  step 4000/4061 | loss -6.861 | 121 ms/step (8.26 it/s) | elapsed 7.4 min | ETA this epoch 0.1 min
  step 4050/4061 | loss -7.846 | 113 ms/step (8.87 it/s) | elapsed 7.5 min | ETA this epoch 0.0 min
Epoch 10/50 | Train -6.814 | Val L1 0.0021 | Val SI-SDR 17.05 dB | Time 8.1 min
EarlyStopping counter: 1/7
  step 50/4061 | loss -6.642 | 116 ms/step (8.65 it/s) | elapsed 0.1 min | ETA this epoch 7.7 min
  step 100/4061 | loss -6.591 | 112 ms/step (8.93 it/s) | elapsed 0.2 min | ETA this epoch 7.4 min
  step 150/4061 | loss -5.979 | 115 ms/step (8.69 it/s) | elapsed 0.3 min | ETA this epoch 7.5 min
  step 200/4061 | loss -7.942 | 115 ms/step (8.70 it/s) | elapsed 0.4 min | ETA this epoch 7.4 min
  step 250/4061 | loss -7.798 | 111 ms/step (9.04 it/s) | elapsed 0.5 min | ETA this epoch 7.0 min
  step 300/4061 | loss -7.521 | 113 ms/step (8.89 it/s) | elapsed 0.6 min | ETA this epoch 7.1 min
  step 350/4061 | loss -5.531 | 116 ms/step (8.62 it/s) | elapsed 0.7 min | ETA this epoch 7.2 min
  step 400/4061 | loss -6.969 | 113 ms/step (8.84 it/s) | elapsed 0.8 min | ETA this epoch 6.9 min
  step 450/4061 | loss -7.167 | 114 ms/step (8.78 it/s) | elapsed 0.9 min | ETA this epoch 6.9 min
  step 500/4061 | loss -6.373 | 113 ms/step (8.82 it/s) | elapsed 0.9 min | ETA this epoch 6.7 min
  step 550/4061 | loss -6.107 | 114 ms/step (8.76 it/s) | elapsed 1.0 min | ETA this epoch 6.7 min
  step 600/4061 | loss -8.003 | 114 ms/step (8.81 it/s) | elapsed 1.1 min | ETA this epoch 6.5 min
  step 650/4061 | loss -6.588 | 113 ms/step (8.84 it/s) | elapsed 1.2 min | ETA this epoch 6.4 min
  step 700/4061 | loss -8.523 | 117 ms/step (8.58 it/s) | elapsed 1.3 min | ETA this epoch 6.5 min
  step 750/4061 | loss -6.060 | 113 ms/step (8.87 it/s) | elapsed 1.4 min | ETA this epoch 6.2 min
  step 800/4061 | loss -8.679 | 113 ms/step (8.85 it/s) | elapsed 1.5 min | ETA this epoch 6.1 min
  step 850/4061 | loss -6.889 | 114 ms/step (8.76 it/s) | elapsed 1.6 min | ETA this epoch 6.1 min
  step 900/4061 | loss -9.012 | 113 ms/step (8.82 it/s) | elapsed 1.7 min | ETA this epoch 6.0 min
  step 950/4061 | loss -7.328 | 112 ms/step (8.90 it/s) | elapsed 1.8 min | ETA this epoch 5.8 min
  step 1000/4061 | loss -7.097 | 115 ms/step (8.66 it/s) | elapsed 1.9 min | ETA this epoch 5.9 min
  step 1050/4061 | loss -7.180 | 113 ms/step (8.81 it/s) | elapsed 2.0 min | ETA this epoch 5.7 min
  step 1100/4061 | loss -6.710 | 114 ms/step (8.78 it/s) | elapsed 2.1 min | ETA this epoch 5.6 min
  step 1150/4061 | loss -6.042 | 116 ms/step (8.64 it/s) | elapsed 2.2 min | ETA this epoch 5.6 min
  step 1200/4061 | loss -6.886 | 113 ms/step (8.86 it/s) | elapsed 2.3 min | ETA this epoch 5.4 min
  step 1250/4061 | loss -6.544 | 113 ms/step (8.84 it/s) | elapsed 2.4 min | ETA this epoch 5.3 min
  step 1300/4061 | loss -7.350 | 114 ms/step (8.79 it/s) | elapsed 2.5 min | ETA this epoch 5.2 min
  step 1350/4061 | loss -8.532 | 115 ms/step (8.72 it/s) | elapsed 2.6 min | ETA this epoch 5.2 min
  step 1400/4061 | loss -7.455 | 114 ms/step (8.75 it/s) | elapsed 2.7 min | ETA this epoch 5.1 min
  step 1450/4061 | loss -7.047 | 112 ms/step (8.91 it/s) | elapsed 2.7 min | ETA this epoch 4.9 min
  step 1500/4061 | loss -5.572 | 113 ms/step (8.86 it/s) | elapsed 2.8 min | ETA this epoch 4.8 min
  step 1550/4061 | loss -5.870 | 113 ms/step (8.83 it/s) | elapsed 2.9 min | ETA this epoch 4.7 min
  step 1600/4061 | loss -7.195 | 113 ms/step (8.84 it/s) | elapsed 3.0 min | ETA this epoch 4.6 min
  step 1650/4061 | loss -4.665 | 114 ms/step (8.74 it/s) | elapsed 3.1 min | ETA this epoch 4.6 min
  step 1700/4061 | loss -6.010 | 113 ms/step (8.82 it/s) | elapsed 3.2 min | ETA this epoch 4.5 min
  step 1750/4061 | loss -6.018 | 114 ms/step (8.76 it/s) | elapsed 3.3 min | ETA this epoch 4.4 min
  step 1800/4061 | loss -6.696 | 113 ms/step (8.81 it/s) | elapsed 3.4 min | ETA this epoch 4.3 min
  step 1850/4061 | loss -7.149 | 115 ms/step (8.68 it/s) | elapsed 3.5 min | ETA this epoch 4.2 min
  step 1900/4061 | loss -6.763 | 114 ms/step (8.76 it/s) | elapsed 3.6 min | ETA this epoch 4.1 min
  step 1950/4061 | loss -8.614 | 114 ms/step (8.74 it/s) | elapsed 3.7 min | ETA this epoch 4.0 min
  step 2000/4061 | loss -4.593 | 114 ms/step (8.80 it/s) | elapsed 3.8 min | ETA this epoch 3.9 min
  step 2050/4061 | loss -6.189 | 114 ms/step (8.74 it/s) | elapsed 3.9 min | ETA this epoch 3.8 min
  step 2100/4061 | loss -6.467 | 113 ms/step (8.82 it/s) | elapsed 4.0 min | ETA this epoch 3.7 min
  step 2150/4061 | loss -5.848 | 114 ms/step (8.80 it/s) | elapsed 4.1 min | ETA this epoch 3.6 min
  step 2200/4061 | loss -7.833 | 114 ms/step (8.78 it/s) | elapsed 4.2 min | ETA this epoch 3.5 min
  step 2250/4061 | loss -5.890 | 113 ms/step (8.82 it/s) | elapsed 4.3 min | ETA this epoch 3.4 min
  step 2300/4061 | loss -6.276 | 114 ms/step (8.76 it/s) | elapsed 4.4 min | ETA this epoch 3.4 min
  step 2350/4061 | loss -7.213 | 114 ms/step (8.77 it/s) | elapsed 4.5 min | ETA this epoch 3.3 min
  step 2400/4061 | loss -8.520 | 100 ms/step (10.00 it/s) | elapsed 4.5 min | ETA this epoch 2.8 min
  step 2450/4061 | loss -7.872 | 94 ms/step (10.62 it/s) | elapsed 4.6 min | ETA this epoch 2.5 min
  step 2500/4061 | loss -6.999 | 93 ms/step (10.80 it/s) | elapsed 4.7 min | ETA this epoch 2.4 min
  step 2550/4061 | loss -7.046 | 104 ms/step (9.61 it/s) | elapsed 4.8 min | ETA this epoch 2.6 min
  step 2600/4061 | loss -5.825 | 113 ms/step (8.82 it/s) | elapsed 4.9 min | ETA this epoch 2.8 min
  step 2650/4061 | loss -6.894 | 114 ms/step (8.76 it/s) | elapsed 5.0 min | ETA this epoch 2.7 min
  step 2700/4061 | loss -6.218 | 114 ms/step (8.80 it/s) | elapsed 5.1 min | ETA this epoch 2.6 min
  step 2750/4061 | loss -7.970 | 114 ms/step (8.78 it/s) | elapsed 5.2 min | ETA this epoch 2.5 min
  step 2800/4061 | loss -7.346 | 116 ms/step (8.61 it/s) | elapsed 5.3 min | ETA this epoch 2.4 min
  step 2850/4061 | loss -6.567 | 114 ms/step (8.78 it/s) | elapsed 5.4 min | ETA this epoch 2.3 min
  step 2900/4061 | loss -5.735 | 116 ms/step (8.60 it/s) | elapsed 5.5 min | ETA this epoch 2.3 min
  step 2950/4061 | loss -9.096 | 114 ms/step (8.80 it/s) | elapsed 5.5 min | ETA this epoch 2.1 min
  step 3000/4061 | loss -6.772 | 113 ms/step (8.88 it/s) | elapsed 5.6 min | ETA this epoch 2.0 min
  step 3050/4061 | loss -6.811 | 113 ms/step (8.83 it/s) | elapsed 5.7 min | ETA this epoch 1.9 min
  step 3100/4061 | loss -7.264 | 115 ms/step (8.70 it/s) | elapsed 5.8 min | ETA this epoch 1.8 min
  step 3150/4061 | loss -6.318 | 113 ms/step (8.86 it/s) | elapsed 5.9 min | ETA this epoch 1.7 min
  step 3200/4061 | loss -9.166 | 114 ms/step (8.80 it/s) | elapsed 6.0 min | ETA this epoch 1.6 min
  step 3250/4061 | loss -7.197 | 113 ms/step (8.84 it/s) | elapsed 6.1 min | ETA this epoch 1.5 min
  step 3300/4061 | loss -6.773 | 103 ms/step (9.69 it/s) | elapsed 6.2 min | ETA this epoch 1.3 min
  step 3350/4061 | loss -5.075 | 95 ms/step (10.51 it/s) | elapsed 6.3 min | ETA this epoch 1.1 min
  step 3400/4061 | loss -7.124 | 98 ms/step (10.19 it/s) | elapsed 6.4 min | ETA this epoch 1.1 min
  step 3450/4061 | loss -5.058 | 95 ms/step (10.53 it/s) | elapsed 6.4 min | ETA this epoch 1.0 min
  step 3500/4061 | loss -6.090 | 90 ms/step (11.10 it/s) | elapsed 6.5 min | ETA this epoch 0.8 min
  step 3550/4061 | loss -5.906 | 107 ms/step (9.34 it/s) | elapsed 6.6 min | ETA this epoch 0.9 min
  step 3600/4061 | loss -5.621 | 114 ms/step (8.79 it/s) | elapsed 6.7 min | ETA this epoch 0.9 min
  step 3650/4061 | loss -6.647 | 114 ms/step (8.78 it/s) | elapsed 6.8 min | ETA this epoch 0.8 min
  step 3700/4061 | loss -8.090 | 115 ms/step (8.72 it/s) | elapsed 6.9 min | ETA this epoch 0.7 min
  step 3750/4061 | loss -6.613 | 113 ms/step (8.88 it/s) | elapsed 7.0 min | ETA this epoch 0.6 min
  step 3800/4061 | loss -6.631 | 113 ms/step (8.88 it/s) | elapsed 7.1 min | ETA this epoch 0.5 min
  step 3850/4061 | loss -6.074 | 113 ms/step (8.83 it/s) | elapsed 7.2 min | ETA this epoch 0.4 min
  step 3900/4061 | loss -8.455 | 112 ms/step (8.89 it/s) | elapsed 7.3 min | ETA this epoch 0.3 min
  step 3950/4061 | loss -6.831 | 114 ms/step (8.77 it/s) | elapsed 7.4 min | ETA this epoch 0.2 min
  step 4000/4061 | loss -5.759 | 116 ms/step (8.61 it/s) | elapsed 7.5 min | ETA this epoch 0.1 min
  step 4050/4061 | loss -8.071 | 115 ms/step (8.73 it/s) | elapsed 7.6 min | ETA this epoch 0.0 min
Epoch 11/50 | Train -6.882 | Val L1 0.0020 | Val SI-SDR 17.34 dB | Time 8.0 min
Saved best model (SI-SDR 17.34 dB) -> /home/bubai-maji/speech_enhancement/script/propose_ablation3/checkpoint_propose_ab3/best_NGDM_SE.pt
  step 50/4061 | loss -6.834 | 113 ms/step (8.82 it/s) | elapsed 0.1 min | ETA this epoch 7.6 min
  step 100/4061 | loss -6.249 | 114 ms/step (8.78 it/s) | elapsed 0.2 min | ETA this epoch 7.5 min
  step 150/4061 | loss -7.790 | 115 ms/step (8.72 it/s) | elapsed 0.3 min | ETA this epoch 7.5 min
  step 200/4061 | loss -8.775 | 114 ms/step (8.77 it/s) | elapsed 0.4 min | ETA this epoch 7.3 min
  step 250/4061 | loss -5.806 | 114 ms/step (8.79 it/s) | elapsed 0.5 min | ETA this epoch 7.2 min
  step 300/4061 | loss -7.405 | 114 ms/step (8.77 it/s) | elapsed 0.6 min | ETA this epoch 7.1 min
  step 350/4061 | loss -6.913 | 116 ms/step (8.64 it/s) | elapsed 0.7 min | ETA this epoch 7.2 min
  step 400/4061 | loss -10.072 | 115 ms/step (8.67 it/s) | elapsed 0.8 min | ETA this epoch 7.0 min
  step 450/4061 | loss -8.294 | 113 ms/step (8.85 it/s) | elapsed 0.9 min | ETA this epoch 6.8 min
  step 500/4061 | loss -6.579 | 114 ms/step (8.78 it/s) | elapsed 1.0 min | ETA this epoch 6.8 min
  step 550/4061 | loss -5.095 | 115 ms/step (8.67 it/s) | elapsed 1.0 min | ETA this epoch 6.7 min
  step 600/4061 | loss -5.511 | 116 ms/step (8.64 it/s) | elapsed 1.1 min | ETA this epoch 6.7 min
  step 650/4061 | loss -6.859 | 112 ms/step (8.89 it/s) | elapsed 1.2 min | ETA this epoch 6.4 min
  step 700/4061 | loss -8.393 | 113 ms/step (8.85 it/s) | elapsed 1.3 min | ETA this epoch 6.3 min
  step 750/4061 | loss -8.368 | 116 ms/step (8.63 it/s) | elapsed 1.4 min | ETA this epoch 6.4 min
  step 800/4061 | loss -6.760 | 116 ms/step (8.63 it/s) | elapsed 1.5 min | ETA this epoch 6.3 min
  step 850/4061 | loss -6.687 | 114 ms/step (8.79 it/s) | elapsed 1.6 min | ETA this epoch 6.1 min
  step 900/4061 | loss -6.009 | 119 ms/step (8.41 it/s) | elapsed 1.7 min | ETA this epoch 6.3 min
  step 950/4061 | loss -5.927 | 114 ms/step (8.78 it/s) | elapsed 1.8 min | ETA this epoch 5.9 min
  step 1000/4061 | loss -8.875 | 114 ms/step (8.78 it/s) | elapsed 1.9 min | ETA this epoch 5.8 min
  step 1050/4061 | loss -5.642 | 114 ms/step (8.80 it/s) | elapsed 2.0 min | ETA this epoch 5.7 min
  step 1100/4061 | loss -6.977 | 114 ms/step (8.74 it/s) | elapsed 2.1 min | ETA this epoch 5.6 min
  step 1150/4061 | loss -7.896 | 115 ms/step (8.67 it/s) | elapsed 2.2 min | ETA this epoch 5.6 min
  step 1200/4061 | loss -8.153 | 114 ms/step (8.74 it/s) | elapsed 2.3 min | ETA this epoch 5.5 min
  step 1250/4061 | loss -7.085 | 116 ms/step (8.62 it/s) | elapsed 2.4 min | ETA this epoch 5.4 min
  step 1300/4061 | loss -6.140 | 113 ms/step (8.87 it/s) | elapsed 2.5 min | ETA this epoch 5.2 min
  step 1350/4061 | loss -8.030 | 115 ms/step (8.73 it/s) | elapsed 2.6 min | ETA this epoch 5.2 min
  step 1400/4061 | loss -7.153 | 114 ms/step (8.74 it/s) | elapsed 2.7 min | ETA this epoch 5.1 min
  step 1450/4061 | loss -8.162 | 113 ms/step (8.85 it/s) | elapsed 2.8 min | ETA this epoch 4.9 min
  step 1500/4061 | loss -7.279 | 114 ms/step (8.78 it/s) | elapsed 2.9 min | ETA this epoch 4.9 min
  step 1550/4061 | loss -6.021 | 113 ms/step (8.85 it/s) | elapsed 3.0 min | ETA this epoch 4.7 min
  step 1600/4061 | loss -7.685 | 111 ms/step (8.99 it/s) | elapsed 3.0 min | ETA this epoch 4.6 min
  step 1650/4061 | loss -5.302 | 112 ms/step (8.90 it/s) | elapsed 3.1 min | ETA this epoch 4.5 min
  step 1700/4061 | loss -6.938 | 114 ms/step (8.80 it/s) | elapsed 3.2 min | ETA this epoch 4.5 min
  step 1750/4061 | loss -8.401 | 114 ms/step (8.81 it/s) | elapsed 3.3 min | ETA this epoch 4.4 min
  step 1800/4061 | loss -6.575 | 114 ms/step (8.75 it/s) | elapsed 3.4 min | ETA this epoch 4.3 min
  step 1850/4061 | loss -7.869 | 116 ms/step (8.62 it/s) | elapsed 3.5 min | ETA this epoch 4.3 min
  step 1900/4061 | loss -7.892 | 114 ms/step (8.80 it/s) | elapsed 3.6 min | ETA this epoch 4.1 min
  step 1950/4061 | loss -7.864 | 114 ms/step (8.81 it/s) | elapsed 3.7 min | ETA this epoch 4.0 min
  step 2000/4061 | loss -5.719 | 114 ms/step (8.76 it/s) | elapsed 3.8 min | ETA this epoch 3.9 min
  step 2050/4061 | loss -7.914 | 113 ms/step (8.84 it/s) | elapsed 3.9 min | ETA this epoch 3.8 min
  step 2100/4061 | loss -5.997 | 114 ms/step (8.79 it/s) | elapsed 4.0 min | ETA this epoch 3.7 min
  step 2150/4061 | loss -8.034 | 113 ms/step (8.83 it/s) | elapsed 4.1 min | ETA this epoch 3.6 min
  step 2200/4061 | loss -6.694 | 114 ms/step (8.81 it/s) | elapsed 4.2 min | ETA this epoch 3.5 min
  step 2250/4061 | loss -7.406 | 106 ms/step (9.41 it/s) | elapsed 4.3 min | ETA this epoch 3.2 min
  step 2300/4061 | loss -6.487 | 94 ms/step (10.67 it/s) | elapsed 4.4 min | ETA this epoch 2.7 min
  step 2350/4061 | loss -6.703 | 90 ms/step (11.08 it/s) | elapsed 4.4 min | ETA this epoch 2.6 min
  step 2400/4061 | loss -6.960 | 90 ms/step (11.10 it/s) | elapsed 4.5 min | ETA this epoch 2.5 min
  step 2450/4061 | loss -7.033 | 90 ms/step (11.14 it/s) | elapsed 4.6 min | ETA this epoch 2.4 min
  step 2500/4061 | loss -6.673 | 106 ms/step (9.41 it/s) | elapsed 4.7 min | ETA this epoch 2.8 min
  step 2550/4061 | loss -6.160 | 116 ms/step (8.64 it/s) | elapsed 4.8 min | ETA this epoch 2.9 min
  step 2600/4061 | loss -6.235 | 114 ms/step (8.74 it/s) | elapsed 4.9 min | ETA this epoch 2.8 min
  step 2650/4061 | loss -7.048 | 113 ms/step (8.83 it/s) | elapsed 5.0 min | ETA this epoch 2.7 min
  step 2700/4061 | loss -8.153 | 114 ms/step (8.78 it/s) | elapsed 5.0 min | ETA this epoch 2.6 min
  step 2750/4061 | loss -8.206 | 114 ms/step (8.80 it/s) | elapsed 5.1 min | ETA this epoch 2.5 min
  step 2800/4061 | loss -8.260 | 114 ms/step (8.80 it/s) | elapsed 5.2 min | ETA this epoch 2.4 min
  step 2850/4061 | loss -7.424 | 115 ms/step (8.70 it/s) | elapsed 5.3 min | ETA this epoch 2.3 min
  step 2900/4061 | loss -7.610 | 115 ms/step (8.68 it/s) | elapsed 5.4 min | ETA this epoch 2.2 min
  step 2950/4061 | loss -5.505 | 115 ms/step (8.67 it/s) | elapsed 5.5 min | ETA this epoch 2.1 min
  step 3000/4061 | loss -6.580 | 114 ms/step (8.79 it/s) | elapsed 5.6 min | ETA this epoch 2.0 min
  step 3050/4061 | loss -8.039 | 116 ms/step (8.61 it/s) | elapsed 5.7 min | ETA this epoch 2.0 min
  step 3100/4061 | loss -7.456 | 105 ms/step (9.48 it/s) | elapsed 5.8 min | ETA this epoch 1.7 min
  step 3150/4061 | loss -5.606 | 96 ms/step (10.46 it/s) | elapsed 5.9 min | ETA this epoch 1.5 min
  step 3200/4061 | loss -5.444 | 91 ms/step (10.98 it/s) | elapsed 6.0 min | ETA this epoch 1.3 min
  step 3250/4061 | loss -8.325 | 93 ms/step (10.76 it/s) | elapsed 6.0 min | ETA this epoch 1.3 min
  step 3300/4061 | loss -7.026 | 93 ms/step (10.73 it/s) | elapsed 6.1 min | ETA this epoch 1.2 min
  step 3350/4061 | loss -8.553 | 100 ms/step (9.99 it/s) | elapsed 6.2 min | ETA this epoch 1.2 min
  step 3400/4061 | loss -5.912 | 93 ms/step (10.74 it/s) | elapsed 6.3 min | ETA this epoch 1.0 min
  step 3450/4061 | loss -5.928 | 114 ms/step (8.80 it/s) | elapsed 6.4 min | ETA this epoch 1.2 min
  step 3500/4061 | loss -7.266 | 114 ms/step (8.79 it/s) | elapsed 6.5 min | ETA this epoch 1.1 min
  step 3550/4061 | loss -5.816 | 116 ms/step (8.66 it/s) | elapsed 6.6 min | ETA this epoch 1.0 min
  step 3600/4061 | loss -6.336 | 115 ms/step (8.71 it/s) | elapsed 6.7 min | ETA this epoch 0.9 min
  step 3650/4061 | loss -6.555 | 113 ms/step (8.84 it/s) | elapsed 6.8 min | ETA this epoch 0.8 min
  step 3700/4061 | loss -8.321 | 115 ms/step (8.70 it/s) | elapsed 6.8 min | ETA this epoch 0.7 min
  step 3750/4061 | loss -8.127 | 114 ms/step (8.75 it/s) | elapsed 6.9 min | ETA this epoch 0.6 min
  step 3800/4061 | loss -6.828 | 114 ms/step (8.78 it/s) | elapsed 7.0 min | ETA this epoch 0.5 min
  step 3850/4061 | loss -8.337 | 115 ms/step (8.68 it/s) | elapsed 7.1 min | ETA this epoch 0.4 min
  step 3900/4061 | loss -7.400 | 115 ms/step (8.66 it/s) | elapsed 7.2 min | ETA this epoch 0.3 min
  step 3950/4061 | loss -7.657 | 114 ms/step (8.79 it/s) | elapsed 7.3 min | ETA this epoch 0.2 min
  step 4000/4061 | loss -5.584 | 117 ms/step (8.54 it/s) | elapsed 7.4 min | ETA this epoch 0.1 min
  step 4050/4061 | loss -6.992 | 116 ms/step (8.64 it/s) | elapsed 7.5 min | ETA this epoch 0.0 min
Epoch 12/50 | Train -6.920 | Val L1 0.0020 | Val SI-SDR 17.17 dB | Time 8.1 min
EarlyStopping counter: 1/7
  step 50/4061 | loss -6.199 | 113 ms/step (8.82 it/s) | elapsed 0.1 min | ETA this epoch 7.6 min
  step 100/4061 | loss -8.054 | 111 ms/step (9.02 it/s) | elapsed 0.2 min | ETA this epoch 7.3 min
  step 150/4061 | loss -7.705 | 113 ms/step (8.83 it/s) | elapsed 0.3 min | ETA this epoch 7.4 min
  step 200/4061 | loss -7.685 | 112 ms/step (8.94 it/s) | elapsed 0.4 min | ETA this epoch 7.2 min
  step 250/4061 | loss -5.708 | 115 ms/step (8.69 it/s) | elapsed 0.5 min | ETA this epoch 7.3 min
  step 300/4061 | loss -5.754 | 115 ms/step (8.70 it/s) | elapsed 0.6 min | ETA this epoch 7.2 min
  step 350/4061 | loss -6.730 | 115 ms/step (8.68 it/s) | elapsed 0.7 min | ETA this epoch 7.1 min
  step 400/4061 | loss -7.371 | 114 ms/step (8.78 it/s) | elapsed 0.8 min | ETA this epoch 6.9 min
  step 450/4061 | loss -8.330 | 112 ms/step (8.92 it/s) | elapsed 0.9 min | ETA this epoch 6.7 min
  step 500/4061 | loss -4.966 | 114 ms/step (8.75 it/s) | elapsed 0.9 min | ETA this epoch 6.8 min
  step 550/4061 | loss -6.413 | 113 ms/step (8.82 it/s) | elapsed 1.0 min | ETA this epoch 6.6 min
  step 600/4061 | loss -7.212 | 112 ms/step (8.89 it/s) | elapsed 1.1 min | ETA this epoch 6.5 min
  step 650/4061 | loss -5.198 | 117 ms/step (8.53 it/s) | elapsed 1.2 min | ETA this epoch 6.7 min
  step 700/4061 | loss -7.253 | 114 ms/step (8.76 it/s) | elapsed 1.3 min | ETA this epoch 6.4 min
  step 750/4061 | loss -7.261 | 113 ms/step (8.88 it/s) | elapsed 1.4 min | ETA this epoch 6.2 min
  step 800/4061 | loss -6.536 | 114 ms/step (8.80 it/s) | elapsed 1.5 min | ETA this epoch 6.2 min
  step 850/4061 | loss -6.027 | 117 ms/step (8.56 it/s) | elapsed 1.6 min | ETA this epoch 6.3 min
  step 900/4061 | loss -7.251 | 114 ms/step (8.76 it/s) | elapsed 1.7 min | ETA this epoch 6.0 min
  step 950/4061 | loss -7.497 | 117 ms/step (8.53 it/s) | elapsed 1.8 min | ETA this epoch 6.1 min
  step 1000/4061 | loss -5.019 | 116 ms/step (8.59 it/s) | elapsed 1.9 min | ETA this epoch 5.9 min
  step 1050/4061 | loss -7.476 | 115 ms/step (8.70 it/s) | elapsed 2.0 min | ETA this epoch 5.8 min
  step 1100/4061 | loss -5.501 | 113 ms/step (8.84 it/s) | elapsed 2.1 min | ETA this epoch 5.6 min
  step 1150/4061 | loss -7.060 | 117 ms/step (8.56 it/s) | elapsed 2.2 min | ETA this epoch 5.7 min
  step 1200/4061 | loss -7.536 | 121 ms/step (8.25 it/s) | elapsed 2.3 min | ETA this epoch 5.8 min
  step 1250/4061 | loss -7.059 | 116 ms/step (8.64 it/s) | elapsed 2.4 min | ETA this epoch 5.4 min
  step 1300/4061 | loss -6.433 | 113 ms/step (8.83 it/s) | elapsed 2.5 min | ETA this epoch 5.2 min
  step 1350/4061 | loss -6.555 | 115 ms/step (8.69 it/s) | elapsed 2.6 min | ETA this epoch 5.2 min
  step 1400/4061 | loss -5.910 | 113 ms/step (8.84 it/s) | elapsed 2.7 min | ETA this epoch 5.0 min
  step 1450/4061 | loss -7.060 | 114 ms/step (8.79 it/s) | elapsed 2.8 min | ETA this epoch 5.0 min
  step 1500/4061 | loss -6.306 | 113 ms/step (8.84 it/s) | elapsed 2.9 min | ETA this epoch 4.8 min
  step 1550/4061 | loss -6.663 | 117 ms/step (8.58 it/s) | elapsed 3.0 min | ETA this epoch 4.9 min
  step 1600/4061 | loss -6.077 | 113 ms/step (8.85 it/s) | elapsed 3.1 min | ETA this epoch 4.6 min
  step 1650/4061 | loss -6.406 | 117 ms/step (8.52 it/s) | elapsed 3.1 min | ETA this epoch 4.7 min
  step 1700/4061 | loss -5.941 | 114 ms/step (8.79 it/s) | elapsed 3.2 min | ETA this epoch 4.5 min
  step 1750/4061 | loss -7.757 | 115 ms/step (8.70 it/s) | elapsed 3.3 min | ETA this epoch 4.4 min
  step 1800/4061 | loss -8.133 | 117 ms/step (8.56 it/s) | elapsed 3.4 min | ETA this epoch 4.4 min
  step 1850/4061 | loss -7.418 | 118 ms/step (8.49 it/s) | elapsed 3.5 min | ETA this epoch 4.3 min
  step 1900/4061 | loss -6.090 | 115 ms/step (8.66 it/s) | elapsed 3.6 min | ETA this epoch 4.2 min
  step 1950/4061 | loss -6.405 | 115 ms/step (8.68 it/s) | elapsed 3.7 min | ETA this epoch 4.1 min
  step 2000/4061 | loss -8.103 | 113 ms/step (8.84 it/s) | elapsed 3.8 min | ETA this epoch 3.9 min
  step 2050/4061 | loss -6.132 | 114 ms/step (8.81 it/s) | elapsed 3.9 min | ETA this epoch 3.8 min
  step 2100/4061 | loss -8.024 | 115 ms/step (8.71 it/s) | elapsed 4.0 min | ETA this epoch 3.8 min
  step 2150/4061 | loss -8.325 | 100 ms/step (10.02 it/s) | elapsed 4.1 min | ETA this epoch 3.2 min
  step 2200/4061 | loss -7.964 | 89 ms/step (11.23 it/s) | elapsed 4.2 min | ETA this epoch 2.8 min
  step 2250/4061 | loss -7.090 | 89 ms/step (11.22 it/s) | elapsed 4.2 min | ETA this epoch 2.7 min
  step 2300/4061 | loss -6.354 | 93 ms/step (10.71 it/s) | elapsed 4.3 min | ETA this epoch 2.7 min
  step 2350/4061 | loss -5.747 | 94 ms/step (10.62 it/s) | elapsed 4.4 min | ETA this epoch 2.7 min
  step 2400/4061 | loss -6.656 | 105 ms/step (9.48 it/s) | elapsed 4.5 min | ETA this epoch 2.9 min
  step 2450/4061 | loss -8.658 | 113 ms/step (8.84 it/s) | elapsed 4.6 min | ETA this epoch 3.0 min
  step 2500/4061 | loss -5.522 | 113 ms/step (8.85 it/s) | elapsed 4.7 min | ETA this epoch 2.9 min
  step 2550/4061 | loss -7.601 | 113 ms/step (8.84 it/s) | elapsed 4.8 min | ETA this epoch 2.9 min
  step 2600/4061 | loss -6.624 | 113 ms/step (8.82 it/s) | elapsed 4.9 min | ETA this epoch 2.8 min
  step 2650/4061 | loss -7.320 | 114 ms/step (8.78 it/s) | elapsed 5.0 min | ETA this epoch 2.7 min
  step 2700/4061 | loss -7.282 | 112 ms/step (8.89 it/s) | elapsed 5.1 min | ETA this epoch 2.6 min
  step 2750/4061 | loss -8.825 | 114 ms/step (8.77 it/s) | elapsed 5.1 min | ETA this epoch 2.5 min
  step 2800/4061 | loss -6.583 | 114 ms/step (8.80 it/s) | elapsed 5.2 min | ETA this epoch 2.4 min
  step 2850/4061 | loss -7.224 | 99 ms/step (10.11 it/s) | elapsed 5.3 min | ETA this epoch 2.0 min
  step 2900/4061 | loss -7.127 | 98 ms/step (10.24 it/s) | elapsed 5.4 min | ETA this epoch 1.9 min
  step 2950/4061 | loss -6.463 | 94 ms/step (10.63 it/s) | elapsed 5.5 min | ETA this epoch 1.7 min
  step 3000/4061 | loss -7.276 | 94 ms/step (10.60 it/s) | elapsed 5.6 min | ETA this epoch 1.7 min
  step 3050/4061 | loss -6.046 | 91 ms/step (11.02 it/s) | elapsed 5.6 min | ETA this epoch 1.5 min
  step 3100/4061 | loss -6.960 | 108 ms/step (9.26 it/s) | elapsed 5.7 min | ETA this epoch 1.7 min
  step 3150/4061 | loss -7.951 | 114 ms/step (8.80 it/s) | elapsed 5.8 min | ETA this epoch 1.7 min
  step 3200/4061 | loss -7.623 | 115 ms/step (8.72 it/s) | elapsed 5.9 min | ETA this epoch 1.6 min
  step 3250/4061 | loss -6.773 | 114 ms/step (8.76 it/s) | elapsed 6.0 min | ETA this epoch 1.5 min
  step 3300/4061 | loss -7.065 | 114 ms/step (8.78 it/s) | elapsed 6.1 min | ETA this epoch 1.4 min
  step 3350/4061 | loss -7.192 | 117 ms/step (8.57 it/s) | elapsed 6.2 min | ETA this epoch 1.4 min
  step 3400/4061 | loss -5.492 | 114 ms/step (8.76 it/s) | elapsed 6.3 min | ETA this epoch 1.3 min
  step 3450/4061 | loss -6.433 | 113 ms/step (8.86 it/s) | elapsed 6.4 min | ETA this epoch 1.1 min
  step 3500/4061 | loss -6.094 | 116 ms/step (8.62 it/s) | elapsed 6.5 min | ETA this epoch 1.1 min
  step 3550/4061 | loss -7.106 | 114 ms/step (8.77 it/s) | elapsed 6.6 min | ETA this epoch 1.0 min
  step 3600/4061 | loss -7.182 | 114 ms/step (8.79 it/s) | elapsed 6.7 min | ETA this epoch 0.9 min
  step 3650/4061 | loss -6.893 | 115 ms/step (8.72 it/s) | elapsed 6.8 min | ETA this epoch 0.8 min
  step 3700/4061 | loss -8.205 | 112 ms/step (8.91 it/s) | elapsed 6.9 min | ETA this epoch 0.7 min
  step 3750/4061 | loss -7.753 | 115 ms/step (8.68 it/s) | elapsed 7.0 min | ETA this epoch 0.6 min
  step 3800/4061 | loss -8.424 | 113 ms/step (8.83 it/s) | elapsed 7.1 min | ETA this epoch 0.5 min
  step 3850/4061 | loss -6.843 | 113 ms/step (8.85 it/s) | elapsed 7.2 min | ETA this epoch 0.4 min
  step 3900/4061 | loss -7.173 | 114 ms/step (8.77 it/s) | elapsed 7.3 min | ETA this epoch 0.3 min
  step 3950/4061 | loss -7.222 | 114 ms/step (8.79 it/s) | elapsed 7.3 min | ETA this epoch 0.2 min
  step 4000/4061 | loss -6.497 | 112 ms/step (8.90 it/s) | elapsed 7.4 min | ETA this epoch 0.1 min
  step 4050/4061 | loss -8.177 | 114 ms/step (8.76 it/s) | elapsed 7.5 min | ETA this epoch 0.0 min
Epoch 13/50 | Train -6.954 | Val L1 0.0020 | Val SI-SDR 17.38 dB | Time 7.9 min
Saved best model (SI-SDR 17.38 dB) -> /home/bubai-maji/speech_enhancement/script/propose_ablation3/checkpoint_propose_ab3/best_NGDM_SE.pt
  step 50/4061 | loss -6.143 | 114 ms/step (8.78 it/s) | elapsed 0.1 min | ETA this epoch 7.6 min
  step 100/4061 | loss -6.895 | 115 ms/step (8.69 it/s) | elapsed 0.2 min | ETA this epoch 7.6 min
  step 150/4061 | loss -5.304 | 116 ms/step (8.62 it/s) | elapsed 0.3 min | ETA this epoch 7.6 min
  step 200/4061 | loss -7.377 | 113 ms/step (8.81 it/s) | elapsed 0.4 min | ETA this epoch 7.3 min
  step 250/4061 | loss -6.336 | 114 ms/step (8.77 it/s) | elapsed 0.5 min | ETA this epoch 7.2 min
  step 300/4061 | loss -7.780 | 113 ms/step (8.88 it/s) | elapsed 0.6 min | ETA this epoch 7.1 min
  step 350/4061 | loss -5.111 | 113 ms/step (8.82 it/s) | elapsed 0.7 min | ETA this epoch 7.0 min
  step 400/4061 | loss -8.981 | 114 ms/step (8.76 it/s) | elapsed 0.8 min | ETA this epoch 7.0 min
  step 450/4061 | loss -7.289 | 115 ms/step (8.70 it/s) | elapsed 0.9 min | ETA this epoch 6.9 min
  step 500/4061 | loss -6.709 | 112 ms/step (8.89 it/s) | elapsed 1.0 min | ETA this epoch 6.7 min
  step 550/4061 | loss -7.304 | 119 ms/step (8.41 it/s) | elapsed 1.0 min | ETA this epoch 7.0 min
  step 600/4061 | loss -7.503 | 113 ms/step (8.81 it/s) | elapsed 1.1 min | ETA this epoch 6.5 min
  step 650/4061 | loss -7.230 | 114 ms/step (8.77 it/s) | elapsed 1.2 min | ETA this epoch 6.5 min
  step 700/4061 | loss -5.571 | 114 ms/step (8.78 it/s) | elapsed 1.3 min | ETA this epoch 6.4 min
  step 750/4061 | loss -5.559 | 113 ms/step (8.86 it/s) | elapsed 1.4 min | ETA this epoch 6.2 min
  step 800/4061 | loss -7.264 | 115 ms/step (8.67 it/s) | elapsed 1.5 min | ETA this epoch 6.3 min
  step 850/4061 | loss -6.292 | 113 ms/step (8.88 it/s) | elapsed 1.6 min | ETA this epoch 6.0 min
  step 900/4061 | loss -7.142 | 114 ms/step (8.74 it/s) | elapsed 1.7 min | ETA this epoch 6.0 min
  step 950/4061 | loss -8.544 | 113 ms/step (8.83 it/s) | elapsed 1.8 min | ETA this epoch 5.9 min
  step 1000/4061 | loss -7.229 | 113 ms/step (8.82 it/s) | elapsed 1.9 min | ETA this epoch 5.8 min
  step 1050/4061 | loss -6.835 | 114 ms/step (8.76 it/s) | elapsed 2.0 min | ETA this epoch 5.7 min
  step 1100/4061 | loss -5.878 | 114 ms/step (8.81 it/s) | elapsed 2.1 min | ETA this epoch 5.6 min
  step 1150/4061 | loss -7.955 | 113 ms/step (8.83 it/s) | elapsed 2.2 min | ETA this epoch 5.5 min
  step 1200/4061 | loss -6.780 | 113 ms/step (8.82 it/s) | elapsed 2.3 min | ETA this epoch 5.4 min
  step 1250/4061 | loss -5.610 | 113 ms/step (8.85 it/s) | elapsed 2.4 min | ETA this epoch 5.3 min
  step 1300/4061 | loss -6.278 | 113 ms/step (8.83 it/s) | elapsed 2.5 min | ETA this epoch 5.2 min
  step 1350/4061 | loss -8.201 | 114 ms/step (8.74 it/s) | elapsed 2.6 min | ETA this epoch 5.2 min
  step 1400/4061 | loss -7.057 | 114 ms/step (8.77 it/s) | elapsed 2.7 min | ETA this epoch 5.1 min
  step 1450/4061 | loss -5.817 | 114 ms/step (8.79 it/s) | elapsed 2.8 min | ETA this epoch 5.0 min
  step 1500/4061 | loss -7.647 | 115 ms/step (8.70 it/s) | elapsed 2.9 min | ETA this epoch 4.9 min
  step 1550/4061 | loss -6.994 | 114 ms/step (8.78 it/s) | elapsed 2.9 min | ETA this epoch 4.8 min
  step 1600/4061 | loss -8.253 | 114 ms/step (8.81 it/s) | elapsed 3.0 min | ETA this epoch 4.7 min
  step 1650/4061 | loss -6.644 | 115 ms/step (8.70 it/s) | elapsed 3.1 min | ETA this epoch 4.6 min
  step 1700/4061 | loss -7.356 | 116 ms/step (8.65 it/s) | elapsed 3.2 min | ETA this epoch 4.5 min
  step 1750/4061 | loss -5.346 | 115 ms/step (8.71 it/s) | elapsed 3.3 min | ETA this epoch 4.4 min
  step 1800/4061 | loss -8.220 | 113 ms/step (8.84 it/s) | elapsed 3.4 min | ETA this epoch 4.3 min
  step 1850/4061 | loss -7.863 | 114 ms/step (8.75 it/s) | elapsed 3.5 min | ETA this epoch 4.2 min
  step 1900/4061 | loss -7.676 | 114 ms/step (8.76 it/s) | elapsed 3.6 min | ETA this epoch 4.1 min
  step 1950/4061 | loss -5.808 | 114 ms/step (8.79 it/s) | elapsed 3.7 min | ETA this epoch 4.0 min
  step 2000/4061 | loss -7.261 | 115 ms/step (8.72 it/s) | elapsed 3.8 min | ETA this epoch 3.9 min
  step 2050/4061 | loss -6.046 | 115 ms/step (8.70 it/s) | elapsed 3.9 min | ETA this epoch 3.9 min
  step 2100/4061 | loss -6.585 | 114 ms/step (8.75 it/s) | elapsed 4.0 min | ETA this epoch 3.7 min
  step 2150/4061 | loss -7.053 | 100 ms/step (10.05 it/s) | elapsed 4.1 min | ETA this epoch 3.2 min
  step 2200/4061 | loss -5.482 | 91 ms/step (11.04 it/s) | elapsed 4.2 min | ETA this epoch 2.8 min
  step 2250/4061 | loss -6.502 | 97 ms/step (10.31 it/s) | elapsed 4.2 min | ETA this epoch 2.9 min
  step 2300/4061 | loss -7.150 | 92 ms/step (10.90 it/s) | elapsed 4.3 min | ETA this epoch 2.7 min
  step 2350/4061 | loss -7.416 | 92 ms/step (10.83 it/s) | elapsed 4.4 min | ETA this epoch 2.6 min
  step 2400/4061 | loss -6.854 | 113 ms/step (8.88 it/s) | elapsed 4.5 min | ETA this epoch 3.1 min
  step 2450/4061 | loss -9.251 | 114 ms/step (8.74 it/s) | elapsed 4.6 min | ETA this epoch 3.1 min
  step 2500/4061 | loss -6.591 | 115 ms/step (8.71 it/s) | elapsed 4.7 min | ETA this epoch 3.0 min
  step 2550/4061 | loss -8.066 | 115 ms/step (8.72 it/s) | elapsed 4.8 min | ETA this epoch 2.9 min
  step 2600/4061 | loss -6.120 | 113 ms/step (8.85 it/s) | elapsed 4.9 min | ETA this epoch 2.8 min
  step 2650/4061 | loss -7.976 | 113 ms/step (8.83 it/s) | elapsed 5.0 min | ETA this epoch 2.7 min
  step 2700/4061 | loss -5.360 | 97 ms/step (10.28 it/s) | elapsed 5.0 min | ETA this epoch 2.2 min
  step 2750/4061 | loss -6.451 | 96 ms/step (10.37 it/s) | elapsed 5.1 min | ETA this epoch 2.1 min
  step 2800/4061 | loss -6.862 | 98 ms/step (10.19 it/s) | elapsed 5.2 min | ETA this epoch 2.1 min
  step 2850/4061 | loss -6.603 | 92 ms/step (10.85 it/s) | elapsed 5.3 min | ETA this epoch 1.9 min
  step 2900/4061 | loss -6.905 | 112 ms/step (8.90 it/s) | elapsed 5.4 min | ETA this epoch 2.2 min
  step 2950/4061 | loss -6.835 | 114 ms/step (8.79 it/s) | elapsed 5.5 min | ETA this epoch 2.1 min
  step 3000/4061 | loss -6.030 | 114 ms/step (8.79 it/s) | elapsed 5.6 min | ETA this epoch 2.0 min
  step 3050/4061 | loss -6.308 | 114 ms/step (8.77 it/s) | elapsed 5.7 min | ETA this epoch 1.9 min
  step 3100/4061 | loss -6.196 | 116 ms/step (8.59 it/s) | elapsed 5.8 min | ETA this epoch 1.9 min
  step 3150/4061 | loss -5.947 | 114 ms/step (8.78 it/s) | elapsed 5.8 min | ETA this epoch 1.7 min
  step 3200/4061 | loss -6.207 | 114 ms/step (8.76 it/s) | elapsed 5.9 min | ETA this epoch 1.6 min
  step 3250/4061 | loss -7.045 | 113 ms/step (8.82 it/s) | elapsed 6.0 min | ETA this epoch 1.5 min
  step 3300/4061 | loss -8.097 | 116 ms/step (8.64 it/s) | elapsed 6.1 min | ETA this epoch 1.5 min
  step 3350/4061 | loss -7.702 | 114 ms/step (8.75 it/s) | elapsed 6.2 min | ETA this epoch 1.4 min
  step 3400/4061 | loss -7.416 | 113 ms/step (8.83 it/s) | elapsed 6.3 min | ETA this epoch 1.2 min
  step 3450/4061 | loss -7.412 | 114 ms/step (8.79 it/s) | elapsed 6.4 min | ETA this epoch 1.2 min
  step 3500/4061 | loss -7.914 | 116 ms/step (8.65 it/s) | elapsed 6.5 min | ETA this epoch 1.1 min
  step 3550/4061 | loss -6.117 | 114 ms/step (8.79 it/s) | elapsed 6.6 min | ETA this epoch 1.0 min
  step 3600/4061 | loss -6.770 | 115 ms/step (8.68 it/s) | elapsed 6.7 min | ETA this epoch 0.9 min
  step 3650/4061 | loss -7.298 | 113 ms/step (8.84 it/s) | elapsed 6.8 min | ETA this epoch 0.8 min
  step 3700/4061 | loss -8.751 | 112 ms/step (8.90 it/s) | elapsed 6.9 min | ETA this epoch 0.7 min
  step 3750/4061 | loss -7.253 | 113 ms/step (8.87 it/s) | elapsed 7.0 min | ETA this epoch 0.6 min
  step 3800/4061 | loss -7.663 | 114 ms/step (8.79 it/s) | elapsed 7.1 min | ETA this epoch 0.5 min
  step 3850/4061 | loss -7.297 | 114 ms/step (8.78 it/s) | elapsed 7.2 min | ETA this epoch 0.4 min
  step 3900/4061 | loss -4.443 | 114 ms/step (8.78 it/s) | elapsed 7.3 min | ETA this epoch 0.3 min
  step 3950/4061 | loss -6.979 | 113 ms/step (8.84 it/s) | elapsed 7.4 min | ETA this epoch 0.2 min
  step 4000/4061 | loss -7.418 | 114 ms/step (8.78 it/s) | elapsed 7.5 min | ETA this epoch 0.1 min
  step 4050/4061 | loss -6.772 | 114 ms/step (8.81 it/s) | elapsed 7.6 min | ETA this epoch 0.0 min
Epoch 14/50 | Train -7.008 | Val L1 0.0020 | Val SI-SDR 17.48 dB | Time 7.9 min
Saved best model (SI-SDR 17.48 dB) -> /home/bubai-maji/speech_enhancement/script/propose_ablation3/checkpoint_propose_ab3/best_NGDM_SE.pt
  step 50/4061 | loss -7.473 | 118 ms/step (8.46 it/s) | elapsed 0.1 min | ETA this epoch 7.9 min
  step 100/4061 | loss -7.841 | 113 ms/step (8.81 it/s) | elapsed 0.2 min | ETA this epoch 7.5 min
  step 150/4061 | loss -6.995 | 118 ms/step (8.48 it/s) | elapsed 0.3 min | ETA this epoch 7.7 min
  step 200/4061 | loss -5.770 | 114 ms/step (8.78 it/s) | elapsed 0.4 min | ETA this epoch 7.3 min
  step 250/4061 | loss -5.834 | 112 ms/step (8.90 it/s) | elapsed 0.5 min | ETA this epoch 7.1 min
  step 300/4061 | loss -6.468 | 114 ms/step (8.75 it/s) | elapsed 0.6 min | ETA this epoch 7.2 min
  step 350/4061 | loss -7.739 | 113 ms/step (8.85 it/s) | elapsed 0.7 min | ETA this epoch 7.0 min
  step 400/4061 | loss -6.971 | 112 ms/step (8.92 it/s) | elapsed 0.8 min | ETA this epoch 6.8 min
  step 450/4061 | loss -7.228 | 114 ms/step (8.79 it/s) | elapsed 0.9 min | ETA this epoch 6.8 min
  step 500/4061 | loss -7.477 | 112 ms/step (8.90 it/s) | elapsed 1.0 min | ETA this epoch 6.7 min
  step 550/4061 | loss -6.306 | 112 ms/step (8.93 it/s) | elapsed 1.0 min | ETA this epoch 6.6 min
  step 600/4061 | loss -6.821 | 113 ms/step (8.84 it/s) | elapsed 1.1 min | ETA this epoch 6.5 min
  step 650/4061 | loss -5.998 | 113 ms/step (8.82 it/s) | elapsed 1.2 min | ETA this epoch 6.4 min
  step 700/4061 | loss -7.244 | 113 ms/step (8.85 it/s) | elapsed 1.3 min | ETA this epoch 6.3 min
  step 750/4061 | loss -7.128 | 112 ms/step (8.93 it/s) | elapsed 1.4 min | ETA this epoch 6.2 min
  step 800/4061 | loss -5.536 | 112 ms/step (8.95 it/s) | elapsed 1.5 min | ETA this epoch 6.1 min
  step 850/4061 | loss -7.297 | 115 ms/step (8.71 it/s) | elapsed 1.6 min | ETA this epoch 6.1 min
  step 900/4061 | loss -7.571 | 113 ms/step (8.82 it/s) | elapsed 1.7 min | ETA this epoch 6.0 min
  step 950/4061 | loss -6.664 | 115 ms/step (8.70 it/s) | elapsed 1.8 min | ETA this epoch 6.0 min
  step 1000/4061 | loss -6.783 | 112 ms/step (8.89 it/s) | elapsed 1.9 min | ETA this epoch 5.7 min
  step 1050/4061 | loss -8.291 | 113 ms/step (8.82 it/s) | elapsed 2.0 min | ETA this epoch 5.7 min
  step 1100/4061 | loss -7.293 | 115 ms/step (8.71 it/s) | elapsed 2.1 min | ETA this epoch 5.7 min
  step 1150/4061 | loss -7.336 | 113 ms/step (8.85 it/s) | elapsed 2.2 min | ETA this epoch 5.5 min
  step 1200/4061 | loss -8.338 | 113 ms/step (8.83 it/s) | elapsed 2.3 min | ETA this epoch 5.4 min
  step 1250/4061 | loss -6.954 | 115 ms/step (8.72 it/s) | elapsed 2.4 min | ETA this epoch 5.4 min
  step 1300/4061 | loss -6.236 | 113 ms/step (8.82 it/s) | elapsed 2.5 min | ETA this epoch 5.2 min
  step 1350/4061 | loss -6.155 | 114 ms/step (8.80 it/s) | elapsed 2.6 min | ETA this epoch 5.1 min
  step 1400/4061 | loss -7.193 | 113 ms/step (8.82 it/s) | elapsed 2.7 min | ETA this epoch 5.0 min
  step 1450/4061 | loss -7.813 | 112 ms/step (8.92 it/s) | elapsed 2.7 min | ETA this epoch 4.9 min
  step 1500/4061 | loss -6.608 | 114 ms/step (8.80 it/s) | elapsed 2.8 min | ETA this epoch 4.8 min
  step 1550/4061 | loss -8.660 | 114 ms/step (8.76 it/s) | elapsed 2.9 min | ETA this epoch 4.8 min
  step 1600/4061 | loss -7.287 | 115 ms/step (8.70 it/s) | elapsed 3.0 min | ETA this epoch 4.7 min
  step 1650/4061 | loss -6.721 | 112 ms/step (8.89 it/s) | elapsed 3.1 min | ETA this epoch 4.5 min
  step 1700/4061 | loss -4.876 | 113 ms/step (8.86 it/s) | elapsed 3.2 min | ETA this epoch 4.4 min
  step 1750/4061 | loss -5.071 | 114 ms/step (8.77 it/s) | elapsed 3.3 min | ETA this epoch 4.4 min
  step 1800/4061 | loss -8.864 | 116 ms/step (8.65 it/s) | elapsed 3.4 min | ETA this epoch 4.4 min
  step 1850/4061 | loss -4.583 | 116 ms/step (8.61 it/s) | elapsed 3.5 min | ETA this epoch 4.3 min
  step 1900/4061 | loss -8.078 | 114 ms/step (8.77 it/s) | elapsed 3.6 min | ETA this epoch 4.1 min
  step 1950/4061 | loss -4.496 | 114 ms/step (8.74 it/s) | elapsed 3.7 min | ETA this epoch 4.0 min
  step 2000/4061 | loss -8.144 | 114 ms/step (8.80 it/s) | elapsed 3.8 min | ETA this epoch 3.9 min
  step 2050/4061 | loss -6.620 | 115 ms/step (8.72 it/s) | elapsed 3.9 min | ETA this epoch 3.8 min
  step 2100/4061 | loss -6.508 | 113 ms/step (8.85 it/s) | elapsed 4.0 min | ETA this epoch 3.7 min
  step 2150/4061 | loss -6.539 | 103 ms/step (9.75 it/s) | elapsed 4.1 min | ETA this epoch 3.3 min
  step 2200/4061 | loss -6.645 | 88 ms/step (11.38 it/s) | elapsed 4.1 min | ETA this epoch 2.7 min
  step 2250/4061 | loss -5.895 | 88 ms/step (11.31 it/s) | elapsed 4.2 min | ETA this epoch 2.7 min
  step 2300/4061 | loss -6.954 | 89 ms/step (11.26 it/s) | elapsed 4.3 min | ETA this epoch 2.6 min
  step 2350/4061 | loss -7.456 | 87 ms/step (11.54 it/s) | elapsed 4.4 min | ETA this epoch 2.5 min
  step 2400/4061 | loss -6.674 | 92 ms/step (10.87 it/s) | elapsed 4.4 min | ETA this epoch 2.5 min
  step 2450/4061 | loss -7.484 | 106 ms/step (9.41 it/s) | elapsed 4.5 min | ETA this epoch 2.9 min
  step 2500/4061 | loss -9.183 | 102 ms/step (9.82 it/s) | elapsed 4.6 min | ETA this epoch 2.6 min
  step 2550/4061 | loss -7.290 | 94 ms/step (10.66 it/s) | elapsed 4.7 min | ETA this epoch 2.4 min
  step 2600/4061 | loss -6.424 | 96 ms/step (10.46 it/s) | elapsed 4.8 min | ETA this epoch 2.3 min
  step 2650/4061 | loss -6.349 | 93 ms/step (10.74 it/s) | elapsed 4.8 min | ETA this epoch 2.2 min
  step 2700/4061 | loss -7.108 | 93 ms/step (10.75 it/s) | elapsed 4.9 min | ETA this epoch 2.1 min
  step 2750/4061 | loss -5.712 | 91 ms/step (10.94 it/s) | elapsed 5.0 min | ETA this epoch 2.0 min
  step 2800/4061 | loss -6.138 | 113 ms/step (8.88 it/s) | elapsed 5.1 min | ETA this epoch 2.4 min
  step 2850/4061 | loss -6.275 | 111 ms/step (8.97 it/s) | elapsed 5.2 min | ETA this epoch 2.2 min
  step 2900/4061 | loss -6.740 | 113 ms/step (8.87 it/s) | elapsed 5.3 min | ETA this epoch 2.2 min
  step 2950/4061 | loss -7.184 | 113 ms/step (8.85 it/s) | elapsed 5.4 min | ETA this epoch 2.1 min
  step 3000/4061 | loss -7.120 | 114 ms/step (8.80 it/s) | elapsed 5.5 min | ETA this epoch 2.0 min
  step 3050/4061 | loss -7.673 | 113 ms/step (8.84 it/s) | elapsed 5.6 min | ETA this epoch 1.9 min
  step 3100/4061 | loss -8.004 | 114 ms/step (8.75 it/s) | elapsed 5.7 min | ETA this epoch 1.8 min
  step 3150/4061 | loss -8.180 | 115 ms/step (8.73 it/s) | elapsed 5.8 min | ETA this epoch 1.7 min
  step 3200/4061 | loss -8.233 | 114 ms/step (8.74 it/s) | elapsed 5.8 min | ETA this epoch 1.6 min
  step 3250/4061 | loss -7.504 | 112 ms/step (8.91 it/s) | elapsed 5.9 min | ETA this epoch 1.5 min
  step 3300/4061 | loss -6.199 | 113 ms/step (8.88 it/s) | elapsed 6.0 min | ETA this epoch 1.4 min
  step 3350/4061 | loss -7.453 | 114 ms/step (8.80 it/s) | elapsed 6.1 min | ETA this epoch 1.3 min
  step 3400/4061 | loss -8.723 | 115 ms/step (8.72 it/s) | elapsed 6.2 min | ETA this epoch 1.3 min
  step 3450/4061 | loss -6.555 | 113 ms/step (8.89 it/s) | elapsed 6.3 min | ETA this epoch 1.1 min
  step 3500/4061 | loss -6.729 | 115 ms/step (8.66 it/s) | elapsed 6.4 min | ETA this epoch 1.1 min
  step 3550/4061 | loss -7.370 | 113 ms/step (8.82 it/s) | elapsed 6.5 min | ETA this epoch 1.0 min
  step 3600/4061 | loss -7.966 | 112 ms/step (8.89 it/s) | elapsed 6.6 min | ETA this epoch 0.9 min
  step 3650/4061 | loss -8.107 | 115 ms/step (8.67 it/s) | elapsed 6.7 min | ETA this epoch 0.8 min
  step 3700/4061 | loss -5.737 | 114 ms/step (8.79 it/s) | elapsed 6.8 min | ETA this epoch 0.7 min
  step 3750/4061 | loss -7.495 | 112 ms/step (8.90 it/s) | elapsed 6.9 min | ETA this epoch 0.6 min
  step 3800/4061 | loss -7.635 | 114 ms/step (8.74 it/s) | elapsed 7.0 min | ETA this epoch 0.5 min
  step 3850/4061 | loss -5.219 | 113 ms/step (8.87 it/s) | elapsed 7.1 min | ETA this epoch 0.4 min
  step 3900/4061 | loss -6.910 | 114 ms/step (8.75 it/s) | elapsed 7.2 min | ETA this epoch 0.3 min
  step 3950/4061 | loss -7.563 | 114 ms/step (8.80 it/s) | elapsed 7.3 min | ETA this epoch 0.2 min
  step 4000/4061 | loss -6.618 | 113 ms/step (8.82 it/s) | elapsed 7.4 min | ETA this epoch 0.1 min
  step 4050/4061 | loss -7.035 | 113 ms/step (8.86 it/s) | elapsed 7.5 min | ETA this epoch 0.0 min
Epoch 15/50 | Train -7.000 | Val L1 0.0020 | Val SI-SDR 17.63 dB | Time 7.9 min
Saved best model (SI-SDR 17.63 dB) -> /home/bubai-maji/speech_enhancement/script/propose_ablation3/checkpoint_propose_ab3/best_NGDM_SE.pt
  step 50/4061 | loss -6.008 | 114 ms/step (8.78 it/s) | elapsed 0.1 min | ETA this epoch 7.6 min
  step 100/4061 | loss -6.714 | 112 ms/step (8.91 it/s) | elapsed 0.2 min | ETA this epoch 7.4 min
  step 150/4061 | loss -6.370 | 113 ms/step (8.87 it/s) | elapsed 0.3 min | ETA this epoch 7.4 min
  step 200/4061 | loss -9.242 | 115 ms/step (8.73 it/s) | elapsed 0.4 min | ETA this epoch 7.4 min
  step 250/4061 | loss -6.683 | 115 ms/step (8.69 it/s) | elapsed 0.5 min | ETA this epoch 7.3 min
  step 300/4061 | loss -6.704 | 113 ms/step (8.85 it/s) | elapsed 0.6 min | ETA this epoch 7.1 min
  step 350/4061 | loss -5.447 | 114 ms/step (8.78 it/s) | elapsed 0.7 min | ETA this epoch 7.0 min
  step 400/4061 | loss -6.860 | 113 ms/step (8.82 it/s) | elapsed 0.8 min | ETA this epoch 6.9 min
  step 450/4061 | loss -6.267 | 114 ms/step (8.80 it/s) | elapsed 0.9 min | ETA this epoch 6.8 min
  step 500/4061 | loss -9.399 | 114 ms/step (8.76 it/s) | elapsed 0.9 min | ETA this epoch 6.8 min
  step 550/4061 | loss -7.486 | 112 ms/step (8.89 it/s) | elapsed 1.0 min | ETA this epoch 6.6 min
  step 600/4061 | loss -7.251 | 114 ms/step (8.79 it/s) | elapsed 1.1 min | ETA this epoch 6.6 min
  step 650/4061 | loss -6.387 | 114 ms/step (8.80 it/s) | elapsed 1.2 min | ETA this epoch 6.5 min
  step 700/4061 | loss -7.512 | 113 ms/step (8.89 it/s) | elapsed 1.3 min | ETA this epoch 6.3 min
  step 750/4061 | loss -7.121 | 113 ms/step (8.83 it/s) | elapsed 1.4 min | ETA this epoch 6.2 min
  step 800/4061 | loss -5.584 | 114 ms/step (8.76 it/s) | elapsed 1.5 min | ETA this epoch 6.2 min
  step 850/4061 | loss -8.300 | 113 ms/step (8.83 it/s) | elapsed 1.6 min | ETA this epoch 6.1 min
  step 900/4061 | loss -6.057 | 114 ms/step (8.77 it/s) | elapsed 1.7 min | ETA this epoch 6.0 min
  step 950/4061 | loss -5.930 | 118 ms/step (8.49 it/s) | elapsed 1.8 min | ETA this epoch 6.1 min
  step 1000/4061 | loss -7.285 | 114 ms/step (8.81 it/s) | elapsed 1.9 min | ETA this epoch 5.8 min
  step 1050/4061 | loss -6.661 | 115 ms/step (8.73 it/s) | elapsed 2.0 min | ETA this epoch 5.7 min
  step 1100/4061 | loss -7.896 | 116 ms/step (8.65 it/s) | elapsed 2.1 min | ETA this epoch 5.7 min
  step 1150/4061 | loss -9.174 | 112 ms/step (8.90 it/s) | elapsed 2.2 min | ETA this epoch 5.5 min
  step 1200/4061 | loss -8.634 | 113 ms/step (8.89 it/s) | elapsed 2.3 min | ETA this epoch 5.4 min
  step 1250/4061 | loss -8.166 | 115 ms/step (8.68 it/s) | elapsed 2.4 min | ETA this epoch 5.4 min
  step 1300/4061 | loss -6.048 | 113 ms/step (8.85 it/s) | elapsed 2.5 min | ETA this epoch 5.2 min
  step 1350/4061 | loss -6.298 | 113 ms/step (8.89 it/s) | elapsed 2.6 min | ETA this epoch 5.1 min
  step 1400/4061 | loss -6.717 | 112 ms/step (8.92 it/s) | elapsed 2.7 min | ETA this epoch 5.0 min
  step 1450/4061 | loss -7.794 | 113 ms/step (8.86 it/s) | elapsed 2.7 min | ETA this epoch 4.9 min
  step 1500/4061 | loss -7.773 | 115 ms/step (8.67 it/s) | elapsed 2.8 min | ETA this epoch 4.9 min
  step 1550/4061 | loss -6.432 | 113 ms/step (8.85 it/s) | elapsed 2.9 min | ETA this epoch 4.7 min
  step 1600/4061 | loss -6.921 | 113 ms/step (8.84 it/s) | elapsed 3.0 min | ETA this epoch 4.6 min
  step 1650/4061 | loss -7.620 | 113 ms/step (8.83 it/s) | elapsed 3.1 min | ETA this epoch 4.6 min
  step 1700/4061 | loss -5.421 | 113 ms/step (8.85 it/s) | elapsed 3.2 min | ETA this epoch 4.4 min
  step 1750/4061 | loss -7.869 | 114 ms/step (8.77 it/s) | elapsed 3.3 min | ETA this epoch 4.4 min
  step 1800/4061 | loss -7.423 | 113 ms/step (8.89 it/s) | elapsed 3.4 min | ETA this epoch 4.2 min
  step 1850/4061 | loss -6.063 | 113 ms/step (8.84 it/s) | elapsed 3.5 min | ETA this epoch 4.2 min
  step 1900/4061 | loss -5.675 | 115 ms/step (8.73 it/s) | elapsed 3.6 min | ETA this epoch 4.1 min
  step 1950/4061 | loss -7.496 | 112 ms/step (8.91 it/s) | elapsed 3.7 min | ETA this epoch 3.9 min
  step 2000/4061 | loss -7.930 | 114 ms/step (8.77 it/s) | elapsed 3.8 min | ETA this epoch 3.9 min
  step 2050/4061 | loss -6.533 | 113 ms/step (8.82 it/s) | elapsed 3.9 min | ETA this epoch 3.8 min
  step 2100/4061 | loss -7.922 | 114 ms/step (8.80 it/s) | elapsed 4.0 min | ETA this epoch 3.7 min
  step 2150/4061 | loss -6.959 | 112 ms/step (8.93 it/s) | elapsed 4.1 min | ETA this epoch 3.6 min
  step 2200/4061 | loss -5.799 | 92 ms/step (10.92 it/s) | elapsed 4.1 min | ETA this epoch 2.8 min
  step 2250/4061 | loss -5.477 | 88 ms/step (11.35 it/s) | elapsed 4.2 min | ETA this epoch 2.7 min
  step 2300/4061 | loss -5.515 | 93 ms/step (10.72 it/s) | elapsed 4.3 min | ETA this epoch 2.7 min
  step 2350/4061 | loss -6.663 | 88 ms/step (11.38 it/s) | elapsed 4.4 min | ETA this epoch 2.5 min
  step 2400/4061 | loss -7.291 | 78 ms/step (12.76 it/s) | elapsed 4.4 min | ETA this epoch 2.2 min
  step 2450/4061 | loss -6.600 | 79 ms/step (12.67 it/s) | elapsed 4.5 min | ETA this epoch 2.1 min
  step 2500/4061 | loss -6.410 | 72 ms/step (13.86 it/s) | elapsed 4.6 min | ETA this epoch 1.9 min
  step 2550/4061 | loss -5.886 | 90 ms/step (11.07 it/s) | elapsed 4.6 min | ETA this epoch 2.3 min
  step 2600/4061 | loss -5.877 | 92 ms/step (10.84 it/s) | elapsed 4.7 min | ETA this epoch 2.2 min
  step 2650/4061 | loss -6.372 | 90 ms/step (11.05 it/s) | elapsed 4.8 min | ETA this epoch 2.1 min
  step 2700/4061 | loss -9.210 | 92 ms/step (10.87 it/s) | elapsed 4.9 min | ETA this epoch 2.1 min
  step 2750/4061 | loss -7.741 | 107 ms/step (9.37 it/s) | elapsed 5.0 min | ETA this epoch 2.3 min
  step 2800/4061 | loss -6.203 | 113 ms/step (8.83 it/s) | elapsed 5.0 min | ETA this epoch 2.4 min
  step 2850/4061 | loss -5.874 | 113 ms/step (8.82 it/s) | elapsed 5.1 min | ETA this epoch 2.3 min
  step 2900/4061 | loss -5.296 | 114 ms/step (8.78 it/s) | elapsed 5.2 min | ETA this epoch 2.2 min
  step 2950/4061 | loss -6.764 | 112 ms/step (8.90 it/s) | elapsed 5.3 min | ETA this epoch 2.1 min
  step 3000/4061 | loss -7.207 | 114 ms/step (8.78 it/s) | elapsed 5.4 min | ETA this epoch 2.0 min
  step 3050/4061 | loss -6.371 | 114 ms/step (8.80 it/s) | elapsed 5.5 min | ETA this epoch 1.9 min
  step 3100/4061 | loss -7.634 | 114 ms/step (8.79 it/s) | elapsed 5.6 min | ETA this epoch 1.8 min
  step 3150/4061 | loss -7.160 | 114 ms/step (8.78 it/s) | elapsed 5.7 min | ETA this epoch 1.7 min
  step 3200/4061 | loss -8.102 | 113 ms/step (8.87 it/s) | elapsed 5.8 min | ETA this epoch 1.6 min
  step 3250/4061 | loss -6.054 | 114 ms/step (8.77 it/s) | elapsed 5.9 min | ETA this epoch 1.5 min
  step 3300/4061 | loss -6.371 | 114 ms/step (8.79 it/s) | elapsed 6.0 min | ETA this epoch 1.4 min
  step 3350/4061 | loss -7.109 | 114 ms/step (8.80 it/s) | elapsed 6.1 min | ETA this epoch 1.3 min
  step 3400/4061 | loss -8.463 | 114 ms/step (8.77 it/s) | elapsed 6.2 min | ETA this epoch 1.3 min
  step 3450/4061 | loss -8.898 | 114 ms/step (8.80 it/s) | elapsed 6.3 min | ETA this epoch 1.2 min
  step 3500/4061 | loss -8.688 | 113 ms/step (8.88 it/s) | elapsed 6.4 min | ETA this epoch 1.1 min
  step 3550/4061 | loss -6.718 | 114 ms/step (8.80 it/s) | elapsed 6.5 min | ETA this epoch 1.0 min
  step 3600/4061 | loss -6.271 | 114 ms/step (8.80 it/s) | elapsed 6.6 min | ETA this epoch 0.9 min
  step 3650/4061 | loss -7.442 | 113 ms/step (8.81 it/s) | elapsed 6.7 min | ETA this epoch 0.8 min
  step 3700/4061 | loss -7.050 | 114 ms/step (8.80 it/s) | elapsed 6.8 min | ETA this epoch 0.7 min
  step 3750/4061 | loss -7.150 | 113 ms/step (8.82 it/s) | elapsed 6.8 min | ETA this epoch 0.6 min
  step 3800/4061 | loss -6.106 | 114 ms/step (8.80 it/s) | elapsed 6.9 min | ETA this epoch 0.5 min
  step 3850/4061 | loss -7.864 | 114 ms/step (8.80 it/s) | elapsed 7.0 min | ETA this epoch 0.4 min
  step 3900/4061 | loss -6.468 | 114 ms/step (8.80 it/s) | elapsed 7.1 min | ETA this epoch 0.3 min
  step 3950/4061 | loss -7.634 | 114 ms/step (8.77 it/s) | elapsed 7.2 min | ETA this epoch 0.2 min
  step 4000/4061 | loss -8.080 | 113 ms/step (8.88 it/s) | elapsed 7.3 min | ETA this epoch 0.1 min
  step 4050/4061 | loss -6.281 | 114 ms/step (8.81 it/s) | elapsed 7.4 min | ETA this epoch 0.0 min
Epoch 16/50 | Train -7.023 | Val L1 0.0020 | Val SI-SDR 17.46 dB | Time 7.7 min
EarlyStopping counter: 1/7
  step 50/4061 | loss -7.086 | 114 ms/step (8.78 it/s) | elapsed 0.1 min | ETA this epoch 7.6 min
  step 100/4061 | loss -8.071 | 113 ms/step (8.81 it/s) | elapsed 0.2 min | ETA this epoch 7.5 min
  step 150/4061 | loss -8.182 | 114 ms/step (8.80 it/s) | elapsed 0.3 min | ETA this epoch 7.4 min
  step 200/4061 | loss -5.498 | 114 ms/step (8.76 it/s) | elapsed 0.4 min | ETA this epoch 7.3 min
  step 250/4061 | loss -6.971 | 114 ms/step (8.79 it/s) | elapsed 0.5 min | ETA this epoch 7.2 min
  step 300/4061 | loss -6.231 | 114 ms/step (8.79 it/s) | elapsed 0.6 min | ETA this epoch 7.1 min
  step 350/4061 | loss -7.704 | 114 ms/step (8.78 it/s) | elapsed 0.7 min | ETA this epoch 7.0 min
  step 400/4061 | loss -8.309 | 114 ms/step (8.81 it/s) | elapsed 0.8 min | ETA this epoch 6.9 min
  step 450/4061 | loss -6.071 | 114 ms/step (8.77 it/s) | elapsed 0.9 min | ETA this epoch 6.9 min
  step 500/4061 | loss -7.351 | 115 ms/step (8.67 it/s) | elapsed 0.9 min | ETA this epoch 6.8 min
  step 550/4061 | loss -6.314 | 113 ms/step (8.82 it/s) | elapsed 1.0 min | ETA this epoch 6.6 min
  step 600/4061 | loss -7.747 | 113 ms/step (8.83 it/s) | elapsed 1.1 min | ETA this epoch 6.5 min
  step 650/4061 | loss -5.204 | 114 ms/step (8.77 it/s) | elapsed 1.2 min | ETA this epoch 6.5 min
  step 700/4061 | loss -7.270 | 114 ms/step (8.77 it/s) | elapsed 1.3 min | ETA this epoch 6.4 min
  step 750/4061 | loss -7.205 | 114 ms/step (8.78 it/s) | elapsed 1.4 min | ETA this epoch 6.3 min
  step 800/4061 | loss -6.142 | 114 ms/step (8.78 it/s) | elapsed 1.5 min | ETA this epoch 6.2 min
  step 850/4061 | loss -6.560 | 114 ms/step (8.78 it/s) | elapsed 1.6 min | ETA this epoch 6.1 min
  step 900/4061 | loss -7.495 | 114 ms/step (8.77 it/s) | elapsed 1.7 min | ETA this epoch 6.0 min
  step 950/4061 | loss -6.992 | 113 ms/step (8.84 it/s) | elapsed 1.8 min | ETA this epoch 5.9 min
  step 1000/4061 | loss -8.422 | 114 ms/step (8.81 it/s) | elapsed 1.9 min | ETA this epoch 5.8 min
  step 1050/4061 | loss -5.518 | 114 ms/step (8.79 it/s) | elapsed 2.0 min | ETA this epoch 5.7 min
  step 1100/4061 | loss -7.675 | 113 ms/step (8.83 it/s) | elapsed 2.1 min | ETA this epoch 5.6 min
  step 1150/4061 | loss -7.303 | 114 ms/step (8.81 it/s) | elapsed 2.2 min | ETA this epoch 5.5 min
  step 1200/4061 | loss -5.334 | 114 ms/step (8.81 it/s) | elapsed 2.3 min | ETA this epoch 5.4 min
  step 1250/4061 | loss -9.498 | 114 ms/step (8.80 it/s) | elapsed 2.4 min | ETA this epoch 5.3 min
  step 1300/4061 | loss -6.293 | 114 ms/step (8.80 it/s) | elapsed 2.5 min | ETA this epoch 5.2 min
  step 1350/4061 | loss -6.994 | 113 ms/step (8.81 it/s) | elapsed 2.6 min | ETA this epoch 5.1 min
  step 1400/4061 | loss -5.055 | 114 ms/step (8.78 it/s) | elapsed 2.7 min | ETA this epoch 5.0 min
  step 1450/4061 | loss -6.175 | 114 ms/step (8.79 it/s) | elapsed 2.7 min | ETA this epoch 5.0 min
  step 1500/4061 | loss -6.059 | 113 ms/step (8.85 it/s) | elapsed 2.8 min | ETA this epoch 4.8 min
  step 1550/4061 | loss -7.475 | 114 ms/step (8.76 it/s) | elapsed 2.9 min | ETA this epoch 4.8 min
  step 1600/4061 | loss -6.836 | 114 ms/step (8.79 it/s) | elapsed 3.0 min | ETA this epoch 4.7 min
  step 1650/4061 | loss -7.387 | 114 ms/step (8.74 it/s) | elapsed 3.1 min | ETA this epoch 4.6 min
  step 1700/4061 | loss -7.460 | 113 ms/step (8.83 it/s) | elapsed 3.2 min | ETA this epoch 4.5 min
  step 1750/4061 | loss -6.438 | 114 ms/step (8.76 it/s) | elapsed 3.3 min | ETA this epoch 4.4 min
  step 1800/4061 | loss -5.986 | 114 ms/step (8.77 it/s) | elapsed 3.4 min | ETA this epoch 4.3 min
  step 1850/4061 | loss -6.693 | 114 ms/step (8.81 it/s) | elapsed 3.5 min | ETA this epoch 4.2 min
  step 1900/4061 | loss -8.846 | 114 ms/step (8.78 it/s) | elapsed 3.6 min | ETA this epoch 4.1 min
  step 1950/4061 | loss -8.921 | 113 ms/step (8.85 it/s) | elapsed 3.7 min | ETA this epoch 4.0 min
  step 2000/4061 | loss -5.910 | 114 ms/step (8.78 it/s) | elapsed 3.8 min | ETA this epoch 3.9 min
  step 2050/4061 | loss -6.658 | 114 ms/step (8.78 it/s) | elapsed 3.9 min | ETA this epoch 3.8 min
  step 2100/4061 | loss -5.299 | 114 ms/step (8.75 it/s) | elapsed 4.0 min | ETA this epoch 3.7 min
  step 2150/4061 | loss -6.401 | 114 ms/step (8.78 it/s) | elapsed 4.1 min | ETA this epoch 3.6 min
  step 2200/4061 | loss -6.892 | 114 ms/step (8.80 it/s) | elapsed 4.2 min | ETA this epoch 3.5 min
  step 2250/4061 | loss -6.376 | 114 ms/step (8.78 it/s) | elapsed 4.3 min | ETA this epoch 3.4 min
  step 2300/4061 | loss -7.576 | 113 ms/step (8.82 it/s) | elapsed 4.4 min | ETA this epoch 3.3 min
  step 2350/4061 | loss -8.940 | 111 ms/step (9.01 it/s) | elapsed 4.5 min | ETA this epoch 3.2 min
  step 2400/4061 | loss -5.758 | 99 ms/step (10.07 it/s) | elapsed 4.5 min | ETA this epoch 2.7 min
  step 2450/4061 | loss -8.815 | 87 ms/step (11.45 it/s) | elapsed 4.6 min | ETA this epoch 2.3 min
  step 2500/4061 | loss -6.586 | 68 ms/step (14.64 it/s) | elapsed 4.7 min | ETA this epoch 1.8 min
  step 2550/4061 | loss -6.389 | 86 ms/step (11.65 it/s) | elapsed 4.7 min | ETA this epoch 2.2 min
  step 2600/4061 | loss -7.242 | 100 ms/step (10.00 it/s) | elapsed 4.8 min | ETA this epoch 2.4 min
  step 2650/4061 | loss -7.466 | 111 ms/step (8.97 it/s) | elapsed 4.9 min | ETA this epoch 2.6 min
  step 2700/4061 | loss -6.763 | 114 ms/step (8.78 it/s) | elapsed 5.0 min | ETA this epoch 2.6 min
  step 2750/4061 | loss -7.889 | 114 ms/step (8.79 it/s) | elapsed 5.1 min | ETA this epoch 2.5 min
  step 2800/4061 | loss -6.718 | 114 ms/step (8.78 it/s) | elapsed 5.2 min | ETA this epoch 2.4 min
  step 2850/4061 | loss -7.571 | 114 ms/step (8.77 it/s) | elapsed 5.3 min | ETA this epoch 2.3 min
  step 2900/4061 | loss -7.643 | 113 ms/step (8.82 it/s) | elapsed 5.4 min | ETA this epoch 2.2 min
  step 2950/4061 | loss -9.117 | 114 ms/step (8.80 it/s) | elapsed 5.5 min | ETA this epoch 2.1 min
  step 3000/4061 | loss -6.166 | 114 ms/step (8.78 it/s) | elapsed 5.6 min | ETA this epoch 2.0 min
  step 3050/4061 | loss -6.256 | 114 ms/step (8.78 it/s) | elapsed 5.7 min | ETA this epoch 1.9 min
  step 3100/4061 | loss -7.061 | 114 ms/step (8.80 it/s) | elapsed 5.8 min | ETA this epoch 1.8 min
  step 3150/4061 | loss -7.364 | 114 ms/step (8.78 it/s) | elapsed 5.9 min | ETA this epoch 1.7 min
  step 3200/4061 | loss -6.165 | 114 ms/step (8.78 it/s) | elapsed 6.0 min | ETA this epoch 1.6 min
  step 3250/4061 | loss -8.006 | 114 ms/step (8.80 it/s) | elapsed 6.1 min | ETA this epoch 1.5 min
  step 3300/4061 | loss -8.436 | 113 ms/step (8.84 it/s) | elapsed 6.1 min | ETA this epoch 1.4 min
  step 3350/4061 | loss -7.875 | 114 ms/step (8.77 it/s) | elapsed 6.2 min | ETA this epoch 1.4 min
  step 3400/4061 | loss -8.935 | 113 ms/step (8.84 it/s) | elapsed 6.3 min | ETA this epoch 1.2 min
  step 3450/4061 | loss -7.797 | 114 ms/step (8.78 it/s) | elapsed 6.4 min | ETA this epoch 1.2 min
  step 3500/4061 | loss -7.410 | 113 ms/step (8.82 it/s) | elapsed 6.5 min | ETA this epoch 1.1 min
  step 3550/4061 | loss -7.037 | 114 ms/step (8.78 it/s) | elapsed 6.6 min | ETA this epoch 1.0 min
  step 3600/4061 | loss -7.004 | 114 ms/step (8.79 it/s) | elapsed 6.7 min | ETA this epoch 0.9 min
  step 3650/4061 | loss -6.928 | 113 ms/step (8.82 it/s) | elapsed 6.8 min | ETA this epoch 0.8 min
  step 3700/4061 | loss -7.047 | 114 ms/step (8.81 it/s) | elapsed 6.9 min | ETA this epoch 0.7 min
  step 3750/4061 | loss -5.832 | 114 ms/step (8.76 it/s) | elapsed 7.0 min | ETA this epoch 0.6 min
  step 3800/4061 | loss -7.560 | 113 ms/step (8.83 it/s) | elapsed 7.1 min | ETA this epoch 0.5 min
  step 3850/4061 | loss -7.326 | 114 ms/step (8.79 it/s) | elapsed 7.2 min | ETA this epoch 0.4 min
  step 3900/4061 | loss -6.371 | 114 ms/step (8.78 it/s) | elapsed 7.3 min | ETA this epoch 0.3 min
  step 3950/4061 | loss -6.830 | 114 ms/step (8.79 it/s) | elapsed 7.4 min | ETA this epoch 0.2 min
  step 4000/4061 | loss -7.955 | 114 ms/step (8.80 it/s) | elapsed 7.5 min | ETA this epoch 0.1 min
  step 4050/4061 | loss -7.436 | 114 ms/step (8.80 it/s) | elapsed 7.6 min | ETA this epoch 0.0 min
Epoch 17/50 | Train -7.063 | Val L1 0.0020 | Val SI-SDR 17.61 dB | Time 7.8 min
EarlyStopping counter: 2/7
  step 50/4061 | loss -6.536 | 115 ms/step (8.66 it/s) | elapsed 0.1 min | ETA this epoch 7.7 min
  step 100/4061 | loss -6.551 | 112 ms/step (8.92 it/s) | elapsed 0.2 min | ETA this epoch 7.4 min
  step 150/4061 | loss -6.454 | 113 ms/step (8.81 it/s) | elapsed 0.3 min | ETA this epoch 7.4 min
  step 200/4061 | loss -7.874 | 114 ms/step (8.81 it/s) | elapsed 0.4 min | ETA this epoch 7.3 min
  step 250/4061 | loss -7.842 | 114 ms/step (8.80 it/s) | elapsed 0.5 min | ETA this epoch 7.2 min
  step 300/4061 | loss -6.580 | 113 ms/step (8.84 it/s) | elapsed 0.6 min | ETA this epoch 7.1 min
  step 350/4061 | loss -7.495 | 114 ms/step (8.79 it/s) | elapsed 0.7 min | ETA this epoch 7.0 min
  step 400/4061 | loss -5.161 | 113 ms/step (8.82 it/s) | elapsed 0.8 min | ETA this epoch 6.9 min
  step 450/4061 | loss -7.606 | 114 ms/step (8.77 it/s) | elapsed 0.9 min | ETA this epoch 6.9 min
  step 500/4061 | loss -6.466 | 114 ms/step (8.77 it/s) | elapsed 0.9 min | ETA this epoch 6.8 min
  step 550/4061 | loss -7.161 | 114 ms/step (8.79 it/s) | elapsed 1.0 min | ETA this epoch 6.7 min
  step 600/4061 | loss -5.364 | 114 ms/step (8.79 it/s) | elapsed 1.1 min | ETA this epoch 6.6 min
  step 650/4061 | loss -5.684 | 117 ms/step (8.57 it/s) | elapsed 1.2 min | ETA this epoch 6.6 min
  step 700/4061 | loss -7.379 | 117 ms/step (8.56 it/s) | elapsed 1.3 min | ETA this epoch 6.5 min
  step 750/4061 | loss -7.400 | 113 ms/step (8.88 it/s) | elapsed 1.4 min | ETA this epoch 6.2 min
  step 800/4061 | loss -6.914 | 113 ms/step (8.84 it/s) | elapsed 1.5 min | ETA this epoch 6.1 min
  step 850/4061 | loss -6.428 | 114 ms/step (8.79 it/s) | elapsed 1.6 min | ETA this epoch 6.1 min
  step 900/4061 | loss -5.820 | 118 ms/step (8.48 it/s) | elapsed 1.7 min | ETA this epoch 6.2 min
  step 950/4061 | loss -6.132 | 114 ms/step (8.79 it/s) | elapsed 1.8 min | ETA this epoch 5.9 min
  step 1000/4061 | loss -6.817 | 114 ms/step (8.79 it/s) | elapsed 1.9 min | ETA this epoch 5.8 min
  step 1050/4061 | loss -5.859 | 113 ms/step (8.81 it/s) | elapsed 2.0 min | ETA this epoch 5.7 min
  step 1100/4061 | loss -7.712 | 114 ms/step (8.75 it/s) | elapsed 2.1 min | ETA this epoch 5.6 min
  step 1150/4061 | loss -7.388 | 114 ms/step (8.75 it/s) | elapsed 2.2 min | ETA this epoch 5.5 min
  step 1200/4061 | loss -6.770 | 114 ms/step (8.80 it/s) | elapsed 2.3 min | ETA this epoch 5.4 min
  step 1250/4061 | loss -6.537 | 114 ms/step (8.80 it/s) | elapsed 2.4 min | ETA this epoch 5.3 min
  step 1300/4061 | loss -7.370 | 114 ms/step (8.81 it/s) | elapsed 2.5 min | ETA this epoch 5.2 min
  step 1350/4061 | loss -9.302 | 114 ms/step (8.81 it/s) | elapsed 2.6 min | ETA this epoch 5.1 min
  step 1400/4061 | loss -6.913 | 113 ms/step (8.86 it/s) | elapsed 2.7 min | ETA this epoch 5.0 min
  step 1450/4061 | loss -6.313 | 114 ms/step (8.76 it/s) | elapsed 2.8 min | ETA this epoch 5.0 min
  step 1500/4061 | loss -6.645 | 114 ms/step (8.80 it/s) | elapsed 2.8 min | ETA this epoch 4.9 min
  step 1550/4061 | loss -6.403 | 114 ms/step (8.80 it/s) | elapsed 2.9 min | ETA this epoch 4.8 min
  step 1600/4061 | loss -7.136 | 114 ms/step (8.79 it/s) | elapsed 3.0 min | ETA this epoch 4.7 min
  step 1650/4061 | loss -7.474 | 114 ms/step (8.76 it/s) | elapsed 3.1 min | ETA this epoch 4.6 min
  step 1700/4061 | loss -6.985 | 114 ms/step (8.79 it/s) | elapsed 3.2 min | ETA this epoch 4.5 min
  step 1750/4061 | loss -7.248 | 114 ms/step (8.78 it/s) | elapsed 3.3 min | ETA this epoch 4.4 min
  step 1800/4061 | loss -8.062 | 114 ms/step (8.78 it/s) | elapsed 3.4 min | ETA this epoch 4.3 min
  step 1850/4061 | loss -6.402 | 112 ms/step (8.90 it/s) | elapsed 3.5 min | ETA this epoch 4.1 min
  step 1900/4061 | loss -8.117 | 114 ms/step (8.78 it/s) | elapsed 3.6 min | ETA this epoch 4.1 min
  step 1950/4061 | loss -6.765 | 114 ms/step (8.78 it/s) | elapsed 3.7 min | ETA this epoch 4.0 min
  step 2000/4061 | loss -7.023 | 114 ms/step (8.80 it/s) | elapsed 3.8 min | ETA this epoch 3.9 min
  step 2050/4061 | loss -7.207 | 113 ms/step (8.84 it/s) | elapsed 3.9 min | ETA this epoch 3.8 min
  step 2100/4061 | loss -7.190 | 113 ms/step (8.82 it/s) | elapsed 4.0 min | ETA this epoch 3.7 min
  step 2150/4061 | loss -5.946 | 114 ms/step (8.75 it/s) | elapsed 4.1 min | ETA this epoch 3.6 min
  step 2200/4061 | loss -7.042 | 114 ms/step (8.79 it/s) | elapsed 4.2 min | ETA this epoch 3.5 min
  step 2250/4061 | loss -7.004 | 114 ms/step (8.75 it/s) | elapsed 4.3 min | ETA this epoch 3.5 min
  step 2300/4061 | loss -7.340 | 114 ms/step (8.77 it/s) | elapsed 4.4 min | ETA this epoch 3.3 min
  step 2350/4061 | loss -7.768 | 104 ms/step (9.62 it/s) | elapsed 4.5 min | ETA this epoch 3.0 min
  step 2400/4061 | loss -5.781 | 85 ms/step (11.77 it/s) | elapsed 4.5 min | ETA this epoch 2.4 min
  step 2450/4061 | loss -7.871 | 71 ms/step (14.14 it/s) | elapsed 4.6 min | ETA this epoch 1.9 min
  step 2500/4061 | loss -8.125 | 72 ms/step (13.90 it/s) | elapsed 4.6 min | ETA this epoch 1.9 min
  step 2550/4061 | loss -7.995 | 85 ms/step (11.73 it/s) | elapsed 4.7 min | ETA this epoch 2.1 min
  step 2600/4061 | loss -6.546 | 96 ms/step (10.38 it/s) | elapsed 4.8 min | ETA this epoch 2.3 min
  step 2650/4061 | loss -6.605 | 114 ms/step (8.73 it/s) | elapsed 4.9 min | ETA this epoch 2.7 min
  step 2700/4061 | loss -5.305 | 114 ms/step (8.77 it/s) | elapsed 5.0 min | ETA this epoch 2.6 min
  step 2750/4061 | loss -7.590 | 113 ms/step (8.85 it/s) | elapsed 5.1 min | ETA this epoch 2.5 min
  step 2800/4061 | loss -8.502 | 113 ms/step (8.82 it/s) | elapsed 5.2 min | ETA this epoch 2.4 min
  step 2850/4061 | loss -5.891 | 114 ms/step (8.76 it/s) | elapsed 5.3 min | ETA this epoch 2.3 min
  step 2900/4061 | loss -7.300 | 113 ms/step (8.83 it/s) | elapsed 5.4 min | ETA this epoch 2.2 min
  step 2950/4061 | loss -6.539 | 114 ms/step (8.77 it/s) | elapsed 5.5 min | ETA this epoch 2.1 min
  step 3000/4061 | loss -6.142 | 114 ms/step (8.81 it/s) | elapsed 5.6 min | ETA this epoch 2.0 min
  step 3050/4061 | loss -6.389 | 114 ms/step (8.80 it/s) | elapsed 5.6 min | ETA this epoch 1.9 min
  step 3100/4061 | loss -8.053 | 114 ms/step (8.80 it/s) | elapsed 5.7 min | ETA this epoch 1.8 min
  step 3150/4061 | loss -8.251 | 114 ms/step (8.78 it/s) | elapsed 5.8 min | ETA this epoch 1.7 min
  step 3200/4061 | loss -6.910 | 114 ms/step (8.79 it/s) | elapsed 5.9 min | ETA this epoch 1.6 min
  step 3250/4061 | loss -7.022 | 114 ms/step (8.76 it/s) | elapsed 6.0 min | ETA this epoch 1.5 min
  step 3300/4061 | loss -7.749 | 113 ms/step (8.82 it/s) | elapsed 6.1 min | ETA this epoch 1.4 min
  step 3350/4061 | loss -6.791 | 113 ms/step (8.83 it/s) | elapsed 6.2 min | ETA this epoch 1.3 min
  step 3400/4061 | loss -7.632 | 114 ms/step (8.79 it/s) | elapsed 6.3 min | ETA this epoch 1.3 min
  step 3450/4061 | loss -5.974 | 114 ms/step (8.76 it/s) | elapsed 6.4 min | ETA this epoch 1.2 min
  step 3500/4061 | loss -7.053 | 117 ms/step (8.56 it/s) | elapsed 6.5 min | ETA this epoch 1.1 min
  step 3550/4061 | loss -6.566 | 114 ms/step (8.79 it/s) | elapsed 6.6 min | ETA this epoch 1.0 min
  step 3600/4061 | loss -8.295 | 113 ms/step (8.86 it/s) | elapsed 6.7 min | ETA this epoch 0.9 min
  step 3650/4061 | loss -7.406 | 114 ms/step (8.78 it/s) | elapsed 6.8 min | ETA this epoch 0.8 min
  step 3700/4061 | loss -6.653 | 114 ms/step (8.79 it/s) | elapsed 6.9 min | ETA this epoch 0.7 min
  step 3750/4061 | loss -7.513 | 114 ms/step (8.77 it/s) | elapsed 7.0 min | ETA this epoch 0.6 min
  step 3800/4061 | loss -6.592 | 114 ms/step (8.79 it/s) | elapsed 7.1 min | ETA this epoch 0.5 min
  step 3850/4061 | loss -9.287 | 114 ms/step (8.79 it/s) | elapsed 7.2 min | ETA this epoch 0.4 min
  step 3900/4061 | loss -5.302 | 114 ms/step (8.78 it/s) | elapsed 7.3 min | ETA this epoch 0.3 min
  step 3950/4061 | loss -6.037 | 114 ms/step (8.79 it/s) | elapsed 7.4 min | ETA this epoch 0.2 min
  step 4000/4061 | loss -8.702 | 114 ms/step (8.80 it/s) | elapsed 7.5 min | ETA this epoch 0.1 min
  step 4050/4061 | loss -6.159 | 113 ms/step (8.81 it/s) | elapsed 7.5 min | ETA this epoch 0.0 min
Epoch 18/50 | Train -7.081 | Val L1 0.0019 | Val SI-SDR 17.76 dB | Time 7.8 min
Saved best model (SI-SDR 17.76 dB) -> /home/bubai-maji/speech_enhancement/script/propose_ablation3/checkpoint_propose_ab3/best_NGDM_SE.pt
  step 50/4061 | loss -7.625 | 117 ms/step (8.51 it/s) | elapsed 0.1 min | ETA this epoch 7.9 min
  step 100/4061 | loss -6.471 | 113 ms/step (8.83 it/s) | elapsed 0.2 min | ETA this epoch 7.5 min
  step 150/4061 | loss -7.956 | 117 ms/step (8.55 it/s) | elapsed 0.3 min | ETA this epoch 7.6 min
  step 200/4061 | loss -8.576 | 113 ms/step (8.87 it/s) | elapsed 0.4 min | ETA this epoch 7.3 min
  step 250/4061 | loss -6.793 | 113 ms/step (8.83 it/s) | elapsed 0.5 min | ETA this epoch 7.2 min
  step 300/4061 | loss -8.259 | 114 ms/step (8.79 it/s) | elapsed 0.6 min | ETA this epoch 7.1 min
  step 350/4061 | loss -6.422 | 114 ms/step (8.80 it/s) | elapsed 0.7 min | ETA this epoch 7.0 min
  step 400/4061 | loss -7.507 | 113 ms/step (8.87 it/s) | elapsed 0.8 min | ETA this epoch 6.9 min
  step 450/4061 | loss -6.951 | 113 ms/step (8.84 it/s) | elapsed 0.9 min | ETA this epoch 6.8 min
  step 500/4061 | loss -7.576 | 113 ms/step (8.82 it/s) | elapsed 1.0 min | ETA this epoch 6.7 min
  step 550/4061 | loss -7.498 | 113 ms/step (8.85 it/s) | elapsed 1.0 min | ETA this epoch 6.6 min
  step 600/4061 | loss -6.556 | 114 ms/step (8.77 it/s) | elapsed 1.1 min | ETA this epoch 6.6 min
  step 650/4061 | loss -7.426 | 113 ms/step (8.83 it/s) | elapsed 1.2 min | ETA this epoch 6.4 min
  step 700/4061 | loss -6.226 | 113 ms/step (8.87 it/s) | elapsed 1.3 min | ETA this epoch 6.3 min
  step 750/4061 | loss -7.151 | 114 ms/step (8.78 it/s) | elapsed 1.4 min | ETA this epoch 6.3 min
  step 800/4061 | loss -6.850 | 113 ms/step (8.81 it/s) | elapsed 1.5 min | ETA this epoch 6.2 min
  step 850/4061 | loss -6.783 | 114 ms/step (8.74 it/s) | elapsed 1.6 min | ETA this epoch 6.1 min
  step 900/4061 | loss -7.455 | 114 ms/step (8.80 it/s) | elapsed 1.7 min | ETA this epoch 6.0 min
  step 950/4061 | loss -6.423 | 114 ms/step (8.77 it/s) | elapsed 1.8 min | ETA this epoch 5.9 min
  step 1000/4061 | loss -6.567 | 114 ms/step (8.81 it/s) | elapsed 1.9 min | ETA this epoch 5.8 min
  step 1050/4061 | loss -6.941 | 113 ms/step (8.85 it/s) | elapsed 2.0 min | ETA this epoch 5.7 min
  step 1100/4061 | loss -7.247 | 114 ms/step (8.81 it/s) | elapsed 2.1 min | ETA this epoch 5.6 min
  step 1150/4061 | loss -7.840 | 114 ms/step (8.79 it/s) | elapsed 2.2 min | ETA this epoch 5.5 min
  step 1200/4061 | loss -8.200 | 114 ms/step (8.81 it/s) | elapsed 2.3 min | ETA this epoch 5.4 min
  step 1250/4061 | loss -9.026 | 114 ms/step (8.79 it/s) | elapsed 2.4 min | ETA this epoch 5.3 min
  step 1300/4061 | loss -6.019 | 113 ms/step (8.82 it/s) | elapsed 2.5 min | ETA this epoch 5.2 min
  step 1350/4061 | loss -6.472 | 114 ms/step (8.80 it/s) | elapsed 2.6 min | ETA this epoch 5.1 min
  step 1400/4061 | loss -6.341 | 114 ms/step (8.79 it/s) | elapsed 2.7 min | ETA this epoch 5.0 min
  step 1450/4061 | loss -7.997 | 114 ms/step (8.80 it/s) | elapsed 2.7 min | ETA this epoch 4.9 min
  step 1500/4061 | loss -7.507 | 114 ms/step (8.77 it/s) | elapsed 2.8 min | ETA this epoch 4.9 min
  step 1550/4061 | loss -8.004 | 113 ms/step (8.85 it/s) | elapsed 2.9 min | ETA this epoch 4.7 min
  step 1600/4061 | loss -9.424 | 114 ms/step (8.77 it/s) | elapsed 3.0 min | ETA this epoch 4.7 min
  step 1650/4061 | loss -6.638 | 114 ms/step (8.79 it/s) | elapsed 3.1 min | ETA this epoch 4.6 min
  step 1700/4061 | loss -6.931 | 113 ms/step (8.81 it/s) | elapsed 3.2 min | ETA this epoch 4.5 min
  step 1750/4061 | loss -8.046 | 114 ms/step (8.80 it/s) | elapsed 3.3 min | ETA this epoch 4.4 min
  step 1800/4061 | loss -6.957 | 114 ms/step (8.78 it/s) | elapsed 3.4 min | ETA this epoch 4.3 min
  step 1850/4061 | loss -8.423 | 114 ms/step (8.76 it/s) | elapsed 3.5 min | ETA this epoch 4.2 min
  step 1900/4061 | loss -6.925 | 113 ms/step (8.85 it/s) | elapsed 3.6 min | ETA this epoch 4.1 min
  step 1950/4061 | loss -6.617 | 114 ms/step (8.79 it/s) | elapsed 3.7 min | ETA this epoch 4.0 min
  step 2000/4061 | loss -6.677 | 114 ms/step (8.77 it/s) | elapsed 3.8 min | ETA this epoch 3.9 min
  step 2050/4061 | loss -7.228 | 114 ms/step (8.75 it/s) | elapsed 3.9 min | ETA this epoch 3.8 min
  step 2100/4061 | loss -6.761 | 114 ms/step (8.80 it/s) | elapsed 4.0 min | ETA this epoch 3.7 min
  step 2150/4061 | loss -7.994 | 114 ms/step (8.78 it/s) | elapsed 4.1 min | ETA this epoch 3.6 min
  step 2200/4061 | loss -8.273 | 113 ms/step (8.83 it/s) | elapsed 4.2 min | ETA this epoch 3.5 min
  step 2250/4061 | loss -6.484 | 113 ms/step (8.85 it/s) | elapsed 4.3 min | ETA this epoch 3.4 min
  step 2300/4061 | loss -8.723 | 96 ms/step (10.47 it/s) | elapsed 4.3 min | ETA this epoch 2.8 min
  step 2350/4061 | loss -7.642 | 99 ms/step (10.12 it/s) | elapsed 4.4 min | ETA this epoch 2.8 min
  step 2400/4061 | loss -7.340 | 104 ms/step (9.63 it/s) | elapsed 4.5 min | ETA this epoch 2.9 min
  step 2450/4061 | loss -6.574 | 118 ms/step (8.45 it/s) | elapsed 4.6 min | ETA this epoch 3.2 min
  step 2500/4061 | loss -7.366 | 98 ms/step (10.20 it/s) | elapsed 4.7 min | ETA this epoch 2.6 min
  step 2550/4061 | loss -6.120 | 96 ms/step (10.45 it/s) | elapsed 4.8 min | ETA this epoch 2.4 min
  step 2600/4061 | loss -6.576 | 98 ms/step (10.20 it/s) | elapsed 4.9 min | ETA this epoch 2.4 min
  step 2650/4061 | loss -6.856 | 113 ms/step (8.89 it/s) | elapsed 4.9 min | ETA this epoch 2.6 min
  step 2700/4061 | loss -6.357 | 114 ms/step (8.78 it/s) | elapsed 5.0 min | ETA this epoch 2.6 min
  step 2750/4061 | loss -6.211 | 114 ms/step (8.76 it/s) | elapsed 5.1 min | ETA this epoch 2.5 min
  step 2800/4061 | loss -6.545 | 114 ms/step (8.76 it/s) | elapsed 5.2 min | ETA this epoch 2.4 min
  step 2850/4061 | loss -6.709 | 114 ms/step (8.77 it/s) | elapsed 5.3 min | ETA this epoch 2.3 min
  step 2900/4061 | loss -6.006 | 114 ms/step (8.81 it/s) | elapsed 5.4 min | ETA this epoch 2.2 min
  step 2950/4061 | loss -7.374 | 114 ms/step (8.80 it/s) | elapsed 5.5 min | ETA this epoch 2.1 min
  step 3000/4061 | loss -8.380 | 114 ms/step (8.80 it/s) | elapsed 5.6 min | ETA this epoch 2.0 min
  step 3050/4061 | loss -5.645 | 114 ms/step (8.75 it/s) | elapsed 5.7 min | ETA this epoch 1.9 min
  step 3100/4061 | loss -7.234 | 113 ms/step (8.88 it/s) | elapsed 5.8 min | ETA this epoch 1.8 min
  step 3150/4061 | loss -8.540 | 113 ms/step (8.83 it/s) | elapsed 5.9 min | ETA this epoch 1.7 min
  step 3200/4061 | loss -7.910 | 114 ms/step (8.80 it/s) | elapsed 6.0 min | ETA this epoch 1.6 min
  step 3250/4061 | loss -5.742 | 114 ms/step (8.78 it/s) | elapsed 6.1 min | ETA this epoch 1.5 min
  step 3300/4061 | loss -7.590 | 114 ms/step (8.80 it/s) | elapsed 6.2 min | ETA this epoch 1.4 min
  step 3350/4061 | loss -6.647 | 114 ms/step (8.80 it/s) | elapsed 6.3 min | ETA this epoch 1.3 min
  step 3400/4061 | loss -7.455 | 114 ms/step (8.78 it/s) | elapsed 6.4 min | ETA this epoch 1.3 min
  step 3450/4061 | loss -8.249 | 113 ms/step (8.82 it/s) | elapsed 6.5 min | ETA this epoch 1.2 min
  step 3500/4061 | loss -7.884 | 115 ms/step (8.69 it/s) | elapsed 6.6 min | ETA this epoch 1.1 min
  step 3550/4061 | loss -7.715 | 114 ms/step (8.80 it/s) | elapsed 6.7 min | ETA this epoch 1.0 min
  step 3600/4061 | loss -6.343 | 114 ms/step (8.79 it/s) | elapsed 6.7 min | ETA this epoch 0.9 min
  step 3650/4061 | loss -6.137 | 113 ms/step (8.83 it/s) | elapsed 6.8 min | ETA this epoch 0.8 min
  step 3700/4061 | loss -6.926 | 113 ms/step (8.82 it/s) | elapsed 6.9 min | ETA this epoch 0.7 min
  step 3750/4061 | loss -6.967 | 114 ms/step (8.74 it/s) | elapsed 7.0 min | ETA this epoch 0.6 min
  step 3800/4061 | loss -8.066 | 114 ms/step (8.79 it/s) | elapsed 7.1 min | ETA this epoch 0.5 min
  step 3850/4061 | loss -7.251 | 113 ms/step (8.84 it/s) | elapsed 7.2 min | ETA this epoch 0.4 min
  step 3900/4061 | loss -6.509 | 114 ms/step (8.80 it/s) | elapsed 7.3 min | ETA this epoch 0.3 min
  step 3950/4061 | loss -7.262 | 114 ms/step (8.80 it/s) | elapsed 7.4 min | ETA this epoch 0.2 min
  step 4000/4061 | loss -7.300 | 113 ms/step (8.81 it/s) | elapsed 7.5 min | ETA this epoch 0.1 min
  step 4050/4061 | loss -8.095 | 114 ms/step (8.78 it/s) | elapsed 7.6 min | ETA this epoch 0.0 min
Epoch 19/50 | Train -7.095 | Val L1 0.0020 | Val SI-SDR 17.37 dB | Time 7.9 min
EarlyStopping counter: 1/7
  step 50/4061 | loss -10.556 | 114 ms/step (8.77 it/s) | elapsed 0.1 min | ETA this epoch 7.6 min
  step 100/4061 | loss -7.319 | 114 ms/step (8.80 it/s) | elapsed 0.2 min | ETA this epoch 7.5 min
  step 150/4061 | loss -6.776 | 113 ms/step (8.85 it/s) | elapsed 0.3 min | ETA this epoch 7.4 min
  step 200/4061 | loss -8.088 | 113 ms/step (8.83 it/s) | elapsed 0.4 min | ETA this epoch 7.3 min
  step 250/4061 | loss -7.614 | 114 ms/step (8.78 it/s) | elapsed 0.5 min | ETA this epoch 7.2 min
  step 300/4061 | loss -8.024 | 114 ms/step (8.78 it/s) | elapsed 0.6 min | ETA this epoch 7.1 min
  step 350/4061 | loss -5.785 | 114 ms/step (8.78 it/s) | elapsed 0.7 min | ETA this epoch 7.0 min
  step 400/4061 | loss -8.539 | 116 ms/step (8.60 it/s) | elapsed 0.8 min | ETA this epoch 7.1 min
  step 450/4061 | loss -7.060 | 114 ms/step (8.78 it/s) | elapsed 0.9 min | ETA this epoch 6.9 min
  step 500/4061 | loss -6.189 | 114 ms/step (8.77 it/s) | elapsed 0.9 min | ETA this epoch 6.8 min
  step 550/4061 | loss -7.647 | 113 ms/step (8.88 it/s) | elapsed 1.0 min | ETA this epoch 6.6 min
  step 600/4061 | loss -4.953 | 113 ms/step (8.82 it/s) | elapsed 1.1 min | ETA this epoch 6.5 min
  step 650/4061 | loss -7.464 | 114 ms/step (8.76 it/s) | elapsed 1.2 min | ETA this epoch 6.5 min
  step 700/4061 | loss -7.680 | 113 ms/step (8.82 it/s) | elapsed 1.3 min | ETA this epoch 6.4 min
  step 750/4061 | loss -4.702 | 113 ms/step (8.83 it/s) | elapsed 1.4 min | ETA this epoch 6.2 min
  step 800/4061 | loss -8.018 | 114 ms/step (8.81 it/s) | elapsed 1.5 min | ETA this epoch 6.2 min
  step 850/4061 | loss -9.340 | 114 ms/step (8.80 it/s) | elapsed 1.6 min | ETA this epoch 6.1 min
  step 900/4061 | loss -6.907 | 114 ms/step (8.80 it/s) | elapsed 1.7 min | ETA this epoch 6.0 min
  step 950/4061 | loss -6.935 | 113 ms/step (8.89 it/s) | elapsed 1.8 min | ETA this epoch 5.8 min
  step 1000/4061 | loss -7.355 | 113 ms/step (8.84 it/s) | elapsed 1.9 min | ETA this epoch 5.8 min
  step 1050/4061 | loss -7.788 | 113 ms/step (8.88 it/s) | elapsed 2.0 min | ETA this epoch 5.7 min
  step 1100/4061 | loss -7.723 | 113 ms/step (8.82 it/s) | elapsed 2.1 min | ETA this epoch 5.6 min
  step 1150/4061 | loss -6.054 | 114 ms/step (8.75 it/s) | elapsed 2.2 min | ETA this epoch 5.5 min
  step 1200/4061 | loss -8.660 | 113 ms/step (8.84 it/s) | elapsed 2.3 min | ETA this epoch 5.4 min
  step 1250/4061 | loss -7.265 | 114 ms/step (8.76 it/s) | elapsed 2.4 min | ETA this epoch 5.3 min
  step 1300/4061 | loss -7.073 | 114 ms/step (8.80 it/s) | elapsed 2.5 min | ETA this epoch 5.2 min
  step 1350/4061 | loss -6.604 | 114 ms/step (8.77 it/s) | elapsed 2.6 min | ETA this epoch 5.2 min
  step 1400/4061 | loss -5.894 | 114 ms/step (8.77 it/s) | elapsed 2.7 min | ETA this epoch 5.1 min
  step 1450/4061 | loss -6.448 | 113 ms/step (8.81 it/s) | elapsed 2.7 min | ETA this epoch 4.9 min
  step 1500/4061 | loss -6.904 | 114 ms/step (8.78 it/s) | elapsed 2.8 min | ETA this epoch 4.9 min
  step 1550/4061 | loss -7.405 | 114 ms/step (8.79 it/s) | elapsed 2.9 min | ETA this epoch 4.8 min
  step 1600/4061 | loss -8.809 | 114 ms/step (8.81 it/s) | elapsed 3.0 min | ETA this epoch 4.7 min
  step 1650/4061 | loss -7.897 | 114 ms/step (8.81 it/s) | elapsed 3.1 min | ETA this epoch 4.6 min
  step 1700/4061 | loss -7.477 | 114 ms/step (8.80 it/s) | elapsed 3.2 min | ETA this epoch 4.5 min
  step 1750/4061 | loss -7.195 | 113 ms/step (8.88 it/s) | elapsed 3.3 min | ETA this epoch 4.3 min
  step 1800/4061 | loss -6.311 | 112 ms/step (8.92 it/s) | elapsed 3.4 min | ETA this epoch 4.2 min
  step 1850/4061 | loss -7.836 | 114 ms/step (8.79 it/s) | elapsed 3.5 min | ETA this epoch 4.2 min
  step 1900/4061 | loss -7.737 | 114 ms/step (8.80 it/s) | elapsed 3.6 min | ETA this epoch 4.1 min
  step 1950/4061 | loss -7.043 | 113 ms/step (8.86 it/s) | elapsed 3.7 min | ETA this epoch 4.0 min
  step 2000/4061 | loss -5.338 | 114 ms/step (8.78 it/s) | elapsed 3.8 min | ETA this epoch 3.9 min
  step 2050/4061 | loss -7.598 | 113 ms/step (8.82 it/s) | elapsed 3.9 min | ETA this epoch 3.8 min
  step 2100/4061 | loss -9.877 | 109 ms/step (9.19 it/s) | elapsed 4.0 min | ETA this epoch 3.6 min
  step 2150/4061 | loss -8.697 | 97 ms/step (10.29 it/s) | elapsed 4.1 min | ETA this epoch 3.1 min
  step 2200/4061 | loss -7.730 | 98 ms/step (10.16 it/s) | elapsed 4.1 min | ETA this epoch 3.1 min
  step 2250/4061 | loss -7.549 | 103 ms/step (9.67 it/s) | elapsed 4.2 min | ETA this epoch 3.1 min
  step 2300/4061 | loss -6.585 | 113 ms/step (8.89 it/s) | elapsed 4.3 min | ETA this epoch 3.3 min
  step 2350/4061 | loss -6.154 | 114 ms/step (8.78 it/s) | elapsed 4.4 min | ETA this epoch 3.2 min
  step 2400/4061 | loss -7.215 | 114 ms/step (8.77 it/s) | elapsed 4.5 min | ETA this epoch 3.2 min
  step 2450/4061 | loss -6.869 | 114 ms/step (8.80 it/s) | elapsed 4.6 min | ETA this epoch 3.1 min
  step 2500/4061 | loss -7.471 | 103 ms/step (9.71 it/s) | elapsed 4.7 min | ETA this epoch 2.7 min
  step 2550/4061 | loss -7.182 | 96 ms/step (10.44 it/s) | elapsed 4.8 min | ETA this epoch 2.4 min
  step 2600/4061 | loss -7.517 | 94 ms/step (10.62 it/s) | elapsed 4.8 min | ETA this epoch 2.3 min
  step 2650/4061 | loss -6.925 | 104 ms/step (9.63 it/s) | elapsed 4.9 min | ETA this epoch 2.4 min
  step 2700/4061 | loss -4.527 | 114 ms/step (8.77 it/s) | elapsed 5.0 min | ETA this epoch 2.6 min
  step 2750/4061 | loss -5.547 | 113 ms/step (8.84 it/s) | elapsed 5.1 min | ETA this epoch 2.5 min
  step 2800/4061 | loss -5.902 | 114 ms/step (8.78 it/s) | elapsed 5.2 min | ETA this epoch 2.4 min
  step 2850/4061 | loss -6.351 | 114 ms/step (8.80 it/s) | elapsed 5.3 min | ETA this epoch 2.3 min
  step 2900/4061 | loss -6.902 | 114 ms/step (8.79 it/s) | elapsed 5.4 min | ETA this epoch 2.2 min
  step 2950/4061 | loss -7.010 | 114 ms/step (8.79 it/s) | elapsed 5.5 min | ETA this epoch 2.1 min
  step 3000/4061 | loss -7.286 | 113 ms/step (8.82 it/s) | elapsed 5.6 min | ETA this epoch 2.0 min
  step 3050/4061 | loss -7.672 | 113 ms/step (8.81 it/s) | elapsed 5.7 min | ETA this epoch 1.9 min
  step 3100/4061 | loss -6.571 | 113 ms/step (8.85 it/s) | elapsed 5.8 min | ETA this epoch 1.8 min
  step 3150/4061 | loss -6.492 | 113 ms/step (8.85 it/s) | elapsed 5.9 min | ETA this epoch 1.7 min
  step 3200/4061 | loss -7.510 | 114 ms/step (8.81 it/s) | elapsed 6.0 min | ETA this epoch 1.6 min
  step 3250/4061 | loss -8.895 | 113 ms/step (8.83 it/s) | elapsed 6.1 min | ETA this epoch 1.5 min
  step 3300/4061 | loss -6.440 | 113 ms/step (8.81 it/s) | elapsed 6.2 min | ETA this epoch 1.4 min
  step 3350/4061 | loss -7.390 | 113 ms/step (8.88 it/s) | elapsed 6.3 min | ETA this epoch 1.3 min
  step 3400/4061 | loss -5.507 | 113 ms/step (8.83 it/s) | elapsed 6.3 min | ETA this epoch 1.2 min
  step 3450/4061 | loss -6.137 | 114 ms/step (8.78 it/s) | elapsed 6.4 min | ETA this epoch 1.2 min
  step 3500/4061 | loss -7.548 | 113 ms/step (8.83 it/s) | elapsed 6.5 min | ETA this epoch 1.1 min
  step 3550/4061 | loss -7.018 | 113 ms/step (8.84 it/s) | elapsed 6.6 min | ETA this epoch 1.0 min
  step 3600/4061 | loss -6.343 | 114 ms/step (8.77 it/s) | elapsed 6.7 min | ETA this epoch 0.9 min
  step 3650/4061 | loss -6.986 | 112 ms/step (8.91 it/s) | elapsed 6.8 min | ETA this epoch 0.8 min
  step 3700/4061 | loss -8.572 | 112 ms/step (8.92 it/s) | elapsed 6.9 min | ETA this epoch 0.7 min
  step 3750/4061 | loss -6.352 | 113 ms/step (8.81 it/s) | elapsed 7.0 min | ETA this epoch 0.6 min
  step 3800/4061 | loss -6.782 | 114 ms/step (8.79 it/s) | elapsed 7.1 min | ETA this epoch 0.5 min
  step 3850/4061 | loss -5.731 | 114 ms/step (8.78 it/s) | elapsed 7.2 min | ETA this epoch 0.4 min
  step 3900/4061 | loss -7.455 | 114 ms/step (8.81 it/s) | elapsed 7.3 min | ETA this epoch 0.3 min
  step 3950/4061 | loss -7.861 | 114 ms/step (8.78 it/s) | elapsed 7.4 min | ETA this epoch 0.2 min
  step 4000/4061 | loss -7.551 | 113 ms/step (8.86 it/s) | elapsed 7.5 min | ETA this epoch 0.1 min
  step 4050/4061 | loss -8.005 | 112 ms/step (8.90 it/s) | elapsed 7.6 min | ETA this epoch 0.0 min
Epoch 20/50 | Train -7.112 | Val L1 0.0019 | Val SI-SDR 17.67 dB | Time 7.8 min
EarlyStopping counter: 2/7
  step 50/4061 | loss -6.169 | 115 ms/step (8.73 it/s) | elapsed 0.1 min | ETA this epoch 7.7 min
  step 100/4061 | loss -5.619 | 114 ms/step (8.79 it/s) | elapsed 0.2 min | ETA this epoch 7.5 min
  step 150/4061 | loss -7.386 | 114 ms/step (8.77 it/s) | elapsed 0.3 min | ETA this epoch 7.4 min
  step 200/4061 | loss -8.015 | 114 ms/step (8.78 it/s) | elapsed 0.4 min | ETA this epoch 7.3 min
  step 250/4061 | loss -6.683 | 114 ms/step (8.78 it/s) | elapsed 0.5 min | ETA this epoch 7.2 min
  step 300/4061 | loss -6.218 | 114 ms/step (8.80 it/s) | elapsed 0.6 min | ETA this epoch 7.1 min
  step 350/4061 | loss -6.565 | 114 ms/step (8.79 it/s) | elapsed 0.7 min | ETA this epoch 7.0 min
  step 400/4061 | loss -9.349 | 114 ms/step (8.77 it/s) | elapsed 0.8 min | ETA this epoch 7.0 min
  step 450/4061 | loss -8.964 | 113 ms/step (8.85 it/s) | elapsed 0.9 min | ETA this epoch 6.8 min
  step 500/4061 | loss -7.735 | 114 ms/step (8.79 it/s) | elapsed 0.9 min | ETA this epoch 6.7 min
  step 550/4061 | loss -6.178 | 113 ms/step (8.84 it/s) | elapsed 1.0 min | ETA this epoch 6.6 min
  step 600/4061 | loss -8.433 | 113 ms/step (8.84 it/s) | elapsed 1.1 min | ETA this epoch 6.5 min
  step 650/4061 | loss -5.357 | 114 ms/step (8.78 it/s) | elapsed 1.2 min | ETA this epoch 6.5 min
  step 700/4061 | loss -7.476 | 113 ms/step (8.81 it/s) | elapsed 1.3 min | ETA this epoch 6.4 min
  step 750/4061 | loss -7.710 | 114 ms/step (8.78 it/s) | elapsed 1.4 min | ETA this epoch 6.3 min
  step 800/4061 | loss -7.091 | 114 ms/step (8.79 it/s) | elapsed 1.5 min | ETA this epoch 6.2 min
  step 850/4061 | loss -7.126 | 113 ms/step (8.83 it/s) | elapsed 1.6 min | ETA this epoch 6.1 min
  step 900/4061 | loss -8.515 | 114 ms/step (8.78 it/s) | elapsed 1.7 min | ETA this epoch 6.0 min
  step 950/4061 | loss -7.485 | 114 ms/step (8.76 it/s) | elapsed 1.8 min | ETA this epoch 5.9 min
  step 1000/4061 | loss -5.537 | 113 ms/step (8.83 it/s) | elapsed 1.9 min | ETA this epoch 5.8 min
  step 1050/4061 | loss -6.611 | 114 ms/step (8.79 it/s) | elapsed 2.0 min | ETA this epoch 5.7 min
  step 1100/4061 | loss -7.282 | 114 ms/step (8.81 it/s) | elapsed 2.1 min | ETA this epoch 5.6 min
  step 1150/4061 | loss -8.176 | 114 ms/step (8.79 it/s) | elapsed 2.2 min | ETA this epoch 5.5 min
  step 1200/4061 | loss -8.652 | 114 ms/step (8.77 it/s) | elapsed 2.3 min | ETA this epoch 5.4 min
  step 1250/4061 | loss -7.312 | 114 ms/step (8.80 it/s) | elapsed 2.4 min | ETA this epoch 5.3 min
  step 1300/4061 | loss -6.653 | 114 ms/step (8.79 it/s) | elapsed 2.5 min | ETA this epoch 5.2 min
  step 1350/4061 | loss -7.535 | 114 ms/step (8.77 it/s) | elapsed 2.6 min | ETA this epoch 5.1 min
  step 1400/4061 | loss -7.732 | 111 ms/step (8.97 it/s) | elapsed 2.7 min | ETA this epoch 4.9 min
  step 1450/4061 | loss -8.221 | 114 ms/step (8.81 it/s) | elapsed 2.7 min | ETA this epoch 4.9 min
  step 1500/4061 | loss -6.399 | 114 ms/step (8.80 it/s) | elapsed 2.8 min | ETA this epoch 4.9 min
  step 1550/4061 | loss -6.791 | 114 ms/step (8.78 it/s) | elapsed 2.9 min | ETA this epoch 4.8 min
  step 1600/4061 | loss -7.954 | 113 ms/step (8.82 it/s) | elapsed 3.0 min | ETA this epoch 4.6 min
  step 1650/4061 | loss -7.784 | 115 ms/step (8.68 it/s) | elapsed 3.1 min | ETA this epoch 4.6 min
  step 1700/4061 | loss -6.686 | 113 ms/step (8.83 it/s) | elapsed 3.2 min | ETA this epoch 4.5 min
  step 1750/4061 | loss -7.206 | 114 ms/step (8.80 it/s) | elapsed 3.3 min | ETA this epoch 4.4 min
  step 1800/4061 | loss -8.238 | 113 ms/step (8.85 it/s) | elapsed 3.4 min | ETA this epoch 4.3 min
  step 1850/4061 | loss -8.460 | 113 ms/step (8.85 it/s) | elapsed 3.5 min | ETA this epoch 4.2 min
  step 1900/4061 | loss -6.796 | 113 ms/step (8.82 it/s) | elapsed 3.6 min | ETA this epoch 4.1 min
  step 1950/4061 | loss -7.507 | 113 ms/step (8.89 it/s) | elapsed 3.7 min | ETA this epoch 4.0 min
  step 2000/4061 | loss -9.640 | 104 ms/step (9.59 it/s) | elapsed 3.8 min | ETA this epoch 3.6 min
  step 2050/4061 | loss -7.864 | 97 ms/step (10.35 it/s) | elapsed 3.9 min | ETA this epoch 3.2 min
  step 2100/4061 | loss -6.551 | 94 ms/step (10.68 it/s) | elapsed 3.9 min | ETA this epoch 3.1 min
  step 2150/4061 | loss -7.335 | 102 ms/step (9.77 it/s) | elapsed 4.0 min | ETA this epoch 3.3 min
  step 2200/4061 | loss -5.058 | 114 ms/step (8.78 it/s) | elapsed 4.1 min | ETA this epoch 3.5 min
  step 2250/4061 | loss -6.908 | 114 ms/step (8.79 it/s) | elapsed 4.2 min | ETA this epoch 3.4 min
  step 2300/4061 | loss -6.765 | 114 ms/step (8.78 it/s) | elapsed 4.3 min | ETA this epoch 3.3 min
  step 2350/4061 | loss -7.712 | 113 ms/step (8.83 it/s) | elapsed 4.4 min | ETA this epoch 3.2 min
  step 2400/4061 | loss -6.013 | 114 ms/step (8.78 it/s) | elapsed 4.5 min | ETA this epoch 3.2 min
  step 2450/4061 | loss -7.230 | 113 ms/step (8.81 it/s) | elapsed 4.6 min | ETA this epoch 3.0 min
  step 2500/4061 | loss -5.983 | 114 ms/step (8.79 it/s) | elapsed 4.7 min | ETA this epoch 3.0 min
  step 2550/4061 | loss -6.277 | 99 ms/step (10.14 it/s) | elapsed 4.8 min | ETA this epoch 2.5 min
  step 2600/4061 | loss -5.371 | 97 ms/step (10.31 it/s) | elapsed 4.8 min | ETA this epoch 2.4 min
  step 2650/4061 | loss -8.974 | 96 ms/step (10.44 it/s) | elapsed 4.9 min | ETA this epoch 2.3 min
  step 2700/4061 | loss -6.548 | 109 ms/step (9.21 it/s) | elapsed 5.0 min | ETA this epoch 2.5 min
  step 2750/4061 | loss -7.473 | 114 ms/step (8.78 it/s) | elapsed 5.1 min | ETA this epoch 2.5 min
  step 2800/4061 | loss -6.089 | 114 ms/step (8.78 it/s) | elapsed 5.2 min | ETA this epoch 2.4 min
  step 2850/4061 | loss -8.156 | 114 ms/step (8.81 it/s) | elapsed 5.3 min | ETA this epoch 2.3 min
  step 2900/4061 | loss -6.900 | 114 ms/step (8.79 it/s) | elapsed 5.4 min | ETA this epoch 2.2 min
  step 2950/4061 | loss -7.646 | 114 ms/step (8.77 it/s) | elapsed 5.5 min | ETA this epoch 2.1 min
  step 3000/4061 | loss -8.805 | 114 ms/step (8.81 it/s) | elapsed 5.6 min | ETA this epoch 2.0 min
  step 3050/4061 | loss -7.582 | 114 ms/step (8.80 it/s) | elapsed 5.7 min | ETA this epoch 1.9 min
  step 3100/4061 | loss -7.278 | 113 ms/step (8.85 it/s) | elapsed 5.8 min | ETA this epoch 1.8 min
  step 3150/4061 | loss -6.839 | 113 ms/step (8.88 it/s) | elapsed 5.9 min | ETA this epoch 1.7 min
  step 3200/4061 | loss -6.381 | 114 ms/step (8.79 it/s) | elapsed 6.0 min | ETA this epoch 1.6 min
  step 3250/4061 | loss -9.383 | 114 ms/step (8.80 it/s) | elapsed 6.1 min | ETA this epoch 1.5 min
  step 3300/4061 | loss -7.125 | 114 ms/step (8.75 it/s) | elapsed 6.2 min | ETA this epoch 1.4 min
  step 3350/4061 | loss -7.778 | 113 ms/step (8.81 it/s) | elapsed 6.2 min | ETA this epoch 1.3 min
  step 3400/4061 | loss -6.444 | 113 ms/step (8.83 it/s) | elapsed 6.3 min | ETA this epoch 1.2 min
  step 3450/4061 | loss -5.020 | 113 ms/step (8.85 it/s) | elapsed 6.4 min | ETA this epoch 1.2 min
  step 3500/4061 | loss -7.823 | 113 ms/step (8.83 it/s) | elapsed 6.5 min | ETA this epoch 1.1 min
  step 3550/4061 | loss -8.633 | 113 ms/step (8.83 it/s) | elapsed 6.6 min | ETA this epoch 1.0 min
  step 3600/4061 | loss -6.388 | 114 ms/step (8.76 it/s) | elapsed 6.7 min | ETA this epoch 0.9 min
  step 3650/4061 | loss -7.621 | 114 ms/step (8.77 it/s) | elapsed 6.8 min | ETA this epoch 0.8 min
  step 3700/4061 | loss -5.884 | 114 ms/step (8.79 it/s) | elapsed 6.9 min | ETA this epoch 0.7 min
  step 3750/4061 | loss -7.770 | 114 ms/step (8.79 it/s) | elapsed 7.0 min | ETA this epoch 0.6 min
  step 3800/4061 | loss -6.432 | 114 ms/step (8.79 it/s) | elapsed 7.1 min | ETA this epoch 0.5 min
  step 3850/4061 | loss -6.249 | 114 ms/step (8.78 it/s) | elapsed 7.2 min | ETA this epoch 0.4 min
  step 3900/4061 | loss -6.826 | 113 ms/step (8.83 it/s) | elapsed 7.3 min | ETA this epoch 0.3 min
  step 3950/4061 | loss -5.810 | 113 ms/step (8.83 it/s) | elapsed 7.4 min | ETA this epoch 0.2 min
  step 4000/4061 | loss -7.908 | 114 ms/step (8.79 it/s) | elapsed 7.5 min | ETA this epoch 0.1 min
  step 4050/4061 | loss -7.604 | 113 ms/step (8.82 it/s) | elapsed 7.6 min | ETA this epoch 0.0 min
Epoch 21/50 | Train -7.138 | Val L1 0.0020 | Val SI-SDR 17.72 dB | Time 7.8 min
EarlyStopping counter: 3/7
  step 50/4061 | loss -7.226 | 117 ms/step (8.54 it/s) | elapsed 0.1 min | ETA this epoch 7.8 min
  step 100/4061 | loss -8.001 | 113 ms/step (8.87 it/s) | elapsed 0.2 min | ETA this epoch 7.4 min
  step 150/4061 | loss -9.235 | 114 ms/step (8.78 it/s) | elapsed 0.3 min | ETA this epoch 7.4 min
  step 200/4061 | loss -6.345 | 114 ms/step (8.77 it/s) | elapsed 0.4 min | ETA this epoch 7.3 min
  step 250/4061 | loss -7.634 | 114 ms/step (8.81 it/s) | elapsed 0.5 min | ETA this epoch 7.2 min
  step 300/4061 | loss -6.811 | 113 ms/step (8.81 it/s) | elapsed 0.6 min | ETA this epoch 7.1 min
  step 350/4061 | loss -7.787 | 114 ms/step (8.78 it/s) | elapsed 0.7 min | ETA this epoch 7.0 min
  step 400/4061 | loss -7.082 | 109 ms/step (9.14 it/s) | elapsed 0.8 min | ETA this epoch 6.7 min
  step 450/4061 | loss -7.916 | 113 ms/step (8.82 it/s) | elapsed 0.9 min | ETA this epoch 6.8 min
  step 500/4061 | loss -6.640 | 113 ms/step (8.82 it/s) | elapsed 0.9 min | ETA this epoch 6.7 min
  step 550/4061 | loss -8.387 | 114 ms/step (8.77 it/s) | elapsed 1.0 min | ETA this epoch 6.7 min
  step 600/4061 | loss -7.747 | 114 ms/step (8.81 it/s) | elapsed 1.1 min | ETA this epoch 6.5 min
  step 650/4061 | loss -7.893 | 114 ms/step (8.76 it/s) | elapsed 1.2 min | ETA this epoch 6.5 min
  step 700/4061 | loss -7.076 | 113 ms/step (8.85 it/s) | elapsed 1.3 min | ETA this epoch 6.3 min
  step 750/4061 | loss -5.035 | 114 ms/step (8.79 it/s) | elapsed 1.4 min | ETA this epoch 6.3 min
  step 800/4061 | loss -6.355 | 114 ms/step (8.77 it/s) | elapsed 1.5 min | ETA this epoch 6.2 min
  step 850/4061 | loss -6.572 | 114 ms/step (8.78 it/s) | elapsed 1.6 min | ETA this epoch 6.1 min
  step 900/4061 | loss -7.801 | 114 ms/step (8.78 it/s) | elapsed 1.7 min | ETA this epoch 6.0 min
  step 950/4061 | loss -6.989 | 113 ms/step (8.82 it/s) | elapsed 1.8 min | ETA this epoch 5.9 min
  step 1000/4061 | loss -7.361 | 114 ms/step (8.80 it/s) | elapsed 1.9 min | ETA this epoch 5.8 min
  step 1050/4061 | loss -6.093 | 114 ms/step (8.80 it/s) | elapsed 2.0 min | ETA this epoch 5.7 min
  step 1100/4061 | loss -7.807 | 112 ms/step (8.90 it/s) | elapsed 2.1 min | ETA this epoch 5.5 min
  step 1150/4061 | loss -9.055 | 114 ms/step (8.80 it/s) | elapsed 2.2 min | ETA this epoch 5.5 min
  step 1200/4061 | loss -6.593 | 114 ms/step (8.77 it/s) | elapsed 2.3 min | ETA this epoch 5.4 min
  step 1250/4061 | loss -7.446 | 115 ms/step (8.73 it/s) | elapsed 2.4 min | ETA this epoch 5.4 min
  step 1300/4061 | loss -6.176 | 113 ms/step (8.81 it/s) | elapsed 2.5 min | ETA this epoch 5.2 min
  step 1350/4061 | loss -7.878 | 112 ms/step (8.90 it/s) | elapsed 2.6 min | ETA this epoch 5.1 min
  step 1400/4061 | loss -7.732 | 114 ms/step (8.75 it/s) | elapsed 2.7 min | ETA this epoch 5.1 min
  step 1450/4061 | loss -7.278 | 114 ms/step (8.81 it/s) | elapsed 2.7 min | ETA this epoch 4.9 min
  step 1500/4061 | loss -6.385 | 113 ms/step (8.83 it/s) | elapsed 2.8 min | ETA this epoch 4.8 min
  step 1550/4061 | loss -7.291 | 114 ms/step (8.75 it/s) | elapsed 2.9 min | ETA this epoch 4.8 min
  step 1600/4061 | loss -7.481 | 114 ms/step (8.80 it/s) | elapsed 3.0 min | ETA this epoch 4.7 min
  step 1650/4061 | loss -7.066 | 114 ms/step (8.74 it/s) | elapsed 3.1 min | ETA this epoch 4.6 min
  step 1700/4061 | loss -8.601 | 116 ms/step (8.64 it/s) | elapsed 3.2 min | ETA this epoch 4.6 min
  step 1750/4061 | loss -7.839 | 114 ms/step (8.78 it/s) | elapsed 3.3 min | ETA this epoch 4.4 min
  step 1800/4061 | loss -9.021 | 113 ms/step (8.85 it/s) | elapsed 3.4 min | ETA this epoch 4.3 min
  step 1850/4061 | loss -8.075 | 112 ms/step (8.93 it/s) | elapsed 3.5 min | ETA this epoch 4.1 min
  step 1900/4061 | loss -7.765 | 91 ms/step (11.03 it/s) | elapsed 3.6 min | ETA this epoch 3.3 min
  step 1950/4061 | loss -6.921 | 91 ms/step (10.98 it/s) | elapsed 3.7 min | ETA this epoch 3.2 min
  step 2000/4061 | loss -8.013 | 91 ms/step (11.03 it/s) | elapsed 3.7 min | ETA this epoch 3.1 min
  step 2050/4061 | loss -5.894 | 92 ms/step (10.84 it/s) | elapsed 3.8 min | ETA this epoch 3.1 min
  step 2100/4061 | loss -8.843 | 98 ms/step (10.25 it/s) | elapsed 3.9 min | ETA this epoch 3.2 min
  step 2150/4061 | loss -9.340 | 114 ms/step (8.80 it/s) | elapsed 4.0 min | ETA this epoch 3.6 min
  step 2200/4061 | loss -8.954 | 114 ms/step (8.76 it/s) | elapsed 4.1 min | ETA this epoch 3.5 min
  step 2250/4061 | loss -5.975 | 113 ms/step (8.82 it/s) | elapsed 4.2 min | ETA this epoch 3.4 min
  step 2300/4061 | loss -8.408 | 114 ms/step (8.77 it/s) | elapsed 4.3 min | ETA this epoch 3.3 min
  step 2350/4061 | loss -8.811 | 113 ms/step (8.83 it/s) | elapsed 4.4 min | ETA this epoch 3.2 min
  step 2400/4061 | loss -7.684 | 114 ms/step (8.78 it/s) | elapsed 4.5 min | ETA this epoch 3.2 min
  step 2450/4061 | loss -8.051 | 115 ms/step (8.69 it/s) | elapsed 4.6 min | ETA this epoch 3.1 min
  step 2500/4061 | loss -5.385 | 113 ms/step (8.82 it/s) | elapsed 4.6 min | ETA this epoch 3.0 min
  step 2550/4061 | loss -7.772 | 108 ms/step (9.22 it/s) | elapsed 4.7 min | ETA this epoch 2.7 min
  step 2600/4061 | loss -7.676 | 94 ms/step (10.60 it/s) | elapsed 4.8 min | ETA this epoch 2.3 min
  step 2650/4061 | loss -7.890 | 91 ms/step (10.96 it/s) | elapsed 4.9 min | ETA this epoch 2.1 min
  step 2700/4061 | loss -7.647 | 90 ms/step (11.08 it/s) | elapsed 5.0 min | ETA this epoch 2.0 min
  step 2750/4061 | loss -7.971 | 94 ms/step (10.60 it/s) | elapsed 5.0 min | ETA this epoch 2.1 min
  step 2800/4061 | loss -7.308 | 109 ms/step (9.19 it/s) | elapsed 5.1 min | ETA this epoch 2.3 min
  step 2850/4061 | loss -8.068 | 113 ms/step (8.83 it/s) | elapsed 5.2 min | ETA this epoch 2.3 min
  step 2900/4061 | loss -6.600 | 114 ms/step (8.78 it/s) | elapsed 5.3 min | ETA this epoch 2.2 min
  step 2950/4061 | loss -9.696 | 113 ms/step (8.82 it/s) | elapsed 5.4 min | ETA this epoch 2.1 min
  step 3000/4061 | loss -6.636 | 114 ms/step (8.79 it/s) | elapsed 5.5 min | ETA this epoch 2.0 min
  step 3050/4061 | loss -6.657 | 113 ms/step (8.83 it/s) | elapsed 5.6 min | ETA this epoch 1.9 min
  step 3100/4061 | loss -6.240 | 115 ms/step (8.72 it/s) | elapsed 5.7 min | ETA this epoch 1.8 min
  step 3150/4061 | loss -6.991 | 114 ms/step (8.79 it/s) | elapsed 5.8 min | ETA this epoch 1.7 min
  step 3200/4061 | loss -4.995 | 115 ms/step (8.69 it/s) | elapsed 5.9 min | ETA this epoch 1.7 min
  step 3250/4061 | loss -7.438 | 113 ms/step (8.86 it/s) | elapsed 6.0 min | ETA this epoch 1.5 min
  step 3300/4061 | loss -7.181 | 113 ms/step (8.85 it/s) | elapsed 6.1 min | ETA this epoch 1.4 min
  step 3350/4061 | loss -6.258 | 114 ms/step (8.75 it/s) | elapsed 6.2 min | ETA this epoch 1.4 min
  step 3400/4061 | loss -6.676 | 113 ms/step (8.82 it/s) | elapsed 6.3 min | ETA this epoch 1.2 min
  step 3450/4061 | loss -6.805 | 113 ms/step (8.87 it/s) | elapsed 6.4 min | ETA this epoch 1.1 min
  step 3500/4061 | loss -7.210 | 114 ms/step (8.74 it/s) | elapsed 6.5 min | ETA this epoch 1.1 min
  step 3550/4061 | loss -6.304 | 112 ms/step (8.95 it/s) | elapsed 6.6 min | ETA this epoch 1.0 min
  step 3600/4061 | loss -6.354 | 112 ms/step (8.96 it/s) | elapsed 6.6 min | ETA this epoch 0.9 min
  step 3650/4061 | loss -7.826 | 114 ms/step (8.79 it/s) | elapsed 6.7 min | ETA this epoch 0.8 min
  step 3700/4061 | loss -8.266 | 114 ms/step (8.80 it/s) | elapsed 6.8 min | ETA this epoch 0.7 min
  step 3750/4061 | loss -7.167 | 114 ms/step (8.75 it/s) | elapsed 6.9 min | ETA this epoch 0.6 min
  step 3800/4061 | loss -6.471 | 113 ms/step (8.87 it/s) | elapsed 7.0 min | ETA this epoch 0.5 min
  step 3850/4061 | loss -7.526 | 114 ms/step (8.74 it/s) | elapsed 7.1 min | ETA this epoch 0.4 min
  step 3900/4061 | loss -4.821 | 113 ms/step (8.83 it/s) | elapsed 7.2 min | ETA this epoch 0.3 min
  step 3950/4061 | loss -6.277 | 113 ms/step (8.86 it/s) | elapsed 7.3 min | ETA this epoch 0.2 min
  step 4000/4061 | loss -7.091 | 113 ms/step (8.86 it/s) | elapsed 7.4 min | ETA this epoch 0.1 min
  step 4050/4061 | loss -4.627 | 113 ms/step (8.87 it/s) | elapsed 7.5 min | ETA this epoch 0.0 min
Epoch 22/50 | Train -7.163 | Val L1 0.0019 | Val SI-SDR 17.65 dB | Time 7.8 min
EarlyStopping counter: 4/7
  step 50/4061 | loss -8.249 | 114 ms/step (8.77 it/s) | elapsed 0.1 min | ETA this epoch 7.6 min
  step 100/4061 | loss -7.236 | 114 ms/step (8.79 it/s) | elapsed 0.2 min | ETA this epoch 7.5 min
  step 150/4061 | loss -7.799 | 113 ms/step (8.86 it/s) | elapsed 0.3 min | ETA this epoch 7.4 min
  step 200/4061 | loss -7.110 | 113 ms/step (8.84 it/s) | elapsed 0.4 min | ETA this epoch 7.3 min
  step 250/4061 | loss -5.907 | 113 ms/step (8.82 it/s) | elapsed 0.5 min | ETA this epoch 7.2 min
  step 300/4061 | loss -6.742 | 113 ms/step (8.83 it/s) | elapsed 0.6 min | ETA this epoch 7.1 min
  step 350/4061 | loss -8.783 | 114 ms/step (8.78 it/s) | elapsed 0.7 min | ETA this epoch 7.0 min
  step 400/4061 | loss -7.330 | 114 ms/step (8.76 it/s) | elapsed 0.8 min | ETA this epoch 7.0 min
  step 450/4061 | loss -7.300 | 112 ms/step (8.92 it/s) | elapsed 0.9 min | ETA this epoch 6.7 min
  step 500/4061 | loss -6.909 | 113 ms/step (8.86 it/s) | elapsed 0.9 min | ETA this epoch 6.7 min
  step 550/4061 | loss -7.800 | 114 ms/step (8.80 it/s) | elapsed 1.0 min | ETA this epoch 6.7 min
  step 600/4061 | loss -8.080 | 113 ms/step (8.88 it/s) | elapsed 1.1 min | ETA this epoch 6.5 min
  step 650/4061 | loss -6.128 | 113 ms/step (8.83 it/s) | elapsed 1.2 min | ETA this epoch 6.4 min
  step 700/4061 | loss -7.618 | 114 ms/step (8.80 it/s) | elapsed 1.3 min | ETA this epoch 6.4 min
  step 750/4061 | loss -5.771 | 114 ms/step (8.81 it/s) | elapsed 1.4 min | ETA this epoch 6.3 min
  step 800/4061 | loss -7.289 | 113 ms/step (8.84 it/s) | elapsed 1.5 min | ETA this epoch 6.1 min
  step 850/4061 | loss -7.652 | 112 ms/step (8.89 it/s) | elapsed 1.6 min | ETA this epoch 6.0 min
  step 900/4061 | loss -6.743 | 114 ms/step (8.76 it/s) | elapsed 1.7 min | ETA this epoch 6.0 min
  step 950/4061 | loss -7.037 | 113 ms/step (8.89 it/s) | elapsed 1.8 min | ETA this epoch 5.8 min
  step 1000/4061 | loss -7.541 | 114 ms/step (8.79 it/s) | elapsed 1.9 min | ETA this epoch 5.8 min
  step 1050/4061 | loss -6.925 | 115 ms/step (8.68 it/s) | elapsed 2.0 min | ETA this epoch 5.8 min
  step 1100/4061 | loss -6.668 | 114 ms/step (8.75 it/s) | elapsed 2.1 min | ETA this epoch 5.6 min
  step 1150/4061 | loss -7.424 | 116 ms/step (8.62 it/s) | elapsed 2.2 min | ETA this epoch 5.6 min
  step 1200/4061 | loss -6.187 | 115 ms/step (8.70 it/s) | elapsed 2.3 min | ETA this epoch 5.5 min
  step 1250/4061 | loss -8.385 | 115 ms/step (8.70 it/s) | elapsed 2.4 min | ETA this epoch 5.4 min
  step 1300/4061 | loss -7.943 | 113 ms/step (8.82 it/s) | elapsed 2.5 min | ETA this epoch 5.2 min
  step 1350/4061 | loss -7.042 | 113 ms/step (8.81 it/s) | elapsed 2.6 min | ETA this epoch 5.1 min
  step 1400/4061 | loss -7.745 | 114 ms/step (8.79 it/s) | elapsed 2.7 min | ETA this epoch 5.0 min
  step 1450/4061 | loss -7.085 | 113 ms/step (8.83 it/s) | elapsed 2.7 min | ETA this epoch 4.9 min
  step 1500/4061 | loss -5.485 | 115 ms/step (8.69 it/s) | elapsed 2.8 min | ETA this epoch 4.9 min
  step 1550/4061 | loss -7.064 | 114 ms/step (8.75 it/s) | elapsed 2.9 min | ETA this epoch 4.8 min
  step 1600/4061 | loss -5.908 | 114 ms/step (8.77 it/s) | elapsed 3.0 min | ETA this epoch 4.7 min
  step 1650/4061 | loss -8.301 | 113 ms/step (8.83 it/s) | elapsed 3.1 min | ETA this epoch 4.5 min
  step 1700/4061 | loss -7.697 | 114 ms/step (8.79 it/s) | elapsed 3.2 min | ETA this epoch 4.5 min
  step 1750/4061 | loss -7.150 | 111 ms/step (8.98 it/s) | elapsed 3.3 min | ETA this epoch 4.3 min
  step 1800/4061 | loss -5.710 | 92 ms/step (10.90 it/s) | elapsed 3.4 min | ETA this epoch 3.5 min
  step 1850/4061 | loss -7.792 | 98 ms/step (10.18 it/s) | elapsed 3.5 min | ETA this epoch 3.6 min
  step 1900/4061 | loss -8.467 | 96 ms/step (10.45 it/s) | elapsed 3.6 min | ETA this epoch 3.4 min
  step 1950/4061 | loss -5.967 | 112 ms/step (8.92 it/s) | elapsed 3.6 min | ETA this epoch 3.9 min
  step 2000/4061 | loss -6.698 | 114 ms/step (8.78 it/s) | elapsed 3.7 min | ETA this epoch 3.9 min
  step 2050/4061 | loss -7.402 | 113 ms/step (8.83 it/s) | elapsed 3.8 min | ETA this epoch 3.8 min
  step 2100/4061 | loss -6.288 | 113 ms/step (8.85 it/s) | elapsed 3.9 min | ETA this epoch 3.7 min
  step 2150/4061 | loss -5.519 | 113 ms/step (8.87 it/s) | elapsed 4.0 min | ETA this epoch 3.6 min
  step 2200/4061 | loss -8.064 | 114 ms/step (8.79 it/s) | elapsed 4.1 min | ETA this epoch 3.5 min
  step 2250/4061 | loss -6.233 | 111 ms/step (9.04 it/s) | elapsed 4.2 min | ETA this epoch 3.3 min
  step 2300/4061 | loss -7.857 | 114 ms/step (8.79 it/s) | elapsed 4.3 min | ETA this epoch 3.3 min
  step 2350/4061 | loss -7.016 | 116 ms/step (8.62 it/s) | elapsed 4.4 min | ETA this epoch 3.3 min
  step 2400/4061 | loss -7.209 | 113 ms/step (8.82 it/s) | elapsed 4.5 min | ETA this epoch 3.1 min
  step 2450/4061 | loss -5.504 | 113 ms/step (8.83 it/s) | elapsed 4.6 min | ETA this epoch 3.0 min
  step 2500/4061 | loss -7.367 | 113 ms/step (8.83 it/s) | elapsed 4.7 min | ETA this epoch 2.9 min
  step 2550/4061 | loss -8.802 | 113 ms/step (8.86 it/s) | elapsed 4.8 min | ETA this epoch 2.8 min
  step 2600/4061 | loss -5.556 | 107 ms/step (9.34 it/s) | elapsed 4.9 min | ETA this epoch 2.6 min
  step 2650/4061 | loss -7.271 | 97 ms/step (10.34 it/s) | elapsed 4.9 min | ETA this epoch 2.3 min
  step 2700/4061 | loss -5.878 | 95 ms/step (10.49 it/s) | elapsed 5.0 min | ETA this epoch 2.2 min
  step 2750/4061 | loss -7.744 | 102 ms/step (9.82 it/s) | elapsed 5.1 min | ETA this epoch 2.2 min
  step 2800/4061 | loss -6.461 | 113 ms/step (8.81 it/s) | elapsed 5.2 min | ETA this epoch 2.4 min
  step 2850/4061 | loss -6.536 | 114 ms/step (8.80 it/s) | elapsed 5.3 min | ETA this epoch 2.3 min
  step 2900/4061 | loss -8.058 | 113 ms/step (8.82 it/s) | elapsed 5.4 min | ETA this epoch 2.2 min
  step 2950/4061 | loss -8.231 | 113 ms/step (8.82 it/s) | elapsed 5.5 min | ETA this epoch 2.1 min
  step 3000/4061 | loss -7.160 | 113 ms/step (8.87 it/s) | elapsed 5.6 min | ETA this epoch 2.0 min
  step 3050/4061 | loss -5.656 | 114 ms/step (8.78 it/s) | elapsed 5.7 min | ETA this epoch 1.9 min
  step 3100/4061 | loss -7.018 | 114 ms/step (8.78 it/s) | elapsed 5.8 min | ETA this epoch 1.8 min
  step 3150/4061 | loss -6.987 | 114 ms/step (8.78 it/s) | elapsed 5.9 min | ETA this epoch 1.7 min
  step 3200/4061 | loss -7.490 | 113 ms/step (8.84 it/s) | elapsed 6.0 min | ETA this epoch 1.6 min
  step 3250/4061 | loss -8.377 | 113 ms/step (8.82 it/s) | elapsed 6.1 min | ETA this epoch 1.5 min
  step 3300/4061 | loss -7.075 | 114 ms/step (8.81 it/s) | elapsed 6.2 min | ETA this epoch 1.4 min
  step 3350/4061 | loss -7.278 | 113 ms/step (8.86 it/s) | elapsed 6.2 min | ETA this epoch 1.3 min
  step 3400/4061 | loss -6.249 | 114 ms/step (8.77 it/s) | elapsed 6.3 min | ETA this epoch 1.3 min
  step 3450/4061 | loss -7.599 | 114 ms/step (8.80 it/s) | elapsed 6.4 min | ETA this epoch 1.2 min
  step 3500/4061 | loss -7.396 | 114 ms/step (8.81 it/s) | elapsed 6.5 min | ETA this epoch 1.1 min
  step 3550/4061 | loss -8.444 | 113 ms/step (8.84 it/s) | elapsed 6.6 min | ETA this epoch 1.0 min
  step 3600/4061 | loss -8.046 | 113 ms/step (8.83 it/s) | elapsed 6.7 min | ETA this epoch 0.9 min
  step 3650/4061 | loss -6.634 | 114 ms/step (8.80 it/s) | elapsed 6.8 min | ETA this epoch 0.8 min
  step 3700/4061 | loss -8.132 | 114 ms/step (8.79 it/s) | elapsed 6.9 min | ETA this epoch 0.7 min
  step 3750/4061 | loss -7.840 | 114 ms/step (8.80 it/s) | elapsed 7.0 min | ETA this epoch 0.6 min
  step 3800/4061 | loss -8.450 | 115 ms/step (8.73 it/s) | elapsed 7.1 min | ETA this epoch 0.5 min
  step 3850/4061 | loss -6.794 | 114 ms/step (8.79 it/s) | elapsed 7.2 min | ETA this epoch 0.4 min
  step 3900/4061 | loss -8.666 | 114 ms/step (8.80 it/s) | elapsed 7.3 min | ETA this epoch 0.3 min
  step 3950/4061 | loss -6.685 | 114 ms/step (8.78 it/s) | elapsed 7.4 min | ETA this epoch 0.2 min
  step 4000/4061 | loss -6.988 | 114 ms/step (8.81 it/s) | elapsed 7.5 min | ETA this epoch 0.1 min
  step 4050/4061 | loss -5.094 | 113 ms/step (8.82 it/s) | elapsed 7.6 min | ETA this epoch 0.0 min
Epoch 23/50 | Train -7.230 | Val L1 0.0019 | Val SI-SDR 17.95 dB | Time 7.8 min
Saved best model (SI-SDR 17.95 dB) -> /home/bubai-maji/speech_enhancement/script/propose_ablation3/checkpoint_propose_ab3/best_NGDM_SE.pt
  step 50/4061 | loss -5.563 | 114 ms/step (8.80 it/s) | elapsed 0.1 min | ETA this epoch 7.6 min
  step 100/4061 | loss -8.927 | 114 ms/step (8.81 it/s) | elapsed 0.2 min | ETA this epoch 7.5 min
  step 150/4061 | loss -7.638 | 114 ms/step (8.77 it/s) | elapsed 0.3 min | ETA this epoch 7.4 min
  step 200/4061 | loss -7.000 | 114 ms/step (8.79 it/s) | elapsed 0.4 min | ETA this epoch 7.3 min
  step 250/4061 | loss -7.904 | 113 ms/step (8.87 it/s) | elapsed 0.5 min | ETA this epoch 7.2 min
  step 300/4061 | loss -6.655 | 113 ms/step (8.82 it/s) | elapsed 0.6 min | ETA this epoch 7.1 min
  step 350/4061 | loss -8.574 | 114 ms/step (8.80 it/s) | elapsed 0.7 min | ETA this epoch 7.0 min
  step 400/4061 | loss -7.449 | 115 ms/step (8.71 it/s) | elapsed 0.8 min | ETA this epoch 7.0 min
  step 450/4061 | loss -6.004 | 114 ms/step (8.78 it/s) | elapsed 0.9 min | ETA this epoch 6.9 min
  step 500/4061 | loss -6.886 | 113 ms/step (8.82 it/s) | elapsed 0.9 min | ETA this epoch 6.7 min
  step 550/4061 | loss -5.793 | 114 ms/step (8.79 it/s) | elapsed 1.0 min | ETA this epoch 6.7 min
  step 600/4061 | loss -7.754 | 114 ms/step (8.78 it/s) | elapsed 1.1 min | ETA this epoch 6.6 min
  step 650/4061 | loss -7.128 | 113 ms/step (8.82 it/s) | elapsed 1.2 min | ETA this epoch 6.4 min
  step 700/4061 | loss -6.983 | 114 ms/step (8.77 it/s) | elapsed 1.3 min | ETA this epoch 6.4 min
  step 750/4061 | loss -5.038 | 114 ms/step (8.79 it/s) | elapsed 1.4 min | ETA this epoch 6.3 min
  step 800/4061 | loss -6.688 | 113 ms/step (8.88 it/s) | elapsed 1.5 min | ETA this epoch 6.1 min
  step 850/4061 | loss -6.222 | 114 ms/step (8.80 it/s) | elapsed 1.6 min | ETA this epoch 6.1 min
  step 900/4061 | loss -8.526 | 114 ms/step (8.80 it/s) | elapsed 1.7 min | ETA this epoch 6.0 min
  step 950/4061 | loss -6.403 | 112 ms/step (8.95 it/s) | elapsed 1.8 min | ETA this epoch 5.8 min
  step 1000/4061 | loss -5.805 | 114 ms/step (8.80 it/s) | elapsed 1.9 min | ETA this epoch 5.8 min
  step 1050/4061 | loss -7.403 | 113 ms/step (8.82 it/s) | elapsed 2.0 min | ETA this epoch 5.7 min
  step 1100/4061 | loss -7.744 | 114 ms/step (8.77 it/s) | elapsed 2.1 min | ETA this epoch 5.6 min
  step 1150/4061 | loss -7.702 | 114 ms/step (8.80 it/s) | elapsed 2.2 min | ETA this epoch 5.5 min
  step 1200/4061 | loss -9.948 | 113 ms/step (8.83 it/s) | elapsed 2.3 min | ETA this epoch 5.4 min
  step 1250/4061 | loss -6.308 | 114 ms/step (8.78 it/s) | elapsed 2.4 min | ETA this epoch 5.3 min
  step 1300/4061 | loss -7.035 | 114 ms/step (8.79 it/s) | elapsed 2.5 min | ETA this epoch 5.2 min
  step 1350/4061 | loss -7.797 | 113 ms/step (8.83 it/s) | elapsed 2.6 min | ETA this epoch 5.1 min
  step 1400/4061 | loss -8.143 | 114 ms/step (8.80 it/s) | elapsed 2.6 min | ETA this epoch 5.0 min
  step 1450/4061 | loss -6.951 | 113 ms/step (8.85 it/s) | elapsed 2.7 min | ETA this epoch 4.9 min
  step 1500/4061 | loss -6.852 | 114 ms/step (8.77 it/s) | elapsed 2.8 min | ETA this epoch 4.9 min
  step 1550/4061 | loss -7.193 | 113 ms/step (8.83 it/s) | elapsed 2.9 min | ETA this epoch 4.7 min
  step 1600/4061 | loss -9.288 | 114 ms/step (8.80 it/s) | elapsed 3.0 min | ETA this epoch 4.7 min
  step 1650/4061 | loss -7.060 | 100 ms/step (10.03 it/s) | elapsed 3.1 min | ETA this epoch 4.0 min
  step 1700/4061 | loss -7.639 | 96 ms/step (10.37 it/s) | elapsed 3.2 min | ETA this epoch 3.8 min
  step 1750/4061 | loss -7.965 | 98 ms/step (10.16 it/s) | elapsed 3.3 min | ETA this epoch 3.8 min
  step 1800/4061 | loss -8.558 | 113 ms/step (8.86 it/s) | elapsed 3.4 min | ETA this epoch 4.3 min
  step 1850/4061 | loss -7.671 | 114 ms/step (8.79 it/s) | elapsed 3.5 min | ETA this epoch 4.2 min
  step 1900/4061 | loss -6.232 | 114 ms/step (8.76 it/s) | elapsed 3.6 min | ETA this epoch 4.1 min
  step 1950/4061 | loss -8.248 | 114 ms/step (8.79 it/s) | elapsed 3.7 min | ETA this epoch 4.0 min
  step 2000/4061 | loss -6.927 | 113 ms/step (8.83 it/s) | elapsed 3.7 min | ETA this epoch 3.9 min
  step 2050/4061 | loss -6.030 | 114 ms/step (8.80 it/s) | elapsed 3.8 min | ETA this epoch 3.8 min
  step 2100/4061 | loss -9.372 | 113 ms/step (8.83 it/s) | elapsed 3.9 min | ETA this epoch 3.7 min
  step 2150/4061 | loss -5.878 | 114 ms/step (8.78 it/s) | elapsed 4.0 min | ETA this epoch 3.6 min
  step 2200/4061 | loss -7.730 | 113 ms/step (8.82 it/s) | elapsed 4.1 min | ETA this epoch 3.5 min
  step 2250/4061 | loss -5.921 | 114 ms/step (8.81 it/s) | elapsed 4.2 min | ETA this epoch 3.4 min
  step 2300/4061 | loss -7.311 | 113 ms/step (8.84 it/s) | elapsed 4.3 min | ETA this epoch 3.3 min
  step 2350/4061 | loss -7.627 | 114 ms/step (8.79 it/s) | elapsed 4.4 min | ETA this epoch 3.2 min
  step 2400/4061 | loss -5.987 | 116 ms/step (8.65 it/s) | elapsed 4.5 min | ETA this epoch 3.2 min
  step 2450/4061 | loss -7.497 | 114 ms/step (8.81 it/s) | elapsed 4.6 min | ETA this epoch 3.0 min
  step 2500/4061 | loss -7.996 | 114 ms/step (8.78 it/s) | elapsed 4.7 min | ETA this epoch 3.0 min
  step 2550/4061 | loss -6.912 | 114 ms/step (8.77 it/s) | elapsed 4.8 min | ETA this epoch 2.9 min
  step 2600/4061 | loss -8.385 | 112 ms/step (8.96 it/s) | elapsed 4.9 min | ETA this epoch 2.7 min
  step 2650/4061 | loss -6.205 | 95 ms/step (10.56 it/s) | elapsed 5.0 min | ETA this epoch 2.2 min
  step 2700/4061 | loss -7.046 | 97 ms/step (10.35 it/s) | elapsed 5.0 min | ETA this epoch 2.2 min
  step 2750/4061 | loss -7.950 | 100 ms/step (9.98 it/s) | elapsed 5.1 min | ETA this epoch 2.2 min
  step 2800/4061 | loss -7.406 | 113 ms/step (8.83 it/s) | elapsed 5.2 min | ETA this epoch 2.4 min
  step 2850/4061 | loss -8.851 | 113 ms/step (8.81 it/s) | elapsed 5.3 min | ETA this epoch 2.3 min
  step 2900/4061 | loss -6.744 | 114 ms/step (8.76 it/s) | elapsed 5.4 min | ETA this epoch 2.2 min
  step 2950/4061 | loss -8.795 | 114 ms/step (8.81 it/s) | elapsed 5.5 min | ETA this epoch 2.1 min
  step 3000/4061 | loss -8.348 | 113 ms/step (8.81 it/s) | elapsed 5.6 min | ETA this epoch 2.0 min
  step 3050/4061 | loss -5.522 | 114 ms/step (8.81 it/s) | elapsed 5.7 min | ETA this epoch 1.9 min
  step 3100/4061 | loss -8.443 | 114 ms/step (8.76 it/s) | elapsed 5.8 min | ETA this epoch 1.8 min
  step 3150/4061 | loss -7.184 | 113 ms/step (8.84 it/s) | elapsed 5.9 min | ETA this epoch 1.7 min
  step 3200/4061 | loss -8.296 | 113 ms/step (8.84 it/s) | elapsed 6.0 min | ETA this epoch 1.6 min
  step 3250/4061 | loss -8.029 | 113 ms/step (8.81 it/s) | elapsed 6.1 min | ETA this epoch 1.5 min
  step 3300/4061 | loss -7.211 | 114 ms/step (8.76 it/s) | elapsed 6.2 min | ETA this epoch 1.4 min
  step 3350/4061 | loss -8.397 | 114 ms/step (8.80 it/s) | elapsed 6.3 min | ETA this epoch 1.3 min
  step 3400/4061 | loss -7.514 | 114 ms/step (8.80 it/s) | elapsed 6.4 min | ETA this epoch 1.3 min
  step 3450/4061 | loss -8.532 | 113 ms/step (8.84 it/s) | elapsed 6.5 min | ETA this epoch 1.2 min
  step 3500/4061 | loss -6.731 | 114 ms/step (8.78 it/s) | elapsed 6.5 min | ETA this epoch 1.1 min
  step 3550/4061 | loss -7.382 | 113 ms/step (8.82 it/s) | elapsed 6.6 min | ETA this epoch 1.0 min
  step 3600/4061 | loss -5.802 | 114 ms/step (8.80 it/s) | elapsed 6.7 min | ETA this epoch 0.9 min
  step 3650/4061 | loss -7.336 | 113 ms/step (8.84 it/s) | elapsed 6.8 min | ETA this epoch 0.8 min
  step 3700/4061 | loss -7.326 | 114 ms/step (8.81 it/s) | elapsed 6.9 min | ETA this epoch 0.7 min
  step 3750/4061 | loss -8.810 | 113 ms/step (8.82 it/s) | elapsed 7.0 min | ETA this epoch 0.6 min
  step 3800/4061 | loss -8.104 | 113 ms/step (8.81 it/s) | elapsed 7.1 min | ETA this epoch 0.5 min
  step 3850/4061 | loss -6.716 | 113 ms/step (8.84 it/s) | elapsed 7.2 min | ETA this epoch 0.4 min
  step 3900/4061 | loss -7.114 | 114 ms/step (8.79 it/s) | elapsed 7.3 min | ETA this epoch 0.3 min
  step 3950/4061 | loss -6.732 | 113 ms/step (8.82 it/s) | elapsed 7.4 min | ETA this epoch 0.2 min
  step 4000/4061 | loss -8.723 | 113 ms/step (8.83 it/s) | elapsed 7.5 min | ETA this epoch 0.1 min
  step 4050/4061 | loss -7.467 | 114 ms/step (8.81 it/s) | elapsed 7.6 min | ETA this epoch 0.0 min
Epoch 24/50 | Train -7.272 | Val L1 0.0019 | Val SI-SDR 17.97 dB | Time 7.8 min
Saved best model (SI-SDR 17.97 dB) -> /home/bubai-maji/speech_enhancement/script/propose_ablation3/checkpoint_propose_ab3/best_NGDM_SE.pt
  step 50/4061 | loss -6.665 | 114 ms/step (8.76 it/s) | elapsed 0.1 min | ETA this epoch 7.6 min
  step 100/4061 | loss -7.153 | 113 ms/step (8.87 it/s) | elapsed 0.2 min | ETA this epoch 7.4 min
  step 150/4061 | loss -7.289 | 113 ms/step (8.81 it/s) | elapsed 0.3 min | ETA this epoch 7.4 min
  step 200/4061 | loss -9.489 | 114 ms/step (8.80 it/s) | elapsed 0.4 min | ETA this epoch 7.3 min
  step 250/4061 | loss -5.914 | 114 ms/step (8.80 it/s) | elapsed 0.5 min | ETA this epoch 7.2 min
  step 300/4061 | loss -8.466 | 114 ms/step (8.79 it/s) | elapsed 0.6 min | ETA this epoch 7.1 min
  step 350/4061 | loss -6.605 | 113 ms/step (8.86 it/s) | elapsed 0.7 min | ETA this epoch 7.0 min
  step 400/4061 | loss -8.019 | 111 ms/step (8.98 it/s) | elapsed 0.8 min | ETA this epoch 6.8 min
  step 450/4061 | loss -7.417 | 112 ms/step (8.92 it/s) | elapsed 0.8 min | ETA this epoch 6.8 min
  step 500/4061 | loss -6.668 | 113 ms/step (8.82 it/s) | elapsed 0.9 min | ETA this epoch 6.7 min
  step 550/4061 | loss -8.082 | 112 ms/step (8.89 it/s) | elapsed 1.0 min | ETA this epoch 6.6 min
  step 600/4061 | loss -6.998 | 114 ms/step (8.80 it/s) | elapsed 1.1 min | ETA this epoch 6.6 min
  step 650/4061 | loss -7.487 | 113 ms/step (8.81 it/s) | elapsed 1.2 min | ETA this epoch 6.5 min
  step 700/4061 | loss -7.564 | 112 ms/step (8.94 it/s) | elapsed 1.3 min | ETA this epoch 6.3 min
  step 750/4061 | loss -7.702 | 113 ms/step (8.84 it/s) | elapsed 1.4 min | ETA this epoch 6.2 min
  step 800/4061 | loss -7.343 | 114 ms/step (8.80 it/s) | elapsed 1.5 min | ETA this epoch 6.2 min
  step 850/4061 | loss -6.691 | 113 ms/step (8.84 it/s) | elapsed 1.6 min | ETA this epoch 6.1 min
  step 900/4061 | loss -9.015 | 113 ms/step (8.84 it/s) | elapsed 1.7 min | ETA this epoch 6.0 min
  step 950/4061 | loss -7.878 | 113 ms/step (8.86 it/s) | elapsed 1.8 min | ETA this epoch 5.9 min
  step 1000/4061 | loss -6.915 | 114 ms/step (8.79 it/s) | elapsed 1.9 min | ETA this epoch 5.8 min
  step 1050/4061 | loss -7.478 | 114 ms/step (8.81 it/s) | elapsed 2.0 min | ETA this epoch 5.7 min
  step 1100/4061 | loss -8.013 | 114 ms/step (8.80 it/s) | elapsed 2.1 min | ETA this epoch 5.6 min
  step 1150/4061 | loss -7.367 | 113 ms/step (8.83 it/s) | elapsed 2.2 min | ETA this epoch 5.5 min
  step 1200/4061 | loss -7.400 | 114 ms/step (8.80 it/s) | elapsed 2.3 min | ETA this epoch 5.4 min
  step 1250/4061 | loss -6.981 | 114 ms/step (8.79 it/s) | elapsed 2.4 min | ETA this epoch 5.3 min
  step 1300/4061 | loss -8.649 | 113 ms/step (8.81 it/s) | elapsed 2.5 min | ETA this epoch 5.2 min
  step 1350/4061 | loss -4.916 | 113 ms/step (8.82 it/s) | elapsed 2.5 min | ETA this epoch 5.1 min
  step 1400/4061 | loss -8.060 | 114 ms/step (8.76 it/s) | elapsed 2.6 min | ETA this epoch 5.1 min
  step 1450/4061 | loss -6.745 | 113 ms/step (8.86 it/s) | elapsed 2.7 min | ETA this epoch 4.9 min
  step 1500/4061 | loss -8.009 | 106 ms/step (9.41 it/s) | elapsed 2.8 min | ETA this epoch 4.5 min
  step 1550/4061 | loss -6.773 | 91 ms/step (10.93 it/s) | elapsed 2.9 min | ETA this epoch 3.8 min
  step 1600/4061 | loss -10.046 | 95 ms/step (10.55 it/s) | elapsed 3.0 min | ETA this epoch 3.9 min
  step 1650/4061 | loss -7.849 | 100 ms/step (10.02 it/s) | elapsed 3.1 min | ETA this epoch 4.0 min
  step 1700/4061 | loss -6.469 | 114 ms/step (8.75 it/s) | elapsed 3.2 min | ETA this epoch 4.5 min
  step 1750/4061 | loss -9.514 | 113 ms/step (8.83 it/s) | elapsed 3.3 min | ETA this epoch 4.4 min
  step 1800/4061 | loss -5.062 | 113 ms/step (8.82 it/s) | elapsed 3.3 min | ETA this epoch 4.3 min
  step 1850/4061 | loss -7.706 | 114 ms/step (8.81 it/s) | elapsed 3.4 min | ETA this epoch 4.2 min
  step 1900/4061 | loss -5.403 | 114 ms/step (8.80 it/s) | elapsed 3.5 min | ETA this epoch 4.1 min
  step 1950/4061 | loss -7.769 | 113 ms/step (8.82 it/s) | elapsed 3.6 min | ETA this epoch 4.0 min
  step 2000/4061 | loss -6.225 | 112 ms/step (8.93 it/s) | elapsed 3.7 min | ETA this epoch 3.8 min
  step 2050/4061 | loss -7.508 | 113 ms/step (8.82 it/s) | elapsed 3.8 min | ETA this epoch 3.8 min
  step 2100/4061 | loss -6.332 | 114 ms/step (8.79 it/s) | elapsed 3.9 min | ETA this epoch 3.7 min
  step 2150/4061 | loss -7.409 | 113 ms/step (8.84 it/s) | elapsed 4.0 min | ETA this epoch 3.6 min
  step 2200/4061 | loss -8.712 | 113 ms/step (8.82 it/s) | elapsed 4.1 min | ETA this epoch 3.5 min
  step 2250/4061 | loss -6.937 | 114 ms/step (8.80 it/s) | elapsed 4.2 min | ETA this epoch 3.4 min
  step 2300/4061 | loss -6.898 | 114 ms/step (8.81 it/s) | elapsed 4.3 min | ETA this epoch 3.3 min
  step 2350/4061 | loss -6.315 | 113 ms/step (8.82 it/s) | elapsed 4.4 min | ETA this epoch 3.2 min
  step 2400/4061 | loss -7.180 | 113 ms/step (8.84 it/s) | elapsed 4.5 min | ETA this epoch 3.1 min
  step 2450/4061 | loss -7.025 | 114 ms/step (8.80 it/s) | elapsed 4.6 min | ETA this epoch 3.1 min
  step 2500/4061 | loss -7.447 | 114 ms/step (8.81 it/s) | elapsed 4.7 min | ETA this epoch 3.0 min
  step 2550/4061 | loss -5.754 | 113 ms/step (8.88 it/s) | elapsed 4.8 min | ETA this epoch 2.8 min
  step 2600/4061 | loss -7.840 | 113 ms/step (8.86 it/s) | elapsed 4.9 min | ETA this epoch 2.7 min
  step 2650/4061 | loss -8.232 | 100 ms/step (9.97 it/s) | elapsed 4.9 min | ETA this epoch 2.4 min
  step 2700/4061 | loss -6.968 | 93 ms/step (10.75 it/s) | elapsed 5.0 min | ETA this epoch 2.1 min
  step 2750/4061 | loss -7.758 | 96 ms/step (10.41 it/s) | elapsed 5.1 min | ETA this epoch 2.1 min
  step 2800/4061 | loss -9.605 | 108 ms/step (9.28 it/s) | elapsed 5.2 min | ETA this epoch 2.3 min
  step 2850/4061 | loss -6.851 | 114 ms/step (8.81 it/s) | elapsed 5.3 min | ETA this epoch 2.3 min
  step 2900/4061 | loss -8.843 | 114 ms/step (8.79 it/s) | elapsed 5.4 min | ETA this epoch 2.2 min
  step 2950/4061 | loss -7.993 | 113 ms/step (8.86 it/s) | elapsed 5.5 min | ETA this epoch 2.1 min
  step 3000/4061 | loss -8.674 | 113 ms/step (8.83 it/s) | elapsed 5.6 min | ETA this epoch 2.0 min
  step 3050/4061 | loss -7.378 | 112 ms/step (8.90 it/s) | elapsed 5.7 min | ETA this epoch 1.9 min
  step 3100/4061 | loss -7.579 | 114 ms/step (8.77 it/s) | elapsed 5.8 min | ETA this epoch 1.8 min
  step 3150/4061 | loss -6.674 | 115 ms/step (8.71 it/s) | elapsed 5.9 min | ETA this epoch 1.7 min
  step 3200/4061 | loss -8.061 | 113 ms/step (8.81 it/s) | elapsed 5.9 min | ETA this epoch 1.6 min
  step 3250/4061 | loss -5.738 | 114 ms/step (8.80 it/s) | elapsed 6.0 min | ETA this epoch 1.5 min
  step 3300/4061 | loss -6.850 | 114 ms/step (8.80 it/s) | elapsed 6.1 min | ETA this epoch 1.4 min
  step 3350/4061 | loss -6.484 | 113 ms/step (8.82 it/s) | elapsed 6.2 min | ETA this epoch 1.3 min
  step 3400/4061 | loss -7.665 | 114 ms/step (8.78 it/s) | elapsed 6.3 min | ETA this epoch 1.3 min
  step 3450/4061 | loss -8.338 | 113 ms/step (8.83 it/s) | elapsed 6.4 min | ETA this epoch 1.2 min
  step 3500/4061 | loss -6.958 | 113 ms/step (8.87 it/s) | elapsed 6.5 min | ETA this epoch 1.1 min
  step 3550/4061 | loss -5.239 | 115 ms/step (8.70 it/s) | elapsed 6.6 min | ETA this epoch 1.0 min
  step 3600/4061 | loss -7.197 | 114 ms/step (8.77 it/s) | elapsed 6.7 min | ETA this epoch 0.9 min
  step 3650/4061 | loss -7.363 | 113 ms/step (8.87 it/s) | elapsed 6.8 min | ETA this epoch 0.8 min
  step 3700/4061 | loss -7.865 | 114 ms/step (8.79 it/s) | elapsed 6.9 min | ETA this epoch 0.7 min
  step 3750/4061 | loss -8.191 | 114 ms/step (8.77 it/s) | elapsed 7.0 min | ETA this epoch 0.6 min
  step 3800/4061 | loss -6.572 | 114 ms/step (8.79 it/s) | elapsed 7.1 min | ETA this epoch 0.5 min
  step 3850/4061 | loss -7.349 | 114 ms/step (8.80 it/s) | elapsed 7.2 min | ETA this epoch 0.4 min
  step 3900/4061 | loss -6.001 | 113 ms/step (8.82 it/s) | elapsed 7.3 min | ETA this epoch 0.3 min
  step 3950/4061 | loss -8.022 | 113 ms/step (8.83 it/s) | elapsed 7.4 min | ETA this epoch 0.2 min
  step 4000/4061 | loss -8.528 | 114 ms/step (8.79 it/s) | elapsed 7.5 min | ETA this epoch 0.1 min
  step 4050/4061 | loss -6.321 | 113 ms/step (8.82 it/s) | elapsed 7.6 min | ETA this epoch 0.0 min
Epoch 25/50 | Train -7.257 | Val L1 0.0019 | Val SI-SDR 18.01 dB | Time 7.8 min
Saved best model (SI-SDR 18.01 dB) -> /home/bubai-maji/speech_enhancement/script/propose_ablation3/checkpoint_propose_ab3/best_NGDM_SE.pt
  step 50/4061 | loss -7.779 | 113 ms/step (8.81 it/s) | elapsed 0.1 min | ETA this epoch 7.6 min
  step 100/4061 | loss -6.711 | 113 ms/step (8.83 it/s) | elapsed 0.2 min | ETA this epoch 7.5 min
  step 150/4061 | loss -7.628 | 114 ms/step (8.79 it/s) | elapsed 0.3 min | ETA this epoch 7.4 min
  step 200/4061 | loss -6.634 | 114 ms/step (8.79 it/s) | elapsed 0.4 min | ETA this epoch 7.3 min
  step 250/4061 | loss -5.721 | 113 ms/step (8.82 it/s) | elapsed 0.5 min | ETA this epoch 7.2 min
  step 300/4061 | loss -6.906 | 113 ms/step (8.84 it/s) | elapsed 0.6 min | ETA this epoch 7.1 min
  step 350/4061 | loss -6.164 | 114 ms/step (8.74 it/s) | elapsed 0.7 min | ETA this epoch 7.1 min
  step 400/4061 | loss -8.357 | 113 ms/step (8.83 it/s) | elapsed 0.8 min | ETA this epoch 6.9 min
  step 450/4061 | loss -8.868 | 114 ms/step (8.77 it/s) | elapsed 0.9 min | ETA this epoch 6.9 min
  step 500/4061 | loss -7.847 | 114 ms/step (8.76 it/s) | elapsed 0.9 min | ETA this epoch 6.8 min
  step 550/4061 | loss -7.059 | 114 ms/step (8.79 it/s) | elapsed 1.0 min | ETA this epoch 6.7 min
  step 600/4061 | loss -7.691 | 114 ms/step (8.78 it/s) | elapsed 1.1 min | ETA this epoch 6.6 min
  step 650/4061 | loss -7.709 | 114 ms/step (8.80 it/s) | elapsed 1.2 min | ETA this epoch 6.5 min
  step 700/4061 | loss -6.305 | 114 ms/step (8.78 it/s) | elapsed 1.3 min | ETA this epoch 6.4 min
  step 750/4061 | loss -6.787 | 114 ms/step (8.79 it/s) | elapsed 1.4 min | ETA this epoch 6.3 min
  step 800/4061 | loss -7.377 | 113 ms/step (8.82 it/s) | elapsed 1.5 min | ETA this epoch 6.2 min
  step 850/4061 | loss -8.222 | 113 ms/step (8.82 it/s) | elapsed 1.6 min | ETA this epoch 6.1 min
  step 900/4061 | loss -6.810 | 114 ms/step (8.79 it/s) | elapsed 1.7 min | ETA this epoch 6.0 min
  step 950/4061 | loss -8.145 | 113 ms/step (8.85 it/s) | elapsed 1.8 min | ETA this epoch 5.9 min
  step 1000/4061 | loss -7.856 | 114 ms/step (8.79 it/s) | elapsed 1.9 min | ETA this epoch 5.8 min
  step 1050/4061 | loss -5.586 | 114 ms/step (8.81 it/s) | elapsed 2.0 min | ETA this epoch 5.7 min
  step 1100/4061 | loss -6.893 | 113 ms/step (8.83 it/s) | elapsed 2.1 min | ETA this epoch 5.6 min
  step 1150/4061 | loss -8.381 | 114 ms/step (8.77 it/s) | elapsed 2.2 min | ETA this epoch 5.5 min
  step 1200/4061 | loss -6.948 | 113 ms/step (8.84 it/s) | elapsed 2.3 min | ETA this epoch 5.4 min
  step 1250/4061 | loss -7.930 | 114 ms/step (8.76 it/s) | elapsed 2.4 min | ETA this epoch 5.3 min
  step 1300/4061 | loss -9.191 | 114 ms/step (8.76 it/s) | elapsed 2.5 min | ETA this epoch 5.3 min
  step 1350/4061 | loss -8.578 | 112 ms/step (8.94 it/s) | elapsed 2.6 min | ETA this epoch 5.1 min
  step 1400/4061 | loss -5.999 | 94 ms/step (10.61 it/s) | elapsed 2.6 min | ETA this epoch 4.2 min
  step 1450/4061 | loss -8.528 | 96 ms/step (10.47 it/s) | elapsed 2.7 min | ETA this epoch 4.2 min
  step 1500/4061 | loss -5.571 | 102 ms/step (9.84 it/s) | elapsed 2.8 min | ETA this epoch 4.3 min
  step 1550/4061 | loss -6.278 | 115 ms/step (8.69 it/s) | elapsed 2.9 min | ETA this epoch 4.8 min
  step 1600/4061 | loss -8.255 | 114 ms/step (8.80 it/s) | elapsed 3.0 min | ETA this epoch 4.7 min
  step 1650/4061 | loss -6.338 | 113 ms/step (8.85 it/s) | elapsed 3.1 min | ETA this epoch 4.5 min
  step 1700/4061 | loss -7.722 | 113 ms/step (8.83 it/s) | elapsed 3.2 min | ETA this epoch 4.5 min
  step 1750/4061 | loss -8.096 | 116 ms/step (8.59 it/s) | elapsed 3.3 min | ETA this epoch 4.5 min
  step 1800/4061 | loss -7.670 | 113 ms/step (8.89 it/s) | elapsed 3.4 min | ETA this epoch 4.2 min
  step 1850/4061 | loss -7.540 | 113 ms/step (8.83 it/s) | elapsed 3.5 min | ETA this epoch 4.2 min
  step 1900/4061 | loss -7.023 | 113 ms/step (8.88 it/s) | elapsed 3.6 min | ETA this epoch 4.1 min
  step 1950/4061 | loss -8.805 | 114 ms/step (8.79 it/s) | elapsed 3.7 min | ETA this epoch 4.0 min
  step 2000/4061 | loss -6.896 | 114 ms/step (8.80 it/s) | elapsed 3.7 min | ETA this epoch 3.9 min
  step 2050/4061 | loss -8.251 | 113 ms/step (8.81 it/s) | elapsed 3.8 min | ETA this epoch 3.8 min
  step 2100/4061 | loss -9.037 | 113 ms/step (8.82 it/s) | elapsed 3.9 min | ETA this epoch 3.7 min
  step 2150/4061 | loss -7.389 | 113 ms/step (8.82 it/s) | elapsed 4.0 min | ETA this epoch 3.6 min
  step 2200/4061 | loss -6.275 | 113 ms/step (8.82 it/s) | elapsed 4.1 min | ETA this epoch 3.5 min
  step 2250/4061 | loss -6.987 | 113 ms/step (8.82 it/s) | elapsed 4.2 min | ETA this epoch 3.4 min
  step 2300/4061 | loss -6.691 | 113 ms/step (8.83 it/s) | elapsed 4.3 min | ETA this epoch 3.3 min
  step 2350/4061 | loss -8.309 | 113 ms/step (8.85 it/s) | elapsed 4.4 min | ETA this epoch 3.2 min
  step 2400/4061 | loss -7.240 | 113 ms/step (8.84 it/s) | elapsed 4.5 min | ETA this epoch 3.1 min
  step 2450/4061 | loss -5.349 | 114 ms/step (8.78 it/s) | elapsed 4.6 min | ETA this epoch 3.1 min
  step 2500/4061 | loss -7.172 | 114 ms/step (8.79 it/s) | elapsed 4.7 min | ETA this epoch 3.0 min
  step 2550/4061 | loss -8.476 | 113 ms/step (8.83 it/s) | elapsed 4.8 min | ETA this epoch 2.9 min
  step 2600/4061 | loss -7.651 | 114 ms/step (8.79 it/s) | elapsed 4.9 min | ETA this epoch 2.8 min
  step 2650/4061 | loss -7.059 | 100 ms/step (9.99 it/s) | elapsed 5.0 min | ETA this epoch 2.4 min
  step 2700/4061 | loss -6.683 | 95 ms/step (10.57 it/s) | elapsed 5.0 min | ETA this epoch 2.1 min
  step 2750/4061 | loss -7.935 | 96 ms/step (10.39 it/s) | elapsed 5.1 min | ETA this epoch 2.1 min
  step 2800/4061 | loss -7.294 | 107 ms/step (9.37 it/s) | elapsed 5.2 min | ETA this epoch 2.2 min
  step 2850/4061 | loss -7.175 | 114 ms/step (8.80 it/s) | elapsed 5.3 min | ETA this epoch 2.3 min
  step 2900/4061 | loss -7.643 | 113 ms/step (8.85 it/s) | elapsed 5.4 min | ETA this epoch 2.2 min
  step 2950/4061 | loss -7.508 | 114 ms/step (8.80 it/s) | elapsed 5.5 min | ETA this epoch 2.1 min
  step 3000/4061 | loss -8.732 | 114 ms/step (8.75 it/s) | elapsed 5.6 min | ETA this epoch 2.0 min
  step 3050/4061 | loss -6.892 | 114 ms/step (8.79 it/s) | elapsed 5.7 min | ETA this epoch 1.9 min
  step 3100/4061 | loss -6.919 | 113 ms/step (8.87 it/s) | elapsed 5.8 min | ETA this epoch 1.8 min
  step 3150/4061 | loss -6.077 | 113 ms/step (8.83 it/s) | elapsed 5.9 min | ETA this epoch 1.7 min
  step 3200/4061 | loss -8.829 | 114 ms/step (8.79 it/s) | elapsed 6.0 min | ETA this epoch 1.6 min
  step 3250/4061 | loss -6.068 | 114 ms/step (8.80 it/s) | elapsed 6.1 min | ETA this epoch 1.5 min
  step 3300/4061 | loss -8.557 | 113 ms/step (8.83 it/s) | elapsed 6.2 min | ETA this epoch 1.4 min
  step 3350/4061 | loss -6.510 | 114 ms/step (8.81 it/s) | elapsed 6.3 min | ETA this epoch 1.3 min
  step 3400/4061 | loss -6.313 | 113 ms/step (8.82 it/s) | elapsed 6.3 min | ETA this epoch 1.2 min
  step 3450/4061 | loss -7.680 | 113 ms/step (8.84 it/s) | elapsed 6.4 min | ETA this epoch 1.2 min
  step 3500/4061 | loss -7.026 | 114 ms/step (8.79 it/s) | elapsed 6.5 min | ETA this epoch 1.1 min
  step 3550/4061 | loss -6.771 | 114 ms/step (8.81 it/s) | elapsed 6.6 min | ETA this epoch 1.0 min
  step 3600/4061 | loss -8.067 | 113 ms/step (8.84 it/s) | elapsed 6.7 min | ETA this epoch 0.9 min
  step 3650/4061 | loss -7.000 | 113 ms/step (8.84 it/s) | elapsed 6.8 min | ETA this epoch 0.8 min
  step 3700/4061 | loss -8.219 | 114 ms/step (8.79 it/s) | elapsed 6.9 min | ETA this epoch 0.7 min
  step 3750/4061 | loss -8.361 | 114 ms/step (8.80 it/s) | elapsed 7.0 min | ETA this epoch 0.6 min
  step 3800/4061 | loss -6.727 | 114 ms/step (8.76 it/s) | elapsed 7.1 min | ETA this epoch 0.5 min
  step 3850/4061 | loss -8.914 | 114 ms/step (8.80 it/s) | elapsed 7.2 min | ETA this epoch 0.4 min
  step 3900/4061 | loss -6.852 | 114 ms/step (8.81 it/s) | elapsed 7.3 min | ETA this epoch 0.3 min
  step 3950/4061 | loss -7.151 | 114 ms/step (8.79 it/s) | elapsed 7.4 min | ETA this epoch 0.2 min
  step 4000/4061 | loss -5.986 | 113 ms/step (8.84 it/s) | elapsed 7.5 min | ETA this epoch 0.1 min
  step 4050/4061 | loss -6.947 | 113 ms/step (8.84 it/s) | elapsed 7.6 min | ETA this epoch 0.0 min
Epoch 26/50 | Train -7.285 | Val L1 0.0019 | Val SI-SDR 17.96 dB | Time 7.8 min
EarlyStopping counter: 1/7
  step 50/4061 | loss -8.308 | 114 ms/step (8.79 it/s) | elapsed 0.1 min | ETA this epoch 7.6 min
  step 100/4061 | loss -6.248 | 113 ms/step (8.83 it/s) | elapsed 0.2 min | ETA this epoch 7.5 min
  step 150/4061 | loss -9.713 | 114 ms/step (8.80 it/s) | elapsed 0.3 min | ETA this epoch 7.4 min
  step 200/4061 | loss -7.031 | 113 ms/step (8.82 it/s) | elapsed 0.4 min | ETA this epoch 7.3 min
  step 250/4061 | loss -7.945 | 113 ms/step (8.83 it/s) | elapsed 0.5 min | ETA this epoch 7.2 min
  step 300/4061 | loss -8.888 | 113 ms/step (8.84 it/s) | elapsed 0.6 min | ETA this epoch 7.1 min
  step 350/4061 | loss -7.726 | 114 ms/step (8.78 it/s) | elapsed 0.7 min | ETA this epoch 7.0 min
  step 400/4061 | loss -7.615 | 113 ms/step (8.82 it/s) | elapsed 0.8 min | ETA this epoch 6.9 min
  step 450/4061 | loss -6.423 | 114 ms/step (8.80 it/s) | elapsed 0.9 min | ETA this epoch 6.8 min
  step 500/4061 | loss -6.896 | 113 ms/step (8.83 it/s) | elapsed 0.9 min | ETA this epoch 6.7 min
  step 550/4061 | loss -5.898 | 113 ms/step (8.85 it/s) | elapsed 1.0 min | ETA this epoch 6.6 min
  step 600/4061 | loss -6.934 | 113 ms/step (8.82 it/s) | elapsed 1.1 min | ETA this epoch 6.5 min
  step 650/4061 | loss -6.362 | 114 ms/step (8.77 it/s) | elapsed 1.2 min | ETA this epoch 6.5 min
  step 700/4061 | loss -8.273 | 113 ms/step (8.82 it/s) | elapsed 1.3 min | ETA this epoch 6.4 min
  step 750/4061 | loss -8.328 | 113 ms/step (8.82 it/s) | elapsed 1.4 min | ETA this epoch 6.3 min
  step 800/4061 | loss -6.845 | 114 ms/step (8.79 it/s) | elapsed 1.5 min | ETA this epoch 6.2 min
  step 850/4061 | loss -7.978 | 114 ms/step (8.80 it/s) | elapsed 1.6 min | ETA this epoch 6.1 min
  step 900/4061 | loss -8.756 | 114 ms/step (8.78 it/s) | elapsed 1.7 min | ETA this epoch 6.0 min
  step 950/4061 | loss -6.487 | 114 ms/step (8.75 it/s) | elapsed 1.8 min | ETA this epoch 5.9 min
  step 1000/4061 | loss -8.569 | 114 ms/step (8.81 it/s) | elapsed 1.9 min | ETA this epoch 5.8 min
  step 1050/4061 | loss -7.564 | 113 ms/step (8.83 it/s) | elapsed 2.0 min | ETA this epoch 5.7 min
  step 1100/4061 | loss -6.563 | 113 ms/step (8.83 it/s) | elapsed 2.1 min | ETA this epoch 5.6 min
  step 1150/4061 | loss -4.735 | 114 ms/step (8.77 it/s) | elapsed 2.2 min | ETA this epoch 5.5 min
  step 1200/4061 | loss -7.491 | 115 ms/step (8.71 it/s) | elapsed 2.3 min | ETA this epoch 5.5 min
  step 1250/4061 | loss -6.296 | 95 ms/step (10.56 it/s) | elapsed 2.4 min | ETA this epoch 4.4 min
  step 1300/4061 | loss -7.085 | 92 ms/step (10.92 it/s) | elapsed 2.4 min | ETA this epoch 4.2 min
  step 1350/4061 | loss -7.049 | 96 ms/step (10.46 it/s) | elapsed 2.5 min | ETA this epoch 4.3 min
  step 1400/4061 | loss -6.826 | 98 ms/step (10.17 it/s) | elapsed 2.6 min | ETA this epoch 4.4 min
  step 1450/4061 | loss -5.315 | 114 ms/step (8.78 it/s) | elapsed 2.7 min | ETA this epoch 5.0 min
  step 1500/4061 | loss -7.224 | 114 ms/step (8.79 it/s) | elapsed 2.8 min | ETA this epoch 4.9 min
  step 1550/4061 | loss -8.316 | 114 ms/step (8.79 it/s) | elapsed 2.9 min | ETA this epoch 4.8 min
  step 1600/4061 | loss -7.608 | 113 ms/step (8.84 it/s) | elapsed 3.0 min | ETA this epoch 4.6 min
  step 1650/4061 | loss -8.788 | 113 ms/step (8.82 it/s) | elapsed 3.1 min | ETA this epoch 4.6 min
  step 1700/4061 | loss -7.246 | 113 ms/step (8.84 it/s) | elapsed 3.2 min | ETA this epoch 4.5 min
  step 1750/4061 | loss -5.931 | 114 ms/step (8.79 it/s) | elapsed 3.3 min | ETA this epoch 4.4 min
  step 1800/4061 | loss -7.520 | 114 ms/step (8.79 it/s) | elapsed 3.3 min | ETA this epoch 4.3 min
  step 1850/4061 | loss -7.312 | 114 ms/step (8.78 it/s) | elapsed 3.4 min | ETA this epoch 4.2 min
  step 1900/4061 | loss -6.301 | 114 ms/step (8.80 it/s) | elapsed 3.5 min | ETA this epoch 4.1 min
  step 1950/4061 | loss -8.204 | 115 ms/step (8.68 it/s) | elapsed 3.6 min | ETA this epoch 4.1 min
  step 2000/4061 | loss -7.656 | 114 ms/step (8.80 it/s) | elapsed 3.7 min | ETA this epoch 3.9 min
  step 2050/4061 | loss -9.006 | 113 ms/step (8.84 it/s) | elapsed 3.8 min | ETA this epoch 3.8 min
  step 2100/4061 | loss -8.551 | 114 ms/step (8.80 it/s) | elapsed 3.9 min | ETA this epoch 3.7 min
  step 2150/4061 | loss -6.986 | 113 ms/step (8.86 it/s) | elapsed 4.0 min | ETA this epoch 3.6 min
  step 2200/4061 | loss -6.987 | 114 ms/step (8.80 it/s) | elapsed 4.1 min | ETA this epoch 3.5 min
  step 2250/4061 | loss -8.763 | 113 ms/step (8.89 it/s) | elapsed 4.2 min | ETA this epoch 3.4 min
  step 2300/4061 | loss -8.433 | 113 ms/step (8.83 it/s) | elapsed 4.3 min | ETA this epoch 3.3 min
  step 2350/4061 | loss -7.858 | 114 ms/step (8.80 it/s) | elapsed 4.4 min | ETA this epoch 3.2 min
  step 2400/4061 | loss -7.023 | 114 ms/step (8.80 it/s) | elapsed 4.5 min | ETA this epoch 3.1 min
  step 2450/4061 | loss -5.766 | 113 ms/step (8.85 it/s) | elapsed 4.6 min | ETA this epoch 3.0 min
  step 2500/4061 | loss -9.553 | 114 ms/step (8.79 it/s) | elapsed 4.7 min | ETA this epoch 3.0 min
  step 2550/4061 | loss -5.652 | 114 ms/step (8.81 it/s) | elapsed 4.8 min | ETA this epoch 2.9 min
  step 2600/4061 | loss -7.305 | 114 ms/step (8.80 it/s) | elapsed 4.9 min | ETA this epoch 2.8 min
  step 2650/4061 | loss -7.337 | 108 ms/step (9.25 it/s) | elapsed 5.0 min | ETA this epoch 2.5 min
  step 2700/4061 | loss -5.933 | 93 ms/step (10.73 it/s) | elapsed 5.0 min | ETA this epoch 2.1 min
  step 2750/4061 | loss -7.248 | 95 ms/step (10.48 it/s) | elapsed 5.1 min | ETA this epoch 2.1 min
  step 2800/4061 | loss -6.259 | 95 ms/step (10.53 it/s) | elapsed 5.2 min | ETA this epoch 2.0 min
  step 2850/4061 | loss -6.975 | 109 ms/step (9.13 it/s) | elapsed 5.3 min | ETA this epoch 2.2 min
  step 2900/4061 | loss -6.419 | 114 ms/step (8.78 it/s) | elapsed 5.4 min | ETA this epoch 2.2 min
  step 2950/4061 | loss -7.471 | 114 ms/step (8.78 it/s) | elapsed 5.5 min | ETA this epoch 2.1 min
  step 3000/4061 | loss -6.903 | 114 ms/step (8.80 it/s) | elapsed 5.6 min | ETA this epoch 2.0 min
  step 3050/4061 | loss -7.568 | 113 ms/step (8.83 it/s) | elapsed 5.7 min | ETA this epoch 1.9 min
  step 3100/4061 | loss -7.742 | 113 ms/step (8.84 it/s) | elapsed 5.8 min | ETA this epoch 1.8 min
  step 3150/4061 | loss -7.182 | 112 ms/step (8.90 it/s) | elapsed 5.8 min | ETA this epoch 1.7 min
  step 3200/4061 | loss -7.609 | 113 ms/step (8.81 it/s) | elapsed 5.9 min | ETA this epoch 1.6 min
  step 3250/4061 | loss -8.022 | 114 ms/step (8.80 it/s) | elapsed 6.0 min | ETA this epoch 1.5 min
  step 3300/4061 | loss -7.603 | 113 ms/step (8.82 it/s) | elapsed 6.1 min | ETA this epoch 1.4 min
  step 3350/4061 | loss -6.928 | 114 ms/step (8.76 it/s) | elapsed 6.2 min | ETA this epoch 1.4 min
  step 3400/4061 | loss -7.706 | 113 ms/step (8.85 it/s) | elapsed 6.3 min | ETA this epoch 1.2 min
  step 3450/4061 | loss -7.768 | 114 ms/step (8.77 it/s) | elapsed 6.4 min | ETA this epoch 1.2 min
  step 3500/4061 | loss -7.762 | 114 ms/step (8.80 it/s) | elapsed 6.5 min | ETA this epoch 1.1 min
  step 3550/4061 | loss -6.848 | 113 ms/step (8.84 it/s) | elapsed 6.6 min | ETA this epoch 1.0 min
  step 3600/4061 | loss -8.627 | 114 ms/step (8.81 it/s) | elapsed 6.7 min | ETA this epoch 0.9 min
  step 3650/4061 | loss -7.803 | 114 ms/step (8.81 it/s) | elapsed 6.8 min | ETA this epoch 0.8 min
  step 3700/4061 | loss -6.908 | 113 ms/step (8.85 it/s) | elapsed 6.9 min | ETA this epoch 0.7 min
  step 3750/4061 | loss -7.044 | 113 ms/step (8.85 it/s) | elapsed 7.0 min | ETA this epoch 0.6 min
  step 3800/4061 | loss -6.529 | 114 ms/step (8.78 it/s) | elapsed 7.1 min | ETA this epoch 0.5 min
  step 3850/4061 | loss -8.848 | 114 ms/step (8.81 it/s) | elapsed 7.2 min | ETA this epoch 0.4 min
  step 3900/4061 | loss -6.942 | 113 ms/step (8.84 it/s) | elapsed 7.3 min | ETA this epoch 0.3 min
  step 3950/4061 | loss -6.534 | 112 ms/step (8.92 it/s) | elapsed 7.4 min | ETA this epoch 0.2 min
  step 4000/4061 | loss -7.611 | 114 ms/step (8.79 it/s) | elapsed 7.5 min | ETA this epoch 0.1 min
  step 4050/4061 | loss -6.306 | 113 ms/step (8.81 it/s) | elapsed 7.5 min | ETA this epoch 0.0 min
Epoch 27/50 | Train -7.285 | Val L1 0.0019 | Val SI-SDR 17.95 dB | Time 7.8 min
EarlyStopping counter: 2/7
  step 50/4061 | loss -5.725 | 114 ms/step (8.74 it/s) | elapsed 0.1 min | ETA this epoch 7.6 min
  step 100/4061 | loss -8.181 | 114 ms/step (8.81 it/s) | elapsed 0.2 min | ETA this epoch 7.5 min
  step 150/4061 | loss -8.584 | 114 ms/step (8.80 it/s) | elapsed 0.3 min | ETA this epoch 7.4 min
  step 200/4061 | loss -6.279 | 113 ms/step (8.84 it/s) | elapsed 0.4 min | ETA this epoch 7.3 min
  step 250/4061 | loss -5.649 | 114 ms/step (8.80 it/s) | elapsed 0.5 min | ETA this epoch 7.2 min
  step 300/4061 | loss -7.498 | 113 ms/step (8.85 it/s) | elapsed 0.6 min | ETA this epoch 7.1 min
  step 350/4061 | loss -7.368 | 114 ms/step (8.79 it/s) | elapsed 0.7 min | ETA this epoch 7.0 min
  step 400/4061 | loss -8.107 | 113 ms/step (8.88 it/s) | elapsed 0.8 min | ETA this epoch 6.9 min
  step 450/4061 | loss -7.597 | 114 ms/step (8.79 it/s) | elapsed 0.9 min | ETA this epoch 6.8 min
  step 500/4061 | loss -9.140 | 114 ms/step (8.79 it/s) | elapsed 0.9 min | ETA this epoch 6.8 min
  step 550/4061 | loss -7.273 | 114 ms/step (8.79 it/s) | elapsed 1.0 min | ETA this epoch 6.7 min
  step 600/4061 | loss -7.714 | 114 ms/step (8.78 it/s) | elapsed 1.1 min | ETA this epoch 6.6 min
  step 650/4061 | loss -6.679 | 115 ms/step (8.69 it/s) | elapsed 1.2 min | ETA this epoch 6.5 min
  step 700/4061 | loss -7.676 | 113 ms/step (8.84 it/s) | elapsed 1.3 min | ETA this epoch 6.3 min
  step 750/4061 | loss -8.614 | 113 ms/step (8.85 it/s) | elapsed 1.4 min | ETA this epoch 6.2 min
  step 800/4061 | loss -5.917 | 114 ms/step (8.77 it/s) | elapsed 1.5 min | ETA this epoch 6.2 min
  step 850/4061 | loss -9.786 | 113 ms/step (8.82 it/s) | elapsed 1.6 min | ETA this epoch 6.1 min
  step 900/4061 | loss -6.101 | 113 ms/step (8.82 it/s) | elapsed 1.7 min | ETA this epoch 6.0 min
  step 950/4061 | loss -6.776 | 114 ms/step (8.81 it/s) | elapsed 1.8 min | ETA this epoch 5.9 min
  step 1000/4061 | loss -6.055 | 113 ms/step (8.82 it/s) | elapsed 1.9 min | ETA this epoch 5.8 min
  step 1050/4061 | loss -7.904 | 114 ms/step (8.81 it/s) | elapsed 2.0 min | ETA this epoch 5.7 min
  step 1100/4061 | loss -8.682 | 113 ms/step (8.85 it/s) | elapsed 2.1 min | ETA this epoch 5.6 min
  step 1150/4061 | loss -8.470 | 98 ms/step (10.24 it/s) | elapsed 2.2 min | ETA this epoch 4.7 min
  step 1200/4061 | loss -7.214 | 95 ms/step (10.57 it/s) | elapsed 2.2 min | ETA this epoch 4.5 min
  step 1250/4061 | loss -5.787 | 96 ms/step (10.41 it/s) | elapsed 2.3 min | ETA this epoch 4.5 min
  step 1300/4061 | loss -7.565 | 101 ms/step (9.91 it/s) | elapsed 2.4 min | ETA this epoch 4.6 min
  step 1350/4061 | loss -7.483 | 113 ms/step (8.83 it/s) | elapsed 2.5 min | ETA this epoch 5.1 min
  step 1400/4061 | loss -8.005 | 113 ms/step (8.84 it/s) | elapsed 2.6 min | ETA this epoch 5.0 min
  step 1450/4061 | loss -7.497 | 113 ms/step (8.82 it/s) | elapsed 2.7 min | ETA this epoch 4.9 min
  step 1500/4061 | loss -7.272 | 113 ms/step (8.86 it/s) | elapsed 2.8 min | ETA this epoch 4.8 min
  step 1550/4061 | loss -6.936 | 113 ms/step (8.82 it/s) | elapsed 2.9 min | ETA this epoch 4.7 min
  step 1600/4061 | loss -7.926 | 114 ms/step (8.81 it/s) | elapsed 3.0 min | ETA this epoch 4.7 min
  step 1650/4061 | loss -8.545 | 114 ms/step (8.80 it/s) | elapsed 3.1 min | ETA this epoch 4.6 min
  step 1700/4061 | loss -7.179 | 113 ms/step (8.84 it/s) | elapsed 3.2 min | ETA this epoch 4.5 min
  step 1750/4061 | loss -7.111 | 114 ms/step (8.80 it/s) | elapsed 3.3 min | ETA this epoch 4.4 min
  step 1800/4061 | loss -9.629 | 113 ms/step (8.84 it/s) | elapsed 3.4 min | ETA this epoch 4.3 min
  step 1850/4061 | loss -6.659 | 114 ms/step (8.80 it/s) | elapsed 3.4 min | ETA this epoch 4.2 min
  step 1900/4061 | loss -7.253 | 113 ms/step (8.82 it/s) | elapsed 3.5 min | ETA this epoch 4.1 min
  step 1950/4061 | loss -7.508 | 114 ms/step (8.79 it/s) | elapsed 3.6 min | ETA this epoch 4.0 min
  step 2000/4061 | loss -6.356 | 113 ms/step (8.82 it/s) | elapsed 3.7 min | ETA this epoch 3.9 min
  step 2050/4061 | loss -8.521 | 114 ms/step (8.80 it/s) | elapsed 3.8 min | ETA this epoch 3.8 min
  step 2100/4061 | loss -7.781 | 114 ms/step (8.80 it/s) | elapsed 3.9 min | ETA this epoch 3.7 min
  step 2150/4061 | loss -5.791 | 113 ms/step (8.87 it/s) | elapsed 4.0 min | ETA this epoch 3.6 min
  step 2200/4061 | loss -7.301 | 112 ms/step (8.89 it/s) | elapsed 4.1 min | ETA this epoch 3.5 min
  step 2250/4061 | loss -8.588 | 113 ms/step (8.85 it/s) | elapsed 4.2 min | ETA this epoch 3.4 min
  step 2300/4061 | loss -8.843 | 113 ms/step (8.82 it/s) | elapsed 4.3 min | ETA this epoch 3.3 min
  step 2350/4061 | loss -5.986 | 113 ms/step (8.84 it/s) | elapsed 4.4 min | ETA this epoch 3.2 min
  step 2400/4061 | loss -4.987 | 112 ms/step (8.89 it/s) | elapsed 4.5 min | ETA this epoch 3.1 min
  step 2450/4061 | loss -8.165 | 114 ms/step (8.76 it/s) | elapsed 4.6 min | ETA this epoch 3.1 min
  step 2500/4061 | loss -7.961 | 113 ms/step (8.87 it/s) | elapsed 4.7 min | ETA this epoch 2.9 min
  step 2550/4061 | loss -7.361 | 113 ms/step (8.84 it/s) | elapsed 4.8 min | ETA this epoch 2.8 min
  step 2600/4061 | loss -7.141 | 114 ms/step (8.76 it/s) | elapsed 4.9 min | ETA this epoch 2.8 min
  step 2650/4061 | loss -8.552 | 113 ms/step (8.82 it/s) | elapsed 5.0 min | ETA this epoch 2.7 min
  step 2700/4061 | loss -6.955 | 108 ms/step (9.25 it/s) | elapsed 5.0 min | ETA this epoch 2.5 min
  step 2750/4061 | loss -8.680 | 92 ms/step (10.84 it/s) | elapsed 5.1 min | ETA this epoch 2.0 min
  step 2800/4061 | loss -7.332 | 94 ms/step (10.59 it/s) | elapsed 5.2 min | ETA this epoch 2.0 min
  step 2850/4061 | loss -7.421 | 95 ms/step (10.57 it/s) | elapsed 5.3 min | ETA this epoch 1.9 min
  step 2900/4061 | loss -6.366 | 113 ms/step (8.82 it/s) | elapsed 5.4 min | ETA this epoch 2.2 min
  step 2950/4061 | loss -6.269 | 114 ms/step (8.79 it/s) | elapsed 5.5 min | ETA this epoch 2.1 min
  step 3000/4061 | loss -5.941 | 113 ms/step (8.82 it/s) | elapsed 5.6 min | ETA this epoch 2.0 min
  step 3050/4061 | loss -7.124 | 115 ms/step (8.68 it/s) | elapsed 5.7 min | ETA this epoch 1.9 min
  step 3100/4061 | loss -7.300 | 114 ms/step (8.80 it/s) | elapsed 5.8 min | ETA this epoch 1.8 min
  step 3150/4061 | loss -8.803 | 113 ms/step (8.85 it/s) | elapsed 5.8 min | ETA this epoch 1.7 min
  step 3200/4061 | loss -6.583 | 113 ms/step (8.82 it/s) | elapsed 5.9 min | ETA this epoch 1.6 min
  step 3250/4061 | loss -8.570 | 114 ms/step (8.81 it/s) | elapsed 6.0 min | ETA this epoch 1.5 min
  step 3300/4061 | loss -6.554 | 113 ms/step (8.82 it/s) | elapsed 6.1 min | ETA this epoch 1.4 min
  step 3350/4061 | loss -6.011 | 114 ms/step (8.81 it/s) | elapsed 6.2 min | ETA this epoch 1.3 min
  step 3400/4061 | loss -7.599 | 114 ms/step (8.81 it/s) | elapsed 6.3 min | ETA this epoch 1.3 min
  step 3450/4061 | loss -7.733 | 114 ms/step (8.80 it/s) | elapsed 6.4 min | ETA this epoch 1.2 min
  step 3500/4061 | loss -8.974 | 114 ms/step (8.78 it/s) | elapsed 6.5 min | ETA this epoch 1.1 min
  step 3550/4061 | loss -6.541 | 113 ms/step (8.83 it/s) | elapsed 6.6 min | ETA this epoch 1.0 min
  step 3600/4061 | loss -6.408 | 114 ms/step (8.79 it/s) | elapsed 6.7 min | ETA this epoch 0.9 min
  step 3650/4061 | loss -9.051 | 112 ms/step (8.90 it/s) | elapsed 6.8 min | ETA this epoch 0.8 min
  step 3700/4061 | loss -6.202 | 113 ms/step (8.83 it/s) | elapsed 6.9 min | ETA this epoch 0.7 min
  step 3750/4061 | loss -8.412 | 113 ms/step (8.86 it/s) | elapsed 7.0 min | ETA this epoch 0.6 min
  step 3800/4061 | loss -7.524 | 114 ms/step (8.79 it/s) | elapsed 7.1 min | ETA this epoch 0.5 min
  step 3850/4061 | loss -6.916 | 114 ms/step (8.79 it/s) | elapsed 7.2 min | ETA this epoch 0.4 min
  step 3900/4061 | loss -6.639 | 113 ms/step (8.82 it/s) | elapsed 7.3 min | ETA this epoch 0.3 min
  step 3950/4061 | loss -4.718 | 113 ms/step (8.82 it/s) | elapsed 7.4 min | ETA this epoch 0.2 min
  step 4000/4061 | loss -7.826 | 114 ms/step (8.79 it/s) | elapsed 7.5 min | ETA this epoch 0.1 min
  step 4050/4061 | loss -8.201 | 114 ms/step (8.79 it/s) | elapsed 7.6 min | ETA this epoch 0.0 min
Epoch 28/50 | Train -7.285 | Val L1 0.0019 | Val SI-SDR 18.03 dB | Time 7.8 min
Saved best model (SI-SDR 18.03 dB) -> /home/bubai-maji/speech_enhancement/script/propose_ablation3/checkpoint_propose_ab3/best_NGDM_SE.pt
  step 50/4061 | loss -7.493 | 114 ms/step (8.78 it/s) | elapsed 0.1 min | ETA this epoch 7.6 min
  step 100/4061 | loss -6.795 | 113 ms/step (8.82 it/s) | elapsed 0.2 min | ETA this epoch 7.5 min
  step 150/4061 | loss -7.622 | 114 ms/step (8.79 it/s) | elapsed 0.3 min | ETA this epoch 7.4 min
  step 200/4061 | loss -5.831 | 113 ms/step (8.84 it/s) | elapsed 0.4 min | ETA this epoch 7.3 min
  step 250/4061 | loss -6.174 | 113 ms/step (8.85 it/s) | elapsed 0.5 min | ETA this epoch 7.2 min
  step 300/4061 | loss -7.199 | 114 ms/step (8.80 it/s) | elapsed 0.6 min | ETA this epoch 7.1 min
  step 350/4061 | loss -8.382 | 113 ms/step (8.84 it/s) | elapsed 0.7 min | ETA this epoch 7.0 min
  step 400/4061 | loss -5.706 | 114 ms/step (8.78 it/s) | elapsed 0.8 min | ETA this epoch 7.0 min
  step 450/4061 | loss -6.778 | 114 ms/step (8.80 it/s) | elapsed 0.9 min | ETA this epoch 6.8 min
  step 500/4061 | loss -8.308 | 113 ms/step (8.89 it/s) | elapsed 0.9 min | ETA this epoch 6.7 min
  step 550/4061 | loss -6.155 | 114 ms/step (8.80 it/s) | elapsed 1.0 min | ETA this epoch 6.7 min
  step 600/4061 | loss -5.793 | 113 ms/step (8.88 it/s) | elapsed 1.1 min | ETA this epoch 6.5 min
  step 650/4061 | loss -7.101 | 113 ms/step (8.85 it/s) | elapsed 1.2 min | ETA this epoch 6.4 min
  step 700/4061 | loss -6.959 | 114 ms/step (8.79 it/s) | elapsed 1.3 min | ETA this epoch 6.4 min
  step 750/4061 | loss -9.210 | 113 ms/step (8.83 it/s) | elapsed 1.4 min | ETA this epoch 6.3 min
  step 800/4061 | loss -5.850 | 114 ms/step (8.80 it/s) | elapsed 1.5 min | ETA this epoch 6.2 min
  step 850/4061 | loss -7.730 | 114 ms/step (8.79 it/s) | elapsed 1.6 min | ETA this epoch 6.1 min
  step 900/4061 | loss -7.501 | 114 ms/step (8.81 it/s) | elapsed 1.7 min | ETA this epoch 6.0 min
  step 950/4061 | loss -7.551 | 114 ms/step (8.80 it/s) | elapsed 1.8 min | ETA this epoch 5.9 min
  step 1000/4061 | loss -9.783 | 113 ms/step (8.82 it/s) | elapsed 1.9 min | ETA this epoch 5.8 min
  step 1050/4061 | loss -6.304 | 101 ms/step (9.92 it/s) | elapsed 2.0 min | ETA this epoch 5.1 min
  step 1100/4061 | loss -7.312 | 93 ms/step (10.72 it/s) | elapsed 2.1 min | ETA this epoch 4.6 min
  step 1150/4061 | loss -7.951 | 97 ms/step (10.34 it/s) | elapsed 2.1 min | ETA this epoch 4.7 min
  step 1200/4061 | loss -8.053 | 110 ms/step (9.13 it/s) | elapsed 2.2 min | ETA this epoch 5.2 min
  step 1250/4061 | loss -7.244 | 114 ms/step (8.79 it/s) | elapsed 2.3 min | ETA this epoch 5.3 min
  step 1300/4061 | loss -8.183 | 114 ms/step (8.76 it/s) | elapsed 2.4 min | ETA this epoch 5.3 min
  step 1350/4061 | loss -7.820 | 115 ms/step (8.69 it/s) | elapsed 2.5 min | ETA this epoch 5.2 min
  step 1400/4061 | loss -8.428 | 113 ms/step (8.81 it/s) | elapsed 2.6 min | ETA this epoch 5.0 min
  step 1450/4061 | loss -6.411 | 113 ms/step (8.84 it/s) | elapsed 2.7 min | ETA this epoch 4.9 min
  step 1500/4061 | loss -7.589 | 113 ms/step (8.85 it/s) | elapsed 2.8 min | ETA this epoch 4.8 min
  step 1550/4061 | loss -6.897 | 114 ms/step (8.78 it/s) | elapsed 2.9 min | ETA this epoch 4.8 min
  step 1600/4061 | loss -7.489 | 114 ms/step (8.81 it/s) | elapsed 3.0 min | ETA this epoch 4.7 min
  step 1650/4061 | loss -6.522 | 113 ms/step (8.82 it/s) | elapsed 3.1 min | ETA this epoch 4.6 min
  step 1700/4061 | loss -5.618 | 114 ms/step (8.81 it/s) | elapsed 3.2 min | ETA this epoch 4.5 min
  step 1750/4061 | loss -6.579 | 113 ms/step (8.82 it/s) | elapsed 3.3 min | ETA this epoch 4.4 min
  step 1800/4061 | loss -6.363 | 113 ms/step (8.82 it/s) | elapsed 3.4 min | ETA this epoch 4.3 min
  step 1850/4061 | loss -7.267 | 113 ms/step (8.83 it/s) | elapsed 3.5 min | ETA this epoch 4.2 min
  step 1900/4061 | loss -8.987 | 113 ms/step (8.84 it/s) | elapsed 3.5 min | ETA this epoch 4.1 min
  step 1950/4061 | loss -7.825 | 114 ms/step (8.78 it/s) | elapsed 3.6 min | ETA this epoch 4.0 min
  step 2000/4061 | loss -8.444 | 113 ms/step (8.82 it/s) | elapsed 3.7 min | ETA this epoch 3.9 min
  step 2050/4061 | loss -7.126 | 113 ms/step (8.81 it/s) | elapsed 3.8 min | ETA this epoch 3.8 min
  step 2100/4061 | loss -8.367 | 114 ms/step (8.80 it/s) | elapsed 3.9 min | ETA this epoch 3.7 min
  step 2150/4061 | loss -7.740 | 113 ms/step (8.81 it/s) | elapsed 4.0 min | ETA this epoch 3.6 min
  step 2200/4061 | loss -8.164 | 114 ms/step (8.79 it/s) | elapsed 4.1 min | ETA this epoch 3.5 min
  step 2250/4061 | loss -7.662 | 114 ms/step (8.80 it/s) | elapsed 4.2 min | ETA this epoch 3.4 min
  step 2300/4061 | loss -7.101 | 114 ms/step (8.75 it/s) | elapsed 4.3 min | ETA this epoch 3.4 min
  step 2350/4061 | loss -7.739 | 113 ms/step (8.82 it/s) | elapsed 4.4 min | ETA this epoch 3.2 min
  step 2400/4061 | loss -8.851 | 114 ms/step (8.79 it/s) | elapsed 4.5 min | ETA this epoch 3.2 min
  step 2450/4061 | loss -7.767 | 114 ms/step (8.76 it/s) | elapsed 4.6 min | ETA this epoch 3.1 min
  step 2500/4061 | loss -6.792 | 113 ms/step (8.82 it/s) | elapsed 4.7 min | ETA this epoch 2.9 min
  step 2550/4061 | loss -6.830 | 114 ms/step (8.78 it/s) | elapsed 4.8 min | ETA this epoch 2.9 min
  step 2600/4061 | loss -8.140 | 114 ms/step (8.80 it/s) | elapsed 4.9 min | ETA this epoch 2.8 min
  step 2650/4061 | loss -6.580 | 113 ms/step (8.83 it/s) | elapsed 5.0 min | ETA this epoch 2.7 min
  step 2700/4061 | loss -7.646 | 114 ms/step (8.81 it/s) | elapsed 5.1 min | ETA this epoch 2.6 min
  step 2750/4061 | loss -9.643 | 97 ms/step (10.27 it/s) | elapsed 5.1 min | ETA this epoch 2.1 min
  step 2800/4061 | loss -8.643 | 95 ms/step (10.50 it/s) | elapsed 5.2 min | ETA this epoch 2.0 min
  step 2850/4061 | loss -8.042 | 94 ms/step (10.64 it/s) | elapsed 5.3 min | ETA this epoch 1.9 min
  step 2900/4061 | loss -7.575 | 108 ms/step (9.27 it/s) | elapsed 5.4 min | ETA this epoch 2.1 min
  step 2950/4061 | loss -7.103 | 114 ms/step (8.78 it/s) | elapsed 5.5 min | ETA this epoch 2.1 min
  step 3000/4061 | loss -6.578 | 114 ms/step (8.79 it/s) | elapsed 5.6 min | ETA this epoch 2.0 min
  step 3050/4061 | loss -8.157 | 114 ms/step (8.81 it/s) | elapsed 5.7 min | ETA this epoch 1.9 min
  step 3100/4061 | loss -6.749 | 114 ms/step (8.80 it/s) | elapsed 5.8 min | ETA this epoch 1.8 min
  step 3150/4061 | loss -7.775 | 114 ms/step (8.77 it/s) | elapsed 5.9 min | ETA this epoch 1.7 min
  step 3200/4061 | loss -7.239 | 113 ms/step (8.82 it/s) | elapsed 6.0 min | ETA this epoch 1.6 min
  step 3250/4061 | loss -9.999 | 113 ms/step (8.85 it/s) | elapsed 6.1 min | ETA this epoch 1.5 min
  step 3300/4061 | loss -7.478 | 114 ms/step (8.78 it/s) | elapsed 6.2 min | ETA this epoch 1.4 min
  step 3350/4061 | loss -8.231 | 114 ms/step (8.79 it/s) | elapsed 6.2 min | ETA this epoch 1.3 min
  step 3400/4061 | loss -5.929 | 114 ms/step (8.80 it/s) | elapsed 6.3 min | ETA this epoch 1.3 min
  step 3450/4061 | loss -7.541 | 113 ms/step (8.85 it/s) | elapsed 6.4 min | ETA this epoch 1.2 min
  step 3500/4061 | loss -6.542 | 113 ms/step (8.88 it/s) | elapsed 6.5 min | ETA this epoch 1.1 min
  step 3550/4061 | loss -5.725 | 113 ms/step (8.83 it/s) | elapsed 6.6 min | ETA this epoch 1.0 min
  step 3600/4061 | loss -5.918 | 114 ms/step (8.80 it/s) | elapsed 6.7 min | ETA this epoch 0.9 min
  step 3650/4061 | loss -7.096 | 114 ms/step (8.79 it/s) | elapsed 6.8 min | ETA this epoch 0.8 min
  step 3700/4061 | loss -7.676 | 113 ms/step (8.84 it/s) | elapsed 6.9 min | ETA this epoch 0.7 min
  step 3750/4061 | loss -6.778 | 114 ms/step (8.77 it/s) | elapsed 7.0 min | ETA this epoch 0.6 min
  step 3800/4061 | loss -8.439 | 114 ms/step (8.75 it/s) | elapsed 7.1 min | ETA this epoch 0.5 min
  step 3850/4061 | loss -8.355 | 113 ms/step (8.84 it/s) | elapsed 7.2 min | ETA this epoch 0.4 min
  step 3900/4061 | loss -6.767 | 114 ms/step (8.79 it/s) | elapsed 7.3 min | ETA this epoch 0.3 min
  step 3950/4061 | loss -9.109 | 114 ms/step (8.79 it/s) | elapsed 7.4 min | ETA this epoch 0.2 min
  step 4000/4061 | loss -6.422 | 114 ms/step (8.79 it/s) | elapsed 7.5 min | ETA this epoch 0.1 min
  step 4050/4061 | loss -7.035 | 113 ms/step (8.83 it/s) | elapsed 7.6 min | ETA this epoch 0.0 min
Epoch 29/50 | Train -7.309 | Val L1 0.0019 | Val SI-SDR 17.89 dB | Time 7.8 min
EarlyStopping counter: 1/7
  step 50/4061 | loss -7.670 | 114 ms/step (8.79 it/s) | elapsed 0.1 min | ETA this epoch 7.6 min
  step 100/4061 | loss -7.236 | 113 ms/step (8.86 it/s) | elapsed 0.2 min | ETA this epoch 7.5 min
  step 150/4061 | loss -7.120 | 113 ms/step (8.85 it/s) | elapsed 0.3 min | ETA this epoch 7.4 min
  step 200/4061 | loss -9.024 | 114 ms/step (8.77 it/s) | elapsed 0.4 min | ETA this epoch 7.3 min
  step 250/4061 | loss -6.865 | 114 ms/step (8.81 it/s) | elapsed 0.5 min | ETA this epoch 7.2 min
  step 300/4061 | loss -7.852 | 114 ms/step (8.76 it/s) | elapsed 0.6 min | ETA this epoch 7.2 min
  step 350/4061 | loss -6.088 | 114 ms/step (8.79 it/s) | elapsed 0.7 min | ETA this epoch 7.0 min
  step 400/4061 | loss -6.376 | 113 ms/step (8.87 it/s) | elapsed 0.8 min | ETA this epoch 6.9 min
  step 450/4061 | loss -4.658 | 114 ms/step (8.75 it/s) | elapsed 0.9 min | ETA this epoch 6.9 min
  step 500/4061 | loss -6.404 | 113 ms/step (8.84 it/s) | elapsed 0.9 min | ETA this epoch 6.7 min
  step 550/4061 | loss -8.233 | 112 ms/step (8.90 it/s) | elapsed 1.0 min | ETA this epoch 6.6 min
  step 600/4061 | loss -5.480 | 114 ms/step (8.78 it/s) | elapsed 1.1 min | ETA this epoch 6.6 min
  step 650/4061 | loss -7.823 | 113 ms/step (8.84 it/s) | elapsed 1.2 min | ETA this epoch 6.4 min
  step 700/4061 | loss -8.624 | 114 ms/step (8.78 it/s) | elapsed 1.3 min | ETA this epoch 6.4 min
  step 750/4061 | loss -7.102 | 113 ms/step (8.82 it/s) | elapsed 1.4 min | ETA this epoch 6.3 min
  step 800/4061 | loss -6.412 | 113 ms/step (8.83 it/s) | elapsed 1.5 min | ETA this epoch 6.2 min
  step 850/4061 | loss -5.625 | 113 ms/step (8.87 it/s) | elapsed 1.6 min | ETA this epoch 6.0 min
  step 900/4061 | loss -8.174 | 105 ms/step (9.56 it/s) | elapsed 1.7 min | ETA this epoch 5.5 min
  step 950/4061 | loss -7.760 | 93 ms/step (10.77 it/s) | elapsed 1.8 min | ETA this epoch 4.8 min
  step 1000/4061 | loss -6.713 | 97 ms/step (10.30 it/s) | elapsed 1.9 min | ETA this epoch 5.0 min
  step 1050/4061 | loss -6.044 | 101 ms/step (9.92 it/s) | elapsed 1.9 min | ETA this epoch 5.1 min
  step 1100/4061 | loss -7.521 | 113 ms/step (8.81 it/s) | elapsed 2.0 min | ETA this epoch 5.6 min
  step 1150/4061 | loss -8.615 | 114 ms/step (8.77 it/s) | elapsed 2.1 min | ETA this epoch 5.5 min
  step 1200/4061 | loss -7.757 | 114 ms/step (8.80 it/s) | elapsed 2.2 min | ETA this epoch 5.4 min
  step 1250/4061 | loss -7.815 | 113 ms/step (8.83 it/s) | elapsed 2.3 min | ETA this epoch 5.3 min
  step 1300/4061 | loss -5.545 | 114 ms/step (8.80 it/s) | elapsed 2.4 min | ETA this epoch 5.2 min
  step 1350/4061 | loss -7.620 | 114 ms/step (8.77 it/s) | elapsed 2.5 min | ETA this epoch 5.2 min
  step 1400/4061 | loss -6.854 | 113 ms/step (8.82 it/s) | elapsed 2.6 min | ETA this epoch 5.0 min
  step 1450/4061 | loss -8.163 | 114 ms/step (8.80 it/s) | elapsed 2.7 min | ETA this epoch 4.9 min
  step 1500/4061 | loss -5.548 | 113 ms/step (8.81 it/s) | elapsed 2.8 min | ETA this epoch 4.8 min
  step 1550/4061 | loss -7.987 | 113 ms/step (8.86 it/s) | elapsed 2.9 min | ETA this epoch 4.7 min
  step 1600/4061 | loss -6.468 | 113 ms/step (8.82 it/s) | elapsed 3.0 min | ETA this epoch 4.7 min
  step 1650/4061 | loss -6.818 | 114 ms/step (8.79 it/s) | elapsed 3.1 min | ETA this epoch 4.6 min
  step 1700/4061 | loss -7.728 | 114 ms/step (8.79 it/s) | elapsed 3.2 min | ETA this epoch 4.5 min
  step 1750/4061 | loss -7.207 | 113 ms/step (8.81 it/s) | elapsed 3.3 min | ETA this epoch 4.4 min
  step 1800/4061 | loss -8.068 | 113 ms/step (8.83 it/s) | elapsed 3.4 min | ETA this epoch 4.3 min
  step 1850/4061 | loss -7.921 | 114 ms/step (8.80 it/s) | elapsed 3.5 min | ETA this epoch 4.2 min
  step 1900/4061 | loss -7.263 | 114 ms/step (8.81 it/s) | elapsed 3.5 min | ETA this epoch 4.1 min
  step 1950/4061 | loss -7.337 | 114 ms/step (8.80 it/s) | elapsed 3.6 min | ETA this epoch 4.0 min
  step 2000/4061 | loss -8.453 | 114 ms/step (8.79 it/s) | elapsed 3.7 min | ETA this epoch 3.9 min
  step 2050/4061 | loss -7.757 | 114 ms/step (8.81 it/s) | elapsed 3.8 min | ETA this epoch 3.8 min
  step 2100/4061 | loss -7.749 | 114 ms/step (8.81 it/s) | elapsed 3.9 min | ETA this epoch 3.7 min
  step 2150/4061 | loss -6.854 | 114 ms/step (8.78 it/s) | elapsed 4.0 min | ETA this epoch 3.6 min
  step 2200/4061 | loss -7.091 | 114 ms/step (8.80 it/s) | elapsed 4.1 min | ETA this epoch 3.5 min
  step 2250/4061 | loss -8.366 | 113 ms/step (8.82 it/s) | elapsed 4.2 min | ETA this epoch 3.4 min
  step 2300/4061 | loss -7.256 | 113 ms/step (8.81 it/s) | elapsed 4.3 min | ETA this epoch 3.3 min
  step 2350/4061 | loss -7.824 | 113 ms/step (8.85 it/s) | elapsed 4.4 min | ETA this epoch 3.2 min
  step 2400/4061 | loss -7.407 | 113 ms/step (8.83 it/s) | elapsed 4.5 min | ETA this epoch 3.1 min
  step 2450/4061 | loss -6.798 | 114 ms/step (8.79 it/s) | elapsed 4.6 min | ETA this epoch 3.1 min
  step 2500/4061 | loss -8.415 | 114 ms/step (8.79 it/s) | elapsed 4.7 min | ETA this epoch 3.0 min
  step 2550/4061 | loss -8.016 | 114 ms/step (8.80 it/s) | elapsed 4.8 min | ETA this epoch 2.9 min
  step 2600/4061 | loss -8.902 | 114 ms/step (8.81 it/s) | elapsed 4.9 min | ETA this epoch 2.8 min
  step 2650/4061 | loss -7.111 | 114 ms/step (8.79 it/s) | elapsed 5.0 min | ETA this epoch 2.7 min
  step 2700/4061 | loss -7.698 | 113 ms/step (8.84 it/s) | elapsed 5.1 min | ETA this epoch 2.6 min
  step 2750/4061 | loss -7.760 | 109 ms/step (9.13 it/s) | elapsed 5.1 min | ETA this epoch 2.4 min
  step 2800/4061 | loss -7.194 | 92 ms/step (10.86 it/s) | elapsed 5.2 min | ETA this epoch 1.9 min
  step 2850/4061 | loss -8.337 | 93 ms/step (10.72 it/s) | elapsed 5.3 min | ETA this epoch 1.9 min
  step 2900/4061 | loss -6.474 | 96 ms/step (10.39 it/s) | elapsed 5.4 min | ETA this epoch 1.9 min
  step 2950/4061 | loss -4.362 | 110 ms/step (9.08 it/s) | elapsed 5.5 min | ETA this epoch 2.0 min
  step 3000/4061 | loss -7.113 | 113 ms/step (8.83 it/s) | elapsed 5.6 min | ETA this epoch 2.0 min
  step 3050/4061 | loss -7.494 | 113 ms/step (8.83 it/s) | elapsed 5.7 min | ETA this epoch 1.9 min
  step 3100/4061 | loss -8.084 | 114 ms/step (8.80 it/s) | elapsed 5.8 min | ETA this epoch 1.8 min
  step 3150/4061 | loss -5.846 | 114 ms/step (8.78 it/s) | elapsed 5.9 min | ETA this epoch 1.7 min
  step 3200/4061 | loss -7.070 | 114 ms/step (8.77 it/s) | elapsed 5.9 min | ETA this epoch 1.6 min
  step 3250/4061 | loss -7.030 | 113 ms/step (8.84 it/s) | elapsed 6.0 min | ETA this epoch 1.5 min
  step 3300/4061 | loss -6.778 | 114 ms/step (8.78 it/s) | elapsed 6.1 min | ETA this epoch 1.4 min
  step 3350/4061 | loss -7.011 | 113 ms/step (8.83 it/s) | elapsed 6.2 min | ETA this epoch 1.3 min
  step 3400/4061 | loss -6.840 | 113 ms/step (8.81 it/s) | elapsed 6.3 min | ETA this epoch 1.2 min
  step 3450/4061 | loss -9.070 | 113 ms/step (8.85 it/s) | elapsed 6.4 min | ETA this epoch 1.2 min
  step 3500/4061 | loss -6.292 | 113 ms/step (8.84 it/s) | elapsed 6.5 min | ETA this epoch 1.1 min
  step 3550/4061 | loss -9.100 | 114 ms/step (8.74 it/s) | elapsed 6.6 min | ETA this epoch 1.0 min
  step 3600/4061 | loss -5.941 | 113 ms/step (8.81 it/s) | elapsed 6.7 min | ETA this epoch 0.9 min
  step 3650/4061 | loss -7.672 | 114 ms/step (8.81 it/s) | elapsed 6.8 min | ETA this epoch 0.8 min
  step 3700/4061 | loss -7.524 | 113 ms/step (8.85 it/s) | elapsed 6.9 min | ETA this epoch 0.7 min
  step 3750/4061 | loss -7.146 | 114 ms/step (8.78 it/s) | elapsed 7.0 min | ETA this epoch 0.6 min
  step 3800/4061 | loss -7.706 | 114 ms/step (8.78 it/s) | elapsed 7.1 min | ETA this epoch 0.5 min
  step 3850/4061 | loss -6.844 | 113 ms/step (8.84 it/s) | elapsed 7.2 min | ETA this epoch 0.4 min
  step 3900/4061 | loss -7.194 | 114 ms/step (8.77 it/s) | elapsed 7.3 min | ETA this epoch 0.3 min
  step 3950/4061 | loss -8.534 | 113 ms/step (8.82 it/s) | elapsed 7.4 min | ETA this epoch 0.2 min
  step 4000/4061 | loss -5.767 | 114 ms/step (8.76 it/s) | elapsed 7.5 min | ETA this epoch 0.1 min
  step 4050/4061 | loss -6.623 | 113 ms/step (8.82 it/s) | elapsed 7.6 min | ETA this epoch 0.0 min
Epoch 30/50 | Train -7.306 | Val L1 0.0019 | Val SI-SDR 18.08 dB | Time 7.8 min
Saved best model (SI-SDR 18.08 dB) -> /home/bubai-maji/speech_enhancement/script/propose_ablation3/checkpoint_propose_ab3/best_NGDM_SE.pt
  step 50/4061 | loss -7.726 | 111 ms/step (9.00 it/s) | elapsed 0.1 min | ETA this epoch 7.4 min
  step 100/4061 | loss -5.857 | 114 ms/step (8.78 it/s) | elapsed 0.2 min | ETA this epoch 7.5 min
  step 150/4061 | loss -6.476 | 114 ms/step (8.79 it/s) | elapsed 0.3 min | ETA this epoch 7.4 min
  step 200/4061 | loss -7.913 | 114 ms/step (8.76 it/s) | elapsed 0.4 min | ETA this epoch 7.3 min
  step 250/4061 | loss -6.486 | 113 ms/step (8.81 it/s) | elapsed 0.5 min | ETA this epoch 7.2 min
  step 300/4061 | loss -7.092 | 113 ms/step (8.83 it/s) | elapsed 0.6 min | ETA this epoch 7.1 min
  step 350/4061 | loss -7.001 | 113 ms/step (8.84 it/s) | elapsed 0.7 min | ETA this epoch 7.0 min
  step 400/4061 | loss -9.443 | 115 ms/step (8.71 it/s) | elapsed 0.8 min | ETA this epoch 7.0 min
  step 450/4061 | loss -6.722 | 113 ms/step (8.82 it/s) | elapsed 0.9 min | ETA this epoch 6.8 min
  step 500/4061 | loss -5.705 | 113 ms/step (8.84 it/s) | elapsed 0.9 min | ETA this epoch 6.7 min
  step 550/4061 | loss -7.476 | 113 ms/step (8.82 it/s) | elapsed 1.0 min | ETA this epoch 6.6 min
  step 600/4061 | loss -7.429 | 114 ms/step (8.81 it/s) | elapsed 1.1 min | ETA this epoch 6.5 min
  step 650/4061 | loss -6.086 | 113 ms/step (8.82 it/s) | elapsed 1.2 min | ETA this epoch 6.4 min
  step 700/4061 | loss -7.309 | 113 ms/step (8.86 it/s) | elapsed 1.3 min | ETA this epoch 6.3 min
  step 750/4061 | loss -10.140 | 114 ms/step (8.81 it/s) | elapsed 1.4 min | ETA this epoch 6.3 min
  step 800/4061 | loss -7.666 | 97 ms/step (10.27 it/s) | elapsed 1.5 min | ETA this epoch 5.3 min
  step 850/4061 | loss -8.417 | 98 ms/step (10.20 it/s) | elapsed 1.6 min | ETA this epoch 5.2 min
  step 900/4061 | loss -6.537 | 100 ms/step (9.98 it/s) | elapsed 1.7 min | ETA this epoch 5.3 min
  step 950/4061 | loss -5.155 | 111 ms/step (9.00 it/s) | elapsed 1.8 min | ETA this epoch 5.8 min
  step 1000/4061 | loss -8.280 | 113 ms/step (8.81 it/s) | elapsed 1.9 min | ETA this epoch 5.8 min
  step 1050/4061 | loss -7.850 | 113 ms/step (8.87 it/s) | elapsed 1.9 min | ETA this epoch 5.7 min
  step 1100/4061 | loss -7.812 | 115 ms/step (8.69 it/s) | elapsed 2.0 min | ETA this epoch 5.7 min
  step 1150/4061 | loss -8.202 | 114 ms/step (8.75 it/s) | elapsed 2.1 min | ETA this epoch 5.5 min
  step 1200/4061 | loss -4.780 | 113 ms/step (8.82 it/s) | elapsed 2.2 min | ETA this epoch 5.4 min
  step 1250/4061 | loss -8.077 | 114 ms/step (8.80 it/s) | elapsed 2.3 min | ETA this epoch 5.3 min
  step 1300/4061 | loss -6.902 | 113 ms/step (8.83 it/s) | elapsed 2.4 min | ETA this epoch 5.2 min
  step 1350/4061 | loss -6.823 | 114 ms/step (8.76 it/s) | elapsed 2.5 min | ETA this epoch 5.2 min
  step 1400/4061 | loss -7.396 | 114 ms/step (8.80 it/s) | elapsed 2.6 min | ETA this epoch 5.0 min
  step 1450/4061 | loss -6.175 | 114 ms/step (8.79 it/s) | elapsed 2.7 min | ETA this epoch 4.9 min
  step 1500/4061 | loss -7.184 | 114 ms/step (8.81 it/s) | elapsed 2.8 min | ETA this epoch 4.8 min
  step 1550/4061 | loss -7.436 | 114 ms/step (8.76 it/s) | elapsed 2.9 min | ETA this epoch 4.8 min
  step 1600/4061 | loss -7.350 | 113 ms/step (8.81 it/s) | elapsed 3.0 min | ETA this epoch 4.7 min
  step 1650/4061 | loss -7.652 | 113 ms/step (8.84 it/s) | elapsed 3.1 min | ETA this epoch 4.5 min
  step 1700/4061 | loss -7.279 | 114 ms/step (8.80 it/s) | elapsed 3.2 min | ETA this epoch 4.5 min
  step 1750/4061 | loss -8.888 | 113 ms/step (8.83 it/s) | elapsed 3.3 min | ETA this epoch 4.4 min
  step 1800/4061 | loss -6.638 | 112 ms/step (8.90 it/s) | elapsed 3.4 min | ETA this epoch 4.2 min
  step 1850/4061 | loss -8.027 | 114 ms/step (8.79 it/s) | elapsed 3.5 min | ETA this epoch 4.2 min
  step 1900/4061 | loss -5.860 | 114 ms/step (8.81 it/s) | elapsed 3.6 min | ETA this epoch 4.1 min
  step 1950/4061 | loss -7.299 | 113 ms/step (8.83 it/s) | elapsed 3.6 min | ETA this epoch 4.0 min
  step 2000/4061 | loss -6.487 | 113 ms/step (8.81 it/s) | elapsed 3.7 min | ETA this epoch 3.9 min
  step 2050/4061 | loss -5.808 | 118 ms/step (8.45 it/s) | elapsed 3.8 min | ETA this epoch 4.0 min
  step 2100/4061 | loss -7.285 | 113 ms/step (8.82 it/s) | elapsed 3.9 min | ETA this epoch 3.7 min
  step 2150/4061 | loss -6.995 | 114 ms/step (8.78 it/s) | elapsed 4.0 min | ETA this epoch 3.6 min
  step 2200/4061 | loss -6.862 | 114 ms/step (8.80 it/s) | elapsed 4.1 min | ETA this epoch 3.5 min
  step 2250/4061 | loss -8.577 | 114 ms/step (8.80 it/s) | elapsed 4.2 min | ETA this epoch 3.4 min
  step 2300/4061 | loss -6.537 | 113 ms/step (8.81 it/s) | elapsed 4.3 min | ETA this epoch 3.3 min
  step 2350/4061 | loss -7.111 | 114 ms/step (8.78 it/s) | elapsed 4.4 min | ETA this epoch 3.2 min
  step 2400/4061 | loss -7.901 | 113 ms/step (8.82 it/s) | elapsed 4.5 min | ETA this epoch 3.1 min
  step 2450/4061 | loss -6.686 | 114 ms/step (8.80 it/s) | elapsed 4.6 min | ETA this epoch 3.1 min
  step 2500/4061 | loss -6.629 | 114 ms/step (8.80 it/s) | elapsed 4.7 min | ETA this epoch 3.0 min
  step 2550/4061 | loss -9.350 | 114 ms/step (8.81 it/s) | elapsed 4.8 min | ETA this epoch 2.9 min
  step 2600/4061 | loss -6.641 | 113 ms/step (8.82 it/s) | elapsed 4.9 min | ETA this epoch 2.8 min
  step 2650/4061 | loss -8.846 | 113 ms/step (8.83 it/s) | elapsed 5.0 min | ETA this epoch 2.7 min
  step 2700/4061 | loss -7.317 | 114 ms/step (8.80 it/s) | elapsed 5.1 min | ETA this epoch 2.6 min
  step 2750/4061 | loss -7.149 | 114 ms/step (8.78 it/s) | elapsed 5.2 min | ETA this epoch 2.5 min
  step 2800/4061 | loss -5.966 | 102 ms/step (9.77 it/s) | elapsed 5.3 min | ETA this epoch 2.2 min
  step 2850/4061 | loss -7.739 | 94 ms/step (10.65 it/s) | elapsed 5.3 min | ETA this epoch 1.9 min
  step 2900/4061 | loss -8.287 | 93 ms/step (10.70 it/s) | elapsed 5.4 min | ETA this epoch 1.8 min
  step 2950/4061 | loss -6.567 | 98 ms/step (10.18 it/s) | elapsed 5.5 min | ETA this epoch 1.8 min
  step 3000/4061 | loss -7.255 | 114 ms/step (8.75 it/s) | elapsed 5.6 min | ETA this epoch 2.0 min
  step 3050/4061 | loss -8.458 | 114 ms/step (8.75 it/s) | elapsed 5.7 min | ETA this epoch 1.9 min
  step 3100/4061 | loss -7.094 | 113 ms/step (8.82 it/s) | elapsed 5.8 min | ETA this epoch 1.8 min
  step 3150/4061 | loss -7.989 | 113 ms/step (8.81 it/s) | elapsed 5.9 min | ETA this epoch 1.7 min
  step 3200/4061 | loss -8.130 | 113 ms/step (8.82 it/s) | elapsed 6.0 min | ETA this epoch 1.6 min
  step 3250/4061 | loss -6.471 | 114 ms/step (8.79 it/s) | elapsed 6.1 min | ETA this epoch 1.5 min
  step 3300/4061 | loss -6.052 | 113 ms/step (8.81 it/s) | elapsed 6.2 min | ETA this epoch 1.4 min
  step 3350/4061 | loss -7.078 | 113 ms/step (8.82 it/s) | elapsed 6.2 min | ETA this epoch 1.3 min
  step 3400/4061 | loss -6.932 | 114 ms/step (8.80 it/s) | elapsed 6.3 min | ETA this epoch 1.3 min
  step 3450/4061 | loss -6.617 | 113 ms/step (8.85 it/s) | elapsed 6.4 min | ETA this epoch 1.2 min
  step 3500/4061 | loss -8.776 | 113 ms/step (8.84 it/s) | elapsed 6.5 min | ETA this epoch 1.1 min
  step 3550/4061 | loss -7.235 | 114 ms/step (8.78 it/s) | elapsed 6.6 min | ETA this epoch 1.0 min
  step 3600/4061 | loss -6.914 | 113 ms/step (8.81 it/s) | elapsed 6.7 min | ETA this epoch 0.9 min
  step 3650/4061 | loss -6.249 | 114 ms/step (8.80 it/s) | elapsed 6.8 min | ETA this epoch 0.8 min
  step 3700/4061 | loss -6.833 | 113 ms/step (8.81 it/s) | elapsed 6.9 min | ETA this epoch 0.7 min
  step 3750/4061 | loss -7.884 | 114 ms/step (8.81 it/s) | elapsed 7.0 min | ETA this epoch 0.6 min
  step 3800/4061 | loss -9.866 | 113 ms/step (8.87 it/s) | elapsed 7.1 min | ETA this epoch 0.5 min
  step 3850/4061 | loss -8.536 | 114 ms/step (8.81 it/s) | elapsed 7.2 min | ETA this epoch 0.4 min
  step 3900/4061 | loss -6.990 | 113 ms/step (8.83 it/s) | elapsed 7.3 min | ETA this epoch 0.3 min
  step 3950/4061 | loss -7.340 | 113 ms/step (8.84 it/s) | elapsed 7.4 min | ETA this epoch 0.2 min
  step 4000/4061 | loss -7.845 | 114 ms/step (8.80 it/s) | elapsed 7.5 min | ETA this epoch 0.1 min
  step 4050/4061 | loss -7.021 | 114 ms/step (8.74 it/s) | elapsed 7.6 min | ETA this epoch 0.0 min
Epoch 31/50 | Train -7.318 | Val L1 0.0019 | Val SI-SDR 18.06 dB | Time 7.8 min
EarlyStopping counter: 1/7
  step 50/4061 | loss -7.322 | 114 ms/step (8.79 it/s) | elapsed 0.1 min | ETA this epoch 7.6 min
  step 100/4061 | loss -7.671 | 114 ms/step (8.76 it/s) | elapsed 0.2 min | ETA this epoch 7.5 min
  step 150/4061 | loss -7.094 | 114 ms/step (8.80 it/s) | elapsed 0.3 min | ETA this epoch 7.4 min
  step 200/4061 | loss -6.886 | 113 ms/step (8.82 it/s) | elapsed 0.4 min | ETA this epoch 7.3 min
  step 250/4061 | loss -6.033 | 114 ms/step (8.80 it/s) | elapsed 0.5 min | ETA this epoch 7.2 min
  step 300/4061 | loss -6.227 | 114 ms/step (8.79 it/s) | elapsed 0.6 min | ETA this epoch 7.1 min
  step 350/4061 | loss -7.419 | 113 ms/step (8.85 it/s) | elapsed 0.7 min | ETA this epoch 7.0 min
  step 400/4061 | loss -6.203 | 113 ms/step (8.85 it/s) | elapsed 0.8 min | ETA this epoch 6.9 min
  step 450/4061 | loss -6.836 | 113 ms/step (8.82 it/s) | elapsed 0.9 min | ETA this epoch 6.8 min
  step 500/4061 | loss -7.642 | 113 ms/step (8.87 it/s) | elapsed 0.9 min | ETA this epoch 6.7 min
  step 550/4061 | loss -8.877 | 114 ms/step (8.79 it/s) | elapsed 1.0 min | ETA this epoch 6.7 min
  step 600/4061 | loss -7.488 | 112 ms/step (8.94 it/s) | elapsed 1.1 min | ETA this epoch 6.5 min
  step 650/4061 | loss -8.189 | 91 ms/step (11.05 it/s) | elapsed 1.2 min | ETA this epoch 5.1 min
  step 700/4061 | loss -7.402 | 100 ms/step (10.05 it/s) | elapsed 1.3 min | ETA this epoch 5.6 min
  step 750/4061 | loss -8.185 | 95 ms/step (10.50 it/s) | elapsed 1.4 min | ETA this epoch 5.3 min
  step 800/4061 | loss -8.732 | 113 ms/step (8.82 it/s) | elapsed 1.5 min | ETA this epoch 6.2 min
  step 850/4061 | loss -7.973 | 114 ms/step (8.79 it/s) | elapsed 1.6 min | ETA this epoch 6.1 min
  step 900/4061 | loss -6.856 | 114 ms/step (8.79 it/s) | elapsed 1.7 min | ETA this epoch 6.0 min
  step 950/4061 | loss -6.396 | 114 ms/step (8.80 it/s) | elapsed 1.7 min | ETA this epoch 5.9 min
  step 1000/4061 | loss -7.438 | 114 ms/step (8.81 it/s) | elapsed 1.8 min | ETA this epoch 5.8 min
  step 1050/4061 | loss -6.999 | 113 ms/step (8.83 it/s) | elapsed 1.9 min | ETA this epoch 5.7 min
  step 1100/4061 | loss -7.385 | 113 ms/step (8.82 it/s) | elapsed 2.0 min | ETA this epoch 5.6 min
  step 1150/4061 | loss -7.584 | 114 ms/step (8.81 it/s) | elapsed 2.1 min | ETA this epoch 5.5 min
  step 1200/4061 | loss -6.975 | 114 ms/step (8.80 it/s) | elapsed 2.2 min | ETA this epoch 5.4 min
  step 1250/4061 | loss -7.612 | 113 ms/step (8.82 it/s) | elapsed 2.3 min | ETA this epoch 5.3 min
  step 1300/4061 | loss -6.453 | 114 ms/step (8.78 it/s) | elapsed 2.4 min | ETA this epoch 5.2 min
  step 1350/4061 | loss -6.402 | 114 ms/step (8.79 it/s) | elapsed 2.5 min | ETA this epoch 5.1 min
  step 1400/4061 | loss -6.885 | 113 ms/step (8.84 it/s) | elapsed 2.6 min | ETA this epoch 5.0 min
  step 1450/4061 | loss -8.327 | 114 ms/step (8.80 it/s) | elapsed 2.7 min | ETA this epoch 4.9 min
  step 1500/4061 | loss -6.429 | 113 ms/step (8.82 it/s) | elapsed 2.8 min | ETA this epoch 4.8 min
  step 1550/4061 | loss -6.983 | 113 ms/step (8.82 it/s) | elapsed 2.9 min | ETA this epoch 4.7 min
  step 1600/4061 | loss -6.934 | 114 ms/step (8.79 it/s) | elapsed 3.0 min | ETA this epoch 4.7 min
  step 1650/4061 | loss -8.687 | 113 ms/step (8.82 it/s) | elapsed 3.1 min | ETA this epoch 4.6 min
  step 1700/4061 | loss -7.917 | 114 ms/step (8.77 it/s) | elapsed 3.2 min | ETA this epoch 4.5 min
  step 1750/4061 | loss -7.550 | 114 ms/step (8.79 it/s) | elapsed 3.3 min | ETA this epoch 4.4 min
  step 1800/4061 | loss -6.264 | 114 ms/step (8.78 it/s) | elapsed 3.4 min | ETA this epoch 4.3 min
  step 1850/4061 | loss -6.323 | 113 ms/step (8.84 it/s) | elapsed 3.5 min | ETA this epoch 4.2 min
  step 1900/4061 | loss -8.238 | 114 ms/step (8.76 it/s) | elapsed 3.5 min | ETA this epoch 4.1 min
  step 1950/4061 | loss -7.277 | 114 ms/step (8.81 it/s) | elapsed 3.6 min | ETA this epoch 4.0 min
  step 2000/4061 | loss -9.131 | 114 ms/step (8.77 it/s) | elapsed 3.7 min | ETA this epoch 3.9 min
  step 2050/4061 | loss -5.954 | 114 ms/step (8.78 it/s) | elapsed 3.8 min | ETA this epoch 3.8 min
  step 2100/4061 | loss -6.261 | 113 ms/step (8.82 it/s) | elapsed 3.9 min | ETA this epoch 3.7 min
  step 2150/4061 | loss -7.447 | 114 ms/step (8.77 it/s) | elapsed 4.0 min | ETA this epoch 3.6 min
  step 2200/4061 | loss -7.904 | 112 ms/step (8.90 it/s) | elapsed 4.1 min | ETA this epoch 3.5 min
  step 2250/4061 | loss -6.309 | 114 ms/step (8.81 it/s) | elapsed 4.2 min | ETA this epoch 3.4 min
  step 2300/4061 | loss -5.690 | 112 ms/step (8.92 it/s) | elapsed 4.3 min | ETA this epoch 3.3 min
  step 2350/4061 | loss -6.956 | 114 ms/step (8.74 it/s) | elapsed 4.4 min | ETA this epoch 3.3 min
  step 2400/4061 | loss -7.481 | 113 ms/step (8.87 it/s) | elapsed 4.5 min | ETA this epoch 3.1 min
  step 2450/4061 | loss -6.699 | 114 ms/step (8.79 it/s) | elapsed 4.6 min | ETA this epoch 3.1 min
  step 2500/4061 | loss -6.399 | 114 ms/step (8.75 it/s) | elapsed 4.7 min | ETA this epoch 3.0 min
  step 2550/4061 | loss -8.084 | 114 ms/step (8.76 it/s) | elapsed 4.8 min | ETA this epoch 2.9 min
  step 2600/4061 | loss -7.261 | 114 ms/step (8.77 it/s) | elapsed 4.9 min | ETA this epoch 2.8 min
  step 2650/4061 | loss -8.035 | 113 ms/step (8.84 it/s) | elapsed 5.0 min | ETA this epoch 2.7 min
  step 2700/4061 | loss -7.372 | 114 ms/step (8.78 it/s) | elapsed 5.1 min | ETA this epoch 2.6 min
  step 2750/4061 | loss -7.434 | 113 ms/step (8.82 it/s) | elapsed 5.2 min | ETA this epoch 2.5 min
  step 2800/4061 | loss -7.098 | 114 ms/step (8.80 it/s) | elapsed 5.3 min | ETA this epoch 2.4 min
  step 2850/4061 | loss -6.701 | 97 ms/step (10.35 it/s) | elapsed 5.3 min | ETA this epoch 2.0 min
  step 2900/4061 | loss -9.401 | 92 ms/step (10.84 it/s) | elapsed 5.4 min | ETA this epoch 1.8 min
  step 2950/4061 | loss -7.093 | 97 ms/step (10.27 it/s) | elapsed 5.5 min | ETA this epoch 1.8 min
  step 3000/4061 | loss -9.107 | 102 ms/step (9.78 it/s) | elapsed 5.6 min | ETA this epoch 1.8 min
  step 3050/4061 | loss -7.785 | 114 ms/step (8.81 it/s) | elapsed 5.7 min | ETA this epoch 1.9 min
  step 3100/4061 | loss -7.815 | 113 ms/step (8.85 it/s) | elapsed 5.8 min | ETA this epoch 1.8 min
  step 3150/4061 | loss -7.727 | 114 ms/step (8.78 it/s) | elapsed 5.9 min | ETA this epoch 1.7 min
  step 3200/4061 | loss -8.040 | 114 ms/step (8.79 it/s) | elapsed 6.0 min | ETA this epoch 1.6 min
  step 3250/4061 | loss -8.421 | 112 ms/step (8.91 it/s) | elapsed 6.0 min | ETA this epoch 1.5 min
  step 3300/4061 | loss -6.480 | 113 ms/step (8.81 it/s) | elapsed 6.1 min | ETA this epoch 1.4 min
  step 3350/4061 | loss -7.474 | 117 ms/step (8.57 it/s) | elapsed 6.2 min | ETA this epoch 1.4 min
  step 3400/4061 | loss -8.036 | 114 ms/step (8.78 it/s) | elapsed 6.3 min | ETA this epoch 1.3 min
  step 3450/4061 | loss -6.113 | 113 ms/step (8.81 it/s) | elapsed 6.4 min | ETA this epoch 1.2 min
  step 3500/4061 | loss -8.699 | 114 ms/step (8.73 it/s) | elapsed 6.5 min | ETA this epoch 1.1 min
  step 3550/4061 | loss -6.550 | 115 ms/step (8.73 it/s) | elapsed 6.6 min | ETA this epoch 1.0 min
  step 3600/4061 | loss -8.817 | 114 ms/step (8.75 it/s) | elapsed 6.7 min | ETA this epoch 0.9 min
  step 3650/4061 | loss -6.786 | 117 ms/step (8.53 it/s) | elapsed 6.8 min | ETA this epoch 0.8 min
  step 3700/4061 | loss -7.841 | 114 ms/step (8.79 it/s) | elapsed 6.9 min | ETA this epoch 0.7 min
  step 3750/4061 | loss -6.499 | 115 ms/step (8.67 it/s) | elapsed 7.0 min | ETA this epoch 0.6 min
  step 3800/4061 | loss -7.427 | 113 ms/step (8.82 it/s) | elapsed 7.1 min | ETA this epoch 0.5 min
  step 3850/4061 | loss -6.538 | 114 ms/step (8.79 it/s) | elapsed 7.2 min | ETA this epoch 0.4 min
  step 3900/4061 | loss -9.646 | 114 ms/step (8.80 it/s) | elapsed 7.3 min | ETA this epoch 0.3 min
  step 3950/4061 | loss -9.250 | 114 ms/step (8.81 it/s) | elapsed 7.4 min | ETA this epoch 0.2 min
  step 4000/4061 | loss -6.657 | 114 ms/step (8.79 it/s) | elapsed 7.5 min | ETA this epoch 0.1 min
  step 4050/4061 | loss -7.757 | 113 ms/step (8.82 it/s) | elapsed 7.6 min | ETA this epoch 0.0 min
Epoch 32/50 | Train -7.328 | Val L1 0.0019 | Val SI-SDR 18.05 dB | Time 7.8 min
EarlyStopping counter: 2/7
  step 50/4061 | loss -7.715 | 114 ms/step (8.77 it/s) | elapsed 0.1 min | ETA this epoch 7.6 min
  step 100/4061 | loss -8.214 | 114 ms/step (8.80 it/s) | elapsed 0.2 min | ETA this epoch 7.5 min
  step 150/4061 | loss -7.984 | 113 ms/step (8.85 it/s) | elapsed 0.3 min | ETA this epoch 7.4 min
  step 200/4061 | loss -7.594 | 114 ms/step (8.80 it/s) | elapsed 0.4 min | ETA this epoch 7.3 min
  step 250/4061 | loss -6.399 | 113 ms/step (8.83 it/s) | elapsed 0.5 min | ETA this epoch 7.2 min
  step 300/4061 | loss -7.624 | 114 ms/step (8.76 it/s) | elapsed 0.6 min | ETA this epoch 7.2 min
  step 350/4061 | loss -8.147 | 113 ms/step (8.83 it/s) | elapsed 0.7 min | ETA this epoch 7.0 min
  step 400/4061 | loss -7.597 | 114 ms/step (8.78 it/s) | elapsed 0.8 min | ETA this epoch 6.9 min
  step 450/4061 | loss -7.683 | 111 ms/step (9.04 it/s) | elapsed 0.8 min | ETA this epoch 6.7 min
  step 500/4061 | loss -7.186 | 96 ms/step (10.44 it/s) | elapsed 0.9 min | ETA this epoch 5.7 min
  step 550/4061 | loss -8.234 | 98 ms/step (10.22 it/s) | elapsed 1.0 min | ETA this epoch 5.7 min
  step 600/4061 | loss -6.603 | 101 ms/step (9.85 it/s) | elapsed 1.1 min | ETA this epoch 5.9 min
  step 650/4061 | loss -6.962 | 114 ms/step (8.79 it/s) | elapsed 1.2 min | ETA this epoch 6.5 min
  step 700/4061 | loss -7.097 | 113 ms/step (8.86 it/s) | elapsed 1.3 min | ETA this epoch 6.3 min
  step 750/4061 | loss -8.142 | 113 ms/step (8.84 it/s) | elapsed 1.4 min | ETA this epoch 6.2 min
  step 800/4061 | loss -6.847 | 114 ms/step (8.79 it/s) | elapsed 1.5 min | ETA this epoch 6.2 min
  step 850/4061 | loss -7.958 | 114 ms/step (8.80 it/s) | elapsed 1.6 min | ETA this epoch 6.1 min
  step 900/4061 | loss -8.306 | 113 ms/step (8.83 it/s) | elapsed 1.7 min | ETA this epoch 6.0 min
  step 950/4061 | loss -6.800 | 113 ms/step (8.82 it/s) | elapsed 1.8 min | ETA this epoch 5.9 min
  step 1000/4061 | loss -6.933 | 113 ms/step (8.83 it/s) | elapsed 1.9 min | ETA this epoch 5.8 min
  step 1050/4061 | loss -7.129 | 114 ms/step (8.78 it/s) | elapsed 1.9 min | ETA this epoch 5.7 min
  step 1100/4061 | loss -7.050 | 114 ms/step (8.80 it/s) | elapsed 2.0 min | ETA this epoch 5.6 min
  step 1150/4061 | loss -9.426 | 114 ms/step (8.81 it/s) | elapsed 2.1 min | ETA this epoch 5.5 min
  step 1200/4061 | loss -6.592 | 114 ms/step (8.80 it/s) | elapsed 2.2 min | ETA this epoch 5.4 min
  step 1250/4061 | loss -6.728 | 113 ms/step (8.85 it/s) | elapsed 2.3 min | ETA this epoch 5.3 min
  step 1300/4061 | loss -6.738 | 114 ms/step (8.75 it/s) | elapsed 2.4 min | ETA this epoch 5.3 min
  step 1350/4061 | loss -6.217 | 114 ms/step (8.80 it/s) | elapsed 2.5 min | ETA this epoch 5.1 min
  step 1400/4061 | loss -8.603 | 114 ms/step (8.80 it/s) | elapsed 2.6 min | ETA this epoch 5.0 min
  step 1450/4061 | loss -6.265 | 114 ms/step (8.78 it/s) | elapsed 2.7 min | ETA this epoch 5.0 min
  step 1500/4061 | loss -7.663 | 113 ms/step (8.82 it/s) | elapsed 2.8 min | ETA this epoch 4.8 min
  step 1550/4061 | loss -7.822 | 113 ms/step (8.84 it/s) | elapsed 2.9 min | ETA this epoch 4.7 min
  step 1600/4061 | loss -9.476 | 113 ms/step (8.85 it/s) | elapsed 3.0 min | ETA this epoch 4.6 min
  step 1650/4061 | loss -8.248 | 113 ms/step (8.84 it/s) | elapsed 3.1 min | ETA this epoch 4.5 min
  step 1700/4061 | loss -7.120 | 113 ms/step (8.84 it/s) | elapsed 3.2 min | ETA this epoch 4.5 min
  step 1750/4061 | loss -8.510 | 113 ms/step (8.84 it/s) | elapsed 3.3 min | ETA this epoch 4.4 min
  step 1800/4061 | loss -7.577 | 114 ms/step (8.80 it/s) | elapsed 3.4 min | ETA this epoch 4.3 min
  step 1850/4061 | loss -8.041 | 114 ms/step (8.79 it/s) | elapsed 3.5 min | ETA this epoch 4.2 min
  step 1900/4061 | loss -6.962 | 114 ms/step (8.79 it/s) | elapsed 3.6 min | ETA this epoch 4.1 min
  step 1950/4061 | loss -7.553 | 113 ms/step (8.82 it/s) | elapsed 3.6 min | ETA this epoch 4.0 min
  step 2000/4061 | loss -7.671 | 114 ms/step (8.81 it/s) | elapsed 3.7 min | ETA this epoch 3.9 min
  step 2050/4061 | loss -7.817 | 113 ms/step (8.84 it/s) | elapsed 3.8 min | ETA this epoch 3.8 min
  step 2100/4061 | loss -8.112 | 114 ms/step (8.80 it/s) | elapsed 3.9 min | ETA this epoch 3.7 min
  step 2150/4061 | loss -7.452 | 112 ms/step (8.91 it/s) | elapsed 4.0 min | ETA this epoch 3.6 min
  step 2200/4061 | loss -5.936 | 114 ms/step (8.78 it/s) | elapsed 4.1 min | ETA this epoch 3.5 min
  step 2250/4061 | loss -5.458 | 113 ms/step (8.82 it/s) | elapsed 4.2 min | ETA this epoch 3.4 min
  step 2300/4061 | loss -6.915 | 114 ms/step (8.77 it/s) | elapsed 4.3 min | ETA this epoch 3.3 min
  step 2350/4061 | loss -6.994 | 113 ms/step (8.84 it/s) | elapsed 4.4 min | ETA this epoch 3.2 min
  step 2400/4061 | loss -8.877 | 113 ms/step (8.83 it/s) | elapsed 4.5 min | ETA this epoch 3.1 min
  step 2450/4061 | loss -6.869 | 113 ms/step (8.86 it/s) | elapsed 4.6 min | ETA this epoch 3.0 min
  step 2500/4061 | loss -7.762 | 113 ms/step (8.81 it/s) | elapsed 4.7 min | ETA this epoch 3.0 min
  step 2550/4061 | loss -7.670 | 113 ms/step (8.84 it/s) | elapsed 4.8 min | ETA this epoch 2.9 min
  step 2600/4061 | loss -6.230 | 114 ms/step (8.80 it/s) | elapsed 4.9 min | ETA this epoch 2.8 min
  step 2650/4061 | loss -6.435 | 114 ms/step (8.79 it/s) | elapsed 5.0 min | ETA this epoch 2.7 min
  step 2700/4061 | loss -6.599 | 114 ms/step (8.81 it/s) | elapsed 5.1 min | ETA this epoch 2.6 min
  step 2750/4061 | loss -5.027 | 113 ms/step (8.84 it/s) | elapsed 5.2 min | ETA this epoch 2.5 min
  step 2800/4061 | loss -8.447 | 113 ms/step (8.86 it/s) | elapsed 5.3 min | ETA this epoch 2.4 min
  step 2850/4061 | loss -8.229 | 104 ms/step (9.58 it/s) | elapsed 5.3 min | ETA this epoch 2.1 min
  step 2900/4061 | loss -8.266 | 94 ms/step (10.69 it/s) | elapsed 5.4 min | ETA this epoch 1.8 min
  step 2950/4061 | loss -7.262 | 96 ms/step (10.42 it/s) | elapsed 5.5 min | ETA this epoch 1.8 min
  step 3000/4061 | loss -6.726 | 94 ms/step (10.64 it/s) | elapsed 5.6 min | ETA this epoch 1.7 min
  step 3050/4061 | loss -6.445 | 112 ms/step (8.89 it/s) | elapsed 5.7 min | ETA this epoch 1.9 min
  step 3100/4061 | loss -6.167 | 114 ms/step (8.80 it/s) | elapsed 5.8 min | ETA this epoch 1.8 min
  step 3150/4061 | loss -7.856 | 115 ms/step (8.73 it/s) | elapsed 5.9 min | ETA this epoch 1.7 min
  step 3200/4061 | loss -6.499 | 113 ms/step (8.82 it/s) | elapsed 6.0 min | ETA this epoch 1.6 min
  step 3250/4061 | loss -6.866 | 114 ms/step (8.81 it/s) | elapsed 6.1 min | ETA this epoch 1.5 min
  step 3300/4061 | loss -7.096 | 113 ms/step (8.82 it/s) | elapsed 6.1 min | ETA this epoch 1.4 min
  step 3350/4061 | loss -8.424 | 114 ms/step (8.76 it/s) | elapsed 6.2 min | ETA this epoch 1.4 min
  step 3400/4061 | loss -6.514 | 113 ms/step (8.82 it/s) | elapsed 6.3 min | ETA this epoch 1.2 min
  step 3450/4061 | loss -6.628 | 114 ms/step (8.81 it/s) | elapsed 6.4 min | ETA this epoch 1.2 min
  step 3500/4061 | loss -7.624 | 115 ms/step (8.69 it/s) | elapsed 6.5 min | ETA this epoch 1.1 min
  step 3550/4061 | loss -8.007 | 114 ms/step (8.79 it/s) | elapsed 6.6 min | ETA this epoch 1.0 min
  step 3600/4061 | loss -5.778 | 113 ms/step (8.86 it/s) | elapsed 6.7 min | ETA this epoch 0.9 min
  step 3650/4061 | loss -8.396 | 113 ms/step (8.82 it/s) | elapsed 6.8 min | ETA this epoch 0.8 min
  step 3700/4061 | loss -10.136 | 114 ms/step (8.81 it/s) | elapsed 6.9 min | ETA this epoch 0.7 min
  step 3750/4061 | loss -6.929 | 113 ms/step (8.81 it/s) | elapsed 7.0 min | ETA this epoch 0.6 min
  step 3800/4061 | loss -8.104 | 114 ms/step (8.78 it/s) | elapsed 7.1 min | ETA this epoch 0.5 min
  step 3850/4061 | loss -8.017 | 113 ms/step (8.83 it/s) | elapsed 7.2 min | ETA this epoch 0.4 min
  step 3900/4061 | loss -7.597 | 113 ms/step (8.82 it/s) | elapsed 7.3 min | ETA this epoch 0.3 min
  step 3950/4061 | loss -6.871 | 113 ms/step (8.83 it/s) | elapsed 7.4 min | ETA this epoch 0.2 min
  step 4000/4061 | loss -5.719 | 114 ms/step (8.76 it/s) | elapsed 7.5 min | ETA this epoch 0.1 min
  step 4050/4061 | loss -7.695 | 114 ms/step (8.77 it/s) | elapsed 7.6 min | ETA this epoch 0.0 min
Epoch 33/50 | Train -7.320 | Val L1 0.0019 | Val SI-SDR 18.12 dB | Time 7.8 min
Saved best model (SI-SDR 18.12 dB) -> /home/bubai-maji/speech_enhancement/script/propose_ablation3/checkpoint_propose_ab3/best_NGDM_SE.pt
  step 50/4061 | loss -6.431 | 114 ms/step (8.78 it/s) | elapsed 0.1 min | ETA this epoch 7.6 min
  step 100/4061 | loss -6.162 | 113 ms/step (8.83 it/s) | elapsed 0.2 min | ETA this epoch 7.5 min
  step 150/4061 | loss -5.703 | 114 ms/step (8.81 it/s) | elapsed 0.3 min | ETA this epoch 7.4 min
  step 200/4061 | loss -7.567 | 114 ms/step (8.79 it/s) | elapsed 0.4 min | ETA this epoch 7.3 min
  step 250/4061 | loss -7.569 | 114 ms/step (8.75 it/s) | elapsed 0.5 min | ETA this epoch 7.3 min
  step 300/4061 | loss -7.651 | 105 ms/step (9.57 it/s) | elapsed 0.6 min | ETA this epoch 6.6 min
  step 350/4061 | loss -6.437 | 99 ms/step (10.10 it/s) | elapsed 0.6 min | ETA this epoch 6.1 min
  step 400/4061 | loss -7.670 | 99 ms/step (10.11 it/s) | elapsed 0.7 min | ETA this epoch 6.0 min
  step 450/4061 | loss -7.605 | 107 ms/step (9.32 it/s) | elapsed 0.8 min | ETA this epoch 6.5 min
  step 500/4061 | loss -7.030 | 114 ms/step (8.78 it/s) | elapsed 0.9 min | ETA this epoch 6.8 min
  step 550/4061 | loss -7.779 | 114 ms/step (8.80 it/s) | elapsed 1.0 min | ETA this epoch 6.7 min
  step 600/4061 | loss -5.670 | 114 ms/step (8.78 it/s) | elapsed 1.1 min | ETA this epoch 6.6 min
  step 650/4061 | loss -6.407 | 114 ms/step (8.79 it/s) | elapsed 1.2 min | ETA this epoch 6.5 min
  step 700/4061 | loss -7.096 | 113 ms/step (8.82 it/s) | elapsed 1.3 min | ETA this epoch 6.4 min
  step 750/4061 | loss -7.621 | 114 ms/step (8.80 it/s) | elapsed 1.4 min | ETA this epoch 6.3 min
  step 800/4061 | loss -6.507 | 113 ms/step (8.82 it/s) | elapsed 1.5 min | ETA this epoch 6.2 min
  step 850/4061 | loss -7.322 | 114 ms/step (8.81 it/s) | elapsed 1.6 min | ETA this epoch 6.1 min
  step 900/4061 | loss -6.671 | 114 ms/step (8.81 it/s) | elapsed 1.7 min | ETA this epoch 6.0 min
  step 950/4061 | loss -10.653 | 114 ms/step (8.76 it/s) | elapsed 1.8 min | ETA this epoch 5.9 min
  step 1000/4061 | loss -7.008 | 113 ms/step (8.84 it/s) | elapsed 1.9 min | ETA this epoch 5.8 min
  step 1050/4061 | loss -5.558 | 113 ms/step (8.88 it/s) | elapsed 2.0 min | ETA this epoch 5.7 min
  step 1100/4061 | loss -8.105 | 113 ms/step (8.82 it/s) | elapsed 2.0 min | ETA this epoch 5.6 min
  step 1150/4061 | loss -8.150 | 113 ms/step (8.86 it/s) | elapsed 2.1 min | ETA this epoch 5.5 min
  step 1200/4061 | loss -6.976 | 115 ms/step (8.70 it/s) | elapsed 2.2 min | ETA this epoch 5.5 min
  step 1250/4061 | loss -7.860 | 113 ms/step (8.83 it/s) | elapsed 2.3 min | ETA this epoch 5.3 min
  step 1300/4061 | loss -7.115 | 114 ms/step (8.79 it/s) | elapsed 2.4 min | ETA this epoch 5.2 min
  step 1350/4061 | loss -6.936 | 114 ms/step (8.78 it/s) | elapsed 2.5 min | ETA this epoch 5.1 min
  step 1400/4061 | loss -7.043 | 114 ms/step (8.80 it/s) | elapsed 2.6 min | ETA this epoch 5.0 min
  step 1450/4061 | loss -7.087 | 113 ms/step (8.84 it/s) | elapsed 2.7 min | ETA this epoch 4.9 min
  step 1500/4061 | loss -5.841 | 113 ms/step (8.87 it/s) | elapsed 2.8 min | ETA this epoch 4.8 min
  step 1550/4061 | loss -8.235 | 113 ms/step (8.82 it/s) | elapsed 2.9 min | ETA this epoch 4.7 min
  step 1600/4061 | loss -6.883 | 113 ms/step (8.81 it/s) | elapsed 3.0 min | ETA this epoch 4.7 min
  step 1650/4061 | loss -7.840 | 114 ms/step (8.79 it/s) | elapsed 3.1 min | ETA this epoch 4.6 min
  step 1700/4061 | loss -6.581 | 114 ms/step (8.80 it/s) | elapsed 3.2 min | ETA this epoch 4.5 min
  step 1750/4061 | loss -7.910 | 115 ms/step (8.69 it/s) | elapsed 3.3 min | ETA this epoch 4.4 min
  step 1800/4061 | loss -7.800 | 114 ms/step (8.74 it/s) | elapsed 3.4 min | ETA this epoch 4.3 min
  step 1850/4061 | loss -11.600 | 114 ms/step (8.79 it/s) | elapsed 3.5 min | ETA this epoch 4.2 min
  step 1900/4061 | loss -6.538 | 114 ms/step (8.80 it/s) | elapsed 3.6 min | ETA this epoch 4.1 min
  step 1950/4061 | loss -7.244 | 113 ms/step (8.82 it/s) | elapsed 3.7 min | ETA this epoch 4.0 min
  step 2000/4061 | loss -6.827 | 113 ms/step (8.86 it/s) | elapsed 3.8 min | ETA this epoch 3.9 min
  step 2050/4061 | loss -7.611 | 114 ms/step (8.78 it/s) | elapsed 3.8 min | ETA this epoch 3.8 min
  step 2100/4061 | loss -5.746 | 114 ms/step (8.77 it/s) | elapsed 3.9 min | ETA this epoch 3.7 min
  step 2150/4061 | loss -6.820 | 114 ms/step (8.77 it/s) | elapsed 4.0 min | ETA this epoch 3.6 min
  step 2200/4061 | loss -6.900 | 113 ms/step (8.82 it/s) | elapsed 4.1 min | ETA this epoch 3.5 min
  step 2250/4061 | loss -7.240 | 114 ms/step (8.79 it/s) | elapsed 4.2 min | ETA this epoch 3.4 min
  step 2300/4061 | loss -6.951 | 113 ms/step (8.81 it/s) | elapsed 4.3 min | ETA this epoch 3.3 min
  step 2350/4061 | loss -7.204 | 114 ms/step (8.81 it/s) | elapsed 4.4 min | ETA this epoch 3.2 min
  step 2400/4061 | loss -8.905 | 113 ms/step (8.84 it/s) | elapsed 4.5 min | ETA this epoch 3.1 min
  step 2450/4061 | loss -6.795 | 114 ms/step (8.80 it/s) | elapsed 4.6 min | ETA this epoch 3.1 min
  step 2500/4061 | loss -6.903 | 114 ms/step (8.81 it/s) | elapsed 4.7 min | ETA this epoch 3.0 min
  step 2550/4061 | loss -5.780 | 112 ms/step (8.89 it/s) | elapsed 4.8 min | ETA this epoch 2.8 min
  step 2600/4061 | loss -7.562 | 113 ms/step (8.83 it/s) | elapsed 4.9 min | ETA this epoch 2.8 min
  step 2650/4061 | loss -6.793 | 114 ms/step (8.75 it/s) | elapsed 5.0 min | ETA this epoch 2.7 min
  step 2700/4061 | loss -9.146 | 113 ms/step (8.87 it/s) | elapsed 5.1 min | ETA this epoch 2.6 min
  step 2750/4061 | loss -7.371 | 115 ms/step (8.71 it/s) | elapsed 5.2 min | ETA this epoch 2.5 min
  step 2800/4061 | loss -7.432 | 113 ms/step (8.82 it/s) | elapsed 5.3 min | ETA this epoch 2.4 min
  step 2850/4061 | loss -6.458 | 113 ms/step (8.81 it/s) | elapsed 5.4 min | ETA this epoch 2.3 min
  step 2900/4061 | loss -7.861 | 93 ms/step (10.70 it/s) | elapsed 5.4 min | ETA this epoch 1.8 min
  step 2950/4061 | loss -6.399 | 93 ms/step (10.80 it/s) | elapsed 5.5 min | ETA this epoch 1.7 min
  step 3000/4061 | loss -7.981 | 94 ms/step (10.69 it/s) | elapsed 5.6 min | ETA this epoch 1.7 min
  step 3050/4061 | loss -6.486 | 96 ms/step (10.38 it/s) | elapsed 5.7 min | ETA this epoch 1.6 min
  step 3100/4061 | loss -6.538 | 114 ms/step (8.79 it/s) | elapsed 5.8 min | ETA this epoch 1.8 min
  step 3150/4061 | loss -7.031 | 113 ms/step (8.81 it/s) | elapsed 5.9 min | ETA this epoch 1.7 min
  step 3200/4061 | loss -6.687 | 114 ms/step (8.81 it/s) | elapsed 6.0 min | ETA this epoch 1.6 min
  step 3250/4061 | loss -8.373 | 113 ms/step (8.82 it/s) | elapsed 6.1 min | ETA this epoch 1.5 min
  step 3300/4061 | loss -6.312 | 114 ms/step (8.77 it/s) | elapsed 6.1 min | ETA this epoch 1.4 min
  step 3350/4061 | loss -6.112 | 116 ms/step (8.62 it/s) | elapsed 6.2 min | ETA this epoch 1.4 min
  step 3400/4061 | loss -7.129 | 113 ms/step (8.84 it/s) | elapsed 6.3 min | ETA this epoch 1.2 min
  step 3450/4061 | loss -7.127 | 114 ms/step (8.79 it/s) | elapsed 6.4 min | ETA this epoch 1.2 min
  step 3500/4061 | loss -6.364 | 114 ms/step (8.79 it/s) | elapsed 6.5 min | ETA this epoch 1.1 min
  step 3550/4061 | loss -6.275 | 115 ms/step (8.67 it/s) | elapsed 6.6 min | ETA this epoch 1.0 min
  step 3600/4061 | loss -7.252 | 114 ms/step (8.79 it/s) | elapsed 6.7 min | ETA this epoch 0.9 min
  step 3650/4061 | loss -7.036 | 114 ms/step (8.78 it/s) | elapsed 6.8 min | ETA this epoch 0.8 min
  step 3700/4061 | loss -9.844 | 113 ms/step (8.83 it/s) | elapsed 6.9 min | ETA this epoch 0.7 min
  step 3750/4061 | loss -10.004 | 113 ms/step (8.81 it/s) | elapsed 7.0 min | ETA this epoch 0.6 min
  step 3800/4061 | loss -6.096 | 114 ms/step (8.76 it/s) | elapsed 7.1 min | ETA this epoch 0.5 min
  step 3850/4061 | loss -5.869 | 113 ms/step (8.83 it/s) | elapsed 7.2 min | ETA this epoch 0.4 min
  step 3900/4061 | loss -6.457 | 113 ms/step (8.84 it/s) | elapsed 7.3 min | ETA this epoch 0.3 min
  step 3950/4061 | loss -7.811 | 114 ms/step (8.77 it/s) | elapsed 7.4 min | ETA this epoch 0.2 min
  step 4000/4061 | loss -5.567 | 115 ms/step (8.73 it/s) | elapsed 7.5 min | ETA this epoch 0.1 min
  step 4050/4061 | loss -6.091 | 114 ms/step (8.74 it/s) | elapsed 7.6 min | ETA this epoch 0.0 min
Epoch 34/50 | Train -7.357 | Val L1 0.0019 | Val SI-SDR 18.07 dB | Time 7.9 min
EarlyStopping counter: 1/7
  step 50/4061 | loss -8.354 | 110 ms/step (9.09 it/s) | elapsed 0.1 min | ETA this epoch 7.4 min
  step 100/4061 | loss -7.698 | 87 ms/step (11.52 it/s) | elapsed 0.2 min | ETA this epoch 5.7 min
  step 150/4061 | loss -6.875 | 89 ms/step (11.27 it/s) | elapsed 0.2 min | ETA this epoch 5.8 min
  step 200/4061 | loss -7.581 | 91 ms/step (10.99 it/s) | elapsed 0.3 min | ETA this epoch 5.9 min
  step 250/4061 | loss -7.589 | 91 ms/step (11.03 it/s) | elapsed 0.4 min | ETA this epoch 5.8 min
  step 300/4061 | loss -7.491 | 80 ms/step (12.48 it/s) | elapsed 0.5 min | ETA this epoch 5.0 min
  step 350/4061 | loss -8.408 | 78 ms/step (12.77 it/s) | elapsed 0.5 min | ETA this epoch 4.8 min
  step 400/4061 | loss -7.377 | 77 ms/step (12.92 it/s) | elapsed 0.6 min | ETA this epoch 4.7 min
  step 450/4061 | loss -6.841 | 78 ms/step (12.79 it/s) | elapsed 0.7 min | ETA this epoch 4.7 min
  step 500/4061 | loss -9.273 | 77 ms/step (12.94 it/s) | elapsed 0.7 min | ETA this epoch 4.6 min
  step 550/4061 | loss -7.119 | 79 ms/step (12.71 it/s) | elapsed 0.8 min | ETA this epoch 4.6 min
  step 600/4061 | loss -7.746 | 76 ms/step (13.12 it/s) | elapsed 0.8 min | ETA this epoch 4.4 min
  step 650/4061 | loss -6.803 | 77 ms/step (12.95 it/s) | elapsed 0.9 min | ETA this epoch 4.4 min
  step 700/4061 | loss -7.465 | 78 ms/step (12.89 it/s) | elapsed 1.0 min | ETA this epoch 4.3 min
  step 750/4061 | loss -6.891 | 77 ms/step (12.92 it/s) | elapsed 1.0 min | ETA this epoch 4.3 min
  step 800/4061 | loss -6.174 | 78 ms/step (12.86 it/s) | elapsed 1.1 min | ETA this epoch 4.2 min
  step 850/4061 | loss -5.833 | 77 ms/step (13.07 it/s) | elapsed 1.2 min | ETA this epoch 4.1 min
  step 900/4061 | loss -6.506 | 76 ms/step (13.10 it/s) | elapsed 1.2 min | ETA this epoch 4.0 min
  step 950/4061 | loss -7.557 | 77 ms/step (12.98 it/s) | elapsed 1.3 min | ETA this epoch 4.0 min
  step 1000/4061 | loss -5.762 | 79 ms/step (12.70 it/s) | elapsed 1.4 min | ETA this epoch 4.0 min
  step 1050/4061 | loss -7.268 | 76 ms/step (13.09 it/s) | elapsed 1.4 min | ETA this epoch 3.8 min
  step 1100/4061 | loss -6.523 | 78 ms/step (12.86 it/s) | elapsed 1.5 min | ETA this epoch 3.8 min
  step 1150/4061 | loss -7.421 | 78 ms/step (12.88 it/s) | elapsed 1.6 min | ETA this epoch 3.8 min
  step 1200/4061 | loss -8.672 | 77 ms/step (12.96 it/s) | elapsed 1.6 min | ETA this epoch 3.7 min
  step 1250/4061 | loss -8.696 | 78 ms/step (12.78 it/s) | elapsed 1.7 min | ETA this epoch 3.7 min
  step 1300/4061 | loss -7.766 | 78 ms/step (12.87 it/s) | elapsed 1.7 min | ETA this epoch 3.6 min
  step 1350/4061 | loss -9.027 | 77 ms/step (12.94 it/s) | elapsed 1.8 min | ETA this epoch 3.5 min
  step 1400/4061 | loss -6.074 | 77 ms/step (12.92 it/s) | elapsed 1.9 min | ETA this epoch 3.4 min
  step 1450/4061 | loss -7.318 | 76 ms/step (13.11 it/s) | elapsed 1.9 min | ETA this epoch 3.3 min
  step 1500/4061 | loss -8.485 | 77 ms/step (12.99 it/s) | elapsed 2.0 min | ETA this epoch 3.3 min
  step 1550/4061 | loss -7.599 | 77 ms/step (13.00 it/s) | elapsed 2.1 min | ETA this epoch 3.2 min
  step 1600/4061 | loss -6.892 | 79 ms/step (12.72 it/s) | elapsed 2.1 min | ETA this epoch 3.2 min
  step 1650/4061 | loss -6.711 | 79 ms/step (12.70 it/s) | elapsed 2.2 min | ETA this epoch 3.2 min
  step 1700/4061 | loss -6.235 | 78 ms/step (12.85 it/s) | elapsed 2.3 min | ETA this epoch 3.1 min
  step 1750/4061 | loss -7.239 | 77 ms/step (13.00 it/s) | elapsed 2.3 min | ETA this epoch 3.0 min
  step 1800/4061 | loss -4.485 | 77 ms/step (13.06 it/s) | elapsed 2.4 min | ETA this epoch 2.9 min
  step 1850/4061 | loss -7.308 | 77 ms/step (13.01 it/s) | elapsed 2.5 min | ETA this epoch 2.8 min
  step 1900/4061 | loss -6.972 | 77 ms/step (13.05 it/s) | elapsed 2.5 min | ETA this epoch 2.8 min
  step 1950/4061 | loss -10.202 | 79 ms/step (12.72 it/s) | elapsed 2.6 min | ETA this epoch 2.8 min
  step 2000/4061 | loss -7.619 | 76 ms/step (13.19 it/s) | elapsed 2.6 min | ETA this epoch 2.6 min
  step 2050/4061 | loss -6.947 | 78 ms/step (12.86 it/s) | elapsed 2.7 min | ETA this epoch 2.6 min
  step 2100/4061 | loss -5.857 | 79 ms/step (12.67 it/s) | elapsed 2.8 min | ETA this epoch 2.6 min
  step 2150/4061 | loss -6.682 | 78 ms/step (12.75 it/s) | elapsed 2.8 min | ETA this epoch 2.5 min
  step 2200/4061 | loss -8.481 | 78 ms/step (12.86 it/s) | elapsed 2.9 min | ETA this epoch 2.4 min
  step 2250/4061 | loss -6.925 | 78 ms/step (12.83 it/s) | elapsed 3.0 min | ETA this epoch 2.4 min
  step 2300/4061 | loss -9.421 | 79 ms/step (12.71 it/s) | elapsed 3.0 min | ETA this epoch 2.3 min
  step 2350/4061 | loss -8.421 | 76 ms/step (13.16 it/s) | elapsed 3.1 min | ETA this epoch 2.2 min
  step 2400/4061 | loss -5.988 | 76 ms/step (13.20 it/s) | elapsed 3.2 min | ETA this epoch 2.1 min
  step 2450/4061 | loss -8.333 | 77 ms/step (13.02 it/s) | elapsed 3.2 min | ETA this epoch 2.1 min
  step 2500/4061 | loss -8.857 | 76 ms/step (13.11 it/s) | elapsed 3.3 min | ETA this epoch 2.0 min
  step 2550/4061 | loss -7.848 | 77 ms/step (13.03 it/s) | elapsed 3.4 min | ETA this epoch 1.9 min
  step 2600/4061 | loss -6.556 | 77 ms/step (12.96 it/s) | elapsed 3.4 min | ETA this epoch 1.9 min
  step 2650/4061 | loss -6.806 | 77 ms/step (12.99 it/s) | elapsed 3.5 min | ETA this epoch 1.8 min
  step 2700/4061 | loss -9.131 | 75 ms/step (13.30 it/s) | elapsed 3.5 min | ETA this epoch 1.7 min
  step 2750/4061 | loss -6.632 | 76 ms/step (13.22 it/s) | elapsed 3.6 min | ETA this epoch 1.7 min
  step 2800/4061 | loss -8.258 | 75 ms/step (13.35 it/s) | elapsed 3.7 min | ETA this epoch 1.6 min
  step 2850/4061 | loss -8.024 | 78 ms/step (12.76 it/s) | elapsed 3.7 min | ETA this epoch 1.6 min
  step 2900/4061 | loss -6.753 | 61 ms/step (16.51 it/s) | elapsed 3.8 min | ETA this epoch 1.2 min
  step 2950/4061 | loss -7.232 | 61 ms/step (16.41 it/s) | elapsed 3.8 min | ETA this epoch 1.1 min
  step 3000/4061 | loss -6.919 | 58 ms/step (17.17 it/s) | elapsed 3.9 min | ETA this epoch 1.0 min
  step 3050/4061 | loss -7.989 | 57 ms/step (17.59 it/s) | elapsed 3.9 min | ETA this epoch 1.0 min
  step 3100/4061 | loss -7.917 | 57 ms/step (17.66 it/s) | elapsed 4.0 min | ETA this epoch 0.9 min
  step 3150/4061 | loss -6.484 | 73 ms/step (13.69 it/s) | elapsed 4.0 min | ETA this epoch 1.1 min
  step 3200/4061 | loss -7.035 | 77 ms/step (13.07 it/s) | elapsed 4.1 min | ETA this epoch 1.1 min
  step 3250/4061 | loss -6.556 | 79 ms/step (12.72 it/s) | elapsed 4.2 min | ETA this epoch 1.1 min
  step 3300/4061 | loss -7.174 | 77 ms/step (13.05 it/s) | elapsed 4.2 min | ETA this epoch 1.0 min
  step 3350/4061 | loss -8.322 | 77 ms/step (13.05 it/s) | elapsed 4.3 min | ETA this epoch 0.9 min
  step 3400/4061 | loss -7.223 | 76 ms/step (13.20 it/s) | elapsed 4.4 min | ETA this epoch 0.8 min
  step 3450/4061 | loss -8.079 | 77 ms/step (13.00 it/s) | elapsed 4.4 min | ETA this epoch 0.8 min
  step 3500/4061 | loss -6.782 | 77 ms/step (12.94 it/s) | elapsed 4.5 min | ETA this epoch 0.7 min
  step 3550/4061 | loss -7.923 | 77 ms/step (12.91 it/s) | elapsed 4.6 min | ETA this epoch 0.7 min
  step 3600/4061 | loss -9.303 | 76 ms/step (13.08 it/s) | elapsed 4.6 min | ETA this epoch 0.6 min
  step 3650/4061 | loss -6.566 | 78 ms/step (12.76 it/s) | elapsed 4.7 min | ETA this epoch 0.5 min
  step 3700/4061 | loss -7.204 | 77 ms/step (13.06 it/s) | elapsed 4.8 min | ETA this epoch 0.5 min
  step 3750/4061 | loss -6.034 | 77 ms/step (13.07 it/s) | elapsed 4.8 min | ETA this epoch 0.4 min
  step 3800/4061 | loss -6.954 | 78 ms/step (12.87 it/s) | elapsed 4.9 min | ETA this epoch 0.3 min
  step 3850/4061 | loss -8.570 | 76 ms/step (13.14 it/s) | elapsed 4.9 min | ETA this epoch 0.3 min
  step 3900/4061 | loss -6.744 | 77 ms/step (12.99 it/s) | elapsed 5.0 min | ETA this epoch 0.2 min
  step 3950/4061 | loss -7.405 | 78 ms/step (12.87 it/s) | elapsed 5.1 min | ETA this epoch 0.1 min
  step 4000/4061 | loss -6.139 | 76 ms/step (13.20 it/s) | elapsed 5.1 min | ETA this epoch 0.1 min
  step 4050/4061 | loss -7.351 | 78 ms/step (12.79 it/s) | elapsed 5.2 min | ETA this epoch 0.0 min
Epoch 35/50 | Train -7.343 | Val L1 0.0019 | Val SI-SDR 18.15 dB | Time 5.5 min
Saved best model (SI-SDR 18.15 dB) -> /home/bubai-maji/speech_enhancement/script/propose_ablation3/checkpoint_propose_ab3/best_NGDM_SE.pt
  step 50/4061 | loss -8.621 | 77 ms/step (12.93 it/s) | elapsed 0.1 min | ETA this epoch 5.2 min
  step 100/4061 | loss -7.054 | 78 ms/step (12.90 it/s) | elapsed 0.1 min | ETA this epoch 5.1 min
  step 150/4061 | loss -9.867 | 77 ms/step (12.99 it/s) | elapsed 0.2 min | ETA this epoch 5.0 min
  step 200/4061 | loss -8.244 | 76 ms/step (13.12 it/s) | elapsed 0.3 min | ETA this epoch 4.9 min
  step 250/4061 | loss -6.810 | 76 ms/step (13.12 it/s) | elapsed 0.3 min | ETA this epoch 4.8 min
  step 300/4061 | loss -8.210 | 77 ms/step (12.92 it/s) | elapsed 0.4 min | ETA this epoch 4.9 min
  step 350/4061 | loss -8.726 | 78 ms/step (12.76 it/s) | elapsed 0.5 min | ETA this epoch 4.8 min
  step 400/4061 | loss -8.500 | 77 ms/step (13.00 it/s) | elapsed 0.5 min | ETA this epoch 4.7 min
  step 450/4061 | loss -8.166 | 77 ms/step (13.02 it/s) | elapsed 0.6 min | ETA this epoch 4.6 min
  step 500/4061 | loss -6.067 | 77 ms/step (12.94 it/s) | elapsed 0.6 min | ETA this epoch 4.6 min
  step 550/4061 | loss -7.694 | 76 ms/step (13.22 it/s) | elapsed 0.7 min | ETA this epoch 4.4 min
  step 600/4061 | loss -8.146 | 77 ms/step (12.98 it/s) | elapsed 0.8 min | ETA this epoch 4.4 min
  step 650/4061 | loss -5.872 | 77 ms/step (13.05 it/s) | elapsed 0.8 min | ETA this epoch 4.4 min
  step 700/4061 | loss -6.260 | 76 ms/step (13.12 it/s) | elapsed 0.9 min | ETA this epoch 4.3 min
  step 750/4061 | loss -8.822 | 78 ms/step (12.78 it/s) | elapsed 1.0 min | ETA this epoch 4.3 min
  step 800/4061 | loss -6.136 | 77 ms/step (12.99 it/s) | elapsed 1.0 min | ETA this epoch 4.2 min
  step 850/4061 | loss -8.494 | 78 ms/step (12.88 it/s) | elapsed 1.1 min | ETA this epoch 4.2 min
  step 900/4061 | loss -6.963 | 77 ms/step (13.04 it/s) | elapsed 1.2 min | ETA this epoch 4.0 min
  step 950/4061 | loss -8.265 | 76 ms/step (13.12 it/s) | elapsed 1.2 min | ETA this epoch 4.0 min
  step 1000/4061 | loss -7.651 | 77 ms/step (13.07 it/s) | elapsed 1.3 min | ETA this epoch 3.9 min
  step 1050/4061 | loss -6.397 | 77 ms/step (13.02 it/s) | elapsed 1.3 min | ETA this epoch 3.9 min
  step 1100/4061 | loss -7.543 | 76 ms/step (13.15 it/s) | elapsed 1.4 min | ETA this epoch 3.8 min
  step 1150/4061 | loss -7.047 | 79 ms/step (12.65 it/s) | elapsed 1.5 min | ETA this epoch 3.8 min
  step 1200/4061 | loss -8.263 | 77 ms/step (12.95 it/s) | elapsed 1.5 min | ETA this epoch 3.7 min
  step 1250/4061 | loss -5.932 | 75 ms/step (13.33 it/s) | elapsed 1.6 min | ETA this epoch 3.5 min
  step 1300/4061 | loss -6.752 | 77 ms/step (13.02 it/s) | elapsed 1.7 min | ETA this epoch 3.5 min
  step 1350/4061 | loss -8.043 | 76 ms/step (13.12 it/s) | elapsed 1.7 min | ETA this epoch 3.4 min
  step 1400/4061 | loss -6.326 | 77 ms/step (13.05 it/s) | elapsed 1.8 min | ETA this epoch 3.4 min
  step 1450/4061 | loss -7.366 | 77 ms/step (13.06 it/s) | elapsed 1.9 min | ETA this epoch 3.3 min
  step 1500/4061 | loss -8.379 | 76 ms/step (13.16 it/s) | elapsed 1.9 min | ETA this epoch 3.2 min
  step 1550/4061 | loss -8.046 | 78 ms/step (12.87 it/s) | elapsed 2.0 min | ETA this epoch 3.3 min
  step 1600/4061 | loss -7.393 | 77 ms/step (12.97 it/s) | elapsed 2.0 min | ETA this epoch 3.2 min
  step 1650/4061 | loss -7.775 | 77 ms/step (12.94 it/s) | elapsed 2.1 min | ETA this epoch 3.1 min
  step 1700/4061 | loss -6.209 | 77 ms/step (12.98 it/s) | elapsed 2.2 min | ETA this epoch 3.0 min
  step 1750/4061 | loss -7.465 | 77 ms/step (12.93 it/s) | elapsed 2.2 min | ETA this epoch 3.0 min
  step 1800/4061 | loss -6.973 | 75 ms/step (13.35 it/s) | elapsed 2.3 min | ETA this epoch 2.8 min
  step 1850/4061 | loss -7.329 | 77 ms/step (12.95 it/s) | elapsed 2.4 min | ETA this epoch 2.8 min
  step 1900/4061 | loss -8.475 | 77 ms/step (12.91 it/s) | elapsed 2.4 min | ETA this epoch 2.8 min
  step 1950/4061 | loss -6.575 | 79 ms/step (12.61 it/s) | elapsed 2.5 min | ETA this epoch 2.8 min
  step 2000/4061 | loss -7.681 | 77 ms/step (12.99 it/s) | elapsed 2.6 min | ETA this epoch 2.6 min
  step 2050/4061 | loss -7.067 | 76 ms/step (13.11 it/s) | elapsed 2.6 min | ETA this epoch 2.6 min
  step 2100/4061 | loss -10.603 | 77 ms/step (13.06 it/s) | elapsed 2.7 min | ETA this epoch 2.5 min
  step 2150/4061 | loss -6.159 | 77 ms/step (13.06 it/s) | elapsed 2.8 min | ETA this epoch 2.4 min
  step 2200/4061 | loss -7.175 | 78 ms/step (12.86 it/s) | elapsed 2.8 min | ETA this epoch 2.4 min
  step 2250/4061 | loss -6.720 | 75 ms/step (13.30 it/s) | elapsed 2.9 min | ETA this epoch 2.3 min
  step 2300/4061 | loss -6.218 | 79 ms/step (12.74 it/s) | elapsed 2.9 min | ETA this epoch 2.3 min
  step 2350/4061 | loss -7.070 | 79 ms/step (12.70 it/s) | elapsed 3.0 min | ETA this epoch 2.2 min
  step 2400/4061 | loss -6.539 | 79 ms/step (12.68 it/s) | elapsed 3.1 min | ETA this epoch 2.2 min
  step 2450/4061 | loss -5.974 | 77 ms/step (12.97 it/s) | elapsed 3.1 min | ETA this epoch 2.1 min
  step 2500/4061 | loss -7.628 | 78 ms/step (12.82 it/s) | elapsed 3.2 min | ETA this epoch 2.0 min
  step 2550/4061 | loss -6.412 | 79 ms/step (12.62 it/s) | elapsed 3.3 min | ETA this epoch 2.0 min
  step 2600/4061 | loss -7.758 | 76 ms/step (13.11 it/s) | elapsed 3.3 min | ETA this epoch 1.9 min
  step 2650/4061 | loss -7.845 | 77 ms/step (13.00 it/s) | elapsed 3.4 min | ETA this epoch 1.8 min
  step 2700/4061 | loss -10.989 | 77 ms/step (12.92 it/s) | elapsed 3.5 min | ETA this epoch 1.8 min
  step 2750/4061 | loss -8.053 | 78 ms/step (12.85 it/s) | elapsed 3.5 min | ETA this epoch 1.7 min
  step 2800/4061 | loss -6.376 | 77 ms/step (13.03 it/s) | elapsed 3.6 min | ETA this epoch 1.6 min
  step 2850/4061 | loss -7.243 | 78 ms/step (12.82 it/s) | elapsed 3.7 min | ETA this epoch 1.6 min
  step 2900/4061 | loss -6.695 | 65 ms/step (15.32 it/s) | elapsed 3.7 min | ETA this epoch 1.3 min
  step 2950/4061 | loss -8.113 | 62 ms/step (16.20 it/s) | elapsed 3.8 min | ETA this epoch 1.1 min
  step 3000/4061 | loss -6.031 | 59 ms/step (16.81 it/s) | elapsed 3.8 min | ETA this epoch 1.1 min
  step 3050/4061 | loss -6.254 | 61 ms/step (16.29 it/s) | elapsed 3.9 min | ETA this epoch 1.0 min
  step 3100/4061 | loss -8.054 | 63 ms/step (15.99 it/s) | elapsed 3.9 min | ETA this epoch 1.0 min
  step 3150/4061 | loss -7.056 | 44 ms/step (22.57 it/s) | elapsed 4.0 min | ETA this epoch 0.7 min
  step 3200/4061 | loss -7.686 | 41 ms/step (24.31 it/s) | elapsed 4.0 min | ETA this epoch 0.6 min
  step 3250/4061 | loss -8.231 | 40 ms/step (24.83 it/s) | elapsed 4.0 min | ETA this epoch 0.5 min
  step 3300/4061 | loss -7.559 | 41 ms/step (24.24 it/s) | elapsed 4.1 min | ETA this epoch 0.5 min
  step 3350/4061 | loss -7.922 | 39 ms/step (25.74 it/s) | elapsed 4.1 min | ETA this epoch 0.5 min
  step 3400/4061 | loss -5.778 | 39 ms/step (25.60 it/s) | elapsed 4.1 min | ETA this epoch 0.4 min
  step 3450/4061 | loss -7.362 | 40 ms/step (25.23 it/s) | elapsed 4.2 min | ETA this epoch 0.4 min
  step 3500/4061 | loss -8.029 | 40 ms/step (25.08 it/s) | elapsed 4.2 min | ETA this epoch 0.4 min
  step 3550/4061 | loss -6.918 | 40 ms/step (24.75 it/s) | elapsed 4.2 min | ETA this epoch 0.3 min
  step 3600/4061 | loss -6.498 | 39 ms/step (25.46 it/s) | elapsed 4.3 min | ETA this epoch 0.3 min
  step 3650/4061 | loss -7.301 | 40 ms/step (25.09 it/s) | elapsed 4.3 min | ETA this epoch 0.3 min
  step 3700/4061 | loss -7.813 | 39 ms/step (25.37 it/s) | elapsed 4.3 min | ETA this epoch 0.2 min
  step 3750/4061 | loss -7.826 | 40 ms/step (24.74 it/s) | elapsed 4.4 min | ETA this epoch 0.2 min
  step 3800/4061 | loss -7.746 | 40 ms/step (25.31 it/s) | elapsed 4.4 min | ETA this epoch 0.2 min
  step 3850/4061 | loss -5.608 | 39 ms/step (25.33 it/s) | elapsed 4.4 min | ETA this epoch 0.1 min
  step 3900/4061 | loss -7.963 | 40 ms/step (24.80 it/s) | elapsed 4.5 min | ETA this epoch 0.1 min
  step 3950/4061 | loss -7.584 | 40 ms/step (24.79 it/s) | elapsed 4.5 min | ETA this epoch 0.1 min
  step 4000/4061 | loss -6.637 | 40 ms/step (25.09 it/s) | elapsed 4.5 min | ETA this epoch 0.0 min
  step 4050/4061 | loss -6.853 | 40 ms/step (24.75 it/s) | elapsed 4.6 min | ETA this epoch 0.0 min
Epoch 36/50 | Train -7.343 | Val L1 0.0019 | Val SI-SDR 18.07 dB | Time 4.7 min
EarlyStopping counter: 1/7
  step 50/4061 | loss -6.885 | 40 ms/step (24.99 it/s) | elapsed 0.0 min | ETA this epoch 2.7 min
  step 100/4061 | loss -8.265 | 43 ms/step (23.02 it/s) | elapsed 0.1 min | ETA this epoch 2.9 min
  step 150/4061 | loss -6.773 | 41 ms/step (24.29 it/s) | elapsed 0.1 min | ETA this epoch 2.7 min
  step 200/4061 | loss -7.086 | 40 ms/step (25.24 it/s) | elapsed 0.1 min | ETA this epoch 2.5 min
  step 250/4061 | loss -6.830 | 44 ms/step (22.75 it/s) | elapsed 0.2 min | ETA this epoch 2.8 min
  step 300/4061 | loss -8.453 | 43 ms/step (23.51 it/s) | elapsed 0.2 min | ETA this epoch 2.7 min
  step 350/4061 | loss -6.590 | 42 ms/step (23.97 it/s) | elapsed 0.2 min | ETA this epoch 2.6 min
  step 400/4061 | loss -6.368 | 41 ms/step (24.57 it/s) | elapsed 0.3 min | ETA this epoch 2.5 min
  step 450/4061 | loss -6.462 | 40 ms/step (25.08 it/s) | elapsed 0.3 min | ETA this epoch 2.4 min
  step 500/4061 | loss -8.422 | 41 ms/step (24.30 it/s) | elapsed 0.3 min | ETA this epoch 2.4 min
  step 550/4061 | loss -6.594 | 42 ms/step (23.86 it/s) | elapsed 0.4 min | ETA this epoch 2.5 min
  step 600/4061 | loss -7.378 | 40 ms/step (25.00 it/s) | elapsed 0.4 min | ETA this epoch 2.3 min
  step 650/4061 | loss -7.031 | 40 ms/step (24.98 it/s) | elapsed 0.4 min | ETA this epoch 2.3 min
  step 700/4061 | loss -7.872 | 39 ms/step (25.81 it/s) | elapsed 0.5 min | ETA this epoch 2.2 min
  step 750/4061 | loss -6.732 | 39 ms/step (25.44 it/s) | elapsed 0.5 min | ETA this epoch 2.2 min
  step 800/4061 | loss -8.224 | 41 ms/step (24.47 it/s) | elapsed 0.5 min | ETA this epoch 2.2 min
  step 850/4061 | loss -8.645 | 40 ms/step (25.21 it/s) | elapsed 0.6 min | ETA this epoch 2.1 min
  step 900/4061 | loss -9.048 | 43 ms/step (23.04 it/s) | elapsed 0.6 min | ETA this epoch 2.3 min
  step 950/4061 | loss -7.529 | 40 ms/step (25.00 it/s) | elapsed 0.6 min | ETA this epoch 2.1 min
  step 1000/4061 | loss -8.318 | 40 ms/step (25.05 it/s) | elapsed 0.7 min | ETA this epoch 2.0 min
  step 1050/4061 | loss -6.618 | 44 ms/step (22.79 it/s) | elapsed 0.7 min | ETA this epoch 2.2 min
  step 1100/4061 | loss -8.464 | 42 ms/step (23.83 it/s) | elapsed 0.8 min | ETA this epoch 2.1 min
  step 1150/4061 | loss -6.372 | 41 ms/step (24.66 it/s) | elapsed 0.8 min | ETA this epoch 2.0 min
  step 1200/4061 | loss -7.656 | 42 ms/step (23.82 it/s) | elapsed 0.8 min | ETA this epoch 2.0 min
  step 1250/4061 | loss -6.019 | 39 ms/step (25.46 it/s) | elapsed 0.9 min | ETA this epoch 1.8 min
  step 1300/4061 | loss -6.921 | 43 ms/step (23.27 it/s) | elapsed 0.9 min | ETA this epoch 2.0 min
  step 1350/4061 | loss -6.932 | 39 ms/step (25.69 it/s) | elapsed 0.9 min | ETA this epoch 1.8 min
  step 1400/4061 | loss -7.204 | 39 ms/step (25.62 it/s) | elapsed 1.0 min | ETA this epoch 1.7 min
  step 1450/4061 | loss -6.399 | 40 ms/step (25.08 it/s) | elapsed 1.0 min | ETA this epoch 1.7 min
  step 1500/4061 | loss -9.006 | 42 ms/step (23.57 it/s) | elapsed 1.0 min | ETA this epoch 1.8 min
  step 1550/4061 | loss -6.893 | 41 ms/step (24.53 it/s) | elapsed 1.1 min | ETA this epoch 1.7 min
  step 1600/4061 | loss -7.508 | 40 ms/step (24.83 it/s) | elapsed 1.1 min | ETA this epoch 1.7 min
  step 1650/4061 | loss -6.504 | 40 ms/step (24.88 it/s) | elapsed 1.1 min | ETA this epoch 1.6 min
  step 1700/4061 | loss -7.775 | 40 ms/step (25.23 it/s) | elapsed 1.2 min | ETA this epoch 1.6 min
  step 1750/4061 | loss -6.251 | 42 ms/step (23.98 it/s) | elapsed 1.2 min | ETA this epoch 1.6 min
  step 1800/4061 | loss -7.845 | 42 ms/step (23.76 it/s) | elapsed 1.2 min | ETA this epoch 1.6 min
  step 1850/4061 | loss -6.810 | 41 ms/step (24.63 it/s) | elapsed 1.3 min | ETA this epoch 1.5 min
  step 1900/4061 | loss -7.359 | 40 ms/step (25.00 it/s) | elapsed 1.3 min | ETA this epoch 1.4 min
  step 1950/4061 | loss -5.801 | 41 ms/step (24.18 it/s) | elapsed 1.3 min | ETA this epoch 1.5 min
  step 2000/4061 | loss -7.843 | 39 ms/step (25.36 it/s) | elapsed 1.4 min | ETA this epoch 1.4 min
  step 2050/4061 | loss -8.694 | 40 ms/step (24.96 it/s) | elapsed 1.4 min | ETA this epoch 1.3 min
  step 2100/4061 | loss -7.080 | 42 ms/step (23.93 it/s) | elapsed 1.4 min | ETA this epoch 1.4 min
  step 2150/4061 | loss -6.851 | 40 ms/step (24.87 it/s) | elapsed 1.5 min | ETA this epoch 1.3 min
  step 2200/4061 | loss -8.690 | 43 ms/step (23.44 it/s) | elapsed 1.5 min | ETA this epoch 1.3 min
  step 2250/4061 | loss -8.458 | 40 ms/step (25.01 it/s) | elapsed 1.5 min | ETA this epoch 1.2 min
  step 2300/4061 | loss -7.880 | 41 ms/step (24.54 it/s) | elapsed 1.6 min | ETA this epoch 1.2 min
  step 2350/4061 | loss -8.562 | 40 ms/step (24.81 it/s) | elapsed 1.6 min | ETA this epoch 1.1 min
  step 2400/4061 | loss -5.506 | 39 ms/step (25.42 it/s) | elapsed 1.6 min | ETA this epoch 1.1 min
  step 2450/4061 | loss -6.663 | 42 ms/step (23.98 it/s) | elapsed 1.7 min | ETA this epoch 1.1 min
  step 2500/4061 | loss -6.491 | 40 ms/step (24.85 it/s) | elapsed 1.7 min | ETA this epoch 1.0 min
  step 2550/4061 | loss -6.260 | 41 ms/step (24.27 it/s) | elapsed 1.7 min | ETA this epoch 1.0 min
  step 2600/4061 | loss -7.387 | 41 ms/step (24.53 it/s) | elapsed 1.8 min | ETA this epoch 1.0 min
  step 2650/4061 | loss -8.691 | 40 ms/step (24.85 it/s) | elapsed 1.8 min | ETA this epoch 0.9 min
  step 2700/4061 | loss -6.912 | 42 ms/step (24.09 it/s) | elapsed 1.8 min | ETA this epoch 0.9 min
  step 2750/4061 | loss -7.804 | 39 ms/step (25.54 it/s) | elapsed 1.9 min | ETA this epoch 0.9 min
  step 2800/4061 | loss -5.758 | 42 ms/step (23.67 it/s) | elapsed 1.9 min | ETA this epoch 0.9 min
  step 2850/4061 | loss -7.175 | 42 ms/step (23.65 it/s) | elapsed 1.9 min | ETA this epoch 0.9 min
  step 2900/4061 | loss -8.564 | 43 ms/step (23.41 it/s) | elapsed 2.0 min | ETA this epoch 0.8 min
  step 2950/4061 | loss -6.651 | 40 ms/step (25.30 it/s) | elapsed 2.0 min | ETA this epoch 0.7 min
  step 3000/4061 | loss -7.134 | 41 ms/step (24.63 it/s) | elapsed 2.0 min | ETA this epoch 0.7 min
  step 3050/4061 | loss -6.562 | 39 ms/step (25.78 it/s) | elapsed 2.1 min | ETA this epoch 0.7 min
  step 3100/4061 | loss -7.091 | 39 ms/step (25.32 it/s) | elapsed 2.1 min | ETA this epoch 0.6 min
  step 3150/4061 | loss -8.114 | 41 ms/step (24.49 it/s) | elapsed 2.1 min | ETA this epoch 0.6 min
  step 3200/4061 | loss -7.267 | 40 ms/step (24.92 it/s) | elapsed 2.2 min | ETA this epoch 0.6 min
  step 3250/4061 | loss -7.233 | 43 ms/step (23.02 it/s) | elapsed 2.2 min | ETA this epoch 0.6 min
  step 3300/4061 | loss -7.757 | 39 ms/step (25.43 it/s) | elapsed 2.2 min | ETA this epoch 0.5 min
  step 3350/4061 | loss -7.166 | 41 ms/step (24.37 it/s) | elapsed 2.3 min | ETA this epoch 0.5 min
  step 3400/4061 | loss -7.723 | 40 ms/step (24.75 it/s) | elapsed 2.3 min | ETA this epoch 0.4 min
  step 3450/4061 | loss -8.939 | 40 ms/step (24.96 it/s) | elapsed 2.3 min | ETA this epoch 0.4 min
  step 3500/4061 | loss -7.564 | 40 ms/step (25.08 it/s) | elapsed 2.4 min | ETA this epoch 0.4 min
  step 3550/4061 | loss -6.755 | 41 ms/step (24.56 it/s) | elapsed 2.4 min | ETA this epoch 0.3 min
  step 3600/4061 | loss -7.233 | 42 ms/step (23.86 it/s) | elapsed 2.4 min | ETA this epoch 0.3 min
  step 3650/4061 | loss -7.791 | 41 ms/step (24.56 it/s) | elapsed 2.5 min | ETA this epoch 0.3 min
  step 3700/4061 | loss -7.531 | 41 ms/step (24.56 it/s) | elapsed 2.5 min | ETA this epoch 0.2 min
  step 3750/4061 | loss -7.453 | 43 ms/step (23.38 it/s) | elapsed 2.6 min | ETA this epoch 0.2 min
  step 3800/4061 | loss -7.668 | 42 ms/step (23.90 it/s) | elapsed 2.6 min | ETA this epoch 0.2 min
  step 3850/4061 | loss -7.917 | 40 ms/step (25.21 it/s) | elapsed 2.6 min | ETA this epoch 0.1 min
  step 3900/4061 | loss -6.275 | 41 ms/step (24.65 it/s) | elapsed 2.7 min | ETA this epoch 0.1 min
  step 3950/4061 | loss -6.608 | 41 ms/step (24.35 it/s) | elapsed 2.7 min | ETA this epoch 0.1 min
  step 4000/4061 | loss -7.232 | 42 ms/step (23.70 it/s) | elapsed 2.7 min | ETA this epoch 0.0 min
  step 4050/4061 | loss -7.376 | 42 ms/step (23.76 it/s) | elapsed 2.8 min | ETA this epoch 0.0 min
Epoch 37/50 | Train -7.358 | Val L1 0.0019 | Val SI-SDR 18.11 dB | Time 2.9 min
EarlyStopping counter: 2/7
  step 50/4061 | loss -5.615 | 41 ms/step (24.52 it/s) | elapsed 0.0 min | ETA this epoch 2.7 min
  step 100/4061 | loss -7.165 | 41 ms/step (24.11 it/s) | elapsed 0.1 min | ETA this epoch 2.7 min
  step 150/4061 | loss -6.372 | 43 ms/step (23.47 it/s) | elapsed 0.1 min | ETA this epoch 2.8 min
  step 200/4061 | loss -6.603 | 42 ms/step (24.08 it/s) | elapsed 0.1 min | ETA this epoch 2.7 min
  step 250/4061 | loss -6.508 | 42 ms/step (23.94 it/s) | elapsed 0.2 min | ETA this epoch 2.7 min
  step 300/4061 | loss -8.289 | 41 ms/step (24.57 it/s) | elapsed 0.2 min | ETA this epoch 2.6 min
  step 350/4061 | loss -7.034 | 40 ms/step (24.78 it/s) | elapsed 0.2 min | ETA this epoch 2.5 min
  step 400/4061 | loss -7.540 | 41 ms/step (24.30 it/s) | elapsed 0.3 min | ETA this epoch 2.5 min
  step 450/4061 | loss -6.951 | 42 ms/step (23.99 it/s) | elapsed 0.3 min | ETA this epoch 2.5 min
  step 500/4061 | loss -6.891 | 43 ms/step (23.48 it/s) | elapsed 0.3 min | ETA this epoch 2.5 min
  step 550/4061 | loss -6.064 | 41 ms/step (24.54 it/s) | elapsed 0.4 min | ETA this epoch 2.4 min
  step 600/4061 | loss -7.315 | 41 ms/step (24.32 it/s) | elapsed 0.4 min | ETA this epoch 2.4 min
  step 650/4061 | loss -7.436 | 43 ms/step (23.38 it/s) | elapsed 0.4 min | ETA this epoch 2.4 min
  step 700/4061 | loss -8.829 | 42 ms/step (23.78 it/s) | elapsed 0.5 min | ETA this epoch 2.4 min
  step 750/4061 | loss -5.819 | 40 ms/step (24.81 it/s) | elapsed 0.5 min | ETA this epoch 2.2 min
  step 800/4061 | loss -7.021 | 39 ms/step (25.50 it/s) | elapsed 0.6 min | ETA this epoch 2.1 min
  step 850/4061 | loss -8.068 | 41 ms/step (24.44 it/s) | elapsed 0.6 min | ETA this epoch 2.2 min
  step 900/4061 | loss -7.522 | 42 ms/step (23.79 it/s) | elapsed 0.6 min | ETA this epoch 2.2 min
  step 950/4061 | loss -6.227 | 39 ms/step (25.35 it/s) | elapsed 0.7 min | ETA this epoch 2.0 min
  step 1000/4061 | loss -6.870 | 39 ms/step (25.37 it/s) | elapsed 0.7 min | ETA this epoch 2.0 min
  step 1050/4061 | loss -5.349 | 41 ms/step (24.10 it/s) | elapsed 0.7 min | ETA this epoch 2.1 min
  step 1100/4061 | loss -9.256 | 41 ms/step (24.37 it/s) | elapsed 0.8 min | ETA this epoch 2.0 min
  step 1150/4061 | loss -7.660 | 42 ms/step (24.03 it/s) | elapsed 0.8 min | ETA this epoch 2.0 min
  step 1200/4061 | loss -6.764 | 43 ms/step (23.08 it/s) | elapsed 0.8 min | ETA this epoch 2.1 min
  step 1250/4061 | loss -9.546 | 40 ms/step (25.08 it/s) | elapsed 0.9 min | ETA this epoch 1.9 min
  step 1300/4061 | loss -6.671 | 40 ms/step (24.93 it/s) | elapsed 0.9 min | ETA this epoch 1.8 min
  step 1350/4061 | loss -6.947 | 42 ms/step (24.07 it/s) | elapsed 0.9 min | ETA this epoch 1.9 min
  step 1400/4061 | loss -8.624 | 40 ms/step (25.01 it/s) | elapsed 1.0 min | ETA this epoch 1.8 min
  step 1450/4061 | loss -8.031 | 41 ms/step (24.14 it/s) | elapsed 1.0 min | ETA this epoch 1.8 min
  step 1500/4061 | loss -10.088 | 42 ms/step (24.04 it/s) | elapsed 1.0 min | ETA this epoch 1.8 min
  step 1550/4061 | loss -7.499 | 39 ms/step (25.73 it/s) | elapsed 1.1 min | ETA this epoch 1.6 min
  step 1600/4061 | loss -4.888 | 41 ms/step (24.48 it/s) | elapsed 1.1 min | ETA this epoch 1.7 min
  step 1650/4061 | loss -7.263 | 41 ms/step (24.26 it/s) | elapsed 1.1 min | ETA this epoch 1.7 min
  step 1700/4061 | loss -7.509 | 42 ms/step (24.08 it/s) | elapsed 1.2 min | ETA this epoch 1.6 min
  step 1750/4061 | loss -5.935 | 39 ms/step (25.37 it/s) | elapsed 1.2 min | ETA this epoch 1.5 min
  step 1800/4061 | loss -8.488 | 41 ms/step (24.39 it/s) | elapsed 1.2 min | ETA this epoch 1.5 min
  step 1850/4061 | loss -7.383 | 41 ms/step (24.66 it/s) | elapsed 1.3 min | ETA this epoch 1.5 min
  step 1900/4061 | loss -7.958 | 41 ms/step (24.45 it/s) | elapsed 1.3 min | ETA this epoch 1.5 min
  step 1950/4061 | loss -7.875 | 40 ms/step (24.86 it/s) | elapsed 1.3 min | ETA this epoch 1.4 min
  step 2000/4061 | loss -8.059 | 39 ms/step (25.32 it/s) | elapsed 1.4 min | ETA this epoch 1.4 min
  step 2050/4061 | loss -7.558 | 42 ms/step (24.07 it/s) | elapsed 1.4 min | ETA this epoch 1.4 min
  step 2100/4061 | loss -7.167 | 40 ms/step (25.21 it/s) | elapsed 1.4 min | ETA this epoch 1.3 min
  step 2150/4061 | loss -7.120 | 42 ms/step (23.86 it/s) | elapsed 1.5 min | ETA this epoch 1.3 min
  step 2200/4061 | loss -7.247 | 38 ms/step (26.25 it/s) | elapsed 1.5 min | ETA this epoch 1.2 min
  step 2250/4061 | loss -8.196 | 44 ms/step (22.71 it/s) | elapsed 1.5 min | ETA this epoch 1.3 min
  step 2300/4061 | loss -6.869 | 43 ms/step (23.12 it/s) | elapsed 1.6 min | ETA this epoch 1.3 min
  step 2350/4061 | loss -6.248 | 42 ms/step (23.73 it/s) | elapsed 1.6 min | ETA this epoch 1.2 min
  step 2400/4061 | loss -5.231 | 40 ms/step (25.00 it/s) | elapsed 1.6 min | ETA this epoch 1.1 min
  step 2450/4061 | loss -7.615 | 43 ms/step (23.40 it/s) | elapsed 1.7 min | ETA this epoch 1.1 min
  step 2500/4061 | loss -5.509 | 39 ms/step (25.49 it/s) | elapsed 1.7 min | ETA this epoch 1.0 min
  step 2550/4061 | loss -6.099 | 39 ms/step (25.62 it/s) | elapsed 1.7 min | ETA this epoch 1.0 min
  step 2600/4061 | loss -8.868 | 40 ms/step (24.97 it/s) | elapsed 1.8 min | ETA this epoch 1.0 min
  step 2650/4061 | loss -7.147 | 41 ms/step (24.32 it/s) | elapsed 1.8 min | ETA this epoch 1.0 min
  step 2700/4061 | loss -6.855 | 40 ms/step (25.13 it/s) | elapsed 1.8 min | ETA this epoch 0.9 min
  step 2750/4061 | loss -7.132 | 39 ms/step (25.62 it/s) | elapsed 1.9 min | ETA this epoch 0.9 min
  step 2800/4061 | loss -6.810 | 43 ms/step (23.17 it/s) | elapsed 1.9 min | ETA this epoch 0.9 min
  step 2850/4061 | loss -7.487 | 41 ms/step (24.41 it/s) | elapsed 1.9 min | ETA this epoch 0.8 min
  step 2900/4061 | loss -7.711 | 41 ms/step (24.32 it/s) | elapsed 2.0 min | ETA this epoch 0.8 min
  step 2950/4061 | loss -9.193 | 40 ms/step (24.74 it/s) | elapsed 2.0 min | ETA this epoch 0.7 min
  step 3000/4061 | loss -8.593 | 42 ms/step (24.07 it/s) | elapsed 2.0 min | ETA this epoch 0.7 min
  step 3050/4061 | loss -6.840 | 40 ms/step (24.91 it/s) | elapsed 2.1 min | ETA this epoch 0.7 min
  step 3100/4061 | loss -7.031 | 41 ms/step (24.48 it/s) | elapsed 2.1 min | ETA this epoch 0.7 min
  step 3150/4061 | loss -7.721 | 39 ms/step (25.47 it/s) | elapsed 2.1 min | ETA this epoch 0.6 min
  step 3200/4061 | loss -7.698 | 40 ms/step (24.81 it/s) | elapsed 2.2 min | ETA this epoch 0.6 min
  step 3250/4061 | loss -8.096 | 42 ms/step (23.84 it/s) | elapsed 2.2 min | ETA this epoch 0.6 min
  step 3300/4061 | loss -8.330 | 43 ms/step (23.52 it/s) | elapsed 2.3 min | ETA this epoch 0.5 min
  step 3350/4061 | loss -6.685 | 42 ms/step (24.06 it/s) | elapsed 2.3 min | ETA this epoch 0.5 min
  step 3400/4061 | loss -10.003 | 40 ms/step (25.22 it/s) | elapsed 2.3 min | ETA this epoch 0.4 min
  step 3450/4061 | loss -7.615 | 40 ms/step (25.12 it/s) | elapsed 2.4 min | ETA this epoch 0.4 min
  step 3500/4061 | loss -6.780 | 41 ms/step (24.28 it/s) | elapsed 2.4 min | ETA this epoch 0.4 min
  step 3550/4061 | loss -7.342 | 39 ms/step (25.41 it/s) | elapsed 2.4 min | ETA this epoch 0.3 min
  step 3600/4061 | loss -7.628 | 42 ms/step (23.55 it/s) | elapsed 2.5 min | ETA this epoch 0.3 min
  step 3650/4061 | loss -7.475 | 42 ms/step (23.92 it/s) | elapsed 2.5 min | ETA this epoch 0.3 min
  step 3700/4061 | loss -7.334 | 40 ms/step (24.93 it/s) | elapsed 2.5 min | ETA this epoch 0.2 min
  step 3750/4061 | loss -9.188 | 40 ms/step (24.74 it/s) | elapsed 2.6 min | ETA this epoch 0.2 min
  step 3800/4061 | loss -7.355 | 39 ms/step (25.57 it/s) | elapsed 2.6 min | ETA this epoch 0.2 min
  step 3850/4061 | loss -6.057 | 40 ms/step (24.77 it/s) | elapsed 2.6 min | ETA this epoch 0.1 min
  step 3900/4061 | loss -8.044 | 41 ms/step (24.41 it/s) | elapsed 2.7 min | ETA this epoch 0.1 min
  step 3950/4061 | loss -6.989 | 41 ms/step (24.58 it/s) | elapsed 2.7 min | ETA this epoch 0.1 min
  step 4000/4061 | loss -7.668 | 41 ms/step (24.35 it/s) | elapsed 2.7 min | ETA this epoch 0.0 min
  step 4050/4061 | loss -8.129 | 41 ms/step (24.52 it/s) | elapsed 2.8 min | ETA this epoch 0.0 min
Epoch 38/50 | Train -7.362 | Val L1 0.0019 | Val SI-SDR 18.09 dB | Time 2.9 min
EarlyStopping counter: 3/7
  step 50/4061 | loss -7.518 | 41 ms/step (24.45 it/s) | elapsed 0.0 min | ETA this epoch 2.7 min
  step 100/4061 | loss -8.163 | 39 ms/step (25.51 it/s) | elapsed 0.1 min | ETA this epoch 2.6 min
  step 150/4061 | loss -5.659 | 38 ms/step (26.64 it/s) | elapsed 0.1 min | ETA this epoch 2.4 min
  step 200/4061 | loss -7.611 | 40 ms/step (25.04 it/s) | elapsed 0.1 min | ETA this epoch 2.6 min
  step 250/4061 | loss -5.478 | 42 ms/step (24.06 it/s) | elapsed 0.2 min | ETA this epoch 2.6 min
  step 300/4061 | loss -6.864 | 42 ms/step (23.69 it/s) | elapsed 0.2 min | ETA this epoch 2.6 min
  step 350/4061 | loss -6.528 | 42 ms/step (23.68 it/s) | elapsed 0.2 min | ETA this epoch 2.6 min
  step 400/4061 | loss -6.918 | 40 ms/step (25.27 it/s) | elapsed 0.3 min | ETA this epoch 2.4 min
  step 450/4061 | loss -6.895 | 40 ms/step (24.99 it/s) | elapsed 0.3 min | ETA this epoch 2.4 min
  step 500/4061 | loss -7.885 | 39 ms/step (25.39 it/s) | elapsed 0.3 min | ETA this epoch 2.3 min
  step 550/4061 | loss -9.029 | 41 ms/step (24.48 it/s) | elapsed 0.4 min | ETA this epoch 2.4 min
  step 600/4061 | loss -7.219 | 45 ms/step (22.01 it/s) | elapsed 0.4 min | ETA this epoch 2.6 min
  step 650/4061 | loss -7.648 | 39 ms/step (25.44 it/s) | elapsed 0.4 min | ETA this epoch 2.2 min
  step 700/4061 | loss -7.215 | 41 ms/step (24.52 it/s) | elapsed 0.5 min | ETA this epoch 2.3 min
  step 750/4061 | loss -7.718 | 41 ms/step (24.23 it/s) | elapsed 0.5 min | ETA this epoch 2.3 min
  step 800/4061 | loss -7.057 | 41 ms/step (24.48 it/s) | elapsed 0.5 min | ETA this epoch 2.2 min
  step 850/4061 | loss -8.157 | 43 ms/step (23.38 it/s) | elapsed 0.6 min | ETA this epoch 2.3 min
  step 900/4061 | loss -9.797 | 43 ms/step (23.35 it/s) | elapsed 0.6 min | ETA this epoch 2.3 min
  step 950/4061 | loss -8.569 | 42 ms/step (24.01 it/s) | elapsed 0.6 min | ETA this epoch 2.2 min
  step 1000/4061 | loss -6.966 | 42 ms/step (24.07 it/s) | elapsed 0.7 min | ETA this epoch 2.1 min
  step 1050/4061 | loss -8.430 | 42 ms/step (23.70 it/s) | elapsed 0.7 min | ETA this epoch 2.1 min
  step 1100/4061 | loss -8.165 | 43 ms/step (23.27 it/s) | elapsed 0.8 min | ETA this epoch 2.1 min
  step 1150/4061 | loss -9.086 | 42 ms/step (23.98 it/s) | elapsed 0.8 min | ETA this epoch 2.0 min
  step 1200/4061 | loss -5.465 | 41 ms/step (24.27 it/s) | elapsed 0.8 min | ETA this epoch 2.0 min
  step 1250/4061 | loss -6.682 | 40 ms/step (25.26 it/s) | elapsed 0.9 min | ETA this epoch 1.9 min
  step 1300/4061 | loss -6.211 | 41 ms/step (24.67 it/s) | elapsed 0.9 min | ETA this epoch 1.9 min
  step 1350/4061 | loss -9.702 | 41 ms/step (24.17 it/s) | elapsed 0.9 min | ETA this epoch 1.9 min
  step 1400/4061 | loss -6.083 | 40 ms/step (25.04 it/s) | elapsed 1.0 min | ETA this epoch 1.8 min
  step 1450/4061 | loss -6.811 | 41 ms/step (24.37 it/s) | elapsed 1.0 min | ETA this epoch 1.8 min
  step 1500/4061 | loss -9.653 | 40 ms/step (24.96 it/s) | elapsed 1.0 min | ETA this epoch 1.7 min
  step 1550/4061 | loss -7.996 | 39 ms/step (25.95 it/s) | elapsed 1.1 min | ETA this epoch 1.6 min
  step 1600/4061 | loss -7.332 | 40 ms/step (24.88 it/s) | elapsed 1.1 min | ETA this epoch 1.6 min
  step 1650/4061 | loss -7.004 | 41 ms/step (24.30 it/s) | elapsed 1.1 min | ETA this epoch 1.7 min
  step 1700/4061 | loss -6.910 | 41 ms/step (24.13 it/s) | elapsed 1.2 min | ETA this epoch 1.6 min
  step 1750/4061 | loss -6.888 | 39 ms/step (25.48 it/s) | elapsed 1.2 min | ETA this epoch 1.5 min
  step 1800/4061 | loss -7.976 | 43 ms/step (23.29 it/s) | elapsed 1.2 min | ETA this epoch 1.6 min
  step 1850/4061 | loss -8.954 | 40 ms/step (24.97 it/s) | elapsed 1.3 min | ETA this epoch 1.5 min
  step 1900/4061 | loss -7.733 | 41 ms/step (24.54 it/s) | elapsed 1.3 min | ETA this epoch 1.5 min
  step 1950/4061 | loss -6.706 | 43 ms/step (23.49 it/s) | elapsed 1.3 min | ETA this epoch 1.5 min
  step 2000/4061 | loss -8.148 | 41 ms/step (24.15 it/s) | elapsed 1.4 min | ETA this epoch 1.4 min
  step 2050/4061 | loss -8.659 | 40 ms/step (24.87 it/s) | elapsed 1.4 min | ETA this epoch 1.3 min
  step 2100/4061 | loss -8.107 | 41 ms/step (24.52 it/s) | elapsed 1.4 min | ETA this epoch 1.3 min
  step 2150/4061 | loss -8.121 | 44 ms/step (22.76 it/s) | elapsed 1.5 min | ETA this epoch 1.4 min
  step 2200/4061 | loss -9.455 | 40 ms/step (25.09 it/s) | elapsed 1.5 min | ETA this epoch 1.2 min
  step 2250/4061 | loss -6.331 | 40 ms/step (24.71 it/s) | elapsed 1.5 min | ETA this epoch 1.2 min
  step 2300/4061 | loss -6.900 | 41 ms/step (24.13 it/s) | elapsed 1.6 min | ETA this epoch 1.2 min
  step 2350/4061 | loss -7.629 | 41 ms/step (24.11 it/s) | elapsed 1.6 min | ETA this epoch 1.2 min
  step 2400/4061 | loss -7.134 | 41 ms/step (24.41 it/s) | elapsed 1.6 min | ETA this epoch 1.1 min
  step 2450/4061 | loss -5.983 | 41 ms/step (24.47 it/s) | elapsed 1.7 min | ETA this epoch 1.1 min
  step 2500/4061 | loss -7.443 | 40 ms/step (24.87 it/s) | elapsed 1.7 min | ETA this epoch 1.0 min
  step 2550/4061 | loss -6.904 | 40 ms/step (24.86 it/s) | elapsed 1.7 min | ETA this epoch 1.0 min
  step 2600/4061 | loss -7.088 | 40 ms/step (24.87 it/s) | elapsed 1.8 min | ETA this epoch 1.0 min
  step 2650/4061 | loss -9.027 | 41 ms/step (24.33 it/s) | elapsed 1.8 min | ETA this epoch 1.0 min
  step 2700/4061 | loss -7.288 | 41 ms/step (24.19 it/s) | elapsed 1.8 min | ETA this epoch 0.9 min
  step 2750/4061 | loss -6.396 | 42 ms/step (23.86 it/s) | elapsed 1.9 min | ETA this epoch 0.9 min
  step 2800/4061 | loss -6.550 | 40 ms/step (25.12 it/s) | elapsed 1.9 min | ETA this epoch 0.8 min
  step 2850/4061 | loss -11.039 | 41 ms/step (24.42 it/s) | elapsed 1.9 min | ETA this epoch 0.8 min
  step 2900/4061 | loss -7.014 | 41 ms/step (24.17 it/s) | elapsed 2.0 min | ETA this epoch 0.8 min
  step 2950/4061 | loss -7.237 | 41 ms/step (24.43 it/s) | elapsed 2.0 min | ETA this epoch 0.8 min
  step 3000/4061 | loss -6.507 | 43 ms/step (23.51 it/s) | elapsed 2.0 min | ETA this epoch 0.8 min
  step 3050/4061 | loss -5.167 | 42 ms/step (23.91 it/s) | elapsed 2.1 min | ETA this epoch 0.7 min
  step 3100/4061 | loss -9.076 | 40 ms/step (24.95 it/s) | elapsed 2.1 min | ETA this epoch 0.6 min
  step 3150/4061 | loss -5.919 | 41 ms/step (24.44 it/s) | elapsed 2.2 min | ETA this epoch 0.6 min
  step 3200/4061 | loss -6.567 | 43 ms/step (23.10 it/s) | elapsed 2.2 min | ETA this epoch 0.6 min
  step 3250/4061 | loss -7.859 | 39 ms/step (25.38 it/s) | elapsed 2.2 min | ETA this epoch 0.5 min
  step 3300/4061 | loss -6.257 | 42 ms/step (23.84 it/s) | elapsed 2.3 min | ETA this epoch 0.5 min
  step 3350/4061 | loss -7.767 | 40 ms/step (24.73 it/s) | elapsed 2.3 min | ETA this epoch 0.5 min
  step 3400/4061 | loss -6.592 | 43 ms/step (23.44 it/s) | elapsed 2.3 min | ETA this epoch 0.5 min
  step 3450/4061 | loss -6.539 | 40 ms/step (25.30 it/s) | elapsed 2.4 min | ETA this epoch 0.4 min
  step 3500/4061 | loss -7.086 | 40 ms/step (25.25 it/s) | elapsed 2.4 min | ETA this epoch 0.4 min
  step 3550/4061 | loss -7.507 | 41 ms/step (24.68 it/s) | elapsed 2.4 min | ETA this epoch 0.3 min
  step 3600/4061 | loss -7.115 | 40 ms/step (24.75 it/s) | elapsed 2.5 min | ETA this epoch 0.3 min
  step 3650/4061 | loss -5.958 | 44 ms/step (22.72 it/s) | elapsed 2.5 min | ETA this epoch 0.3 min
  step 3700/4061 | loss -7.736 | 42 ms/step (23.84 it/s) | elapsed 2.5 min | ETA this epoch 0.3 min
  step 3750/4061 | loss -7.696 | 41 ms/step (24.40 it/s) | elapsed 2.6 min | ETA this epoch 0.2 min
  step 3800/4061 | loss -6.584 | 41 ms/step (24.16 it/s) | elapsed 2.6 min | ETA this epoch 0.2 min
  step 3850/4061 | loss -7.523 | 41 ms/step (24.13 it/s) | elapsed 2.6 min | ETA this epoch 0.1 min
  step 3900/4061 | loss -6.950 | 41 ms/step (24.26 it/s) | elapsed 2.7 min | ETA this epoch 0.1 min
  step 3950/4061 | loss -7.100 | 38 ms/step (26.09 it/s) | elapsed 2.7 min | ETA this epoch 0.1 min
  step 4000/4061 | loss -6.680 | 41 ms/step (24.33 it/s) | elapsed 2.7 min | ETA this epoch 0.0 min
  step 4050/4061 | loss -7.612 | 43 ms/step (23.16 it/s) | elapsed 2.8 min | ETA this epoch 0.0 min
Epoch 39/50 | Train -7.374 | Val L1 0.0018 | Val SI-SDR 18.19 dB | Time 2.9 min
Saved best model (SI-SDR 18.19 dB) -> /home/bubai-maji/speech_enhancement/script/propose_ablation3/checkpoint_propose_ab3/best_NGDM_SE.pt
  step 50/4061 | loss -6.071 | 40 ms/step (25.13 it/s) | elapsed 0.0 min | ETA this epoch 2.7 min
  step 100/4061 | loss -7.748 | 39 ms/step (25.72 it/s) | elapsed 0.1 min | ETA this epoch 2.6 min
  step 150/4061 | loss -7.091 | 39 ms/step (25.62 it/s) | elapsed 0.1 min | ETA this epoch 2.5 min
  step 200/4061 | loss -7.190 | 39 ms/step (25.48 it/s) | elapsed 0.1 min | ETA this epoch 2.5 min
  step 250/4061 | loss -8.089 | 42 ms/step (23.98 it/s) | elapsed 0.2 min | ETA this epoch 2.6 min
  step 300/4061 | loss -7.910 | 42 ms/step (23.58 it/s) | elapsed 0.2 min | ETA this epoch 2.7 min
  step 350/4061 | loss -7.800 | 41 ms/step (24.57 it/s) | elapsed 0.2 min | ETA this epoch 2.5 min
  step 400/4061 | loss -7.716 | 41 ms/step (24.52 it/s) | elapsed 0.3 min | ETA this epoch 2.5 min
  step 450/4061 | loss -7.887 | 42 ms/step (23.67 it/s) | elapsed 0.3 min | ETA this epoch 2.5 min
  step 500/4061 | loss -5.859 | 42 ms/step (23.81 it/s) | elapsed 0.3 min | ETA this epoch 2.5 min
  step 550/4061 | loss -8.833 | 41 ms/step (24.38 it/s) | elapsed 0.4 min | ETA this epoch 2.4 min
  step 600/4061 | loss -6.112 | 43 ms/step (23.41 it/s) | elapsed 0.4 min | ETA this epoch 2.5 min
  step 650/4061 | loss -7.549 | 39 ms/step (25.35 it/s) | elapsed 0.4 min | ETA this epoch 2.2 min
  step 700/4061 | loss -7.274 | 40 ms/step (25.25 it/s) | elapsed 0.5 min | ETA this epoch 2.2 min
  step 750/4061 | loss -8.529 | 42 ms/step (23.90 it/s) | elapsed 0.5 min | ETA this epoch 2.3 min
  step 800/4061 | loss -8.156 | 41 ms/step (24.46 it/s) | elapsed 0.5 min | ETA this epoch 2.2 min
  step 850/4061 | loss -8.278 | 41 ms/step (24.37 it/s) | elapsed 0.6 min | ETA this epoch 2.2 min
  step 900/4061 | loss -7.931 | 39 ms/step (25.70 it/s) | elapsed 0.6 min | ETA this epoch 2.1 min
  step 950/4061 | loss -6.776 | 41 ms/step (24.17 it/s) | elapsed 0.6 min | ETA this epoch 2.1 min
  step 1000/4061 | loss -6.291 | 40 ms/step (24.96 it/s) | elapsed 0.7 min | ETA this epoch 2.0 min
  step 1050/4061 | loss -7.242 | 40 ms/step (24.87 it/s) | elapsed 0.7 min | ETA this epoch 2.0 min
  step 1100/4061 | loss -7.365 | 40 ms/step (25.20 it/s) | elapsed 0.7 min | ETA this epoch 2.0 min
  step 1150/4061 | loss -7.357 | 41 ms/step (24.16 it/s) | elapsed 0.8 min | ETA this epoch 2.0 min
  step 1200/4061 | loss -7.082 | 42 ms/step (24.03 it/s) | elapsed 0.8 min | ETA this epoch 2.0 min
  step 1250/4061 | loss -8.020 | 41 ms/step (24.56 it/s) | elapsed 0.8 min | ETA this epoch 1.9 min
  step 1300/4061 | loss -5.813 | 40 ms/step (24.79 it/s) | elapsed 0.9 min | ETA this epoch 1.9 min
  step 1350/4061 | loss -7.114 | 39 ms/step (25.56 it/s) | elapsed 0.9 min | ETA this epoch 1.8 min
  step 1400/4061 | loss -6.511 | 40 ms/step (25.08 it/s) | elapsed 0.9 min | ETA this epoch 1.8 min
  step 1450/4061 | loss -6.716 | 41 ms/step (24.11 it/s) | elapsed 1.0 min | ETA this epoch 1.8 min
  step 1500/4061 | loss -6.494 | 40 ms/step (25.01 it/s) | elapsed 1.0 min | ETA this epoch 1.7 min
  step 1550/4061 | loss -7.972 | 42 ms/step (23.64 it/s) | elapsed 1.1 min | ETA this epoch 1.8 min
  step 1600/4061 | loss -6.084 | 41 ms/step (24.46 it/s) | elapsed 1.1 min | ETA this epoch 1.7 min
  step 1650/4061 | loss -9.427 | 41 ms/step (24.68 it/s) | elapsed 1.1 min | ETA this epoch 1.6 min
  step 1700/4061 | loss -7.947 | 41 ms/step (24.46 it/s) | elapsed 1.2 min | ETA this epoch 1.6 min
  step 1750/4061 | loss -6.403 | 41 ms/step (24.68 it/s) | elapsed 1.2 min | ETA this epoch 1.6 min
  step 1800/4061 | loss -7.903 | 40 ms/step (25.17 it/s) | elapsed 1.2 min | ETA this epoch 1.5 min
  step 1850/4061 | loss -5.709 | 40 ms/step (25.05 it/s) | elapsed 1.3 min | ETA this epoch 1.5 min
  step 1900/4061 | loss -7.897 | 43 ms/step (23.12 it/s) | elapsed 1.3 min | ETA this epoch 1.6 min
  step 1950/4061 | loss -9.538 | 41 ms/step (24.52 it/s) | elapsed 1.3 min | ETA this epoch 1.4 min
  step 2000/4061 | loss -6.645 | 41 ms/step (24.65 it/s) | elapsed 1.4 min | ETA this epoch 1.4 min
  step 2050/4061 | loss -6.601 | 41 ms/step (24.33 it/s) | elapsed 1.4 min | ETA this epoch 1.4 min
  step 2100/4061 | loss -8.741 | 42 ms/step (24.00 it/s) | elapsed 1.4 min | ETA this epoch 1.4 min
  step 2150/4061 | loss -7.336 | 42 ms/step (23.69 it/s) | elapsed 1.5 min | ETA this epoch 1.3 min
  step 2200/4061 | loss -6.717 | 42 ms/step (23.90 it/s) | elapsed 1.5 min | ETA this epoch 1.3 min
  step 2250/4061 | loss -6.967 | 42 ms/step (23.90 it/s) | elapsed 1.5 min | ETA this epoch 1.3 min
  step 2300/4061 | loss -7.400 | 41 ms/step (24.35 it/s) | elapsed 1.6 min | ETA this epoch 1.2 min
  step 2350/4061 | loss -6.464 | 42 ms/step (23.94 it/s) | elapsed 1.6 min | ETA this epoch 1.2 min
  step 2400/4061 | loss -6.374 | 40 ms/step (24.89 it/s) | elapsed 1.6 min | ETA this epoch 1.1 min
  step 2450/4061 | loss -6.024 | 41 ms/step (24.33 it/s) | elapsed 1.7 min | ETA this epoch 1.1 min
  step 2500/4061 | loss -6.109 | 41 ms/step (24.38 it/s) | elapsed 1.7 min | ETA this epoch 1.1 min
  step 2550/4061 | loss -7.938 | 40 ms/step (25.16 it/s) | elapsed 1.7 min | ETA this epoch 1.0 min
  step 2600/4061 | loss -8.081 | 40 ms/step (24.72 it/s) | elapsed 1.8 min | ETA this epoch 1.0 min
  step 2650/4061 | loss -7.509 | 40 ms/step (25.04 it/s) | elapsed 1.8 min | ETA this epoch 0.9 min
  step 2700/4061 | loss -7.165 | 41 ms/step (24.24 it/s) | elapsed 1.8 min | ETA this epoch 0.9 min
  step 2750/4061 | loss -7.148 | 42 ms/step (23.75 it/s) | elapsed 1.9 min | ETA this epoch 0.9 min
  step 2800/4061 | loss -5.834 | 39 ms/step (25.72 it/s) | elapsed 1.9 min | ETA this epoch 0.8 min
  step 2850/4061 | loss -5.851 | 40 ms/step (24.88 it/s) | elapsed 1.9 min | ETA this epoch 0.8 min
  step 2900/4061 | loss -6.284 | 39 ms/step (25.53 it/s) | elapsed 2.0 min | ETA this epoch 0.8 min
  step 2950/4061 | loss -6.885 | 39 ms/step (25.58 it/s) | elapsed 2.0 min | ETA this epoch 0.7 min
  step 3000/4061 | loss -6.101 | 41 ms/step (24.39 it/s) | elapsed 2.0 min | ETA this epoch 0.7 min
  step 3050/4061 | loss -6.513 | 40 ms/step (24.84 it/s) | elapsed 2.1 min | ETA this epoch 0.7 min
  step 3100/4061 | loss -6.555 | 42 ms/step (23.78 it/s) | elapsed 2.1 min | ETA this epoch 0.7 min
  step 3150/4061 | loss -6.202 | 41 ms/step (24.63 it/s) | elapsed 2.1 min | ETA this epoch 0.6 min
  step 3200/4061 | loss -7.174 | 41 ms/step (24.63 it/s) | elapsed 2.2 min | ETA this epoch 0.6 min
  step 3250/4061 | loss -6.169 | 40 ms/step (25.11 it/s) | elapsed 2.2 min | ETA this epoch 0.5 min
  step 3300/4061 | loss -8.054 | 39 ms/step (25.70 it/s) | elapsed 2.2 min | ETA this epoch 0.5 min
  step 3350/4061 | loss -7.055 | 41 ms/step (24.47 it/s) | elapsed 2.3 min | ETA this epoch 0.5 min
  step 3400/4061 | loss -7.357 | 42 ms/step (23.87 it/s) | elapsed 2.3 min | ETA this epoch 0.5 min
  step 3450/4061 | loss -6.480 | 40 ms/step (24.96 it/s) | elapsed 2.3 min | ETA this epoch 0.4 min
  step 3500/4061 | loss -6.343 | 39 ms/step (25.70 it/s) | elapsed 2.4 min | ETA this epoch 0.4 min
  step 3550/4061 | loss -6.712 | 39 ms/step (25.52 it/s) | elapsed 2.4 min | ETA this epoch 0.3 min
  step 3600/4061 | loss -6.794 | 42 ms/step (23.84 it/s) | elapsed 2.4 min | ETA this epoch 0.3 min
  step 3650/4061 | loss -6.972 | 40 ms/step (24.76 it/s) | elapsed 2.5 min | ETA this epoch 0.3 min
  step 3700/4061 | loss -7.508 | 41 ms/step (24.42 it/s) | elapsed 2.5 min | ETA this epoch 0.2 min
  step 3750/4061 | loss -7.312 | 41 ms/step (24.37 it/s) | elapsed 2.5 min | ETA this epoch 0.2 min
  step 3800/4061 | loss -5.712 | 42 ms/step (23.64 it/s) | elapsed 2.6 min | ETA this epoch 0.2 min
  step 3850/4061 | loss -6.048 | 41 ms/step (24.60 it/s) | elapsed 2.6 min | ETA this epoch 0.1 min
  step 3900/4061 | loss -5.512 | 40 ms/step (24.96 it/s) | elapsed 2.6 min | ETA this epoch 0.1 min
  step 3950/4061 | loss -6.481 | 40 ms/step (24.85 it/s) | elapsed 2.7 min | ETA this epoch 0.1 min
  step 4000/4061 | loss -7.076 | 43 ms/step (23.39 it/s) | elapsed 2.7 min | ETA this epoch 0.0 min
  step 4050/4061 | loss -7.471 | 40 ms/step (24.70 it/s) | elapsed 2.7 min | ETA this epoch 0.0 min
Epoch 40/50 | Train -7.356 | Val L1 0.0019 | Val SI-SDR 18.14 dB | Time 2.9 min
EarlyStopping counter: 1/7
  step 50/4061 | loss -8.339 | 40 ms/step (25.26 it/s) | elapsed 0.0 min | ETA this epoch 2.6 min
  step 100/4061 | loss -7.099 | 39 ms/step (25.65 it/s) | elapsed 0.1 min | ETA this epoch 2.6 min
  step 150/4061 | loss -5.844 | 42 ms/step (23.99 it/s) | elapsed 0.1 min | ETA this epoch 2.7 min
  step 200/4061 | loss -7.264 | 41 ms/step (24.55 it/s) | elapsed 0.1 min | ETA this epoch 2.6 min
  step 250/4061 | loss -8.951 | 41 ms/step (24.46 it/s) | elapsed 0.2 min | ETA this epoch 2.6 min
  step 300/4061 | loss -7.202 | 41 ms/step (24.18 it/s) | elapsed 0.2 min | ETA this epoch 2.6 min
  step 350/4061 | loss -6.900 | 40 ms/step (25.01 it/s) | elapsed 0.2 min | ETA this epoch 2.5 min
  step 400/4061 | loss -4.498 | 40 ms/step (24.74 it/s) | elapsed 0.3 min | ETA this epoch 2.5 min
  step 450/4061 | loss -7.302 | 40 ms/step (25.05 it/s) | elapsed 0.3 min | ETA this epoch 2.4 min
  step 500/4061 | loss -6.597 | 40 ms/step (24.98 it/s) | elapsed 0.3 min | ETA this epoch 2.4 min
  step 550/4061 | loss -5.247 | 42 ms/step (23.74 it/s) | elapsed 0.4 min | ETA this epoch 2.5 min
  step 600/4061 | loss -7.448 | 40 ms/step (25.03 it/s) | elapsed 0.4 min | ETA this epoch 2.3 min
  step 650/4061 | loss -7.230 | 39 ms/step (25.88 it/s) | elapsed 0.4 min | ETA this epoch 2.2 min
  step 700/4061 | loss -7.531 | 40 ms/step (24.71 it/s) | elapsed 0.5 min | ETA this epoch 2.3 min
  step 750/4061 | loss -7.702 | 41 ms/step (24.39 it/s) | elapsed 0.5 min | ETA this epoch 2.3 min
  step 800/4061 | loss -8.439 | 42 ms/step (23.86 it/s) | elapsed 0.5 min | ETA this epoch 2.3 min
  step 850/4061 | loss -6.493 | 41 ms/step (24.20 it/s) | elapsed 0.6 min | ETA this epoch 2.2 min
  step 900/4061 | loss -6.144 | 42 ms/step (23.75 it/s) | elapsed 0.6 min | ETA this epoch 2.2 min
  step 950/4061 | loss -7.728 | 41 ms/step (24.39 it/s) | elapsed 0.6 min | ETA this epoch 2.1 min
  step 1000/4061 | loss -6.084 | 42 ms/step (23.56 it/s) | elapsed 0.7 min | ETA this epoch 2.2 min
  step 1050/4061 | loss -6.010 | 40 ms/step (25.04 it/s) | elapsed 0.7 min | ETA this epoch 2.0 min
  step 1100/4061 | loss -7.510 | 41 ms/step (24.25 it/s) | elapsed 0.7 min | ETA this epoch 2.0 min
  step 1150/4061 | loss -7.858 | 40 ms/step (24.93 it/s) | elapsed 0.8 min | ETA this epoch 1.9 min
  step 1200/4061 | loss -6.307 | 40 ms/step (24.76 it/s) | elapsed 0.8 min | ETA this epoch 1.9 min
  step 1250/4061 | loss -6.782 | 41 ms/step (24.45 it/s) | elapsed 0.8 min | ETA this epoch 1.9 min
  step 1300/4061 | loss -9.242 | 42 ms/step (23.74 it/s) | elapsed 0.9 min | ETA this epoch 1.9 min
  step 1350/4061 | loss -7.587 | 43 ms/step (23.36 it/s) | elapsed 0.9 min | ETA this epoch 1.9 min
  step 1400/4061 | loss -7.408 | 41 ms/step (24.60 it/s) | elapsed 1.0 min | ETA this epoch 1.8 min
  step 1450/4061 | loss -8.097 | 41 ms/step (24.64 it/s) | elapsed 1.0 min | ETA this epoch 1.8 min
  step 1500/4061 | loss -6.899 | 45 ms/step (22.45 it/s) | elapsed 1.0 min | ETA this epoch 1.9 min
  step 1550/4061 | loss -7.385 | 41 ms/step (24.34 it/s) | elapsed 1.1 min | ETA this epoch 1.7 min
  step 1600/4061 | loss -6.348 | 44 ms/step (22.81 it/s) | elapsed 1.1 min | ETA this epoch 1.8 min
  step 1650/4061 | loss -7.000 | 42 ms/step (23.57 it/s) | elapsed 1.1 min | ETA this epoch 1.7 min
  step 1700/4061 | loss -9.062 | 42 ms/step (23.53 it/s) | elapsed 1.2 min | ETA this epoch 1.7 min
  step 1750/4061 | loss -7.822 | 41 ms/step (24.29 it/s) | elapsed 1.2 min | ETA this epoch 1.6 min
  step 1800/4061 | loss -8.617 | 43 ms/step (23.30 it/s) | elapsed 1.2 min | ETA this epoch 1.6 min
  step 1850/4061 | loss -7.220 | 39 ms/step (25.81 it/s) | elapsed 1.3 min | ETA this epoch 1.4 min
  step 1900/4061 | loss -6.255 | 40 ms/step (24.87 it/s) | elapsed 1.3 min | ETA this epoch 1.4 min
  step 1950/4061 | loss -7.626 | 41 ms/step (24.53 it/s) | elapsed 1.3 min | ETA this epoch 1.4 min
  step 2000/4061 | loss -6.563 | 39 ms/step (25.34 it/s) | elapsed 1.4 min | ETA this epoch 1.4 min
  step 2050/4061 | loss -6.196 | 41 ms/step (24.62 it/s) | elapsed 1.4 min | ETA this epoch 1.4 min
  step 2100/4061 | loss -7.431 | 43 ms/step (23.25 it/s) | elapsed 1.4 min | ETA this epoch 1.4 min
  step 2150/4061 | loss -10.099 | 41 ms/step (24.54 it/s) | elapsed 1.5 min | ETA this epoch 1.3 min
  step 2200/4061 | loss -7.331 | 40 ms/step (24.91 it/s) | elapsed 1.5 min | ETA this epoch 1.2 min
  step 2250/4061 | loss -7.696 | 40 ms/step (24.98 it/s) | elapsed 1.5 min | ETA this epoch 1.2 min
  step 2300/4061 | loss -7.824 | 41 ms/step (24.29 it/s) | elapsed 1.6 min | ETA this epoch 1.2 min
  step 2350/4061 | loss -7.985 | 41 ms/step (24.23 it/s) | elapsed 1.6 min | ETA this epoch 1.2 min
  step 2400/4061 | loss -8.400 | 42 ms/step (23.95 it/s) | elapsed 1.6 min | ETA this epoch 1.2 min
  step 2450/4061 | loss -8.874 | 42 ms/step (23.58 it/s) | elapsed 1.7 min | ETA this epoch 1.1 min
  step 2500/4061 | loss -7.824 | 41 ms/step (24.15 it/s) | elapsed 1.7 min | ETA this epoch 1.1 min
  step 2550/4061 | loss -9.114 | 42 ms/step (23.74 it/s) | elapsed 1.7 min | ETA this epoch 1.1 min
  step 2600/4061 | loss -7.064 | 43 ms/step (23.01 it/s) | elapsed 1.8 min | ETA this epoch 1.1 min
  step 2650/4061 | loss -7.069 | 40 ms/step (25.20 it/s) | elapsed 1.8 min | ETA this epoch 0.9 min
  step 2700/4061 | loss -6.753 | 42 ms/step (23.65 it/s) | elapsed 1.9 min | ETA this epoch 1.0 min
  step 2750/4061 | loss -7.669 | 41 ms/step (24.57 it/s) | elapsed 1.9 min | ETA this epoch 0.9 min
  step 2800/4061 | loss -7.957 | 42 ms/step (23.97 it/s) | elapsed 1.9 min | ETA this epoch 0.9 min
  step 2850/4061 | loss -7.541 | 40 ms/step (24.86 it/s) | elapsed 2.0 min | ETA this epoch 0.8 min
  step 2900/4061 | loss -7.179 | 42 ms/step (23.81 it/s) | elapsed 2.0 min | ETA this epoch 0.8 min
  step 2950/4061 | loss -9.063 | 44 ms/step (22.93 it/s) | elapsed 2.0 min | ETA this epoch 0.8 min
  step 3000/4061 | loss -6.544 | 42 ms/step (24.02 it/s) | elapsed 2.1 min | ETA this epoch 0.7 min
  step 3050/4061 | loss -5.423 | 43 ms/step (23.40 it/s) | elapsed 2.1 min | ETA this epoch 0.7 min
  step 3100/4061 | loss -5.896 | 41 ms/step (24.19 it/s) | elapsed 2.1 min | ETA this epoch 0.7 min
  step 3150/4061 | loss -8.671 | 40 ms/step (24.79 it/s) | elapsed 2.2 min | ETA this epoch 0.6 min
  step 3200/4061 | loss -8.731 | 41 ms/step (24.35 it/s) | elapsed 2.2 min | ETA this epoch 0.6 min
  step 3250/4061 | loss -7.746 | 40 ms/step (24.74 it/s) | elapsed 2.2 min | ETA this epoch 0.5 min
  step 3300/4061 | loss -6.182 | 40 ms/step (25.10 it/s) | elapsed 2.3 min | ETA this epoch 0.5 min
  step 3350/4061 | loss -7.883 | 40 ms/step (24.82 it/s) | elapsed 2.3 min | ETA this epoch 0.5 min
  step 3400/4061 | loss -6.359 | 38 ms/step (26.01 it/s) | elapsed 2.3 min | ETA this epoch 0.4 min
  step 3450/4061 | loss -5.322 | 43 ms/step (23.32 it/s) | elapsed 2.4 min | ETA this epoch 0.4 min
  step 3500/4061 | loss -9.025 | 39 ms/step (25.65 it/s) | elapsed 2.4 min | ETA this epoch 0.4 min
  step 3550/4061 | loss -6.088 | 42 ms/step (23.98 it/s) | elapsed 2.4 min | ETA this epoch 0.4 min
  step 3600/4061 | loss -5.468 | 43 ms/step (23.39 it/s) | elapsed 2.5 min | ETA this epoch 0.3 min
  step 3650/4061 | loss -7.200 | 40 ms/step (24.90 it/s) | elapsed 2.5 min | ETA this epoch 0.3 min
  step 3700/4061 | loss -7.814 | 39 ms/step (25.71 it/s) | elapsed 2.5 min | ETA this epoch 0.2 min
  step 3750/4061 | loss -9.897 | 42 ms/step (23.54 it/s) | elapsed 2.6 min | ETA this epoch 0.2 min
  step 3800/4061 | loss -8.559 | 41 ms/step (24.25 it/s) | elapsed 2.6 min | ETA this epoch 0.2 min
  step 3850/4061 | loss -7.808 | 38 ms/step (26.10 it/s) | elapsed 2.6 min | ETA this epoch 0.1 min
  step 3900/4061 | loss -9.046 | 39 ms/step (25.43 it/s) | elapsed 2.7 min | ETA this epoch 0.1 min
  step 3950/4061 | loss -7.590 | 40 ms/step (24.76 it/s) | elapsed 2.7 min | ETA this epoch 0.1 min
  step 4000/4061 | loss -6.411 | 40 ms/step (24.98 it/s) | elapsed 2.7 min | ETA this epoch 0.0 min
  step 4050/4061 | loss -5.725 | 41 ms/step (24.46 it/s) | elapsed 2.8 min | ETA this epoch 0.0 min
Epoch 41/50 | Train -7.379 | Val L1 0.0018 | Val SI-SDR 18.19 dB | Time 2.9 min
EarlyStopping counter: 2/7
  step 50/4061 | loss -7.307 | 42 ms/step (23.74 it/s) | elapsed 0.0 min | ETA this epoch 2.8 min
  step 100/4061 | loss -8.317 | 43 ms/step (23.40 it/s) | elapsed 0.1 min | ETA this epoch 2.8 min
  step 150/4061 | loss -6.916 | 41 ms/step (24.56 it/s) | elapsed 0.1 min | ETA this epoch 2.7 min
  step 200/4061 | loss -9.222 | 40 ms/step (24.86 it/s) | elapsed 0.1 min | ETA this epoch 2.6 min
  step 250/4061 | loss -7.473 | 41 ms/step (24.22 it/s) | elapsed 0.2 min | ETA this epoch 2.6 min
  step 300/4061 | loss -6.226 | 41 ms/step (24.50 it/s) | elapsed 0.2 min | ETA this epoch 2.6 min
  step 350/4061 | loss -7.332 | 42 ms/step (23.95 it/s) | elapsed 0.2 min | ETA this epoch 2.6 min
  step 400/4061 | loss -7.072 | 41 ms/step (24.62 it/s) | elapsed 0.3 min | ETA this epoch 2.5 min
  step 450/4061 | loss -8.154 | 40 ms/step (25.02 it/s) | elapsed 0.3 min | ETA this epoch 2.4 min
  step 500/4061 | loss -6.752 | 43 ms/step (23.45 it/s) | elapsed 0.3 min | ETA this epoch 2.5 min
  step 550/4061 | loss -6.986 | 41 ms/step (24.43 it/s) | elapsed 0.4 min | ETA this epoch 2.4 min
  step 600/4061 | loss -6.573 | 40 ms/step (24.95 it/s) | elapsed 0.4 min | ETA this epoch 2.3 min
  step 650/4061 | loss -7.087 | 40 ms/step (24.95 it/s) | elapsed 0.4 min | ETA this epoch 2.3 min
  step 700/4061 | loss -6.162 | 41 ms/step (24.52 it/s) | elapsed 0.5 min | ETA this epoch 2.3 min
  step 750/4061 | loss -6.765 | 40 ms/step (25.02 it/s) | elapsed 0.5 min | ETA this epoch 2.2 min
  step 800/4061 | loss -6.627 | 39 ms/step (25.85 it/s) | elapsed 0.5 min | ETA this epoch 2.1 min
  step 850/4061 | loss -7.189 | 39 ms/step (25.34 it/s) | elapsed 0.6 min | ETA this epoch 2.1 min
  step 900/4061 | loss -7.005 | 40 ms/step (24.85 it/s) | elapsed 0.6 min | ETA this epoch 2.1 min
  step 950/4061 | loss -8.071 | 41 ms/step (24.68 it/s) | elapsed 0.6 min | ETA this epoch 2.1 min
  step 1000/4061 | loss -8.701 | 39 ms/step (25.70 it/s) | elapsed 0.7 min | ETA this epoch 2.0 min
  step 1050/4061 | loss -8.141 | 39 ms/step (25.35 it/s) | elapsed 0.7 min | ETA this epoch 2.0 min
  step 1100/4061 | loss -6.840 | 40 ms/step (24.79 it/s) | elapsed 0.7 min | ETA this epoch 2.0 min
  step 1150/4061 | loss -6.680 | 39 ms/step (25.44 it/s) | elapsed 0.8 min | ETA this epoch 1.9 min
  step 1200/4061 | loss -6.903 | 41 ms/step (24.68 it/s) | elapsed 0.8 min | ETA this epoch 1.9 min
  step 1250/4061 | loss -6.770 | 41 ms/step (24.44 it/s) | elapsed 0.8 min | ETA this epoch 1.9 min
  step 1300/4061 | loss -7.016 | 41 ms/step (24.43 it/s) | elapsed 0.9 min | ETA this epoch 1.9 min
  step 1350/4061 | loss -6.638 | 39 ms/step (25.39 it/s) | elapsed 0.9 min | ETA this epoch 1.8 min
  step 1400/4061 | loss -7.914 | 43 ms/step (23.20 it/s) | elapsed 0.9 min | ETA this epoch 1.9 min
  step 1450/4061 | loss -7.861 | 40 ms/step (25.21 it/s) | elapsed 1.0 min | ETA this epoch 1.7 min
  step 1500/4061 | loss -6.477 | 38 ms/step (25.99 it/s) | elapsed 1.0 min | ETA this epoch 1.6 min
  step 1550/4061 | loss -6.534 | 42 ms/step (23.98 it/s) | elapsed 1.0 min | ETA this epoch 1.7 min
  step 1600/4061 | loss -7.327 | 42 ms/step (23.95 it/s) | elapsed 1.1 min | ETA this epoch 1.7 min
  step 1650/4061 | loss -7.907 | 41 ms/step (24.36 it/s) | elapsed 1.1 min | ETA this epoch 1.6 min
  step 1700/4061 | loss -8.513 | 41 ms/step (24.32 it/s) | elapsed 1.2 min | ETA this epoch 1.6 min
  step 1750/4061 | loss -8.038 | 41 ms/step (24.24 it/s) | elapsed 1.2 min | ETA this epoch 1.6 min
  step 1800/4061 | loss -6.663 | 39 ms/step (25.44 it/s) | elapsed 1.2 min | ETA this epoch 1.5 min
  step 1850/4061 | loss -7.142 | 40 ms/step (25.14 it/s) | elapsed 1.3 min | ETA this epoch 1.5 min
  step 1900/4061 | loss -7.778 | 41 ms/step (24.58 it/s) | elapsed 1.3 min | ETA this epoch 1.5 min
  step 1950/4061 | loss -7.206 | 41 ms/step (24.35 it/s) | elapsed 1.3 min | ETA this epoch 1.4 min
  step 2000/4061 | loss -6.487 | 39 ms/step (25.50 it/s) | elapsed 1.4 min | ETA this epoch 1.3 min
  step 2050/4061 | loss -9.148 | 40 ms/step (25.27 it/s) | elapsed 1.4 min | ETA this epoch 1.3 min
  step 2100/4061 | loss -6.410 | 40 ms/step (25.08 it/s) | elapsed 1.4 min | ETA this epoch 1.3 min
  step 2150/4061 | loss -8.469 | 41 ms/step (24.68 it/s) | elapsed 1.5 min | ETA this epoch 1.3 min
  step 2200/4061 | loss -6.329 | 41 ms/step (24.26 it/s) | elapsed 1.5 min | ETA this epoch 1.3 min
  step 2250/4061 | loss -7.310 | 42 ms/step (23.82 it/s) | elapsed 1.5 min | ETA this epoch 1.3 min
  step 2300/4061 | loss -7.768 | 39 ms/step (25.38 it/s) | elapsed 1.6 min | ETA this epoch 1.2 min
  step 2350/4061 | loss -6.984 | 39 ms/step (25.73 it/s) | elapsed 1.6 min | ETA this epoch 1.1 min
  step 2400/4061 | loss -6.971 | 40 ms/step (24.85 it/s) | elapsed 1.6 min | ETA this epoch 1.1 min
  step 2450/4061 | loss -6.536 | 40 ms/step (25.22 it/s) | elapsed 1.7 min | ETA this epoch 1.1 min
  step 2500/4061 | loss -7.824 | 42 ms/step (24.00 it/s) | elapsed 1.7 min | ETA this epoch 1.1 min
  step 2550/4061 | loss -6.014 | 43 ms/step (23.34 it/s) | elapsed 1.7 min | ETA this epoch 1.1 min
  step 2600/4061 | loss -6.065 | 39 ms/step (25.36 it/s) | elapsed 1.8 min | ETA this epoch 1.0 min
  step 2650/4061 | loss -8.382 | 40 ms/step (24.85 it/s) | elapsed 1.8 min | ETA this epoch 0.9 min
  step 2700/4061 | loss -6.742 | 39 ms/step (25.70 it/s) | elapsed 1.8 min | ETA this epoch 0.9 min
  step 2750/4061 | loss -7.665 | 41 ms/step (24.38 it/s) | elapsed 1.9 min | ETA this epoch 0.9 min
  step 2800/4061 | loss -7.183 | 40 ms/step (24.98 it/s) | elapsed 1.9 min | ETA this epoch 0.8 min
  step 2850/4061 | loss -7.258 | 40 ms/step (25.05 it/s) | elapsed 1.9 min | ETA this epoch 0.8 min
  step 2900/4061 | loss -6.889 | 40 ms/step (24.83 it/s) | elapsed 2.0 min | ETA this epoch 0.8 min
  step 2950/4061 | loss -7.228 | 40 ms/step (25.16 it/s) | elapsed 2.0 min | ETA this epoch 0.7 min
  step 3000/4061 | loss -7.075 | 39 ms/step (25.68 it/s) | elapsed 2.0 min | ETA this epoch 0.7 min
  step 3050/4061 | loss -5.775 | 41 ms/step (24.23 it/s) | elapsed 2.1 min | ETA this epoch 0.7 min
  step 3100/4061 | loss -6.797 | 40 ms/step (24.92 it/s) | elapsed 2.1 min | ETA this epoch 0.6 min
  step 3150/4061 | loss -8.044 | 40 ms/step (24.94 it/s) | elapsed 2.1 min | ETA this epoch 0.6 min
  step 3200/4061 | loss -7.770 | 41 ms/step (24.57 it/s) | elapsed 2.2 min | ETA this epoch 0.6 min
  step 3250/4061 | loss -6.789 | 42 ms/step (23.79 it/s) | elapsed 2.2 min | ETA this epoch 0.6 min
  step 3300/4061 | loss -7.569 | 40 ms/step (24.84 it/s) | elapsed 2.2 min | ETA this epoch 0.5 min
  step 3350/4061 | loss -7.446 | 42 ms/step (24.06 it/s) | elapsed 2.3 min | ETA this epoch 0.5 min
  step 3400/4061 | loss -6.838 | 40 ms/step (25.30 it/s) | elapsed 2.3 min | ETA this epoch 0.4 min
  step 3450/4061 | loss -9.242 | 42 ms/step (24.02 it/s) | elapsed 2.3 min | ETA this epoch 0.4 min
  step 3500/4061 | loss -7.401 | 39 ms/step (25.60 it/s) | elapsed 2.4 min | ETA this epoch 0.4 min
  step 3550/4061 | loss -6.654 | 41 ms/step (24.29 it/s) | elapsed 2.4 min | ETA this epoch 0.4 min
  step 3600/4061 | loss -9.173 | 39 ms/step (25.42 it/s) | elapsed 2.4 min | ETA this epoch 0.3 min
  step 3650/4061 | loss -7.629 | 39 ms/step (25.39 it/s) | elapsed 2.5 min | ETA this epoch 0.3 min
  step 3700/4061 | loss -8.163 | 41 ms/step (24.35 it/s) | elapsed 2.5 min | ETA this epoch 0.2 min
  step 3750/4061 | loss -7.316 | 40 ms/step (24.99 it/s) | elapsed 2.5 min | ETA this epoch 0.2 min
  step 3800/4061 | loss -8.248 | 40 ms/step (25.08 it/s) | elapsed 2.6 min | ETA this epoch 0.2 min
  step 3850/4061 | loss -6.332 | 41 ms/step (24.49 it/s) | elapsed 2.6 min | ETA this epoch 0.1 min
  step 3900/4061 | loss -7.931 | 41 ms/step (24.27 it/s) | elapsed 2.6 min | ETA this epoch 0.1 min
  step 3950/4061 | loss -8.318 | 39 ms/step (25.47 it/s) | elapsed 2.7 min | ETA this epoch 0.1 min
  step 4000/4061 | loss -9.391 | 41 ms/step (24.19 it/s) | elapsed 2.7 min | ETA this epoch 0.0 min
  step 4050/4061 | loss -8.064 | 41 ms/step (24.34 it/s) | elapsed 2.7 min | ETA this epoch 0.0 min
Epoch 42/50 | Train -7.382 | Val L1 0.0019 | Val SI-SDR 18.07 dB | Time 2.9 min
EarlyStopping counter: 3/7
  step 50/4061 | loss -7.701 | 40 ms/step (25.24 it/s) | elapsed 0.0 min | ETA this epoch 2.6 min
  step 100/4061 | loss -7.046 | 40 ms/step (24.84 it/s) | elapsed 0.1 min | ETA this epoch 2.7 min
  step 150/4061 | loss -7.339 | 37 ms/step (27.18 it/s) | elapsed 0.1 min | ETA this epoch 2.4 min
  step 200/4061 | loss -7.978 | 39 ms/step (25.72 it/s) | elapsed 0.1 min | ETA this epoch 2.5 min
  step 250/4061 | loss -5.007 | 43 ms/step (23.36 it/s) | elapsed 0.2 min | ETA this epoch 2.7 min
  step 300/4061 | loss -7.672 | 40 ms/step (24.82 it/s) | elapsed 0.2 min | ETA this epoch 2.5 min
  step 350/4061 | loss -6.527 | 41 ms/step (24.47 it/s) | elapsed 0.2 min | ETA this epoch 2.5 min
  step 400/4061 | loss -8.642 | 41 ms/step (24.43 it/s) | elapsed 0.3 min | ETA this epoch 2.5 min
  step 450/4061 | loss -6.084 | 40 ms/step (25.06 it/s) | elapsed 0.3 min | ETA this epoch 2.4 min
  step 500/4061 | loss -6.902 | 39 ms/step (25.40 it/s) | elapsed 0.3 min | ETA this epoch 2.3 min
  step 550/4061 | loss -6.458 | 41 ms/step (24.53 it/s) | elapsed 0.4 min | ETA this epoch 2.4 min
  step 600/4061 | loss -7.909 | 40 ms/step (24.93 it/s) | elapsed 0.4 min | ETA this epoch 2.3 min
  step 650/4061 | loss -7.506 | 41 ms/step (24.39 it/s) | elapsed 0.4 min | ETA this epoch 2.3 min
  step 700/4061 | loss -8.248 | 39 ms/step (25.61 it/s) | elapsed 0.5 min | ETA this epoch 2.2 min
  step 750/4061 | loss -8.892 | 39 ms/step (25.60 it/s) | elapsed 0.5 min | ETA this epoch 2.2 min
  step 800/4061 | loss -7.237 | 38 ms/step (26.61 it/s) | elapsed 0.5 min | ETA this epoch 2.0 min
  step 850/4061 | loss -8.166 | 42 ms/step (23.90 it/s) | elapsed 0.6 min | ETA this epoch 2.2 min
  step 900/4061 | loss -7.800 | 40 ms/step (24.99 it/s) | elapsed 0.6 min | ETA this epoch 2.1 min
  step 950/4061 | loss -5.883 | 40 ms/step (25.10 it/s) | elapsed 0.6 min | ETA this epoch 2.1 min
  step 1000/4061 | loss -7.669 | 39 ms/step (25.40 it/s) | elapsed 0.7 min | ETA this epoch 2.0 min
  step 1050/4061 | loss -7.983 | 39 ms/step (25.75 it/s) | elapsed 0.7 min | ETA this epoch 1.9 min
  step 1100/4061 | loss -6.582 | 40 ms/step (25.00 it/s) | elapsed 0.7 min | ETA this epoch 2.0 min
  step 1150/4061 | loss -7.995 | 40 ms/step (24.83 it/s) | elapsed 0.8 min | ETA this epoch 2.0 min
  step 1200/4061 | loss -7.292 | 41 ms/step (24.12 it/s) | elapsed 0.8 min | ETA this epoch 2.0 min
  step 1250/4061 | loss -8.644 | 39 ms/step (25.50 it/s) | elapsed 0.8 min | ETA this epoch 1.8 min
  step 1300/4061 | loss -7.800 | 41 ms/step (24.64 it/s) | elapsed 0.9 min | ETA this epoch 1.9 min
  step 1350/4061 | loss -7.879 | 38 ms/step (26.29 it/s) | elapsed 0.9 min | ETA this epoch 1.7 min
  step 1400/4061 | loss -7.626 | 41 ms/step (24.46 it/s) | elapsed 0.9 min | ETA this epoch 1.8 min
  step 1450/4061 | loss -10.676 | 40 ms/step (25.00 it/s) | elapsed 1.0 min | ETA this epoch 1.7 min
  step 1500/4061 | loss -7.050 | 42 ms/step (24.03 it/s) | elapsed 1.0 min | ETA this epoch 1.8 min
  step 1550/4061 | loss -8.701 | 41 ms/step (24.69 it/s) | elapsed 1.0 min | ETA this epoch 1.7 min
  step 1600/4061 | loss -6.201 | 42 ms/step (23.74 it/s) | elapsed 1.1 min | ETA this epoch 1.7 min
  step 1650/4061 | loss -7.510 | 41 ms/step (24.49 it/s) | elapsed 1.1 min | ETA this epoch 1.6 min
  step 1700/4061 | loss -8.855 | 41 ms/step (24.53 it/s) | elapsed 1.1 min | ETA this epoch 1.6 min
  step 1750/4061 | loss -7.164 | 40 ms/step (24.78 it/s) | elapsed 1.2 min | ETA this epoch 1.6 min
  step 1800/4061 | loss -7.987 | 40 ms/step (25.06 it/s) | elapsed 1.2 min | ETA this epoch 1.5 min
  step 1850/4061 | loss -6.556 | 39 ms/step (25.79 it/s) | elapsed 1.2 min | ETA this epoch 1.4 min
  step 1900/4061 | loss -4.970 | 41 ms/step (24.35 it/s) | elapsed 1.3 min | ETA this epoch 1.5 min
  step 1950/4061 | loss -7.848 | 40 ms/step (25.04 it/s) | elapsed 1.3 min | ETA this epoch 1.4 min
  step 2000/4061 | loss -8.438 | 40 ms/step (25.30 it/s) | elapsed 1.3 min | ETA this epoch 1.4 min
  step 2050/4061 | loss -6.700 | 40 ms/step (24.93 it/s) | elapsed 1.4 min | ETA this epoch 1.3 min
  step 2100/4061 | loss -6.682 | 39 ms/step (25.34 it/s) | elapsed 1.4 min | ETA this epoch 1.3 min
  step 2150/4061 | loss -7.181 | 43 ms/step (23.22 it/s) | elapsed 1.4 min | ETA this epoch 1.4 min
  step 2200/4061 | loss -8.628 | 40 ms/step (25.10 it/s) | elapsed 1.5 min | ETA this epoch 1.2 min
  step 2250/4061 | loss -7.048 | 42 ms/step (23.60 it/s) | elapsed 1.5 min | ETA this epoch 1.3 min
  step 2300/4061 | loss -7.442 | 40 ms/step (24.84 it/s) | elapsed 1.5 min | ETA this epoch 1.2 min
  step 2350/4061 | loss -6.534 | 42 ms/step (24.01 it/s) | elapsed 1.6 min | ETA this epoch 1.2 min
  step 2400/4061 | loss -6.993 | 42 ms/step (23.60 it/s) | elapsed 1.6 min | ETA this epoch 1.2 min
  step 2450/4061 | loss -5.920 | 39 ms/step (25.73 it/s) | elapsed 1.6 min | ETA this epoch 1.0 min
  step 2500/4061 | loss -7.861 | 43 ms/step (23.14 it/s) | elapsed 1.7 min | ETA this epoch 1.1 min
  step 2550/4061 | loss -7.824 | 40 ms/step (24.95 it/s) | elapsed 1.7 min | ETA this epoch 1.0 min
  step 2600/4061 | loss -8.611 | 39 ms/step (25.35 it/s) | elapsed 1.7 min | ETA this epoch 1.0 min
  step 2650/4061 | loss -7.563 | 40 ms/step (25.19 it/s) | elapsed 1.8 min | ETA this epoch 0.9 min
  step 2700/4061 | loss -7.006 | 41 ms/step (24.39 it/s) | elapsed 1.8 min | ETA this epoch 0.9 min
  step 2750/4061 | loss -7.237 | 40 ms/step (24.76 it/s) | elapsed 1.8 min | ETA this epoch 0.9 min
  step 2800/4061 | loss -6.677 | 40 ms/step (25.14 it/s) | elapsed 1.9 min | ETA this epoch 0.8 min
  step 2850/4061 | loss -6.242 | 42 ms/step (23.82 it/s) | elapsed 1.9 min | ETA this epoch 0.8 min
  step 2900/4061 | loss -7.646 | 41 ms/step (24.17 it/s) | elapsed 1.9 min | ETA this epoch 0.8 min
  step 2950/4061 | loss -7.403 | 40 ms/step (24.88 it/s) | elapsed 2.0 min | ETA this epoch 0.7 min
  step 3000/4061 | loss -7.624 | 40 ms/step (24.91 it/s) | elapsed 2.0 min | ETA this epoch 0.7 min
  step 3050/4061 | loss -6.727 | 40 ms/step (24.77 it/s) | elapsed 2.0 min | ETA this epoch 0.7 min
  step 3100/4061 | loss -6.472 | 41 ms/step (24.46 it/s) | elapsed 2.1 min | ETA this epoch 0.7 min
  step 3150/4061 | loss -6.029 | 40 ms/step (25.11 it/s) | elapsed 2.1 min | ETA this epoch 0.6 min
  step 3200/4061 | loss -7.253 | 41 ms/step (24.42 it/s) | elapsed 2.2 min | ETA this epoch 0.6 min
  step 3250/4061 | loss -8.214 | 38 ms/step (26.53 it/s) | elapsed 2.2 min | ETA this epoch 0.5 min
  step 3300/4061 | loss -8.718 | 43 ms/step (23.49 it/s) | elapsed 2.2 min | ETA this epoch 0.5 min
  step 3350/4061 | loss -5.679 | 41 ms/step (24.57 it/s) | elapsed 2.3 min | ETA this epoch 0.5 min
  step 3400/4061 | loss -6.528 | 42 ms/step (23.82 it/s) | elapsed 2.3 min | ETA this epoch 0.5 min
  step 3450/4061 | loss -6.187 | 41 ms/step (24.61 it/s) | elapsed 2.3 min | ETA this epoch 0.4 min
  step 3500/4061 | loss -5.934 | 40 ms/step (25.09 it/s) | elapsed 2.4 min | ETA this epoch 0.4 min
  step 3550/4061 | loss -6.654 | 42 ms/step (23.84 it/s) | elapsed 2.4 min | ETA this epoch 0.4 min
  step 3600/4061 | loss -7.847 | 38 ms/step (26.38 it/s) | elapsed 2.4 min | ETA this epoch 0.3 min
  step 3650/4061 | loss -6.104 | 42 ms/step (24.00 it/s) | elapsed 2.5 min | ETA this epoch 0.3 min
  step 3700/4061 | loss -9.717 | 43 ms/step (23.34 it/s) | elapsed 2.5 min | ETA this epoch 0.3 min
  step 3750/4061 | loss -7.906 | 41 ms/step (24.67 it/s) | elapsed 2.5 min | ETA this epoch 0.2 min
  step 3800/4061 | loss -7.987 | 42 ms/step (23.83 it/s) | elapsed 2.6 min | ETA this epoch 0.2 min
  step 3850/4061 | loss -6.861 | 41 ms/step (24.42 it/s) | elapsed 2.6 min | ETA this epoch 0.1 min
  step 3900/4061 | loss -8.199 | 41 ms/step (24.24 it/s) | elapsed 2.6 min | ETA this epoch 0.1 min
  step 3950/4061 | loss -7.608 | 40 ms/step (24.72 it/s) | elapsed 2.7 min | ETA this epoch 0.1 min
  step 4000/4061 | loss -6.860 | 39 ms/step (25.50 it/s) | elapsed 2.7 min | ETA this epoch 0.0 min
  step 4050/4061 | loss -7.807 | 39 ms/step (25.81 it/s) | elapsed 2.7 min | ETA this epoch 0.0 min
Epoch 43/50 | Train -7.396 | Val L1 0.0018 | Val SI-SDR 18.23 dB | Time 2.8 min
Saved best model (SI-SDR 18.23 dB) -> /home/bubai-maji/speech_enhancement/script/propose_ablation3/checkpoint_propose_ab3/best_NGDM_SE.pt
  step 50/4061 | loss -6.217 | 40 ms/step (25.07 it/s) | elapsed 0.0 min | ETA this epoch 2.7 min
  step 100/4061 | loss -8.311 | 41 ms/step (24.27 it/s) | elapsed 0.1 min | ETA this epoch 2.7 min
  step 150/4061 | loss -7.283 | 40 ms/step (24.84 it/s) | elapsed 0.1 min | ETA this epoch 2.6 min
  step 200/4061 | loss -9.427 | 39 ms/step (25.33 it/s) | elapsed 0.1 min | ETA this epoch 2.5 min
  step 250/4061 | loss -7.352 | 40 ms/step (24.91 it/s) | elapsed 0.2 min | ETA this epoch 2.5 min
  step 300/4061 | loss -7.165 | 39 ms/step (25.33 it/s) | elapsed 0.2 min | ETA this epoch 2.5 min
  step 350/4061 | loss -7.646 | 42 ms/step (23.79 it/s) | elapsed 0.2 min | ETA this epoch 2.6 min
  step 400/4061 | loss -8.109 | 40 ms/step (24.74 it/s) | elapsed 0.3 min | ETA this epoch 2.5 min
  step 450/4061 | loss -7.808 | 41 ms/step (24.44 it/s) | elapsed 0.3 min | ETA this epoch 2.5 min
  step 500/4061 | loss -6.782 | 40 ms/step (24.78 it/s) | elapsed 0.3 min | ETA this epoch 2.4 min
  step 550/4061 | loss -6.849 | 40 ms/step (24.75 it/s) | elapsed 0.4 min | ETA this epoch 2.4 min
  step 600/4061 | loss -7.405 | 40 ms/step (24.72 it/s) | elapsed 0.4 min | ETA this epoch 2.3 min
  step 650/4061 | loss -7.130 | 41 ms/step (24.22 it/s) | elapsed 0.4 min | ETA this epoch 2.3 min
  step 700/4061 | loss -8.534 | 42 ms/step (23.96 it/s) | elapsed 0.5 min | ETA this epoch 2.3 min
  step 750/4061 | loss -7.533 | 39 ms/step (25.32 it/s) | elapsed 0.5 min | ETA this epoch 2.2 min
  step 800/4061 | loss -7.536 | 40 ms/step (25.19 it/s) | elapsed 0.5 min | ETA this epoch 2.2 min
  step 850/4061 | loss -6.215 | 42 ms/step (23.80 it/s) | elapsed 0.6 min | ETA this epoch 2.2 min
  step 900/4061 | loss -6.200 | 42 ms/step (23.72 it/s) | elapsed 0.6 min | ETA this epoch 2.2 min
  step 950/4061 | loss -7.206 | 42 ms/step (23.74 it/s) | elapsed 0.6 min | ETA this epoch 2.2 min
  step 1000/4061 | loss -8.651 | 40 ms/step (25.15 it/s) | elapsed 0.7 min | ETA this epoch 2.0 min
  step 1050/4061 | loss -6.324 | 41 ms/step (24.53 it/s) | elapsed 0.7 min | ETA this epoch 2.0 min
  step 1100/4061 | loss -9.335 | 38 ms/step (26.05 it/s) | elapsed 0.7 min | ETA this epoch 1.9 min
  step 1150/4061 | loss -8.663 | 40 ms/step (25.15 it/s) | elapsed 0.8 min | ETA this epoch 1.9 min
  step 1200/4061 | loss -7.633 | 40 ms/step (25.08 it/s) | elapsed 0.8 min | ETA this epoch 1.9 min
  step 1250/4061 | loss -6.169 | 40 ms/step (24.86 it/s) | elapsed 0.8 min | ETA this epoch 1.9 min
  step 1300/4061 | loss -6.696 | 39 ms/step (25.46 it/s) | elapsed 0.9 min | ETA this epoch 1.8 min
  step 1350/4061 | loss -7.294 | 40 ms/step (25.11 it/s) | elapsed 0.9 min | ETA this epoch 1.8 min
  step 1400/4061 | loss -7.362 | 40 ms/step (24.76 it/s) | elapsed 0.9 min | ETA this epoch 1.8 min
  step 1450/4061 | loss -8.243 | 42 ms/step (23.73 it/s) | elapsed 1.0 min | ETA this epoch 1.8 min
  step 1500/4061 | loss -8.034 | 41 ms/step (24.49 it/s) | elapsed 1.0 min | ETA this epoch 1.7 min
  step 1550/4061 | loss -7.204 | 40 ms/step (24.81 it/s) | elapsed 1.0 min | ETA this epoch 1.7 min
  step 1600/4061 | loss -8.223 | 39 ms/step (25.68 it/s) | elapsed 1.1 min | ETA this epoch 1.6 min
  step 1650/4061 | loss -8.209 | 40 ms/step (25.31 it/s) | elapsed 1.1 min | ETA this epoch 1.6 min
  step 1700/4061 | loss -7.125 | 40 ms/step (25.05 it/s) | elapsed 1.1 min | ETA this epoch 1.6 min
  step 1750/4061 | loss -6.161 | 41 ms/step (24.49 it/s) | elapsed 1.2 min | ETA this epoch 1.6 min
  step 1800/4061 | loss -6.538 | 41 ms/step (24.46 it/s) | elapsed 1.2 min | ETA this epoch 1.5 min
  step 1850/4061 | loss -7.887 | 42 ms/step (23.54 it/s) | elapsed 1.2 min | ETA this epoch 1.6 min
  step 1900/4061 | loss -6.579 | 41 ms/step (24.20 it/s) | elapsed 1.3 min | ETA this epoch 1.5 min
  step 1950/4061 | loss -7.595 | 42 ms/step (23.66 it/s) | elapsed 1.3 min | ETA this epoch 1.5 min
  step 2000/4061 | loss -9.793 | 42 ms/step (23.96 it/s) | elapsed 1.4 min | ETA this epoch 1.4 min
  step 2050/4061 | loss -8.195 | 41 ms/step (24.68 it/s) | elapsed 1.4 min | ETA this epoch 1.4 min
  step 2100/4061 | loss -6.766 | 43 ms/step (23.29 it/s) | elapsed 1.4 min | ETA this epoch 1.4 min
  step 2150/4061 | loss -6.012 | 42 ms/step (23.72 it/s) | elapsed 1.5 min | ETA this epoch 1.3 min
  step 2200/4061 | loss -7.131 | 40 ms/step (24.98 it/s) | elapsed 1.5 min | ETA this epoch 1.2 min
  step 2250/4061 | loss -6.618 | 40 ms/step (24.76 it/s) | elapsed 1.5 min | ETA this epoch 1.2 min
  step 2300/4061 | loss -8.544 | 41 ms/step (24.24 it/s) | elapsed 1.6 min | ETA this epoch 1.2 min
  step 2350/4061 | loss -7.178 | 43 ms/step (23.45 it/s) | elapsed 1.6 min | ETA this epoch 1.2 min
  step 2400/4061 | loss -7.370 | 42 ms/step (23.91 it/s) | elapsed 1.6 min | ETA this epoch 1.2 min
  step 2450/4061 | loss -8.481 | 39 ms/step (25.47 it/s) | elapsed 1.7 min | ETA this epoch 1.1 min
  step 2500/4061 | loss -8.864 | 40 ms/step (25.13 it/s) | elapsed 1.7 min | ETA this epoch 1.0 min
  step 2550/4061 | loss -7.417 | 40 ms/step (24.82 it/s) | elapsed 1.7 min | ETA this epoch 1.0 min
  step 2600/4061 | loss -7.583 | 42 ms/step (23.77 it/s) | elapsed 1.8 min | ETA this epoch 1.0 min
  step 2650/4061 | loss -8.100 | 39 ms/step (25.81 it/s) | elapsed 1.8 min | ETA this epoch 0.9 min
  step 2700/4061 | loss -6.959 | 42 ms/step (23.91 it/s) | elapsed 1.8 min | ETA this epoch 0.9 min
  step 2750/4061 | loss -8.170 | 40 ms/step (25.20 it/s) | elapsed 1.9 min | ETA this epoch 0.9 min
  step 2800/4061 | loss -7.016 | 40 ms/step (24.92 it/s) | elapsed 1.9 min | ETA this epoch 0.8 min
  step 2850/4061 | loss -7.482 | 40 ms/step (24.82 it/s) | elapsed 1.9 min | ETA this epoch 0.8 min
  step 2900/4061 | loss -6.337 | 41 ms/step (24.20 it/s) | elapsed 2.0 min | ETA this epoch 0.8 min
  step 2950/4061 | loss -7.429 | 42 ms/step (24.02 it/s) | elapsed 2.0 min | ETA this epoch 0.8 min
  step 3000/4061 | loss -7.420 | 41 ms/step (24.11 it/s) | elapsed 2.0 min | ETA this epoch 0.7 min
  step 3050/4061 | loss -6.902 | 42 ms/step (23.96 it/s) | elapsed 2.1 min | ETA this epoch 0.7 min
  step 3100/4061 | loss -7.498 | 43 ms/step (23.30 it/s) | elapsed 2.1 min | ETA this epoch 0.7 min
  step 3150/4061 | loss -8.355 | 40 ms/step (25.28 it/s) | elapsed 2.1 min | ETA this epoch 0.6 min
  step 3200/4061 | loss -8.633 | 39 ms/step (25.71 it/s) | elapsed 2.2 min | ETA this epoch 0.6 min
  step 3250/4061 | loss -8.912 | 39 ms/step (25.67 it/s) | elapsed 2.2 min | ETA this epoch 0.5 min
  step 3300/4061 | loss -7.536 | 42 ms/step (23.55 it/s) | elapsed 2.2 min | ETA this epoch 0.5 min
  step 3350/4061 | loss -7.650 | 41 ms/step (24.60 it/s) | elapsed 2.3 min | ETA this epoch 0.5 min
  step 3400/4061 | loss -6.827 | 40 ms/step (24.83 it/s) | elapsed 2.3 min | ETA this epoch 0.4 min
  step 3450/4061 | loss -8.631 | 41 ms/step (24.28 it/s) | elapsed 2.3 min | ETA this epoch 0.4 min
  step 3500/4061 | loss -7.775 | 41 ms/step (24.11 it/s) | elapsed 2.4 min | ETA this epoch 0.4 min
  step 3550/4061 | loss -7.174 | 40 ms/step (25.22 it/s) | elapsed 2.4 min | ETA this epoch 0.3 min
  step 3600/4061 | loss -6.421 | 41 ms/step (24.43 it/s) | elapsed 2.4 min | ETA this epoch 0.3 min
  step 3650/4061 | loss -7.815 | 41 ms/step (24.65 it/s) | elapsed 2.5 min | ETA this epoch 0.3 min
  step 3700/4061 | loss -7.341 | 41 ms/step (24.42 it/s) | elapsed 2.5 min | ETA this epoch 0.2 min
  step 3750/4061 | loss -10.029 | 42 ms/step (24.02 it/s) | elapsed 2.5 min | ETA this epoch 0.2 min
  step 3800/4061 | loss -7.852 | 41 ms/step (24.44 it/s) | elapsed 2.6 min | ETA this epoch 0.2 min
  step 3850/4061 | loss -6.918 | 42 ms/step (23.85 it/s) | elapsed 2.6 min | ETA this epoch 0.1 min
  step 3900/4061 | loss -6.208 | 41 ms/step (24.38 it/s) | elapsed 2.6 min | ETA this epoch 0.1 min
  step 3950/4061 | loss -6.971 | 41 ms/step (24.29 it/s) | elapsed 2.7 min | ETA this epoch 0.1 min
  step 4000/4061 | loss -6.854 | 40 ms/step (25.05 it/s) | elapsed 2.7 min | ETA this epoch 0.0 min
  step 4050/4061 | loss -6.519 | 41 ms/step (24.42 it/s) | elapsed 2.7 min | ETA this epoch 0.0 min
Epoch 44/50 | Train -7.384 | Val L1 0.0018 | Val SI-SDR 18.12 dB | Time 2.9 min
EarlyStopping counter: 1/7
  step 50/4061 | loss -8.025 | 40 ms/step (25.15 it/s) | elapsed 0.0 min | ETA this epoch 2.7 min
  step 100/4061 | loss -7.653 | 42 ms/step (24.02 it/s) | elapsed 0.1 min | ETA this epoch 2.7 min
  step 150/4061 | loss -7.970 | 42 ms/step (23.96 it/s) | elapsed 0.1 min | ETA this epoch 2.7 min
  step 200/4061 | loss -7.577 | 40 ms/step (24.93 it/s) | elapsed 0.1 min | ETA this epoch 2.6 min
  step 250/4061 | loss -5.847 | 39 ms/step (25.68 it/s) | elapsed 0.2 min | ETA this epoch 2.5 min
  step 300/4061 | loss -6.992 | 42 ms/step (24.03 it/s) | elapsed 0.2 min | ETA this epoch 2.6 min
  step 350/4061 | loss -6.343 | 44 ms/step (22.76 it/s) | elapsed 0.2 min | ETA this epoch 2.7 min
  step 400/4061 | loss -8.659 | 40 ms/step (25.27 it/s) | elapsed 0.3 min | ETA this epoch 2.4 min
  step 450/4061 | loss -9.504 | 42 ms/step (24.05 it/s) | elapsed 0.3 min | ETA this epoch 2.5 min
  step 500/4061 | loss -7.563 | 41 ms/step (24.44 it/s) | elapsed 0.3 min | ETA this epoch 2.4 min
  step 550/4061 | loss -7.781 | 42 ms/step (23.85 it/s) | elapsed 0.4 min | ETA this epoch 2.5 min
  step 600/4061 | loss -6.423 | 42 ms/step (23.80 it/s) | elapsed 0.4 min | ETA this epoch 2.4 min
  step 650/4061 | loss -7.926 | 40 ms/step (24.80 it/s) | elapsed 0.4 min | ETA this epoch 2.3 min
  step 700/4061 | loss -7.613 | 41 ms/step (24.40 it/s) | elapsed 0.5 min | ETA this epoch 2.3 min
  step 750/4061 | loss -7.824 | 40 ms/step (24.73 it/s) | elapsed 0.5 min | ETA this epoch 2.2 min
  step 800/4061 | loss -6.483 | 43 ms/step (23.02 it/s) | elapsed 0.5 min | ETA this epoch 2.4 min
  step 850/4061 | loss -8.215 | 40 ms/step (24.72 it/s) | elapsed 0.6 min | ETA this epoch 2.2 min
  step 900/4061 | loss -7.642 | 40 ms/step (25.15 it/s) | elapsed 0.6 min | ETA this epoch 2.1 min
  step 950/4061 | loss -7.800 | 42 ms/step (24.07 it/s) | elapsed 0.7 min | ETA this epoch 2.2 min
  step 1000/4061 | loss -9.363 | 41 ms/step (24.24 it/s) | elapsed 0.7 min | ETA this epoch 2.1 min
  step 1050/4061 | loss -6.610 | 43 ms/step (23.30 it/s) | elapsed 0.7 min | ETA this epoch 2.2 min
  step 1100/4061 | loss -9.355 | 40 ms/step (24.94 it/s) | elapsed 0.8 min | ETA this epoch 2.0 min
  step 1150/4061 | loss -8.347 | 42 ms/step (23.86 it/s) | elapsed 0.8 min | ETA this epoch 2.0 min
  step 1200/4061 | loss -8.858 | 44 ms/step (22.86 it/s) | elapsed 0.8 min | ETA this epoch 2.1 min
  step 1250/4061 | loss -7.415 | 41 ms/step (24.55 it/s) | elapsed 0.9 min | ETA this epoch 1.9 min
  step 1300/4061 | loss -8.552 | 40 ms/step (24.81 it/s) | elapsed 0.9 min | ETA this epoch 1.9 min
  step 1350/4061 | loss -7.179 | 41 ms/step (24.23 it/s) | elapsed 0.9 min | ETA this epoch 1.9 min
  step 1400/4061 | loss -6.429 | 40 ms/step (24.81 it/s) | elapsed 1.0 min | ETA this epoch 1.8 min
  step 1450/4061 | loss -8.164 | 42 ms/step (23.92 it/s) | elapsed 1.0 min | ETA this epoch 1.8 min
  step 1500/4061 | loss -7.106 | 39 ms/step (25.56 it/s) | elapsed 1.0 min | ETA this epoch 1.7 min
  step 1550/4061 | loss -8.190 | 41 ms/step (24.37 it/s) | elapsed 1.1 min | ETA this epoch 1.7 min
  step 1600/4061 | loss -6.855 | 41 ms/step (24.32 it/s) | elapsed 1.1 min | ETA this epoch 1.7 min
  step 1650/4061 | loss -6.938 | 39 ms/step (25.52 it/s) | elapsed 1.1 min | ETA this epoch 1.6 min
  step 1700/4061 | loss -8.378 | 39 ms/step (25.66 it/s) | elapsed 1.2 min | ETA this epoch 1.5 min
  step 1750/4061 | loss -6.455 | 38 ms/step (25.99 it/s) | elapsed 1.2 min | ETA this epoch 1.5 min
  step 1800/4061 | loss -6.137 | 41 ms/step (24.30 it/s) | elapsed 1.2 min | ETA this epoch 1.6 min
  step 1850/4061 | loss -7.996 | 41 ms/step (24.18 it/s) | elapsed 1.3 min | ETA this epoch 1.5 min
  step 1900/4061 | loss -6.891 | 40 ms/step (24.84 it/s) | elapsed 1.3 min | ETA this epoch 1.4 min
  step 1950/4061 | loss -7.328 | 38 ms/step (26.00 it/s) | elapsed 1.3 min | ETA this epoch 1.4 min
  step 2000/4061 | loss -5.323 | 41 ms/step (24.68 it/s) | elapsed 1.4 min | ETA this epoch 1.4 min
  step 2050/4061 | loss -6.830 | 40 ms/step (25.08 it/s) | elapsed 1.4 min | ETA this epoch 1.3 min
  step 2100/4061 | loss -8.346 | 37 ms/step (26.79 it/s) | elapsed 1.4 min | ETA this epoch 1.2 min
  step 2150/4061 | loss -7.397 | 37 ms/step (27.21 it/s) | elapsed 1.5 min | ETA this epoch 1.2 min
  step 2200/4061 | loss -8.085 | 41 ms/step (24.61 it/s) | elapsed 1.5 min | ETA this epoch 1.3 min
  step 2250/4061 | loss -8.717 | 40 ms/step (25.07 it/s) | elapsed 1.5 min | ETA this epoch 1.2 min
  step 2300/4061 | loss -5.678 | 41 ms/step (24.64 it/s) | elapsed 1.6 min | ETA this epoch 1.2 min
  step 2350/4061 | loss -8.025 | 38 ms/step (26.37 it/s) | elapsed 1.6 min | ETA this epoch 1.1 min
  step 2400/4061 | loss -7.006 | 40 ms/step (25.01 it/s) | elapsed 1.6 min | ETA this epoch 1.1 min
  step 2450/4061 | loss -6.719 | 39 ms/step (25.44 it/s) | elapsed 1.7 min | ETA this epoch 1.1 min
  step 2500/4061 | loss -8.325 | 39 ms/step (25.78 it/s) | elapsed 1.7 min | ETA this epoch 1.0 min
  step 2550/4061 | loss -6.972 | 41 ms/step (24.42 it/s) | elapsed 1.7 min | ETA this epoch 1.0 min
  step 2600/4061 | loss -5.728 | 44 ms/step (22.91 it/s) | elapsed 1.8 min | ETA this epoch 1.1 min
  step 2650/4061 | loss -6.284 | 40 ms/step (24.83 it/s) | elapsed 1.8 min | ETA this epoch 0.9 min
  step 2700/4061 | loss -8.365 | 41 ms/step (24.15 it/s) | elapsed 1.8 min | ETA this epoch 0.9 min
  step 2750/4061 | loss -6.414 | 41 ms/step (24.53 it/s) | elapsed 1.9 min | ETA this epoch 0.9 min
  step 2800/4061 | loss -7.596 | 41 ms/step (24.36 it/s) | elapsed 1.9 min | ETA this epoch 0.9 min
  step 2850/4061 | loss -7.398 | 41 ms/step (24.61 it/s) | elapsed 1.9 min | ETA this epoch 0.8 min
  step 2900/4061 | loss -7.555 | 38 ms/step (26.44 it/s) | elapsed 2.0 min | ETA this epoch 0.7 min
  step 2950/4061 | loss -7.518 | 37 ms/step (27.03 it/s) | elapsed 2.0 min | ETA this epoch 0.7 min
  step 3000/4061 | loss -7.187 | 43 ms/step (23.51 it/s) | elapsed 2.0 min | ETA this epoch 0.8 min
  step 3050/4061 | loss -6.441 | 40 ms/step (25.12 it/s) | elapsed 2.1 min | ETA this epoch 0.7 min
  step 3100/4061 | loss -7.087 | 41 ms/step (24.41 it/s) | elapsed 2.1 min | ETA this epoch 0.7 min
  step 3150/4061 | loss -7.854 | 41 ms/step (24.65 it/s) | elapsed 2.1 min | ETA this epoch 0.6 min
  step 3200/4061 | loss -7.279 | 40 ms/step (25.21 it/s) | elapsed 2.2 min | ETA this epoch 0.6 min
  step 3250/4061 | loss -6.590 | 40 ms/step (25.30 it/s) | elapsed 2.2 min | ETA this epoch 0.5 min
  step 3300/4061 | loss -7.242 | 40 ms/step (24.99 it/s) | elapsed 2.2 min | ETA this epoch 0.5 min
  step 3350/4061 | loss -5.597 | 40 ms/step (25.22 it/s) | elapsed 2.3 min | ETA this epoch 0.5 min
  step 3400/4061 | loss -6.348 | 41 ms/step (24.42 it/s) | elapsed 2.3 min | ETA this epoch 0.5 min
  step 3450/4061 | loss -8.253 | 41 ms/step (24.34 it/s) | elapsed 2.3 min | ETA this epoch 0.4 min
  step 3500/4061 | loss -8.070 | 41 ms/step (24.42 it/s) | elapsed 2.4 min | ETA this epoch 0.4 min
  step 3550/4061 | loss -6.936 | 41 ms/step (24.50 it/s) | elapsed 2.4 min | ETA this epoch 0.3 min
  step 3600/4061 | loss -6.484 | 40 ms/step (24.73 it/s) | elapsed 2.4 min | ETA this epoch 0.3 min
  step 3650/4061 | loss -6.927 | 41 ms/step (24.25 it/s) | elapsed 2.5 min | ETA this epoch 0.3 min
  step 3700/4061 | loss -6.470 | 42 ms/step (24.08 it/s) | elapsed 2.5 min | ETA this epoch 0.2 min
  step 3750/4061 | loss -6.076 | 41 ms/step (24.37 it/s) | elapsed 2.5 min | ETA this epoch 0.2 min
  step 3800/4061 | loss -6.884 | 40 ms/step (24.74 it/s) | elapsed 2.6 min | ETA this epoch 0.2 min
  step 3850/4061 | loss -7.895 | 40 ms/step (24.90 it/s) | elapsed 2.6 min | ETA this epoch 0.1 min
  step 3900/4061 | loss -6.942 | 40 ms/step (24.96 it/s) | elapsed 2.6 min | ETA this epoch 0.1 min
  step 3950/4061 | loss -6.802 | 40 ms/step (25.14 it/s) | elapsed 2.7 min | ETA this epoch 0.1 min
  step 4000/4061 | loss -6.505 | 42 ms/step (23.60 it/s) | elapsed 2.7 min | ETA this epoch 0.0 min
  step 4050/4061 | loss -7.401 | 38 ms/step (26.46 it/s) | elapsed 2.7 min | ETA this epoch 0.0 min
Epoch 45/50 | Train -7.395 | Val L1 0.0019 | Val SI-SDR 18.15 dB | Time 2.8 min
EarlyStopping counter: 2/7
  step 50/4061 | loss -7.204 | 39 ms/step (25.56 it/s) | elapsed 0.0 min | ETA this epoch 2.6 min
  step 100/4061 | loss -7.317 | 40 ms/step (24.95 it/s) | elapsed 0.1 min | ETA this epoch 2.6 min
  step 150/4061 | loss -8.523 | 42 ms/step (23.65 it/s) | elapsed 0.1 min | ETA this epoch 2.8 min
  step 200/4061 | loss -8.171 | 39 ms/step (25.46 it/s) | elapsed 0.1 min | ETA this epoch 2.5 min
  step 250/4061 | loss -7.453 | 39 ms/step (25.33 it/s) | elapsed 0.2 min | ETA this epoch 2.5 min
  step 300/4061 | loss -7.832 | 40 ms/step (25.13 it/s) | elapsed 0.2 min | ETA this epoch 2.5 min
  step 350/4061 | loss -8.051 | 41 ms/step (24.18 it/s) | elapsed 0.2 min | ETA this epoch 2.6 min
  step 400/4061 | loss -6.244 | 40 ms/step (24.71 it/s) | elapsed 0.3 min | ETA this epoch 2.5 min
  step 450/4061 | loss -6.389 | 41 ms/step (24.45 it/s) | elapsed 0.3 min | ETA this epoch 2.5 min
  step 500/4061 | loss -8.475 | 40 ms/step (24.91 it/s) | elapsed 0.3 min | ETA this epoch 2.4 min
  step 550/4061 | loss -6.576 | 40 ms/step (24.97 it/s) | elapsed 0.4 min | ETA this epoch 2.3 min
  step 600/4061 | loss -8.644 | 42 ms/step (24.01 it/s) | elapsed 0.4 min | ETA this epoch 2.4 min
  step 650/4061 | loss -7.568 | 42 ms/step (24.01 it/s) | elapsed 0.4 min | ETA this epoch 2.4 min
  step 700/4061 | loss -7.356 | 40 ms/step (24.76 it/s) | elapsed 0.5 min | ETA this epoch 2.3 min
  step 750/4061 | loss -6.277 | 42 ms/step (23.79 it/s) | elapsed 0.5 min | ETA this epoch 2.3 min
  step 800/4061 | loss -5.844 | 41 ms/step (24.58 it/s) | elapsed 0.5 min | ETA this epoch 2.2 min
  step 850/4061 | loss -7.289 | 40 ms/step (25.21 it/s) | elapsed 0.6 min | ETA this epoch 2.1 min
  step 900/4061 | loss -7.965 | 41 ms/step (24.22 it/s) | elapsed 0.6 min | ETA this epoch 2.2 min
  step 950/4061 | loss -4.853 | 41 ms/step (24.69 it/s) | elapsed 0.6 min | ETA this epoch 2.1 min
  step 1000/4061 | loss -6.428 | 40 ms/step (25.21 it/s) | elapsed 0.7 min | ETA this epoch 2.0 min
  step 1050/4061 | loss -8.099 | 42 ms/step (23.66 it/s) | elapsed 0.7 min | ETA this epoch 2.1 min
  step 1100/4061 | loss -7.228 | 39 ms/step (25.37 it/s) | elapsed 0.7 min | ETA this epoch 1.9 min
  step 1150/4061 | loss -9.321 | 39 ms/step (25.51 it/s) | elapsed 0.8 min | ETA this epoch 1.9 min
  step 1200/4061 | loss -6.845 | 40 ms/step (24.82 it/s) | elapsed 0.8 min | ETA this epoch 1.9 min
  step 1250/4061 | loss -6.091 | 42 ms/step (24.01 it/s) | elapsed 0.8 min | ETA this epoch 2.0 min
  step 1300/4061 | loss -8.404 | 40 ms/step (24.83 it/s) | elapsed 0.9 min | ETA this epoch 1.9 min
  step 1350/4061 | loss -6.896 | 38 ms/step (26.16 it/s) | elapsed 0.9 min | ETA this epoch 1.7 min
  step 1400/4061 | loss -6.381 | 40 ms/step (25.30 it/s) | elapsed 0.9 min | ETA this epoch 1.8 min
  step 1450/4061 | loss -8.389 | 41 ms/step (24.66 it/s) | elapsed 1.0 min | ETA this epoch 1.8 min
  step 1500/4061 | loss -5.368 | 42 ms/step (23.69 it/s) | elapsed 1.0 min | ETA this epoch 1.8 min
  step 1550/4061 | loss -7.486 | 41 ms/step (24.10 it/s) | elapsed 1.0 min | ETA this epoch 1.7 min
  step 1600/4061 | loss -7.801 | 40 ms/step (24.72 it/s) | elapsed 1.1 min | ETA this epoch 1.7 min
  step 1650/4061 | loss -5.383 | 40 ms/step (24.85 it/s) | elapsed 1.1 min | ETA this epoch 1.6 min
  step 1700/4061 | loss -9.088 | 42 ms/step (23.87 it/s) | elapsed 1.1 min | ETA this epoch 1.6 min
  step 1750/4061 | loss -6.381 | 40 ms/step (25.20 it/s) | elapsed 1.2 min | ETA this epoch 1.5 min
  step 1800/4061 | loss -7.787 | 42 ms/step (24.04 it/s) | elapsed 1.2 min | ETA this epoch 1.6 min
  step 1850/4061 | loss -8.173 | 40 ms/step (25.15 it/s) | elapsed 1.2 min | ETA this epoch 1.5 min
  step 1900/4061 | loss -7.382 | 41 ms/step (24.29 it/s) | elapsed 1.3 min | ETA this epoch 1.5 min
  step 1950/4061 | loss -8.053 | 42 ms/step (24.07 it/s) | elapsed 1.3 min | ETA this epoch 1.5 min
  step 2000/4061 | loss -6.482 | 42 ms/step (24.03 it/s) | elapsed 1.4 min | ETA this epoch 1.4 min
  step 2050/4061 | loss -8.923 | 40 ms/step (25.13 it/s) | elapsed 1.4 min | ETA this epoch 1.3 min
  step 2100/4061 | loss -8.666 | 39 ms/step (25.32 it/s) | elapsed 1.4 min | ETA this epoch 1.3 min
  step 2150/4061 | loss -6.467 | 39 ms/step (25.43 it/s) | elapsed 1.5 min | ETA this epoch 1.3 min
  step 2200/4061 | loss -8.462 | 40 ms/step (25.06 it/s) | elapsed 1.5 min | ETA this epoch 1.2 min
  step 2250/4061 | loss -7.823 | 39 ms/step (25.40 it/s) | elapsed 1.5 min | ETA this epoch 1.2 min
  step 2300/4061 | loss -8.768 | 41 ms/step (24.45 it/s) | elapsed 1.6 min | ETA this epoch 1.2 min
  step 2350/4061 | loss -6.319 | 42 ms/step (23.89 it/s) | elapsed 1.6 min | ETA this epoch 1.2 min
  step 2400/4061 | loss -6.484 | 42 ms/step (23.74 it/s) | elapsed 1.6 min | ETA this epoch 1.2 min
  step 2450/4061 | loss -5.807 | 40 ms/step (24.89 it/s) | elapsed 1.7 min | ETA this epoch 1.1 min
  step 2500/4061 | loss -6.890 | 41 ms/step (24.31 it/s) | elapsed 1.7 min | ETA this epoch 1.1 min
  step 2550/4061 | loss -7.161 | 40 ms/step (24.76 it/s) | elapsed 1.7 min | ETA this epoch 1.0 min
  step 2600/4061 | loss -7.526 | 40 ms/step (25.27 it/s) | elapsed 1.8 min | ETA this epoch 1.0 min
  step 2650/4061 | loss -7.832 | 41 ms/step (24.16 it/s) | elapsed 1.8 min | ETA this epoch 1.0 min
  step 2700/4061 | loss -12.176 | 43 ms/step (23.44 it/s) | elapsed 1.8 min | ETA this epoch 1.0 min
  step 2750/4061 | loss -6.595 | 41 ms/step (24.31 it/s) | elapsed 1.9 min | ETA this epoch 0.9 min
  step 2800/4061 | loss -5.916 | 40 ms/step (25.04 it/s) | elapsed 1.9 min | ETA this epoch 0.8 min
  step 2850/4061 | loss -6.866 | 39 ms/step (25.64 it/s) | elapsed 1.9 min | ETA this epoch 0.8 min
  step 2900/4061 | loss -6.875 | 42 ms/step (23.77 it/s) | elapsed 2.0 min | ETA this epoch 0.8 min
  step 2950/4061 | loss -5.852 | 40 ms/step (24.93 it/s) | elapsed 2.0 min | ETA this epoch 0.7 min
  step 3000/4061 | loss -6.977 | 41 ms/step (24.43 it/s) | elapsed 2.0 min | ETA this epoch 0.7 min
  step 3050/4061 | loss -5.874 | 46 ms/step (21.77 it/s) | elapsed 2.1 min | ETA this epoch 0.8 min
  step 3100/4061 | loss -6.972 | 41 ms/step (24.60 it/s) | elapsed 2.1 min | ETA this epoch 0.7 min
  step 3150/4061 | loss -7.909 | 41 ms/step (24.65 it/s) | elapsed 2.1 min | ETA this epoch 0.6 min
  step 3200/4061 | loss -6.999 | 41 ms/step (24.26 it/s) | elapsed 2.2 min | ETA this epoch 0.6 min
  step 3250/4061 | loss -7.560 | 40 ms/step (25.27 it/s) | elapsed 2.2 min | ETA this epoch 0.5 min
  step 3300/4061 | loss -7.622 | 40 ms/step (24.90 it/s) | elapsed 2.2 min | ETA this epoch 0.5 min
  step 3350/4061 | loss -7.320 | 41 ms/step (24.56 it/s) | elapsed 2.3 min | ETA this epoch 0.5 min
  step 3400/4061 | loss -6.899 | 38 ms/step (26.22 it/s) | elapsed 2.3 min | ETA this epoch 0.4 min
  step 3450/4061 | loss -8.485 | 43 ms/step (23.29 it/s) | elapsed 2.3 min | ETA this epoch 0.4 min
  step 3500/4061 | loss -8.095 | 39 ms/step (25.34 it/s) | elapsed 2.4 min | ETA this epoch 0.4 min
  step 3550/4061 | loss -7.067 | 39 ms/step (25.55 it/s) | elapsed 2.4 min | ETA this epoch 0.3 min
  step 3600/4061 | loss -6.924 | 42 ms/step (24.09 it/s) | elapsed 2.4 min | ETA this epoch 0.3 min
  step 3650/4061 | loss -6.819 | 41 ms/step (24.60 it/s) | elapsed 2.5 min | ETA this epoch 0.3 min
  step 3700/4061 | loss -7.316 | 39 ms/step (25.64 it/s) | elapsed 2.5 min | ETA this epoch 0.2 min
  step 3750/4061 | loss -6.275 | 40 ms/step (24.92 it/s) | elapsed 2.5 min | ETA this epoch 0.2 min
  step 3800/4061 | loss -7.519 | 42 ms/step (23.99 it/s) | elapsed 2.6 min | ETA this epoch 0.2 min
  step 3850/4061 | loss -9.270 | 41 ms/step (24.47 it/s) | elapsed 2.6 min | ETA this epoch 0.1 min
  step 3900/4061 | loss -8.746 | 43 ms/step (23.19 it/s) | elapsed 2.6 min | ETA this epoch 0.1 min
  step 3950/4061 | loss -7.462 | 42 ms/step (23.84 it/s) | elapsed 2.7 min | ETA this epoch 0.1 min
  step 4000/4061 | loss -7.497 | 39 ms/step (25.38 it/s) | elapsed 2.7 min | ETA this epoch 0.0 min
  step 4050/4061 | loss -10.658 | 41 ms/step (24.41 it/s) | elapsed 2.7 min | ETA this epoch 0.0 min
Epoch 46/50 | Train -7.395 | Val L1 0.0019 | Val SI-SDR 18.08 dB | Time 2.9 min
EarlyStopping counter: 3/7
  step 50/4061 | loss -5.662 | 41 ms/step (24.17 it/s) | elapsed 0.0 min | ETA this epoch 2.8 min
  step 100/4061 | loss -9.552 | 40 ms/step (25.25 it/s) | elapsed 0.1 min | ETA this epoch 2.6 min
  step 150/4061 | loss -7.039 | 39 ms/step (25.73 it/s) | elapsed 0.1 min | ETA this epoch 2.5 min
  step 200/4061 | loss -8.693 | 40 ms/step (25.01 it/s) | elapsed 0.1 min | ETA this epoch 2.6 min
  step 250/4061 | loss -6.444 | 44 ms/step (22.95 it/s) | elapsed 0.2 min | ETA this epoch 2.8 min
  step 300/4061 | loss -6.692 | 40 ms/step (25.11 it/s) | elapsed 0.2 min | ETA this epoch 2.5 min
  step 350/4061 | loss -8.511 | 41 ms/step (24.13 it/s) | elapsed 0.2 min | ETA this epoch 2.6 min
  step 400/4061 | loss -7.335 | 42 ms/step (24.03 it/s) | elapsed 0.3 min | ETA this epoch 2.5 min
  step 450/4061 | loss -7.850 | 45 ms/step (22.03 it/s) | elapsed 0.3 min | ETA this epoch 2.7 min
  step 500/4061 | loss -6.814 | 42 ms/step (23.92 it/s) | elapsed 0.3 min | ETA this epoch 2.5 min
  step 550/4061 | loss -7.941 | 42 ms/step (23.81 it/s) | elapsed 0.4 min | ETA this epoch 2.5 min
  step 600/4061 | loss -7.160 | 42 ms/step (23.81 it/s) | elapsed 0.4 min | ETA this epoch 2.4 min
  step 650/4061 | loss -7.751 | 39 ms/step (25.64 it/s) | elapsed 0.4 min | ETA this epoch 2.2 min
  step 700/4061 | loss -5.852 | 40 ms/step (25.19 it/s) | elapsed 0.5 min | ETA this epoch 2.2 min
  step 750/4061 | loss -5.788 | 40 ms/step (24.93 it/s) | elapsed 0.5 min | ETA this epoch 2.2 min
  step 800/4061 | loss -6.536 | 42 ms/step (23.74 it/s) | elapsed 0.5 min | ETA this epoch 2.3 min
  step 850/4061 | loss -8.274 | 43 ms/step (23.47 it/s) | elapsed 0.6 min | ETA this epoch 2.3 min
  step 900/4061 | loss -9.084 | 41 ms/step (24.44 it/s) | elapsed 0.6 min | ETA this epoch 2.2 min
  step 950/4061 | loss -7.753 | 38 ms/step (26.02 it/s) | elapsed 0.7 min | ETA this epoch 2.0 min
  step 1000/4061 | loss -5.552 | 41 ms/step (24.59 it/s) | elapsed 0.7 min | ETA this epoch 2.1 min
  step 1050/4061 | loss -7.757 | 40 ms/step (24.89 it/s) | elapsed 0.7 min | ETA this epoch 2.0 min
  step 1100/4061 | loss -7.281 | 41 ms/step (24.50 it/s) | elapsed 0.8 min | ETA this epoch 2.0 min
  step 1150/4061 | loss -7.337 | 42 ms/step (23.63 it/s) | elapsed 0.8 min | ETA this epoch 2.1 min
  step 1200/4061 | loss -7.380 | 39 ms/step (25.73 it/s) | elapsed 0.8 min | ETA this epoch 1.9 min
  step 1250/4061 | loss -9.036 | 40 ms/step (25.04 it/s) | elapsed 0.9 min | ETA this epoch 1.9 min
  step 1300/4061 | loss -6.266 | 41 ms/step (24.28 it/s) | elapsed 0.9 min | ETA this epoch 1.9 min
  step 1350/4061 | loss -7.925 | 40 ms/step (25.07 it/s) | elapsed 0.9 min | ETA this epoch 1.8 min
  step 1400/4061 | loss -8.707 | 39 ms/step (25.44 it/s) | elapsed 1.0 min | ETA this epoch 1.7 min
  step 1450/4061 | loss -8.460 | 39 ms/step (25.80 it/s) | elapsed 1.0 min | ETA this epoch 1.7 min
  step 1500/4061 | loss -6.495 | 42 ms/step (24.03 it/s) | elapsed 1.0 min | ETA this epoch 1.8 min
  step 1550/4061 | loss -7.934 | 41 ms/step (24.36 it/s) | elapsed 1.1 min | ETA this epoch 1.7 min
  step 1600/4061 | loss -8.238 | 41 ms/step (24.51 it/s) | elapsed 1.1 min | ETA this epoch 1.7 min
  step 1650/4061 | loss -6.187 | 40 ms/step (24.95 it/s) | elapsed 1.1 min | ETA this epoch 1.6 min
  step 1700/4061 | loss -7.621 | 38 ms/step (26.25 it/s) | elapsed 1.2 min | ETA this epoch 1.5 min
  step 1750/4061 | loss -7.736 | 44 ms/step (22.97 it/s) | elapsed 1.2 min | ETA this epoch 1.7 min
  step 1800/4061 | loss -6.884 | 42 ms/step (23.85 it/s) | elapsed 1.2 min | ETA this epoch 1.6 min
  step 1850/4061 | loss -6.720 | 42 ms/step (23.93 it/s) | elapsed 1.3 min | ETA this epoch 1.5 min
  step 1900/4061 | loss -8.722 | 41 ms/step (24.23 it/s) | elapsed 1.3 min | ETA this epoch 1.5 min
  step 1950/4061 | loss -8.021 | 42 ms/step (23.86 it/s) | elapsed 1.3 min | ETA this epoch 1.5 min
  step 2000/4061 | loss -7.937 | 42 ms/step (23.71 it/s) | elapsed 1.4 min | ETA this epoch 1.4 min
  step 2050/4061 | loss -7.027 | 40 ms/step (24.82 it/s) | elapsed 1.4 min | ETA this epoch 1.4 min
  step 2100/4061 | loss -7.368 | 42 ms/step (23.84 it/s) | elapsed 1.4 min | ETA this epoch 1.4 min
  step 2150/4061 | loss -6.405 | 39 ms/step (25.79 it/s) | elapsed 1.5 min | ETA this epoch 1.2 min
  step 2200/4061 | loss -7.866 | 40 ms/step (25.25 it/s) | elapsed 1.5 min | ETA this epoch 1.2 min
  step 2250/4061 | loss -7.678 | 42 ms/step (24.04 it/s) | elapsed 1.5 min | ETA this epoch 1.3 min
  step 2300/4061 | loss -6.324 | 42 ms/step (24.02 it/s) | elapsed 1.6 min | ETA this epoch 1.2 min
  step 2350/4061 | loss -8.208 | 39 ms/step (25.42 it/s) | elapsed 1.6 min | ETA this epoch 1.1 min
  step 2400/4061 | loss -7.407 | 39 ms/step (25.43 it/s) | elapsed 1.6 min | ETA this epoch 1.1 min
  step 2450/4061 | loss -7.777 | 40 ms/step (24.74 it/s) | elapsed 1.7 min | ETA this epoch 1.1 min
  step 2500/4061 | loss -7.090 | 40 ms/step (24.94 it/s) | elapsed 1.7 min | ETA this epoch 1.0 min
  step 2550/4061 | loss -7.906 | 43 ms/step (23.39 it/s) | elapsed 1.7 min | ETA this epoch 1.1 min
  step 2600/4061 | loss -8.243 | 41 ms/step (24.54 it/s) | elapsed 1.8 min | ETA this epoch 1.0 min
  step 2650/4061 | loss -6.435 | 39 ms/step (25.49 it/s) | elapsed 1.8 min | ETA this epoch 0.9 min
  step 2700/4061 | loss -7.358 | 42 ms/step (23.83 it/s) | elapsed 1.8 min | ETA this epoch 1.0 min
  step 2750/4061 | loss -6.903 | 41 ms/step (24.47 it/s) | elapsed 1.9 min | ETA this epoch 0.9 min
  step 2800/4061 | loss -8.281 | 40 ms/step (25.00 it/s) | elapsed 1.9 min | ETA this epoch 0.8 min
  step 2850/4061 | loss -5.898 | 40 ms/step (24.83 it/s) | elapsed 1.9 min | ETA this epoch 0.8 min
  step 2900/4061 | loss -7.154 | 40 ms/step (25.25 it/s) | elapsed 2.0 min | ETA this epoch 0.8 min
  step 2950/4061 | loss -7.815 | 41 ms/step (24.27 it/s) | elapsed 2.0 min | ETA this epoch 0.8 min
  step 3000/4061 | loss -7.162 | 38 ms/step (26.15 it/s) | elapsed 2.0 min | ETA this epoch 0.7 min
  step 3050/4061 | loss -6.674 | 41 ms/step (24.45 it/s) | elapsed 2.1 min | ETA this epoch 0.7 min
  step 3100/4061 | loss -6.520 | 41 ms/step (24.48 it/s) | elapsed 2.1 min | ETA this epoch 0.7 min
  step 3150/4061 | loss -8.489 | 40 ms/step (24.74 it/s) | elapsed 2.1 min | ETA this epoch 0.6 min
  step 3200/4061 | loss -7.426 | 39 ms/step (25.48 it/s) | elapsed 2.2 min | ETA this epoch 0.6 min
  step 3250/4061 | loss -6.537 | 41 ms/step (24.48 it/s) | elapsed 2.2 min | ETA this epoch 0.6 min
  step 3300/4061 | loss -8.500 | 41 ms/step (24.48 it/s) | elapsed 2.2 min | ETA this epoch 0.5 min
  step 3350/4061 | loss -6.248 | 41 ms/step (24.39 it/s) | elapsed 2.3 min | ETA this epoch 0.5 min
  step 3400/4061 | loss -7.790 | 39 ms/step (25.75 it/s) | elapsed 2.3 min | ETA this epoch 0.4 min
  step 3450/4061 | loss -7.064 | 42 ms/step (23.70 it/s) | elapsed 2.3 min | ETA this epoch 0.4 min
  step 3500/4061 | loss -7.071 | 43 ms/step (23.33 it/s) | elapsed 2.4 min | ETA this epoch 0.4 min
  step 3550/4061 | loss -7.612 | 41 ms/step (24.48 it/s) | elapsed 2.4 min | ETA this epoch 0.3 min
  step 3600/4061 | loss -5.750 | 41 ms/step (24.17 it/s) | elapsed 2.4 min | ETA this epoch 0.3 min
  step 3650/4061 | loss -6.405 | 40 ms/step (24.70 it/s) | elapsed 2.5 min | ETA this epoch 0.3 min
  step 3700/4061 | loss -7.161 | 39 ms/step (25.35 it/s) | elapsed 2.5 min | ETA this epoch 0.2 min
  step 3750/4061 | loss -8.272 | 42 ms/step (24.05 it/s) | elapsed 2.5 min | ETA this epoch 0.2 min
  step 3800/4061 | loss -8.054 | 40 ms/step (25.12 it/s) | elapsed 2.6 min | ETA this epoch 0.2 min
  step 3850/4061 | loss -7.524 | 42 ms/step (23.56 it/s) | elapsed 2.6 min | ETA this epoch 0.1 min
  step 3900/4061 | loss -8.199 | 43 ms/step (23.29 it/s) | elapsed 2.7 min | ETA this epoch 0.1 min
  step 3950/4061 | loss -7.302 | 40 ms/step (24.98 it/s) | elapsed 2.7 min | ETA this epoch 0.1 min
  step 4000/4061 | loss -8.331 | 41 ms/step (24.49 it/s) | elapsed 2.7 min | ETA this epoch 0.0 min
  step 4050/4061 | loss -7.351 | 42 ms/step (24.07 it/s) | elapsed 2.8 min | ETA this epoch 0.0 min
Epoch 47/50 | Train -7.415 | Val L1 0.0019 | Val SI-SDR 18.13 dB | Time 2.9 min
EarlyStopping counter: 4/7
  step 50/4061 | loss -6.597 | 39 ms/step (25.48 it/s) | elapsed 0.0 min | ETA this epoch 2.6 min
  step 100/4061 | loss -8.713 | 40 ms/step (24.97 it/s) | elapsed 0.1 min | ETA this epoch 2.6 min
  step 150/4061 | loss -7.554 | 43 ms/step (23.33 it/s) | elapsed 0.1 min | ETA this epoch 2.8 min
  step 200/4061 | loss -7.915 | 39 ms/step (25.74 it/s) | elapsed 0.1 min | ETA this epoch 2.5 min
  step 250/4061 | loss -6.617 | 41 ms/step (24.61 it/s) | elapsed 0.2 min | ETA this epoch 2.6 min
  step 300/4061 | loss -6.784 | 40 ms/step (25.30 it/s) | elapsed 0.2 min | ETA this epoch 2.5 min
  step 350/4061 | loss -7.525 | 40 ms/step (25.26 it/s) | elapsed 0.2 min | ETA this epoch 2.4 min
  step 400/4061 | loss -6.390 | 41 ms/step (24.50 it/s) | elapsed 0.3 min | ETA this epoch 2.5 min
  step 450/4061 | loss -5.578 | 40 ms/step (24.87 it/s) | elapsed 0.3 min | ETA this epoch 2.4 min
  step 500/4061 | loss -7.822 | 42 ms/step (23.99 it/s) | elapsed 0.3 min | ETA this epoch 2.5 min
  step 550/4061 | loss -7.005 | 40 ms/step (24.91 it/s) | elapsed 0.4 min | ETA this epoch 2.3 min
  step 600/4061 | loss -6.851 | 40 ms/step (24.70 it/s) | elapsed 0.4 min | ETA this epoch 2.3 min
  step 650/4061 | loss -7.096 | 41 ms/step (24.45 it/s) | elapsed 0.4 min | ETA this epoch 2.3 min
  step 700/4061 | loss -7.590 | 41 ms/step (24.59 it/s) | elapsed 0.5 min | ETA this epoch 2.3 min
  step 750/4061 | loss -7.721 | 40 ms/step (24.74 it/s) | elapsed 0.5 min | ETA this epoch 2.2 min
  step 800/4061 | loss -8.758 | 41 ms/step (24.40 it/s) | elapsed 0.5 min | ETA this epoch 2.2 min
  step 850/4061 | loss -6.194 | 41 ms/step (24.55 it/s) | elapsed 0.6 min | ETA this epoch 2.2 min
  step 900/4061 | loss -7.368 | 41 ms/step (24.15 it/s) | elapsed 0.6 min | ETA this epoch 2.2 min
  step 950/4061 | loss -7.036 | 41 ms/step (24.47 it/s) | elapsed 0.6 min | ETA this epoch 2.1 min
  step 1000/4061 | loss -7.058 | 40 ms/step (24.71 it/s) | elapsed 0.7 min | ETA this epoch 2.1 min
  step 1050/4061 | loss -5.250 | 39 ms/step (25.51 it/s) | elapsed 0.7 min | ETA this epoch 2.0 min
  step 1100/4061 | loss -7.319 | 40 ms/step (24.87 it/s) | elapsed 0.7 min | ETA this epoch 2.0 min
  step 1150/4061 | loss -7.542 | 39 ms/step (25.50 it/s) | elapsed 0.8 min | ETA this epoch 1.9 min
  step 1200/4061 | loss -7.113 | 40 ms/step (25.16 it/s) | elapsed 0.8 min | ETA this epoch 1.9 min
  step 1250/4061 | loss -8.332 | 40 ms/step (24.70 it/s) | elapsed 0.8 min | ETA this epoch 1.9 min
  step 1300/4061 | loss -6.911 | 40 ms/step (24.79 it/s) | elapsed 0.9 min | ETA this epoch 1.9 min
  step 1350/4061 | loss -9.660 | 38 ms/step (26.03 it/s) | elapsed 0.9 min | ETA this epoch 1.7 min
  step 1400/4061 | loss -7.617 | 42 ms/step (23.72 it/s) | elapsed 0.9 min | ETA this epoch 1.9 min
  step 1450/4061 | loss -8.674 | 40 ms/step (25.10 it/s) | elapsed 1.0 min | ETA this epoch 1.7 min
  step 1500/4061 | loss -8.038 | 40 ms/step (24.97 it/s) | elapsed 1.0 min | ETA this epoch 1.7 min
  step 1550/4061 | loss -7.694 | 40 ms/step (24.82 it/s) | elapsed 1.0 min | ETA this epoch 1.7 min
  step 1600/4061 | loss -7.262 | 41 ms/step (24.52 it/s) | elapsed 1.1 min | ETA this epoch 1.7 min
  step 1650/4061 | loss -9.461 | 41 ms/step (24.69 it/s) | elapsed 1.1 min | ETA this epoch 1.6 min
  step 1700/4061 | loss -7.733 | 40 ms/step (24.75 it/s) | elapsed 1.1 min | ETA this epoch 1.6 min
  step 1750/4061 | loss -8.545 | 39 ms/step (25.64 it/s) | elapsed 1.2 min | ETA this epoch 1.5 min
  step 1800/4061 | loss -6.787 | 38 ms/step (26.30 it/s) | elapsed 1.2 min | ETA this epoch 1.4 min
  step 1850/4061 | loss -7.647 | 37 ms/step (27.09 it/s) | elapsed 1.2 min | ETA this epoch 1.4 min
  step 1900/4061 | loss -8.401 | 37 ms/step (26.94 it/s) | elapsed 1.3 min | ETA this epoch 1.3 min
  step 1950/4061 | loss -8.330 | 38 ms/step (26.47 it/s) | elapsed 1.3 min | ETA this epoch 1.3 min
  step 2000/4061 | loss -8.124 | 38 ms/step (26.54 it/s) | elapsed 1.3 min | ETA this epoch 1.3 min
  step 2050/4061 | loss -7.714 | 37 ms/step (26.89 it/s) | elapsed 1.4 min | ETA this epoch 1.2 min
  step 2100/4061 | loss -9.086 | 37 ms/step (27.11 it/s) | elapsed 1.4 min | ETA this epoch 1.2 min
  step 2150/4061 | loss -7.127 | 37 ms/step (27.02 it/s) | elapsed 1.4 min | ETA this epoch 1.2 min
  step 2200/4061 | loss -7.414 | 37 ms/step (27.21 it/s) | elapsed 1.5 min | ETA this epoch 1.1 min
  step 2250/4061 | loss -7.821 | 37 ms/step (27.27 it/s) | elapsed 1.5 min | ETA this epoch 1.1 min
  step 2300/4061 | loss -7.730 | 37 ms/step (27.13 it/s) | elapsed 1.5 min | ETA this epoch 1.1 min
  step 2350/4061 | loss -7.184 | 37 ms/step (27.22 it/s) | elapsed 1.5 min | ETA this epoch 1.0 min
  step 2400/4061 | loss -6.326 | 37 ms/step (26.83 it/s) | elapsed 1.6 min | ETA this epoch 1.0 min
  step 2450/4061 | loss -7.066 | 37 ms/step (26.98 it/s) | elapsed 1.6 min | ETA this epoch 1.0 min
  step 2500/4061 | loss -7.506 | 37 ms/step (27.11 it/s) | elapsed 1.6 min | ETA this epoch 1.0 min
  step 2550/4061 | loss -7.766 | 37 ms/step (27.03 it/s) | elapsed 1.7 min | ETA this epoch 0.9 min
  step 2600/4061 | loss -5.934 | 37 ms/step (26.94 it/s) | elapsed 1.7 min | ETA this epoch 0.9 min
  step 2650/4061 | loss -6.938 | 37 ms/step (27.09 it/s) | elapsed 1.7 min | ETA this epoch 0.9 min
  step 2700/4061 | loss -7.157 | 37 ms/step (26.89 it/s) | elapsed 1.8 min | ETA this epoch 0.8 min
  step 2750/4061 | loss -7.240 | 37 ms/step (26.81 it/s) | elapsed 1.8 min | ETA this epoch 0.8 min
  step 2800/4061 | loss -8.343 | 37 ms/step (26.79 it/s) | elapsed 1.8 min | ETA this epoch 0.8 min
  step 2850/4061 | loss -7.644 | 37 ms/step (26.85 it/s) | elapsed 1.9 min | ETA this epoch 0.8 min
  step 2900/4061 | loss -6.627 | 37 ms/step (26.90 it/s) | elapsed 1.9 min | ETA this epoch 0.7 min
  step 2950/4061 | loss -7.514 | 37 ms/step (26.98 it/s) | elapsed 1.9 min | ETA this epoch 0.7 min
  step 3000/4061 | loss -7.744 | 37 ms/step (27.01 it/s) | elapsed 1.9 min | ETA this epoch 0.7 min
  step 3050/4061 | loss -7.210 | 37 ms/step (27.05 it/s) | elapsed 2.0 min | ETA this epoch 0.6 min
  step 3100/4061 | loss -6.894 | 37 ms/step (26.98 it/s) | elapsed 2.0 min | ETA this epoch 0.6 min
  step 3150/4061 | loss -7.034 | 37 ms/step (26.75 it/s) | elapsed 2.0 min | ETA this epoch 0.6 min
  step 3200/4061 | loss -8.510 | 37 ms/step (26.97 it/s) | elapsed 2.1 min | ETA this epoch 0.5 min
  step 3250/4061 | loss -8.929 | 37 ms/step (27.00 it/s) | elapsed 2.1 min | ETA this epoch 0.5 min
  step 3300/4061 | loss -8.164 | 37 ms/step (27.11 it/s) | elapsed 2.1 min | ETA this epoch 0.5 min
  step 3350/4061 | loss -7.527 | 37 ms/step (27.37 it/s) | elapsed 2.2 min | ETA this epoch 0.4 min
  step 3400/4061 | loss -5.829 | 37 ms/step (27.17 it/s) | elapsed 2.2 min | ETA this epoch 0.4 min
  step 3450/4061 | loss -7.783 | 37 ms/step (26.82 it/s) | elapsed 2.2 min | ETA this epoch 0.4 min
  step 3500/4061 | loss -6.828 | 37 ms/step (26.75 it/s) | elapsed 2.3 min | ETA this epoch 0.3 min
  step 3550/4061 | loss -9.460 | 37 ms/step (26.80 it/s) | elapsed 2.3 min | ETA this epoch 0.3 min
  step 3600/4061 | loss -9.227 | 37 ms/step (27.02 it/s) | elapsed 2.3 min | ETA this epoch 0.3 min
  step 3650/4061 | loss -9.474 | 37 ms/step (26.83 it/s) | elapsed 2.4 min | ETA this epoch 0.3 min
  step 3700/4061 | loss -7.261 | 37 ms/step (26.71 it/s) | elapsed 2.4 min | ETA this epoch 0.2 min
  step 3750/4061 | loss -6.560 | 37 ms/step (27.31 it/s) | elapsed 2.4 min | ETA this epoch 0.2 min
  step 3800/4061 | loss -7.724 | 37 ms/step (27.23 it/s) | elapsed 2.4 min | ETA this epoch 0.2 min
  step 3850/4061 | loss -6.181 | 37 ms/step (26.67 it/s) | elapsed 2.5 min | ETA this epoch 0.1 min
  step 3900/4061 | loss -7.480 | 37 ms/step (26.84 it/s) | elapsed 2.5 min | ETA this epoch 0.1 min
  step 3950/4061 | loss -8.410 | 37 ms/step (26.89 it/s) | elapsed 2.5 min | ETA this epoch 0.1 min
  step 4000/4061 | loss -6.747 | 37 ms/step (26.91 it/s) | elapsed 2.6 min | ETA this epoch 0.0 min
  step 4050/4061 | loss -8.556 | 37 ms/step (26.71 it/s) | elapsed 2.6 min | ETA this epoch 0.0 min
Epoch 48/50 | Train -7.433 | Val L1 0.0018 | Val SI-SDR 18.26 dB | Time 2.7 min
Saved best model (SI-SDR 18.26 dB) -> /home/bubai-maji/speech_enhancement/script/propose_ablation3/checkpoint_propose_ab3/best_NGDM_SE.pt
  step 50/4061 | loss -7.475 | 38 ms/step (26.62 it/s) | elapsed 0.0 min | ETA this epoch 2.5 min
  step 100/4061 | loss -6.456 | 37 ms/step (27.20 it/s) | elapsed 0.1 min | ETA this epoch 2.4 min
  step 150/4061 | loss -8.803 | 37 ms/step (26.98 it/s) | elapsed 0.1 min | ETA this epoch 2.4 min
  step 200/4061 | loss -7.408 | 37 ms/step (26.84 it/s) | elapsed 0.1 min | ETA this epoch 2.4 min
  step 250/4061 | loss -6.963 | 38 ms/step (26.54 it/s) | elapsed 0.2 min | ETA this epoch 2.4 min
  step 300/4061 | loss -7.885 | 37 ms/step (26.86 it/s) | elapsed 0.2 min | ETA this epoch 2.3 min
  step 350/4061 | loss -7.217 | 37 ms/step (26.89 it/s) | elapsed 0.2 min | ETA this epoch 2.3 min
  step 400/4061 | loss -4.526 | 37 ms/step (26.84 it/s) | elapsed 0.2 min | ETA this epoch 2.3 min
  step 450/4061 | loss -8.202 | 38 ms/step (26.56 it/s) | elapsed 0.3 min | ETA this epoch 2.3 min
  step 500/4061 | loss -7.470 | 37 ms/step (26.70 it/s) | elapsed 0.3 min | ETA this epoch 2.2 min
  step 550/4061 | loss -7.886 | 37 ms/step (26.94 it/s) | elapsed 0.3 min | ETA this epoch 2.2 min
  step 600/4061 | loss -5.820 | 37 ms/step (26.69 it/s) | elapsed 0.4 min | ETA this epoch 2.2 min
  step 650/4061 | loss -10.849 | 38 ms/step (26.61 it/s) | elapsed 0.4 min | ETA this epoch 2.1 min
  step 700/4061 | loss -6.710 | 38 ms/step (26.65 it/s) | elapsed 0.4 min | ETA this epoch 2.1 min
  step 750/4061 | loss -8.063 | 38 ms/step (26.49 it/s) | elapsed 0.5 min | ETA this epoch 2.1 min
  step 800/4061 | loss -9.773 | 37 ms/step (26.85 it/s) | elapsed 0.5 min | ETA this epoch 2.0 min
  step 850/4061 | loss -6.940 | 37 ms/step (27.16 it/s) | elapsed 0.5 min | ETA this epoch 2.0 min
  step 900/4061 | loss -7.035 | 37 ms/step (27.04 it/s) | elapsed 0.6 min | ETA this epoch 1.9 min
  step 950/4061 | loss -7.292 | 37 ms/step (26.67 it/s) | elapsed 0.6 min | ETA this epoch 1.9 min
  step 1000/4061 | loss -8.060 | 37 ms/step (27.23 it/s) | elapsed 0.6 min | ETA this epoch 1.9 min
  step 1050/4061 | loss -7.852 | 37 ms/step (27.00 it/s) | elapsed 0.7 min | ETA this epoch 1.9 min
  step 1100/4061 | loss -6.354 | 37 ms/step (26.94 it/s) | elapsed 0.7 min | ETA this epoch 1.8 min
  step 1150/4061 | loss -7.084 | 38 ms/step (26.41 it/s) | elapsed 0.7 min | ETA this epoch 1.8 min
  step 1200/4061 | loss -5.570 | 39 ms/step (25.57 it/s) | elapsed 0.7 min | ETA this epoch 1.9 min
  step 1250/4061 | loss -7.170 | 37 ms/step (26.93 it/s) | elapsed 0.8 min | ETA this epoch 1.7 min
  step 1300/4061 | loss -5.961 | 38 ms/step (26.58 it/s) | elapsed 0.8 min | ETA this epoch 1.7 min
  step 1350/4061 | loss -6.381 | 37 ms/step (26.85 it/s) | elapsed 0.8 min | ETA this epoch 1.7 min
  step 1400/4061 | loss -6.040 | 38 ms/step (26.56 it/s) | elapsed 0.9 min | ETA this epoch 1.7 min
  step 1450/4061 | loss -7.970 | 37 ms/step (26.87 it/s) | elapsed 0.9 min | ETA this epoch 1.6 min
  step 1500/4061 | loss -7.506 | 38 ms/step (26.67 it/s) | elapsed 0.9 min | ETA this epoch 1.6 min
  step 1550/4061 | loss -7.757 | 38 ms/step (26.32 it/s) | elapsed 1.0 min | ETA this epoch 1.6 min
  step 1600/4061 | loss -7.950 | 37 ms/step (26.99 it/s) | elapsed 1.0 min | ETA this epoch 1.5 min
  step 1650/4061 | loss -9.360 | 38 ms/step (26.65 it/s) | elapsed 1.0 min | ETA this epoch 1.5 min
  step 1700/4061 | loss -7.172 | 39 ms/step (25.83 it/s) | elapsed 1.1 min | ETA this epoch 1.5 min
  step 1750/4061 | loss -7.684 | 38 ms/step (26.24 it/s) | elapsed 1.1 min | ETA this epoch 1.5 min
  step 1800/4061 | loss -8.282 | 37 ms/step (26.89 it/s) | elapsed 1.1 min | ETA this epoch 1.4 min
  step 1850/4061 | loss -7.700 | 37 ms/step (26.80 it/s) | elapsed 1.2 min | ETA this epoch 1.4 min
  step 1900/4061 | loss -7.794 | 37 ms/step (27.10 it/s) | elapsed 1.2 min | ETA this epoch 1.3 min
  step 1950/4061 | loss -6.442 | 37 ms/step (26.81 it/s) | elapsed 1.2 min | ETA this epoch 1.3 min
  step 2000/4061 | loss -7.080 | 38 ms/step (26.63 it/s) | elapsed 1.2 min | ETA this epoch 1.3 min
  step 2050/4061 | loss -9.357 | 37 ms/step (26.72 it/s) | elapsed 1.3 min | ETA this epoch 1.3 min
  step 2100/4061 | loss -4.527 | 37 ms/step (26.75 it/s) | elapsed 1.3 min | ETA this epoch 1.2 min
  step 2150/4061 | loss -10.590 | 39 ms/step (25.63 it/s) | elapsed 1.3 min | ETA this epoch 1.2 min
  step 2200/4061 | loss -6.669 | 38 ms/step (26.47 it/s) | elapsed 1.4 min | ETA this epoch 1.2 min
  step 2250/4061 | loss -7.106 | 38 ms/step (26.65 it/s) | elapsed 1.4 min | ETA this epoch 1.1 min
  step 2300/4061 | loss -5.275 | 38 ms/step (26.34 it/s) | elapsed 1.4 min | ETA this epoch 1.1 min
  step 2350/4061 | loss -8.716 | 37 ms/step (26.71 it/s) | elapsed 1.5 min | ETA this epoch 1.1 min
  step 2400/4061 | loss -7.422 | 38 ms/step (26.47 it/s) | elapsed 1.5 min | ETA this epoch 1.0 min
  step 2450/4061 | loss -6.593 | 38 ms/step (26.28 it/s) | elapsed 1.5 min | ETA this epoch 1.0 min
  step 2500/4061 | loss -7.878 | 37 ms/step (26.83 it/s) | elapsed 1.6 min | ETA this epoch 1.0 min
  step 2550/4061 | loss -9.256 | 38 ms/step (26.15 it/s) | elapsed 1.6 min | ETA this epoch 1.0 min
  step 2600/4061 | loss -7.756 | 37 ms/step (26.87 it/s) | elapsed 1.6 min | ETA this epoch 0.9 min
  step 2650/4061 | loss -8.825 | 38 ms/step (26.44 it/s) | elapsed 1.7 min | ETA this epoch 0.9 min
  step 2700/4061 | loss -7.835 | 38 ms/step (26.07 it/s) | elapsed 1.7 min | ETA this epoch 0.9 min
  step 2750/4061 | loss -7.857 | 37 ms/step (26.81 it/s) | elapsed 1.7 min | ETA this epoch 0.8 min
  step 2800/4061 | loss -7.261 | 38 ms/step (26.23 it/s) | elapsed 1.8 min | ETA this epoch 0.8 min
  step 2850/4061 | loss -6.361 | 37 ms/step (26.77 it/s) | elapsed 1.8 min | ETA this epoch 0.8 min
  step 2900/4061 | loss -7.542 | 38 ms/step (26.28 it/s) | elapsed 1.8 min | ETA this epoch 0.7 min
  step 2950/4061 | loss -7.712 | 38 ms/step (26.54 it/s) | elapsed 1.8 min | ETA this epoch 0.7 min
  step 3000/4061 | loss -7.875 | 38 ms/step (26.64 it/s) | elapsed 1.9 min | ETA this epoch 0.7 min
  step 3050/4061 | loss -7.500 | 37 ms/step (26.95 it/s) | elapsed 1.9 min | ETA this epoch 0.6 min
  step 3100/4061 | loss -6.803 | 39 ms/step (25.76 it/s) | elapsed 1.9 min | ETA this epoch 0.6 min
  step 3150/4061 | loss -8.170 | 39 ms/step (25.73 it/s) | elapsed 2.0 min | ETA this epoch 0.6 min
  step 3200/4061 | loss -7.415 | 38 ms/step (26.54 it/s) | elapsed 2.0 min | ETA this epoch 0.5 min
  step 3250/4061 | loss -8.820 | 38 ms/step (26.08 it/s) | elapsed 2.0 min | ETA this epoch 0.5 min
  step 3300/4061 | loss -7.017 | 38 ms/step (26.62 it/s) | elapsed 2.1 min | ETA this epoch 0.5 min
  step 3350/4061 | loss -7.030 | 37 ms/step (26.72 it/s) | elapsed 2.1 min | ETA this epoch 0.4 min
  step 3400/4061 | loss -8.770 | 37 ms/step (26.91 it/s) | elapsed 2.1 min | ETA this epoch 0.4 min
  step 3450/4061 | loss -7.030 | 39 ms/step (25.97 it/s) | elapsed 2.2 min | ETA this epoch 0.4 min
  step 3500/4061 | loss -7.063 | 37 ms/step (27.00 it/s) | elapsed 2.2 min | ETA this epoch 0.3 min
  step 3550/4061 | loss -8.494 | 39 ms/step (25.57 it/s) | elapsed 2.2 min | ETA this epoch 0.3 min
  step 3600/4061 | loss -7.005 | 39 ms/step (25.92 it/s) | elapsed 2.3 min | ETA this epoch 0.3 min
  step 3650/4061 | loss -6.302 | 38 ms/step (26.16 it/s) | elapsed 2.3 min | ETA this epoch 0.3 min
  step 3700/4061 | loss -6.643 | 38 ms/step (26.15 it/s) | elapsed 2.3 min | ETA this epoch 0.2 min
  step 3750/4061 | loss -6.953 | 39 ms/step (25.93 it/s) | elapsed 2.4 min | ETA this epoch 0.2 min
  step 3800/4061 | loss -8.386 | 39 ms/step (25.75 it/s) | elapsed 2.4 min | ETA this epoch 0.2 min
  step 3850/4061 | loss -7.468 | 38 ms/step (26.67 it/s) | elapsed 2.4 min | ETA this epoch 0.1 min
  step 3900/4061 | loss -7.273 | 38 ms/step (26.03 it/s) | elapsed 2.4 min | ETA this epoch 0.1 min
  step 3950/4061 | loss -6.906 | 37 ms/step (26.92 it/s) | elapsed 2.5 min | ETA this epoch 0.1 min
  step 4000/4061 | loss -7.188 | 38 ms/step (26.37 it/s) | elapsed 2.5 min | ETA this epoch 0.0 min
  step 4050/4061 | loss -6.930 | 37 ms/step (26.82 it/s) | elapsed 2.5 min | ETA this epoch 0.0 min
Epoch 49/50 | Train -7.451 | Val L1 0.0018 | Val SI-SDR 18.28 dB | Time 2.6 min
Saved best model (SI-SDR 18.28 dB) -> /home/bubai-maji/speech_enhancement/script/propose_ablation3/checkpoint_propose_ab3/best_NGDM_SE.pt
  step 50/4061 | loss -6.375 | 38 ms/step (26.45 it/s) | elapsed 0.0 min | ETA this epoch 2.5 min
  step 100/4061 | loss -10.599 | 38 ms/step (26.10 it/s) | elapsed 0.1 min | ETA this epoch 2.5 min
  step 150/4061 | loss -8.833 | 37 ms/step (26.68 it/s) | elapsed 0.1 min | ETA this epoch 2.4 min
  step 200/4061 | loss -8.315 | 38 ms/step (26.31 it/s) | elapsed 0.1 min | ETA this epoch 2.4 min
  step 250/4061 | loss -7.914 | 38 ms/step (26.66 it/s) | elapsed 0.2 min | ETA this epoch 2.4 min
  step 300/4061 | loss -6.702 | 38 ms/step (26.22 it/s) | elapsed 0.2 min | ETA this epoch 2.4 min
  step 350/4061 | loss -6.990 | 37 ms/step (26.76 it/s) | elapsed 0.2 min | ETA this epoch 2.3 min
  step 400/4061 | loss -7.448 | 38 ms/step (26.59 it/s) | elapsed 0.3 min | ETA this epoch 2.3 min
  step 450/4061 | loss -5.993 | 38 ms/step (26.53 it/s) | elapsed 0.3 min | ETA this epoch 2.3 min
  step 500/4061 | loss -7.285 | 37 ms/step (26.95 it/s) | elapsed 0.3 min | ETA this epoch 2.2 min
  step 550/4061 | loss -7.852 | 37 ms/step (26.81 it/s) | elapsed 0.3 min | ETA this epoch 2.2 min
  step 600/4061 | loss -10.635 | 38 ms/step (26.65 it/s) | elapsed 0.4 min | ETA this epoch 2.2 min
  step 650/4061 | loss -6.997 | 39 ms/step (25.92 it/s) | elapsed 0.4 min | ETA this epoch 2.2 min
  step 700/4061 | loss -7.403 | 38 ms/step (26.41 it/s) | elapsed 0.4 min | ETA this epoch 2.1 min
  step 750/4061 | loss -8.278 | 38 ms/step (26.31 it/s) | elapsed 0.5 min | ETA this epoch 2.1 min
  step 800/4061 | loss -7.451 | 37 ms/step (26.90 it/s) | elapsed 0.5 min | ETA this epoch 2.0 min
  step 850/4061 | loss -8.032 | 37 ms/step (26.81 it/s) | elapsed 0.5 min | ETA this epoch 2.0 min
  step 900/4061 | loss -7.154 | 38 ms/step (26.46 it/s) | elapsed 0.6 min | ETA this epoch 2.0 min
  step 950/4061 | loss -7.261 | 38 ms/step (26.12 it/s) | elapsed 0.6 min | ETA this epoch 2.0 min
  step 1000/4061 | loss -7.690 | 37 ms/step (26.81 it/s) | elapsed 0.6 min | ETA this epoch 1.9 min
  step 1050/4061 | loss -7.654 | 38 ms/step (26.32 it/s) | elapsed 0.7 min | ETA this epoch 1.9 min
  step 1100/4061 | loss -7.047 | 38 ms/step (26.49 it/s) | elapsed 0.7 min | ETA this epoch 1.9 min
  step 1150/4061 | loss -7.405 | 38 ms/step (26.42 it/s) | elapsed 0.7 min | ETA this epoch 1.8 min
  step 1200/4061 | loss -7.302 | 38 ms/step (26.10 it/s) | elapsed 0.8 min | ETA this epoch 1.8 min
  step 1250/4061 | loss -7.572 | 38 ms/step (25.99 it/s) | elapsed 0.8 min | ETA this epoch 1.8 min
  step 1300/4061 | loss -7.611 | 39 ms/step (25.34 it/s) | elapsed 0.8 min | ETA this epoch 1.8 min
  step 1350/4061 | loss -8.030 | 38 ms/step (26.27 it/s) | elapsed 0.9 min | ETA this epoch 1.7 min
  step 1400/4061 | loss -7.139 | 37 ms/step (27.08 it/s) | elapsed 0.9 min | ETA this epoch 1.6 min
  step 1450/4061 | loss -7.595 | 39 ms/step (25.34 it/s) | elapsed 0.9 min | ETA this epoch 1.7 min
  step 1500/4061 | loss -8.568 | 38 ms/step (26.54 it/s) | elapsed 0.9 min | ETA this epoch 1.6 min
  step 1550/4061 | loss -8.245 | 38 ms/step (26.20 it/s) | elapsed 1.0 min | ETA this epoch 1.6 min
  step 1600/4061 | loss -7.627 | 37 ms/step (26.81 it/s) | elapsed 1.0 min | ETA this epoch 1.5 min
  step 1650/4061 | loss -6.902 | 38 ms/step (26.58 it/s) | elapsed 1.0 min | ETA this epoch 1.5 min
  step 1700/4061 | loss -6.631 | 38 ms/step (26.49 it/s) | elapsed 1.1 min | ETA this epoch 1.5 min
  step 1750/4061 | loss -8.874 | 37 ms/step (26.81 it/s) | elapsed 1.1 min | ETA this epoch 1.4 min
  step 1800/4061 | loss -6.748 | 38 ms/step (26.44 it/s) | elapsed 1.1 min | ETA this epoch 1.4 min
  step 1850/4061 | loss -7.293 | 37 ms/step (26.71 it/s) | elapsed 1.2 min | ETA this epoch 1.4 min
  step 1900/4061 | loss -7.513 | 37 ms/step (26.91 it/s) | elapsed 1.2 min | ETA this epoch 1.3 min
  step 1950/4061 | loss -6.990 | 38 ms/step (26.49 it/s) | elapsed 1.2 min | ETA this epoch 1.3 min
  step 2000/4061 | loss -8.520 | 37 ms/step (26.78 it/s) | elapsed 1.3 min | ETA this epoch 1.3 min
  step 2050/4061 | loss -7.273 | 37 ms/step (27.02 it/s) | elapsed 1.3 min | ETA this epoch 1.2 min
  step 2100/4061 | loss -7.553 | 38 ms/step (26.55 it/s) | elapsed 1.3 min | ETA this epoch 1.2 min
  step 2150/4061 | loss -7.810 | 37 ms/step (26.80 it/s) | elapsed 1.4 min | ETA this epoch 1.2 min
  step 2200/4061 | loss -5.022 | 37 ms/step (26.80 it/s) | elapsed 1.4 min | ETA this epoch 1.2 min
  step 2250/4061 | loss -6.679 | 39 ms/step (25.46 it/s) | elapsed 1.4 min | ETA this epoch 1.2 min
  step 2300/4061 | loss -7.354 | 38 ms/step (26.45 it/s) | elapsed 1.4 min | ETA this epoch 1.1 min
  step 2350/4061 | loss -7.637 | 39 ms/step (25.89 it/s) | elapsed 1.5 min | ETA this epoch 1.1 min
  step 2400/4061 | loss -8.820 | 38 ms/step (26.26 it/s) | elapsed 1.5 min | ETA this epoch 1.1 min
  step 2450/4061 | loss -8.103 | 37 ms/step (27.04 it/s) | elapsed 1.5 min | ETA this epoch 1.0 min
  step 2500/4061 | loss -8.370 | 38 ms/step (26.35 it/s) | elapsed 1.6 min | ETA this epoch 1.0 min
  step 2550/4061 | loss -6.478 | 38 ms/step (26.20 it/s) | elapsed 1.6 min | ETA this epoch 1.0 min
  step 2600/4061 | loss -7.180 | 38 ms/step (25.99 it/s) | elapsed 1.6 min | ETA this epoch 0.9 min
  step 2650/4061 | loss -6.555 | 38 ms/step (26.19 it/s) | elapsed 1.7 min | ETA this epoch 0.9 min
  step 2700/4061 | loss -7.181 | 38 ms/step (26.49 it/s) | elapsed 1.7 min | ETA this epoch 0.9 min
  step 2750/4061 | loss -7.879 | 38 ms/step (26.63 it/s) | elapsed 1.7 min | ETA this epoch 0.8 min
  step 2800/4061 | loss -6.365 | 38 ms/step (26.55 it/s) | elapsed 1.8 min | ETA this epoch 0.8 min
  step 2850/4061 | loss -7.229 | 39 ms/step (25.58 it/s) | elapsed 1.8 min | ETA this epoch 0.8 min
  step 2900/4061 | loss -7.253 | 39 ms/step (25.65 it/s) | elapsed 1.8 min | ETA this epoch 0.8 min
  step 2950/4061 | loss -6.823 | 37 ms/step (26.81 it/s) | elapsed 1.9 min | ETA this epoch 0.7 min
  step 3000/4061 | loss -8.709 | 38 ms/step (26.47 it/s) | elapsed 1.9 min | ETA this epoch 0.7 min
  step 3050/4061 | loss -6.894 | 38 ms/step (26.58 it/s) | elapsed 1.9 min | ETA this epoch 0.6 min
  step 3100/4061 | loss -7.887 | 38 ms/step (26.60 it/s) | elapsed 2.0 min | ETA this epoch 0.6 min
  step 3150/4061 | loss -8.884 | 37 ms/step (26.72 it/s) | elapsed 2.0 min | ETA this epoch 0.6 min
  step 3200/4061 | loss -7.813 | 38 ms/step (26.43 it/s) | elapsed 2.0 min | ETA this epoch 0.5 min
  step 3250/4061 | loss -7.816 | 37 ms/step (26.86 it/s) | elapsed 2.0 min | ETA this epoch 0.5 min
  step 3300/4061 | loss -7.813 | 37 ms/step (26.93 it/s) | elapsed 2.1 min | ETA this epoch 0.5 min
  step 3350/4061 | loss -8.922 | 37 ms/step (26.70 it/s) | elapsed 2.1 min | ETA this epoch 0.4 min
  step 3400/4061 | loss -7.580 | 38 ms/step (26.39 it/s) | elapsed 2.1 min | ETA this epoch 0.4 min
  step 3450/4061 | loss -6.587 | 38 ms/step (26.61 it/s) | elapsed 2.2 min | ETA this epoch 0.4 min
  step 3500/4061 | loss -8.977 | 37 ms/step (27.05 it/s) | elapsed 2.2 min | ETA this epoch 0.3 min
  step 3550/4061 | loss -7.259 | 37 ms/step (26.83 it/s) | elapsed 2.2 min | ETA this epoch 0.3 min
  step 3600/4061 | loss -8.181 | 37 ms/step (26.80 it/s) | elapsed 2.3 min | ETA this epoch 0.3 min
  step 3650/4061 | loss -6.957 | 37 ms/step (26.80 it/s) | elapsed 2.3 min | ETA this epoch 0.3 min
  step 3700/4061 | loss -6.442 | 37 ms/step (27.04 it/s) | elapsed 2.3 min | ETA this epoch 0.2 min
  step 3750/4061 | loss -6.269 | 37 ms/step (27.04 it/s) | elapsed 2.4 min | ETA this epoch 0.2 min
  step 3800/4061 | loss -7.169 | 37 ms/step (26.80 it/s) | elapsed 2.4 min | ETA this epoch 0.2 min
  step 3850/4061 | loss -7.315 | 37 ms/step (27.11 it/s) | elapsed 2.4 min | ETA this epoch 0.1 min
  step 3900/4061 | loss -7.948 | 37 ms/step (26.90 it/s) | elapsed 2.5 min | ETA this epoch 0.1 min
  step 3950/4061 | loss -5.621 | 37 ms/step (27.04 it/s) | elapsed 2.5 min | ETA this epoch 0.1 min
  step 4000/4061 | loss -9.368 | 37 ms/step (27.10 it/s) | elapsed 2.5 min | ETA this epoch 0.0 min
  step 4050/4061 | loss -7.188 | 38 ms/step (26.43 it/s) | elapsed 2.5 min | ETA this epoch 0.0 min
Epoch 50/50 | Train -7.441 | Val L1 0.0018 | Val SI-SDR 18.24 dB | Time 2.6 min
EarlyStopping counter: 1/7

========== TRAINING COMPLETE ==========

Best validation SI-SDR: 18.28 dB
